company_name,channel,submission_time,attachments,previous_interactions,day_of_week,subscription_tier,contract_value,account_age_months,open_tickets,account_manager,subscribed_modules,avg_resolution_customer,avg_resolution_tier,issue_type,product_area,linked_ticket_count,is_vip,self_declared_p1,is_urgent,resolution_time
InsightlySoft,web_form,2025-06-18 20:01:37,2,3,4,Enterprise,211.17,21,2,AM_11,"Billing,Analytics",60.01541411,25.46861064,Performance,Security,0,0,0,1,73.8
GlobalFinance Corp,web_form,2025-06-20 13:01:37,0,3,6,Basic,2827.28,20,1,AM_5,"Security,Integration",40.01453224,42.33015367,Feature Request,Collaboration,0,0,0,0,32.6
InsightlySoft,web_form,2025-07-12 8:01:37,1,0,7,Basic,5845.15,38,0,AM_16,"Collaboration,Analytics",55.61783127,29.89277461,Bug,Collaboration,0,0,0,0,52.6
InsightlySoft,web_form,2025-07-10 8:01:37,0,1,5,Enterprise,4975.12,13,1,AM_13,Analytics,38.94546944,45.31805976,How-To,Analytics,0,1,0,1,49.9
InsightlySoft,web_form,2025-07-01 0:01:37,1,5,3,Pro,5815.52,29,2,AM_9,"Analytics,Collaboration,Billing",54.51216059,47.79402986,Bug,Integration,1,0,0,0,48
GlobalFinance Corp,email,2025-06-16 7:01:37,1,4,2,Basic,575.66,21,2,AM_18,Collaboration,35.33699106,32.89232739,Performance,Integration,0,0,0,0,32.2
InsightlySoft,web_form,2025-06-28 19:01:37,0,2,7,Basic,3150.19,42,0,AM_2,Security,61.8157208,29.80364583,Other,Analytics,0,0,1,1,78.6
InsightlySoft,web_form,2025-07-08 0:01:37,0,1,3,Basic,9421.72,33,0,AM_9,"Integration,Billing",45.26491059,24.16203793,Performance,Analytics,0,0,0,1,58.7
InsightlySoft,email,2025-07-02 20:01:37,1,1,4,Enterprise,4587.05,32,0,AM_13,"Collaboration,Security,Analytics",50.15624257,20.7524417,Feature Request,Analytics,0,0,0,1,71.8
GlobalFinance Corp,email,2025-07-11 19:01:37,3,3,6,Enterprise,10.19,48,1,AM_14,Security,49.14015686,23.99709448,Other,Integration,0,1,0,1,69.8
InsightlySoft,email,2025-06-25 20:01:37,1,3,4,Basic,6419.02,46,0,AM_15,"Collaboration,Billing,Analytics",61.58901356,31.67193762,Bug,Collaboration,0,0,1,1,78.3
InsightlySoft,email,2025-06-21 3:01:37,2,3,7,Basic,3670.28,28,3,AM_5,Collaboration,41.4079844,16.7819729,Other,Collaboration,1,0,0,0,47.5
InsightlySoft,email,2025-06-28 5:01:37,1,5,7,Basic,390.54,50,0,AM_13,Integration,47.45523301,41.90118507,How-To,Security,0,0,0,0,64.1
InsightlySoft,email,2025-06-23 7:01:37,0,4,2,Pro,1129.86,14,1,AM_3,"Billing,Analytics",49.5603211,39.80611845,Bug,Collaboration,0,0,0,0,50.3
GlobalFinance Corp,web_form,2025-07-13 16:01:37,0,3,1,Basic,375.04,57,2,AM_12,"Collaboration,Billing",57.7424584,39.82616253,Other,Analytics,0,0,0,0,66.6
InsightlySoft,web_form,2025-07-01 17:01:37,1,0,3,Basic,3925.9,42,1,AM_7,"Billing,Collaboration",40.39595266,45.37282572,Performance,Security,0,0,1,1,57.6
GlobalFinance Corp,chat,2025-07-09 12:01:37,0,7,4,Pro,10.59,52,2,AM_8,"Billing,Integration,Collaboration",26.64779121,26.67482551,Other,Billing,0,0,0,0,17.1
GlobalFinance Corp,web_form,2025-06-27 18:01:37,1,3,6,Enterprise,1873.79,22,3,AM_10,Billing,36.52236167,27.14240983,Feature Request,Integration,0,0,0,1,48.1
GlobalFinance Corp,web_form,2025-06-21 5:01:37,1,4,7,Pro,25689.29,37,2,AM_4,"Integration,Collaboration",55.2429297,45.03388649,Bug,Security,0,0,0,1,63.1
InsightlySoft,email,2025-07-06 12:01:37,0,4,1,Enterprise,5714.06,34,2,AM_4,"Security,Integration,Analytics",48.75854171,31.47305136,Other,Billing,0,0,0,1,57.6
GlobalFinance Corp,email,2025-07-06 22:01:37,1,4,1,Enterprise,2654.53,17,0,AM_17,"Integration,Billing,Security",47.30236393,39.14157682,Bug,Analytics,0,0,0,1,54.1
InsightlySoft,web_form,2025-06-15 16:01:37,1,1,1,Pro,3551.86,33,2,AM_15,Analytics,39.53931414,18.77425359,Performance,Collaboration,0,0,1,1,52.4
GlobalFinance Corp,chat,2025-06-14 22:01:37,1,4,7,Basic,2776.29,33,0,AM_18,"Security,Billing",48.69539838,44.57247664,Feature Request,Collaboration,0,0,0,0,41.9
GlobalFinance Corp,email,2025-06-24 14:01:37,2,3,3,Pro,4995.58,38,0,AM_8,"Security,Collaboration",53.09124704,38.82800847,Bug,Security,0,0,0,0,58.1
GlobalFinance Corp,web_form,2025-06-26 0:01:37,1,4,5,Basic,6514.27,26,0,AM_10,"Security,Analytics",46.81649757,23.97304904,Feature Request,Billing,0,1,0,1,54.2
GlobalFinance Corp,web_form,2025-06-22 23:01:37,1,2,1,Basic,4364.91,39,2,AM_10,"Billing,Analytics",60.96749692,47.73999776,Performance,Collaboration,0,1,0,1,75.2
GlobalFinance Corp,chat,2025-06-30 0:01:37,1,5,2,Pro,602.54,7,1,AM_13,"Analytics,Integration,Billing",56.44041413,37.23344078,Bug,Analytics,0,0,0,0,64.6
GlobalFinance Corp,chat,2025-06-17 8:01:37,2,3,3,Enterprise,1398.14,25,3,AM_9,"Security,Collaboration",46.68028048,51.46147205,Performance,Billing,0,1,0,1,45
GlobalFinance Corp,email,2025-06-19 21:01:37,2,1,5,Basic,4603.11,48,1,AM_8,"Billing,Security",54.90475236,19.50064171,Performance,Billing,0,0,1,1,68
GlobalFinance Corp,chat,2025-07-10 14:01:37,0,4,5,Pro,5197.83,51,0,AM_4,"Integration,Collaboration,Billing",48.68890237,38.84274098,Feature Request,Collaboration,0,0,0,0,47.7
InsightlySoft,web_form,2025-06-19 2:01:37,1,6,5,Basic,2973.06,30,0,AM_10,Security,51.07216588,31.13544982,Performance,Security,0,0,0,0,43.3
InsightlySoft,web_form,2025-06-21 12:01:37,2,1,7,Basic,3756.81,41,0,AM_8,Analytics,45.68541773,33.5987434,Performance,Security,1,0,0,0,43
GlobalFinance Corp,chat,2025-06-21 14:01:37,1,3,7,Pro,575.29,33,0,AM_12,"Integration,Collaboration,Security",49.7902671,37.18844842,Other,Security,1,0,1,1,79.7
GlobalFinance Corp,chat,2025-07-03 4:01:37,0,2,5,Pro,1398.83,50,2,AM_18,"Integration,Collaboration,Billing",33.12465138,21.58895824,Bug,Collaboration,0,0,0,0,30.2
GlobalFinance Corp,chat,2025-06-15 21:01:37,0,6,1,Pro,2294.81,39,0,AM_7,"Collaboration,Security",40.02324162,52.86660215,Performance,Integration,0,0,0,0,38.8
InsightlySoft,chat,2025-06-15 15:01:37,1,1,1,Enterprise,12351.32,28,0,AM_3,Security,59.81268994,49.86095002,How-To,Analytics,0,0,0,1,58.7
GlobalFinance Corp,email,2025-06-18 16:01:37,0,4,4,Basic,4816.57,18,2,AM_11,Analytics,44.78451178,37.79837409,How-To,Analytics,0,0,0,0,49.2
InsightlySoft,chat,2025-06-24 7:01:37,1,2,3,Basic,641.88,10,1,AM_6,"Analytics,Integration",37.4636775,25.45846242,Other,Security,1,0,0,0,33.1
InsightlySoft,email,2025-07-04 3:01:37,0,5,6,Pro,1303.48,59,0,AM_7,"Integration,Security",64.57535158,33.69629034,Performance,Security,0,0,0,1,81.7
InsightlySoft,web_form,2025-06-28 21:01:37,0,2,7,Basic,733.48,52,0,AM_18,"Security,Collaboration",45.02805866,37.86324827,Other,Analytics,1,0,0,0,48.9
InsightlySoft,chat,2025-06-22 4:01:37,1,1,1,Enterprise,495.54,2,0,AM_7,"Security,Analytics",53.35010247,30.5344861,How-To,Collaboration,0,0,1,1,69.3
InsightlySoft,email,2025-07-03 18:01:37,0,2,5,Basic,383.43,43,0,AM_18,"Security,Billing,Integration",42.88413257,42.88000196,Bug,Billing,0,0,0,0,36.1
GlobalFinance Corp,chat,2025-06-19 8:01:37,2,5,5,Pro,10118.1,50,1,AM_3,"Security,Integration,Analytics",57.23998894,37.1908435,Performance,Analytics,1,0,0,1,77.1
GlobalFinance Corp,web_form,2025-07-01 1:01:37,0,2,3,Basic,7113.67,43,0,AM_9,"Collaboration,Integration",48.04985249,35.41431636,Other,Analytics,0,0,0,1,57.6
GlobalFinance Corp,web_form,2025-07-09 23:01:37,1,2,4,Basic,1980.55,14,0,AM_14,Integration,31.24589371,42.24118654,Bug,Billing,1,0,0,0,39.2
GlobalFinance Corp,web_form,2025-07-03 6:01:37,0,3,5,Pro,2385.84,13,0,AM_7,Analytics,68.73903142,22.20977621,Other,Billing,0,0,1,1,80.5
GlobalFinance Corp,chat,2025-06-24 10:01:37,0,4,3,Pro,5472.03,1,1,AM_14,Analytics,42.15851191,29.66363958,Bug,Integration,0,0,0,0,35.9
InsightlySoft,chat,2025-07-03 1:01:37,1,2,5,Enterprise,3139.53,32,0,AM_15,Billing,44.83703277,35.10015164,Bug,Analytics,0,0,0,1,55.9
GlobalFinance Corp,email,2025-07-03 7:01:37,1,4,5,Basic,3957.68,25,0,AM_6,Analytics,35.90094225,30.00386011,Other,Billing,0,0,0,0,41.6
GlobalFinance Corp,web_form,2025-06-14 19:01:37,1,4,7,Basic,4698.3,10,0,AM_7,"Billing,Security",30.02908539,24.65257,How-To,Analytics,0,0,0,0,21
InsightlySoft,chat,2025-07-01 2:01:37,1,3,3,Pro,1979.3,15,1,AM_12,Security,58.96195206,26.66408533,Other,Billing,0,0,0,0,63.9
GlobalFinance Corp,web_form,2025-07-05 23:01:37,1,7,7,Basic,11041.89,51,0,AM_12,"Billing,Integration,Analytics",50.0801882,35.96157637,Feature Request,Security,1,0,0,1,63.2
InsightlySoft,web_form,2025-06-21 18:01:37,4,0,7,Pro,2969.53,29,6,AM_1,"Security,Collaboration,Billing",28.64830317,38.08335771,Performance,Security,0,0,0,0,29
GlobalFinance Corp,email,2025-07-13 16:01:37,0,4,1,Basic,3011.15,17,4,AM_19,Integration,44.22949443,54.41214182,How-To,Security,0,0,1,1,51.8
InsightlySoft,email,2025-07-13 15:01:37,1,5,1,Basic,456.12,42,0,AM_14,"Collaboration,Analytics,Integration",51.78038,44.63574876,How-To,Analytics,0,0,0,0,61.8
GlobalFinance Corp,email,2025-06-15 12:01:37,1,3,1,Basic,13203.56,54,1,AM_5,"Analytics,Security",54.03228124,27.16980326,Other,Analytics,0,0,0,1,60.2
GlobalFinance Corp,email,2025-07-11 7:01:37,4,0,6,Enterprise,220.21,40,3,AM_17,Billing,39.14938188,45.89082032,Performance,Analytics,0,0,0,1,50.1
InsightlySoft,web_form,2025-06-16 8:01:37,0,5,2,Enterprise,12729.16,23,0,AM_6,"Security,Collaboration",42.87198701,36.40877613,Feature Request,Collaboration,1,0,0,1,57.2
InsightlySoft,email,2025-06-27 13:01:37,0,4,6,Enterprise,7242.75,7,1,AM_1,"Collaboration,Billing,Security",41.23483515,34.80760009,Other,Security,0,0,0,1,36.5
InsightlySoft,email,2025-07-07 19:01:37,0,1,2,Pro,5822.59,50,0,AM_1,Analytics,44.24368929,30.55914992,Performance,Billing,0,0,0,0,52.3
InsightlySoft,email,2025-06-15 14:01:37,3,0,1,Basic,3358.88,59,0,AM_0,"Integration,Security",50.25016716,23.29676125,Other,Integration,0,0,0,0,45.2
InsightlySoft,email,2025-07-07 17:01:37,0,3,2,Basic,2816.05,36,2,AM_13,"Collaboration,Analytics",56.12476161,36.07248913,Performance,Collaboration,0,0,0,0,64.3
InsightlySoft,web_form,2025-07-05 5:01:37,0,4,7,Basic,17069.65,6,1,AM_1,"Analytics,Security",50.34403047,25.67982661,How-To,Analytics,0,0,0,1,66
InsightlySoft,email,2025-06-19 9:01:37,0,4,5,Enterprise,10948.69,2,2,AM_9,"Collaboration,Integration",50.65976453,33.65626508,Other,Security,1,0,1,1,66.8
InsightlySoft,web_form,2025-06-29 11:01:37,0,1,1,Pro,5011.28,45,1,AM_3,"Analytics,Security",46.07366106,45.27001006,Feature Request,Collaboration,0,0,0,0,53.2
GlobalFinance Corp,chat,2025-06-22 18:01:37,1,2,1,Enterprise,272.6,32,1,AM_3,"Billing,Analytics,Collaboration",36.28069069,44.23654524,Performance,Security,0,0,0,1,44.4
GlobalFinance Corp,web_form,2025-06-17 19:01:37,0,1,3,Pro,1396.44,53,1,AM_6,Analytics,46.54462129,34.04358464,Feature Request,Billing,2,0,0,0,47.7
InsightlySoft,web_form,2025-06-22 8:01:37,0,1,1,Basic,6028.13,44,2,AM_19,"Integration,Billing",43.74924764,44.00611521,Feature Request,Integration,0,0,0,0,37.3
GlobalFinance Corp,email,2025-06-22 22:01:37,1,0,1,Basic,3637.23,5,2,AM_4,"Billing,Security",41.12592755,38.16392158,Other,Collaboration,0,0,0,0,30.7
GlobalFinance Corp,chat,2025-07-11 18:01:37,1,4,6,Enterprise,390.34,19,1,AM_11,"Billing,Security,Integration",48.16941781,48.00706869,Performance,Integration,0,0,0,1,62
GlobalFinance Corp,chat,2025-06-17 21:01:37,1,3,3,Basic,1284.28,2,1,AM_11,Security,32.37260495,26.54756219,Bug,Collaboration,0,0,0,0,35.4
GlobalFinance Corp,chat,2025-07-10 8:01:37,2,1,5,Basic,58.85,43,1,AM_5,Collaboration,43.35297339,35.01124837,Feature Request,Security,1,0,0,0,36.4
InsightlySoft,chat,2025-06-16 1:01:37,1,5,2,Basic,6699.27,23,1,AM_17,Security,41.11305245,32.13048417,Performance,Analytics,0,0,1,1,51.6
GlobalFinance Corp,web_form,2025-07-03 0:01:37,1,5,5,Pro,4123.16,40,0,AM_1,Collaboration,39.60233614,39.23479004,How-To,Security,0,0,1,1,62.1
InsightlySoft,chat,2025-07-09 5:01:37,1,3,4,Basic,1717.36,4,2,AM_18,Collaboration,53.79495219,38.74959756,Feature Request,Analytics,0,0,0,0,53.8
GlobalFinance Corp,web_form,2025-06-22 12:01:37,0,7,1,Basic,4286.2,4,1,AM_15,"Billing,Collaboration,Analytics",49.24024538,35.912718,Feature Request,Analytics,0,0,1,1,69.5
GlobalFinance Corp,web_form,2025-07-03 13:01:37,1,1,5,Basic,8128.15,11,2,AM_1,"Collaboration,Billing",52.69014046,53.90150994,Feature Request,Analytics,1,0,0,1,57.5
GlobalFinance Corp,web_form,2025-06-27 14:01:37,0,3,6,Basic,985.06,46,1,AM_16,Billing,52.28056152,26.73250313,How-To,Security,0,0,0,0,66.2
InsightlySoft,chat,2025-06-16 17:01:37,2,5,2,Basic,1009.85,41,2,AM_19,Analytics,38.13916393,29.06328439,How-To,Security,0,1,0,1,51.9
GlobalFinance Corp,email,2025-06-18 23:01:37,1,2,4,Basic,1977.12,20,1,AM_6,"Integration,Collaboration",58.93573011,43.72701527,Other,Integration,1,0,0,0,53.7
InsightlySoft,email,2025-07-14 0:01:37,1,2,2,Basic,3681.72,58,1,AM_6,"Collaboration,Security",43.234261,39.02129275,Bug,Collaboration,1,0,0,0,43
GlobalFinance Corp,chat,2025-07-09 21:01:37,0,2,4,Basic,14901.62,14,3,AM_11,Analytics,59.29331785,29.11579686,Other,Analytics,0,0,0,1,67
InsightlySoft,email,2025-07-08 18:01:37,3,5,3,Basic,533.55,35,1,AM_10,"Analytics,Collaboration,Billing",44.17940991,46.42173813,Bug,Billing,0,0,0,0,41.3
GlobalFinance Corp,email,2025-06-14 21:01:37,2,2,7,Basic,1256.27,59,1,AM_16,"Analytics,Security",35.26961362,36.34080397,Feature Request,Billing,0,0,1,1,41.1
InsightlySoft,web_form,2025-06-21 19:01:37,2,1,7,Basic,1355.03,45,2,AM_10,"Billing,Security",37.50419996,36.46916686,Performance,Analytics,2,0,0,0,50.1
InsightlySoft,web_form,2025-06-17 0:01:37,1,3,3,Pro,3881.95,14,1,AM_7,"Collaboration,Billing,Security",57.48690683,31.23256346,Feature Request,Collaboration,0,0,0,0,68.8
GlobalFinance Corp,chat,2025-06-16 2:01:37,1,3,2,Pro,6530.44,49,2,AM_5,"Collaboration,Integration",53.44321403,39.53570061,How-To,Security,0,0,0,0,53.1
InsightlySoft,chat,2025-06-27 4:01:37,1,1,6,Enterprise,609.27,3,0,AM_5,"Analytics,Billing",40.53180975,26.52934473,Bug,Integration,0,0,0,1,53.2
GlobalFinance Corp,email,2025-06-29 9:01:37,1,5,1,Pro,3751.63,15,3,AM_14,Billing,50.18374904,29.62371195,Feature Request,Billing,0,0,0,0,59.5
GlobalFinance Corp,web_form,2025-06-17 20:01:37,1,2,3,Basic,7211.26,21,0,AM_19,"Integration,Billing",57.71786049,43.00721694,Bug,Collaboration,0,0,0,1,89.5
GlobalFinance Corp,chat,2025-06-21 12:01:37,0,4,7,Pro,387.92,2,0,AM_11,"Analytics,Integration",64.29304225,15.0152628,Other,Security,0,0,1,1,84.5
GlobalFinance Corp,chat,2025-07-12 16:01:37,0,5,7,Pro,3024.07,21,2,AM_8,"Billing,Security,Analytics",49.52498011,31.21078048,How-To,Analytics,2,0,1,1,58.5
GlobalFinance Corp,chat,2025-06-16 12:01:37,1,4,2,Enterprise,678.38,57,1,AM_12,"Billing,Integration",51.22267933,40.53069565,How-To,Security,1,0,1,1,62.9
GlobalFinance Corp,chat,2025-07-10 8:01:37,0,5,5,Basic,1745.57,10,0,AM_14,"Integration,Collaboration,Analytics",46.37262944,47.56270814,Performance,Security,1,0,1,1,59.6
GlobalFinance Corp,chat,2025-07-05 18:01:37,0,4,7,Basic,406.8,27,0,AM_14,"Security,Integration,Billing",48.128529,37.25467725,Feature Request,Security,0,0,0,0,50.3
GlobalFinance Corp,chat,2025-06-17 8:01:37,0,4,3,Enterprise,3452.43,54,1,AM_12,"Integration,Security,Collaboration",53.74982206,42.57203259,How-To,Integration,1,0,0,1,70.2
GlobalFinance Corp,email,2025-06-27 1:01:37,2,2,6,Basic,1539.36,47,1,AM_8,"Analytics,Billing",37.15391601,41.01749359,Performance,Billing,1,0,1,1,49.6
GlobalFinance Corp,web_form,2025-07-11 18:01:37,3,6,6,Basic,2512.8,19,3,AM_10,"Billing,Security,Analytics",54.50016447,30.40847485,How-To,Billing,0,0,0,0,67.6
GlobalFinance Corp,web_form,2025-06-26 4:01:37,1,0,5,Basic,2224.13,53,1,AM_10,Security,44.12482941,32.85607233,Other,Integration,0,0,1,1,58.7
InsightlySoft,chat,2025-07-07 0:01:37,1,1,2,Basic,3552.36,12,2,AM_8,"Billing,Security",40.61757422,36.78109728,Feature Request,Collaboration,0,0,1,1,45.9
InsightlySoft,web_form,2025-07-11 20:01:37,2,0,6,Pro,6777.95,49,0,AM_16,"Collaboration,Security",40.65404034,51.86756536,Feature Request,Security,0,1,0,1,48.1
GlobalFinance Corp,web_form,2025-07-08 12:01:37,2,2,3,Enterprise,984.47,16,0,AM_5,"Analytics,Billing,Integration",67.02553019,39.07349527,Bug,Analytics,0,0,1,1,85.9
GlobalFinance Corp,web_form,2025-07-04 12:01:37,0,1,6,Enterprise,2712.84,8,0,AM_4,"Security,Analytics,Integration",60.97390408,34.94411263,Performance,Integration,0,0,0,1,71.9
GlobalFinance Corp,chat,2025-06-22 8:01:37,2,2,1,Basic,2558.3,57,1,AM_2,"Security,Analytics,Billing",39.36579908,25.29691528,Other,Security,0,0,0,0,38.9
GlobalFinance Corp,chat,2025-06-17 14:01:37,1,8,3,Pro,1135.65,37,2,AM_5,"Billing,Integration,Analytics",50.70545247,32.79172005,Bug,Security,2,0,0,0,56.2
GlobalFinance Corp,web_form,2025-07-10 15:01:37,0,5,5,Basic,2076.96,25,0,AM_16,Analytics,50.2988871,32.92272677,Other,Billing,1,0,0,0,61.1
GlobalFinance Corp,web_form,2025-07-03 4:01:37,0,2,5,Enterprise,123.88,24,1,AM_10,"Security,Billing",65.33662375,41.26672593,Bug,Integration,0,0,0,1,78.7
GlobalFinance Corp,chat,2025-06-21 7:01:37,0,1,7,Basic,1670.26,47,3,AM_3,"Collaboration,Analytics,Security",43.60295286,31.25700821,Bug,Analytics,1,1,1,1,52
GlobalFinance Corp,email,2025-06-17 3:01:37,1,2,3,Pro,946.3,40,1,AM_11,Collaboration,25.77401647,36.68762146,Feature Request,Integration,1,0,0,0,30
InsightlySoft,web_form,2025-06-25 19:01:37,2,5,4,Pro,5984.76,18,2,AM_9,"Collaboration,Billing,Analytics",46.78961914,37.50087219,Other,Analytics,0,0,0,0,60.4
GlobalFinance Corp,email,2025-07-10 10:01:37,0,5,5,Enterprise,1328.53,21,0,AM_16,Collaboration,45.27819828,37.5443848,Performance,Security,0,0,1,1,43
InsightlySoft,web_form,2025-06-19 17:01:37,0,2,5,Enterprise,640.36,8,2,AM_5,"Integration,Billing",52.56565902,30.84564256,Performance,Analytics,0,0,0,1,65
GlobalFinance Corp,email,2025-06-17 13:01:37,1,4,3,Basic,2262.97,19,2,AM_17,Integration,56.5874621,31.73716235,Bug,Security,1,0,0,0,55.2
GlobalFinance Corp,email,2025-07-05 1:01:37,0,1,7,Basic,4997.46,49,0,AM_18,"Analytics,Integration,Collaboration",59.44542553,38.56636836,Bug,Analytics,1,1,0,1,76.3
InsightlySoft,email,2025-06-28 8:01:37,2,1,7,Pro,1311.08,30,3,AM_14,"Security,Collaboration",59.12124034,31.20344019,Other,Billing,0,0,0,0,50.2
GlobalFinance Corp,chat,2025-06-23 21:01:37,1,1,2,Basic,5628.63,27,1,AM_11,"Analytics,Security,Billing",54.49540493,22.22505827,Feature Request,Integration,0,0,1,1,62.5
InsightlySoft,email,2025-06-15 19:01:37,2,5,1,Enterprise,1184.15,36,0,AM_18,"Integration,Security",58.51134113,37.5154519,Feature Request,Billing,0,0,0,1,71
GlobalFinance Corp,email,2025-07-04 7:01:37,1,2,6,Basic,3990.85,36,3,AM_4,"Analytics,Security,Integration",34.3319333,20.34149075,Other,Collaboration,0,0,1,1,51.1
GlobalFinance Corp,email,2025-06-23 1:01:37,0,4,2,Basic,367.35,26,4,AM_17,Integration,45.42705403,34.71885685,Other,Integration,1,0,0,0,51.4
InsightlySoft,web_form,2025-07-11 11:01:37,1,4,6,Basic,192.66,20,0,AM_11,"Integration,Billing",48.06302381,27.44182897,Feature Request,Integration,2,0,0,0,40.4
GlobalFinance Corp,email,2025-07-12 14:01:37,0,5,7,Pro,4013.38,52,3,AM_14,Analytics,52.55134182,33.71361051,Bug,Analytics,0,0,0,0,49.6
InsightlySoft,web_form,2025-07-05 8:01:37,0,4,7,Enterprise,1378.49,41,2,AM_9,Billing,41.71282025,49.65277115,Feature Request,Security,0,0,0,1,52.5
GlobalFinance Corp,email,2025-07-12 15:01:37,1,3,7,Pro,1497.66,59,0,AM_18,"Billing,Security,Analytics",41.29294528,40.87331827,How-To,Analytics,0,0,0,0,47.2
InsightlySoft,email,2025-07-07 0:01:37,1,3,2,Basic,2561.02,14,0,AM_8,"Integration,Security",44.45492689,31.32908217,How-To,Integration,0,0,0,0,49.1
InsightlySoft,chat,2025-07-13 8:01:37,0,3,1,Basic,12998.6,33,0,AM_5,Collaboration,52.35641626,25.23998473,Other,Billing,0,0,1,1,68.4
GlobalFinance Corp,web_form,2025-07-09 7:01:37,3,5,4,Enterprise,564.45,9,0,AM_13,"Analytics,Collaboration,Integration",14.44561608,20.83057617,How-To,Security,0,0,0,1,33.9
GlobalFinance Corp,email,2025-06-18 10:01:37,0,4,4,Basic,1069.4,23,0,AM_0,"Analytics,Billing,Collaboration",47.81193438,25.09487885,Performance,Analytics,1,0,0,0,43.8
InsightlySoft,web_form,2025-06-26 7:01:37,2,3,5,Enterprise,3138.38,45,1,AM_0,Billing,40.77617446,28.61594695,How-To,Billing,0,0,0,1,64.2
GlobalFinance Corp,web_form,2025-06-26 18:01:37,1,2,5,Enterprise,3621.57,30,1,AM_10,Collaboration,39.40576578,26.13926144,Feature Request,Analytics,0,1,0,1,45.9
GlobalFinance Corp,chat,2025-06-15 10:01:37,5,4,1,Pro,3674.01,53,0,AM_2,Analytics,51.32132592,39.22006861,How-To,Integration,0,0,0,0,52.9
GlobalFinance Corp,chat,2025-06-24 1:01:37,1,5,3,Enterprise,2714.61,50,2,AM_4,"Security,Analytics,Collaboration",49.43937717,35.14786277,Bug,Analytics,1,1,0,1,67.9
InsightlySoft,chat,2025-06-27 23:01:37,1,1,6,Basic,2662.26,42,1,AM_7,"Integration,Analytics",50.04473644,48.53630217,Other,Billing,0,0,0,0,47.8
InsightlySoft,chat,2025-07-01 7:01:37,1,5,3,Enterprise,480.88,28,1,AM_17,"Analytics,Security,Billing",49.69442907,27.35096258,Bug,Billing,0,0,0,1,50.3
InsightlySoft,chat,2025-07-06 0:01:37,2,5,1,Basic,5398.63,58,0,AM_4,Analytics,62.00163636,33.03329443,How-To,Billing,0,0,0,0,57.1
InsightlySoft,chat,2025-06-19 3:01:37,1,2,5,Pro,26.81,31,1,AM_11,"Analytics,Billing,Security",59.78282139,21.88890651,Bug,Analytics,0,0,0,0,62.5
InsightlySoft,chat,2025-07-01 1:01:37,1,2,3,Basic,1621.68,26,1,AM_17,"Collaboration,Billing",34.06737023,36.32335367,Performance,Integration,0,0,0,0,38.2
InsightlySoft,chat,2025-06-29 6:01:37,1,2,1,Pro,727.78,36,0,AM_11,"Billing,Analytics,Collaboration",43.11693454,20.64223951,Bug,Collaboration,1,0,0,0,29.8
InsightlySoft,email,2025-06-25 14:01:37,0,2,4,Basic,330.58,59,2,AM_7,"Collaboration,Analytics,Security",44.30686009,26.79251534,Performance,Collaboration,0,0,0,0,58.1
InsightlySoft,web_form,2025-07-09 5:01:37,1,4,4,Pro,1154.74,47,0,AM_8,"Security,Collaboration,Analytics",32.80694046,35.29575729,Feature Request,Collaboration,0,0,0,0,33.9
InsightlySoft,chat,2025-06-17 15:01:37,1,3,3,Pro,3211.71,36,0,AM_14,"Billing,Analytics,Integration",75.24639714,11.68359825,Bug,Security,0,0,0,0,66.1
GlobalFinance Corp,chat,2025-07-09 17:01:37,1,1,4,Enterprise,2061.99,52,2,AM_2,"Collaboration,Security,Integration",49.03023049,30.26532625,How-To,Integration,0,0,0,1,54
InsightlySoft,web_form,2025-06-19 12:01:37,0,5,5,Pro,6203.15,11,0,AM_14,Billing,36.14987344,31.76385891,Feature Request,Integration,0,0,0,0,39.5
GlobalFinance Corp,email,2025-06-25 22:01:37,0,2,4,Pro,2746.51,12,1,AM_3,"Analytics,Collaboration",58.67337257,42.62076228,Other,Security,0,1,0,1,80.4
GlobalFinance Corp,web_form,2025-07-09 9:01:37,1,3,4,Enterprise,875.61,45,1,AM_15,Security,49.33500254,40.19260716,Other,Collaboration,1,1,0,1,71.7
GlobalFinance Corp,web_form,2025-07-10 23:01:37,2,0,5,Enterprise,2172.19,2,2,AM_18,"Collaboration,Billing,Analytics",40.40535899,35.46107069,How-To,Collaboration,0,0,1,1,53.9
InsightlySoft,chat,2025-06-19 14:01:37,0,1,5,Pro,773.93,40,1,AM_17,"Analytics,Security,Billing",54.97014164,29.53585572,Performance,Security,0,0,0,0,53.4
InsightlySoft,web_form,2025-06-20 19:01:37,0,3,6,Enterprise,590.44,4,0,AM_15,"Integration,Analytics,Security",57.16588195,33.60684334,Bug,Billing,0,1,0,1,80.4
InsightlySoft,web_form,2025-07-13 13:01:37,0,2,1,Pro,9304.65,32,0,AM_11,"Analytics,Integration",54.91807329,41.28299699,Other,Integration,0,0,1,1,72.4
InsightlySoft,chat,2025-06-22 22:01:37,0,2,1,Basic,1893.52,41,1,AM_11,Security,53.47699328,38.22430675,Bug,Collaboration,0,0,0,0,48.5
GlobalFinance Corp,chat,2025-06-30 21:01:37,0,3,2,Enterprise,3159.84,34,0,AM_3,Collaboration,40.93476682,46.89145912,Feature Request,Collaboration,0,0,1,1,51.7
InsightlySoft,chat,2025-07-02 9:01:37,1,2,4,Pro,6200.93,55,0,AM_14,"Security,Analytics,Collaboration",31.57194624,35.61001629,Bug,Security,0,0,0,0,20.3
InsightlySoft,chat,2025-07-09 8:01:37,1,3,4,Basic,1166.61,5,0,AM_18,Security,35.97364775,37.44698505,Other,Analytics,0,0,0,0,39.1
InsightlySoft,web_form,2025-07-02 13:01:37,2,5,4,Basic,4668.05,5,2,AM_17,"Integration,Security",43.24247234,26.58274596,Performance,Integration,1,0,0,0,42.5
InsightlySoft,web_form,2025-07-07 13:01:37,0,3,2,Pro,4665.23,55,1,AM_10,Security,30.65821637,33.67973809,Other,Integration,1,0,0,0,29.7
InsightlySoft,email,2025-06-14 18:01:37,0,5,7,Enterprise,5212.02,4,1,AM_14,"Billing,Security,Analytics",66.02342426,37.0231656,How-To,Integration,0,0,0,1,85.7
GlobalFinance Corp,email,2025-07-13 18:01:37,0,4,1,Basic,630.18,51,0,AM_15,Integration,38.04643409,35.0353399,Other,Billing,0,0,0,0,45.6
InsightlySoft,web_form,2025-07-10 15:01:37,0,4,5,Pro,9877.59,41,0,AM_10,Billing,46.10621789,49.83620129,Bug,Analytics,0,0,1,1,62.3
GlobalFinance Corp,email,2025-06-27 20:01:37,1,4,6,Basic,963.85,12,2,AM_10,Billing,49.36368486,25.35227972,Bug,Integration,0,0,0,0,50.3
InsightlySoft,web_form,2025-06-29 22:01:37,0,2,1,Basic,4499.26,35,2,AM_12,Billing,59.0180749,32.92054145,Performance,Billing,0,0,0,0,56
GlobalFinance Corp,email,2025-07-08 23:01:37,2,2,3,Basic,531.31,37,0,AM_6,"Analytics,Security",52.88335442,48.5783847,Other,Billing,1,0,0,0,52.7
InsightlySoft,chat,2025-06-23 19:01:37,1,5,2,Enterprise,7740.04,34,2,AM_14,"Security,Collaboration,Billing",49.96857641,41.53723637,Feature Request,Billing,0,0,0,1,58.6
InsightlySoft,email,2025-07-07 12:01:37,0,5,2,Basic,1675.04,55,1,AM_16,Security,71.3651785,37.35717386,Feature Request,Integration,0,0,0,0,61.5
GlobalFinance Corp,chat,2025-07-13 13:01:37,1,1,1,Basic,3313.77,45,0,AM_12,Collaboration,64.0899887,25.68923399,Feature Request,Integration,0,0,0,0,72.9
GlobalFinance Corp,chat,2025-06-24 2:01:37,1,3,3,Basic,5695.2,28,0,AM_3,Security,51.95113635,37.37407577,How-To,Security,0,0,0,0,56.2
GlobalFinance Corp,chat,2025-06-17 11:01:37,1,8,3,Basic,995.47,59,1,AM_0,"Integration,Billing",50.89914641,34.09139069,Feature Request,Security,1,0,0,0,72.1
InsightlySoft,chat,2025-06-30 3:01:37,1,3,2,Basic,1477.96,7,1,AM_11,"Billing,Integration,Security",46.67708939,44.62893614,How-To,Analytics,0,0,0,0,32.2
GlobalFinance Corp,email,2025-06-21 16:01:37,0,6,7,Basic,1127.96,53,3,AM_3,"Billing,Security",55.26955801,36.75980013,Feature Request,Security,0,0,0,0,42.3
InsightlySoft,web_form,2025-07-02 7:01:37,2,1,4,Basic,997.5,40,0,AM_0,"Integration,Billing,Security",44.29151227,48.50046517,Performance,Integration,0,0,0,0,44.2
InsightlySoft,chat,2025-06-14 18:01:37,0,3,7,Pro,2141.9,57,2,AM_5,Integration,40.59571876,51.79825803,Other,Security,1,0,0,0,46.2
GlobalFinance Corp,email,2025-07-06 18:01:37,0,2,1,Basic,2373.9,52,0,AM_10,"Collaboration,Billing,Security",61.93529929,38.49082031,How-To,Analytics,1,1,0,1,84.4
GlobalFinance Corp,chat,2025-06-16 18:01:37,1,1,2,Pro,239.8,11,2,AM_17,"Integration,Security,Analytics",40.35439407,39.18228372,Bug,Integration,0,0,0,0,35.8
InsightlySoft,email,2025-07-12 2:01:37,2,2,7,Basic,3356.07,44,2,AM_17,"Billing,Analytics,Collaboration",47.64162037,34.83336944,How-To,Collaboration,1,0,0,0,51.9
InsightlySoft,email,2025-06-17 2:01:37,1,3,3,Enterprise,1634.19,32,0,AM_19,Analytics,44.12313893,23.17715884,Other,Collaboration,0,0,0,1,57.5
GlobalFinance Corp,email,2025-07-05 19:01:37,1,4,7,Basic,6609.02,50,1,AM_5,"Collaboration,Integration",47.32887146,23.4749388,How-To,Collaboration,0,0,0,0,49.9
GlobalFinance Corp,web_form,2025-07-07 20:01:37,2,2,2,Enterprise,6502.13,50,0,AM_13,Collaboration,50.01837462,43.35214616,How-To,Analytics,0,0,0,1,50.2
GlobalFinance Corp,email,2025-06-22 3:01:37,1,2,1,Basic,3819.89,32,0,AM_5,"Integration,Analytics",48.06151875,47.1924979,Other,Analytics,1,0,0,0,41.4
InsightlySoft,email,2025-07-05 2:01:37,2,3,7,Pro,5767.99,59,2,AM_14,"Analytics,Integration",39.2373396,31.57522149,Feature Request,Integration,0,0,0,0,32.8
InsightlySoft,web_form,2025-06-22 5:01:37,0,5,1,Basic,7672.98,31,1,AM_0,"Analytics,Collaboration",43.9169692,33.60786972,Other,Collaboration,0,0,0,1,47
InsightlySoft,web_form,2025-07-06 15:01:37,0,3,1,Basic,2583.48,48,3,AM_16,"Billing,Analytics",54.54144164,33.73779432,Performance,Billing,0,0,1,1,66.5
InsightlySoft,email,2025-06-23 16:01:37,1,3,2,Pro,10716.64,20,0,AM_11,"Integration,Analytics",50.2367602,29.56974963,Feature Request,Security,0,0,0,1,62.7
InsightlySoft,web_form,2025-06-30 20:01:37,1,2,2,Pro,9329.99,54,1,AM_2,Collaboration,51.95233269,53.85696692,How-To,Collaboration,1,0,0,1,74.3
InsightlySoft,chat,2025-07-02 2:01:37,1,1,4,Enterprise,349.21,6,3,AM_1,Security,57.04198033,33.02904919,Other,Collaboration,0,0,0,1,65.8
GlobalFinance Corp,chat,2025-06-26 13:01:37,0,3,5,Pro,2219.18,50,0,AM_5,"Security,Billing",53.39472569,45.01099104,Performance,Collaboration,0,0,0,0,58.4
InsightlySoft,web_form,2025-07-01 7:01:37,1,4,3,Basic,364.7,49,0,AM_4,"Collaboration,Integration,Analytics",42.00781177,17.95365122,Performance,Collaboration,0,0,0,0,32.5
InsightlySoft,web_form,2025-06-23 20:01:37,0,2,2,Enterprise,3457.31,18,0,AM_7,Analytics,51.25095487,45.70375536,Bug,Integration,1,0,0,1,73.8
InsightlySoft,email,2025-06-28 9:01:37,0,1,7,Pro,4348.03,56,0,AM_1,"Analytics,Billing",51.0061126,52.6939594,Performance,Security,0,0,1,1,60.7
GlobalFinance Corp,web_form,2025-06-19 19:01:37,0,5,5,Basic,6480.08,21,0,AM_11,"Integration,Collaboration",32.1324086,38.6247625,Bug,Collaboration,0,0,0,0,21
InsightlySoft,email,2025-07-08 13:01:37,2,2,3,Enterprise,3149.55,3,1,AM_6,"Collaboration,Billing,Security",31.27625153,41.81141107,Performance,Integration,0,0,0,1,51.9
InsightlySoft,chat,2025-06-27 21:01:37,2,2,6,Enterprise,1815.37,41,2,AM_13,"Billing,Security,Analytics",52.44992147,43.90681906,Other,Collaboration,0,0,1,1,60.7
GlobalFinance Corp,web_form,2025-07-02 23:01:37,2,5,4,Basic,508.58,28,1,AM_9,"Integration,Billing",42.37257687,40.49019599,How-To,Billing,0,0,0,0,47.8
InsightlySoft,email,2025-06-29 16:01:37,0,1,1,Basic,400.95,28,1,AM_19,"Integration,Billing,Analytics",43.38374129,34.70937675,Feature Request,Integration,0,0,0,0,45.1
InsightlySoft,email,2025-06-28 23:01:37,0,3,7,Basic,1994.65,32,1,AM_13,Analytics,50.7360321,29.64983226,Performance,Billing,1,0,0,0,55.3
InsightlySoft,chat,2025-07-06 12:01:37,0,6,1,Pro,5361.17,39,2,AM_10,"Billing,Integration",48.1515014,42.12749965,Performance,Collaboration,1,0,0,0,66
InsightlySoft,web_form,2025-06-21 14:01:37,1,4,7,Pro,4167.52,24,3,AM_18,Billing,47.43129646,26.34708732,Bug,Security,0,0,0,0,42.5
InsightlySoft,chat,2025-06-29 22:01:37,2,6,1,Pro,6380.9,54,0,AM_0,"Collaboration,Billing",62.96258826,41.47338431,How-To,Integration,1,1,0,1,95.9
GlobalFinance Corp,email,2025-06-22 6:01:37,1,0,1,Pro,4997.87,7,1,AM_1,Security,45.49960592,27.87887114,Other,Billing,0,0,0,0,48.1
GlobalFinance Corp,email,2025-06-26 21:01:37,0,3,5,Basic,690,19,1,AM_2,"Analytics,Security",50.60381997,27.10431318,Other,Billing,1,1,0,1,55.2
GlobalFinance Corp,web_form,2025-07-14 1:01:37,1,5,2,Basic,670.65,1,0,AM_4,Billing,42.11384008,19.54301171,How-To,Security,0,0,0,0,34.6
InsightlySoft,email,2025-06-18 3:01:37,0,3,4,Enterprise,1837.54,33,1,AM_10,"Collaboration,Analytics,Integration",58.35222287,31.92256326,Other,Integration,0,0,0,1,64.5
InsightlySoft,web_form,2025-06-28 23:01:37,2,4,7,Enterprise,636.45,33,2,AM_18,"Billing,Collaboration",51.36518809,44.54015444,Feature Request,Analytics,0,0,0,1,75
InsightlySoft,chat,2025-06-16 10:01:37,2,1,2,Basic,622.82,11,3,AM_6,"Collaboration,Analytics",65.61335337,41.23788541,Other,Billing,0,0,0,0,55.5
GlobalFinance Corp,web_form,2025-06-23 16:01:37,0,7,2,Basic,935.02,59,1,AM_15,"Security,Billing",49.43080741,32.36016641,Feature Request,Integration,0,0,0,0,56.7
InsightlySoft,web_form,2025-07-11 14:01:37,1,2,6,Basic,68.48,23,0,AM_19,"Billing,Collaboration",51.09334242,29.11969205,Performance,Analytics,0,0,0,0,66.4
InsightlySoft,email,2025-07-05 3:01:37,0,4,7,Basic,2541.29,50,2,AM_7,Billing,47.60106296,49.27309204,Other,Integration,0,1,0,1,59.6
GlobalFinance Corp,email,2025-06-14 22:01:37,2,4,7,Basic,1515.56,45,0,AM_3,"Collaboration,Analytics",63.72776265,18.54867826,Other,Collaboration,0,0,0,0,69.4
InsightlySoft,web_form,2025-07-04 10:01:37,0,1,6,Basic,813.05,28,1,AM_11,"Analytics,Security,Billing",51.685439,35.83493154,Feature Request,Billing,0,0,0,0,65.6
GlobalFinance Corp,email,2025-07-02 4:01:37,0,3,4,Basic,432.39,54,0,AM_17,Billing,47.18207074,27.10968409,Performance,Analytics,0,0,0,0,43.2
GlobalFinance Corp,email,2025-07-05 19:01:37,1,3,7,Pro,1825.59,47,0,AM_13,"Billing,Collaboration",39.06031575,37.26005761,Performance,Security,0,0,0,0,28.3
GlobalFinance Corp,email,2025-07-08 4:01:37,2,6,3,Enterprise,2763.6,17,0,AM_16,"Analytics,Billing",25.94102196,37.08668191,Bug,Security,0,0,0,1,43.1
InsightlySoft,web_form,2025-07-11 21:01:37,3,4,6,Enterprise,10866.73,10,2,AM_11,Integration,48.91634834,43.80996114,Performance,Collaboration,1,0,0,1,52.1
InsightlySoft,email,2025-06-28 9:01:37,3,3,7,Pro,878.38,8,0,AM_8,Collaboration,44.96892979,45.68581248,How-To,Collaboration,0,0,0,0,52.7
InsightlySoft,web_form,2025-07-11 5:01:37,1,3,6,Pro,80.06,53,0,AM_15,"Security,Analytics",16.41670538,20.47819099,Bug,Analytics,0,0,1,1,19.5
InsightlySoft,email,2025-07-03 15:01:37,0,3,5,Basic,3995.59,9,0,AM_9,Analytics,43.89758635,29.92984004,Performance,Billing,1,0,1,1,59.1
InsightlySoft,chat,2025-07-11 21:01:37,1,3,6,Basic,804.3,19,2,AM_19,"Collaboration,Analytics,Billing",37.59633184,36.68016557,Feature Request,Billing,0,0,0,0,34.4
InsightlySoft,email,2025-06-19 7:01:37,1,4,5,Pro,1986.48,50,0,AM_19,"Security,Integration",64.67182702,44.7375111,How-To,Security,2,0,0,0,72.3
InsightlySoft,email,2025-06-30 7:01:37,2,3,2,Basic,4954.3,8,0,AM_10,"Security,Analytics",47.37212746,40.68155583,Bug,Collaboration,0,0,1,1,56.1
GlobalFinance Corp,web_form,2025-06-16 17:01:37,0,1,2,Basic,113.03,59,1,AM_8,Security,60.37463001,26.22785119,Other,Security,1,0,0,0,74.6
InsightlySoft,web_form,2025-06-27 3:01:37,1,4,6,Pro,457.77,5,0,AM_0,"Collaboration,Security,Billing",52.50613447,37.71527203,Feature Request,Analytics,1,0,0,0,44.6
GlobalFinance Corp,email,2025-06-19 12:01:37,3,5,5,Basic,310.01,14,1,AM_15,"Security,Collaboration,Billing",58.17427153,42.56478393,How-To,Security,1,0,0,0,51.7
InsightlySoft,chat,2025-07-07 12:01:37,0,5,2,Enterprise,798.65,45,0,AM_3,"Integration,Analytics",71.00900593,28.86618808,Feature Request,Security,0,0,0,1,90.5
InsightlySoft,email,2025-06-16 13:01:37,1,3,2,Enterprise,569.97,33,1,AM_7,"Collaboration,Security,Integration",56.17317007,30.16889248,Bug,Collaboration,1,1,0,1,81.5
InsightlySoft,email,2025-07-09 23:01:37,0,3,4,Basic,1142.03,43,2,AM_1,"Collaboration,Analytics,Security",80.09528691,31.49859437,How-To,Collaboration,0,1,1,1,99.3
GlobalFinance Corp,chat,2025-07-05 14:01:37,1,5,7,Basic,4114.86,44,4,AM_13,"Billing,Collaboration,Integration",54.24372462,30.3403732,Bug,Billing,1,0,1,1,55
GlobalFinance Corp,web_form,2025-07-13 11:01:37,0,3,1,Basic,129.8,38,0,AM_8,"Security,Collaboration",60.20004133,34.25958817,Bug,Billing,0,0,0,0,64.1
GlobalFinance Corp,email,2025-06-22 23:01:37,1,2,1,Enterprise,229.88,12,2,AM_13,"Billing,Integration",44.65638726,35.90367899,Performance,Billing,1,0,0,1,65.2
GlobalFinance Corp,web_form,2025-06-30 11:01:37,2,3,2,Basic,2492.57,3,3,AM_13,"Collaboration,Integration,Security",33.72808582,35.90369083,Feature Request,Security,0,0,0,0,35.7
InsightlySoft,web_form,2025-06-29 1:01:37,2,1,1,Basic,2203.53,40,0,AM_11,"Integration,Collaboration,Billing",22.97602345,39.66995001,Performance,Security,0,0,0,0,19.1
GlobalFinance Corp,chat,2025-07-09 8:01:37,0,4,4,Basic,1927.79,29,2,AM_10,"Collaboration,Analytics",56.83806504,33.28795617,Performance,Integration,1,0,0,0,49.1
InsightlySoft,chat,2025-06-19 1:01:37,2,5,5,Basic,2176.45,22,0,AM_0,"Security,Billing",43.13980826,27.66329985,Feature Request,Analytics,0,0,0,0,49.1
InsightlySoft,web_form,2025-06-22 7:01:37,3,3,1,Pro,4064.84,34,0,AM_0,Analytics,44.60127214,28.45108694,How-To,Integration,0,0,0,0,41.4
GlobalFinance Corp,email,2025-07-14 16:01:37,0,3,2,Basic,2574.87,6,1,AM_10,Billing,44.45057486,40.00075748,Feature Request,Analytics,1,0,0,0,44.1
GlobalFinance Corp,web_form,2025-07-10 13:01:37,1,1,5,Pro,1831.79,35,1,AM_19,"Integration,Analytics,Billing",41.33215221,29.90620165,Other,Collaboration,0,0,0,0,55.6
GlobalFinance Corp,email,2025-06-22 13:01:37,3,2,1,Pro,255.86,39,0,AM_14,"Billing,Integration",64.57150192,39.0981199,How-To,Security,1,0,0,0,55.4
GlobalFinance Corp,email,2025-07-12 8:01:37,1,2,7,Pro,11039.3,16,2,AM_8,"Collaboration,Analytics",39.17907316,39.81641937,Performance,Integration,0,0,0,1,37.2
GlobalFinance Corp,chat,2025-06-28 13:01:37,0,6,7,Pro,820.68,31,0,AM_19,"Analytics,Integration",52.88994942,44.34340923,Bug,Security,0,0,0,0,65.9
GlobalFinance Corp,email,2025-06-15 22:01:37,2,5,1,Enterprise,6101.29,49,1,AM_16,"Billing,Security,Analytics",52.88935265,28.64101474,Bug,Integration,1,0,1,1,66.5
GlobalFinance Corp,email,2025-06-30 13:01:37,0,4,2,Pro,1429.16,44,0,AM_9,Collaboration,33.15693466,29.31624774,Performance,Billing,0,0,1,1,44.7
GlobalFinance Corp,web_form,2025-07-13 22:01:37,2,6,1,Pro,3455.44,15,0,AM_14,"Security,Integration",53.76725744,42.93707809,How-To,Analytics,0,1,0,1,64.4
InsightlySoft,chat,2025-07-04 3:01:37,2,4,6,Pro,1816.12,46,1,AM_11,"Collaboration,Integration",36.50190725,21.20960204,Other,Billing,0,0,0,0,23.8
GlobalFinance Corp,email,2025-07-01 13:01:37,1,1,3,Basic,1311.62,1,2,AM_4,Security,47.09739069,40.94322137,How-To,Security,0,0,0,0,50.6
GlobalFinance Corp,email,2025-07-13 4:01:37,0,6,1,Enterprise,2858.13,58,0,AM_13,"Billing,Security",44.16464079,44.4522344,Feature Request,Collaboration,0,1,0,1,49.3
InsightlySoft,chat,2025-06-17 6:01:37,1,2,3,Basic,2304.3,44,0,AM_9,"Collaboration,Billing",48.53414173,21.40204766,Other,Collaboration,1,0,0,0,61
GlobalFinance Corp,web_form,2025-06-22 9:01:37,0,2,1,Basic,793.59,20,1,AM_19,Security,54.02129022,37.09622785,Feature Request,Billing,0,0,0,0,56.7
InsightlySoft,chat,2025-06-28 16:01:37,1,3,7,Pro,1229.51,23,0,AM_0,Integration,39.19233584,32.01872294,How-To,Integration,2,0,1,1,64.5
InsightlySoft,chat,2025-06-18 9:01:37,4,5,4,Basic,104.94,20,2,AM_15,"Analytics,Integration",42.16535231,47.94561164,Performance,Billing,0,0,0,0,40.7
GlobalFinance Corp,email,2025-07-13 16:01:37,1,3,1,Pro,645.47,32,0,AM_3,"Security,Billing",31.73574482,49.65195963,Performance,Collaboration,0,0,0,0,36
InsightlySoft,email,2025-06-25 20:01:37,1,3,4,Basic,1227.67,46,0,AM_4,"Analytics,Security",37.12376538,55.44891294,Feature Request,Billing,1,0,0,0,27
InsightlySoft,web_form,2025-06-16 9:01:37,0,1,2,Enterprise,10739.68,48,1,AM_8,Billing,55.60215142,47.9170987,Other,Analytics,0,0,0,1,63.8
InsightlySoft,email,2025-07-01 7:01:37,1,2,3,Enterprise,2246.54,25,1,AM_16,"Security,Collaboration",44.29201699,47.69873814,Feature Request,Billing,0,0,0,1,48.1
InsightlySoft,email,2025-06-23 9:01:37,2,3,2,Pro,3619.89,47,2,AM_5,Analytics,57.10274126,57.20900428,Other,Integration,1,0,0,0,73.4
GlobalFinance Corp,chat,2025-07-14 5:01:37,2,1,2,Basic,3358.9,8,1,AM_4,"Security,Analytics",38.49150708,37.17533136,Bug,Security,0,0,0,0,39.9
InsightlySoft,email,2025-06-21 10:01:37,0,1,7,Basic,11872.31,53,0,AM_17,"Integration,Analytics,Collaboration",40.29283703,41.05074357,How-To,Billing,1,0,0,1,53.1
GlobalFinance Corp,web_form,2025-06-29 7:01:37,1,4,1,Enterprise,2433.53,33,1,AM_16,"Analytics,Security",59.03773752,48.65854735,Performance,Analytics,0,0,1,1,72.2
InsightlySoft,chat,2025-07-02 15:01:37,0,2,4,Basic,2642.01,45,3,AM_10,"Analytics,Collaboration",50.29143845,35.29331364,Performance,Integration,1,0,0,0,49.9
InsightlySoft,web_form,2025-06-30 22:01:37,3,4,2,Basic,1070.33,30,3,AM_2,"Security,Collaboration",33.08853472,29.97946428,Other,Analytics,0,0,0,0,35.7
InsightlySoft,chat,2025-06-19 12:01:37,1,4,5,Enterprise,2951.44,3,1,AM_5,"Collaboration,Billing,Security",42.340021,31.1416311,Bug,Integration,1,0,1,1,44.9
InsightlySoft,email,2025-07-03 21:01:37,1,1,5,Pro,4253.04,24,0,AM_8,Integration,56.61166428,33.53758348,Performance,Collaboration,0,0,0,0,51.3
GlobalFinance Corp,chat,2025-07-06 5:01:37,1,3,1,Basic,326.95,12,2,AM_12,"Analytics,Billing",46.31647555,35.69093671,Feature Request,Collaboration,1,0,0,0,59.8
GlobalFinance Corp,chat,2025-06-15 17:01:37,0,3,1,Enterprise,1962.5,31,1,AM_0,Integration,60.17349856,30.78718957,Feature Request,Security,0,0,0,1,70.9
InsightlySoft,email,2025-06-16 3:01:37,1,1,2,Pro,1644.03,7,1,AM_14,Billing,35.06720055,22.53301492,Performance,Security,1,0,0,0,29.7
InsightlySoft,email,2025-06-28 15:01:37,0,3,7,Basic,361.71,40,0,AM_19,"Collaboration,Security,Integration",60.13426155,46.08996331,Other,Integration,0,0,0,0,55.3
GlobalFinance Corp,web_form,2025-06-25 6:01:37,1,2,4,Basic,1252.41,17,0,AM_3,"Analytics,Integration,Security",36.17801153,54.37972449,How-To,Analytics,0,0,0,0,44
InsightlySoft,web_form,2025-06-27 11:01:37,0,5,6,Basic,2298.31,50,0,AM_1,"Collaboration,Integration",50.45064987,24.47541317,Bug,Analytics,0,0,0,0,48.9
InsightlySoft,email,2025-07-11 21:01:37,1,5,6,Pro,3148.35,10,0,AM_15,"Integration,Billing",57.47377809,26.25029595,How-To,Billing,0,0,0,0,73
InsightlySoft,email,2025-06-25 2:01:37,1,6,4,Basic,1022.8,15,0,AM_5,"Billing,Security,Collaboration",49.29745043,30.72599186,Bug,Collaboration,0,0,0,0,52.5
GlobalFinance Corp,email,2025-07-10 10:01:37,1,3,5,Basic,1940.51,55,2,AM_19,"Integration,Security,Billing",53.71857617,26.0190407,Performance,Billing,1,0,1,1,70.9
GlobalFinance Corp,chat,2025-07-08 1:01:37,1,2,3,Pro,3973.67,21,2,AM_14,"Integration,Billing",58.24684982,32.5095042,Other,Security,0,0,0,0,71.1
GlobalFinance Corp,chat,2025-07-06 10:01:37,3,1,1,Pro,1645.83,21,1,AM_18,"Collaboration,Analytics",52.74663731,35.96026134,Feature Request,Collaboration,0,0,0,0,50.6
InsightlySoft,chat,2025-07-05 18:01:37,0,2,7,Enterprise,8479.14,29,0,AM_6,Billing,44.87753214,40.17545757,Feature Request,Analytics,2,0,0,1,57.8
InsightlySoft,email,2025-07-05 22:01:37,1,1,7,Enterprise,93.56,42,0,AM_10,"Collaboration,Analytics",45.7216822,33.26079276,Feature Request,Collaboration,0,0,0,1,52.4
GlobalFinance Corp,web_form,2025-06-23 14:01:37,3,3,2,Enterprise,904.24,41,1,AM_17,"Billing,Analytics,Collaboration",39.54406117,47.90188397,Other,Security,0,1,0,1,62.9
GlobalFinance Corp,email,2025-07-14 2:01:37,3,4,2,Basic,429.5,1,2,AM_7,Analytics,35.83373528,28.1893086,How-To,Collaboration,0,0,0,0,36.7
GlobalFinance Corp,chat,2025-06-24 0:01:37,0,4,3,Pro,2338.02,21,1,AM_1,Security,61.16511203,31.38885117,Performance,Security,0,1,1,1,60
GlobalFinance Corp,chat,2025-06-30 22:01:37,1,1,2,Basic,585.76,55,2,AM_11,Collaboration,54.13443161,54.70819506,Other,Analytics,0,0,0,0,48.3
InsightlySoft,email,2025-06-14 21:01:37,2,1,7,Basic,4062.53,5,1,AM_7,Analytics,62.46942475,37.96880078,Performance,Integration,0,1,0,1,71.8
GlobalFinance Corp,email,2025-06-21 19:01:37,1,5,7,Pro,7515.94,15,0,AM_0,Analytics,54.08385093,39.72373216,Performance,Collaboration,0,0,0,1,71.6
InsightlySoft,chat,2025-06-19 17:01:37,0,3,5,Pro,696.55,46,2,AM_6,Analytics,44.45541021,29.40785145,How-To,Integration,0,1,0,1,54.8
GlobalFinance Corp,chat,2025-07-04 2:01:37,0,0,6,Pro,7117.84,26,1,AM_8,"Collaboration,Billing,Integration",36.3341,37.51324411,Feature Request,Security,0,0,0,1,43.6
InsightlySoft,chat,2025-07-07 14:01:37,0,8,2,Basic,2997.02,11,1,AM_8,"Integration,Billing,Collaboration",42.8579808,36.50206459,Bug,Collaboration,1,0,0,0,49.4
GlobalFinance Corp,email,2025-06-17 17:01:37,1,2,3,Basic,655.1,55,0,AM_1,"Security,Analytics",54.74495645,36.87155917,Other,Analytics,0,0,0,0,42
GlobalFinance Corp,chat,2025-06-24 0:01:37,1,5,3,Basic,4001.62,49,0,AM_3,"Security,Collaboration,Integration",40.86899218,38.82276323,Other,Collaboration,0,1,0,1,51.3
GlobalFinance Corp,chat,2025-06-25 3:01:37,1,3,4,Enterprise,285.81,21,1,AM_13,"Security,Collaboration,Analytics",61.17984596,46.35505414,Other,Analytics,0,0,0,1,76.3
GlobalFinance Corp,web_form,2025-06-28 18:01:37,0,2,7,Basic,3534.41,46,0,AM_13,"Analytics,Billing",44.38669894,25.92359435,Performance,Security,1,0,0,0,38
InsightlySoft,email,2025-06-16 0:01:37,0,7,2,Basic,5925.49,6,0,AM_7,Collaboration,35.94798966,40.73032069,How-To,Integration,0,0,0,0,32.7
GlobalFinance Corp,web_form,2025-06-20 5:01:37,1,0,6,Enterprise,9009.84,54,1,AM_8,"Billing,Integration,Analytics",44.85506194,38.0171873,Other,Billing,0,0,0,1,61.7
InsightlySoft,web_form,2025-06-15 14:01:37,2,3,1,Basic,168.22,4,0,AM_2,"Analytics,Integration,Collaboration",50.30808941,41.55427229,Performance,Billing,0,0,0,0,52.9
InsightlySoft,chat,2025-06-23 15:01:37,1,4,2,Basic,191.81,45,0,AM_18,Analytics,65.00465432,43.77878077,How-To,Collaboration,0,1,0,1,79.4
InsightlySoft,email,2025-06-22 19:01:37,3,4,1,Pro,7995.18,21,1,AM_5,Integration,49.13442742,34.32347898,Bug,Integration,0,0,0,1,76.4
InsightlySoft,chat,2025-07-01 5:01:37,1,4,3,Basic,4676.13,56,0,AM_0,"Billing,Collaboration,Integration",41.78018847,34.34864233,How-To,Analytics,0,1,0,1,60.1
GlobalFinance Corp,email,2025-07-05 20:01:37,0,8,7,Basic,4465.21,54,0,AM_17,Integration,62.17157992,41.13688444,Feature Request,Billing,0,0,0,0,59.4
InsightlySoft,web_form,2025-07-06 2:01:37,0,4,1,Pro,4071.63,17,2,AM_7,"Security,Billing,Integration",59.4926192,29.52077647,Bug,Integration,0,0,1,1,73.9
InsightlySoft,email,2025-07-07 17:01:37,0,2,2,Basic,3790.42,53,1,AM_6,Analytics,46.91886843,34.78359273,Bug,Integration,0,0,0,0,40.1
InsightlySoft,chat,2025-07-01 0:01:37,0,1,3,Pro,2849.72,31,0,AM_6,"Integration,Security",31.81403931,36.86728479,Bug,Security,0,0,0,0,29
GlobalFinance Corp,chat,2025-07-03 2:01:37,1,2,5,Enterprise,5025.77,44,1,AM_9,"Integration,Billing,Analytics",42.17843844,44.35275521,Performance,Billing,0,0,0,1,57.8
GlobalFinance Corp,chat,2025-07-02 1:01:37,3,0,4,Enterprise,104.31,23,1,AM_3,Analytics,55.26417066,37.04889618,Bug,Security,0,0,0,1,80.7
GlobalFinance Corp,email,2025-07-08 16:01:37,0,4,3,Pro,4044.71,32,1,AM_17,Billing,60.48619475,37.51537691,Performance,Integration,0,0,0,1,76.5
GlobalFinance Corp,web_form,2025-06-23 6:01:37,1,3,2,Basic,2623.41,44,3,AM_18,"Security,Analytics",49.4249893,34.2021472,Feature Request,Billing,0,0,0,0,52.3
InsightlySoft,web_form,2025-07-11 0:01:37,0,1,6,Basic,7140.31,56,2,AM_9,Security,47.15404443,38.39105305,Bug,Analytics,0,0,0,1,49.6
InsightlySoft,email,2025-06-25 21:01:37,0,3,4,Basic,8264.19,36,3,AM_19,Billing,42.87107726,37.45156779,Other,Collaboration,0,0,0,1,53.7
GlobalFinance Corp,chat,2025-07-12 6:01:37,0,6,7,Basic,828.57,34,2,AM_18,Billing,55.4621698,30.81085786,Performance,Integration,0,0,0,0,50.6
InsightlySoft,web_form,2025-07-01 19:01:37,1,4,3,Basic,4674.24,52,1,AM_2,"Collaboration,Integration,Billing",37.82923441,41.020969,Performance,Analytics,0,0,0,0,34.9
InsightlySoft,chat,2025-06-22 18:01:37,1,1,1,Basic,9439.58,6,0,AM_16,"Integration,Billing",42.51814001,25.40833386,How-To,Collaboration,0,0,0,1,57.8
InsightlySoft,email,2025-07-05 7:01:37,1,1,7,Pro,930.39,38,1,AM_0,"Billing,Security",61.72104881,36.77901674,Bug,Billing,0,0,0,0,69.2
GlobalFinance Corp,chat,2025-06-25 0:01:37,0,3,4,Basic,5713.13,22,0,AM_7,"Collaboration,Integration",57.72497764,50.25257841,Bug,Analytics,0,0,0,0,72
GlobalFinance Corp,web_form,2025-06-22 5:01:37,0,3,1,Pro,2649.51,33,0,AM_16,"Security,Billing,Analytics",62.85206658,24.44678256,How-To,Analytics,1,0,0,0,66.9
InsightlySoft,web_form,2025-06-17 3:01:37,3,7,3,Basic,1507.56,11,2,AM_3,Billing,41.47955322,28.1995319,Performance,Collaboration,0,1,0,1,54
GlobalFinance Corp,chat,2025-07-11 11:01:37,1,5,6,Enterprise,5205.16,55,0,AM_1,"Billing,Integration,Security",35.48863858,45.59944751,Performance,Analytics,0,0,0,1,54.5
GlobalFinance Corp,email,2025-06-26 17:01:37,1,7,5,Pro,6127.57,23,3,AM_16,"Billing,Security",62.80484774,42.51452611,How-To,Billing,0,0,0,0,72
GlobalFinance Corp,chat,2025-07-08 9:01:37,1,3,3,Basic,996.56,53,1,AM_1,"Billing,Security",55.37446618,28.09968742,Feature Request,Billing,0,0,1,1,77.8
GlobalFinance Corp,email,2025-06-28 1:01:37,1,2,7,Basic,4746.39,44,1,AM_0,"Collaboration,Analytics",58.26955086,26.41252597,Performance,Integration,0,1,0,1,51.9
GlobalFinance Corp,chat,2025-07-03 3:01:37,1,4,5,Pro,152.81,36,1,AM_4,"Billing,Collaboration,Integration",55.5184409,18.09286784,Bug,Collaboration,0,0,0,0,41.6
InsightlySoft,web_form,2025-07-12 9:01:37,0,2,7,Basic,1622.12,28,1,AM_5,"Security,Analytics,Collaboration",66.55812412,21.63608323,Feature Request,Security,0,0,0,0,58.2
GlobalFinance Corp,email,2025-07-07 0:01:37,2,6,2,Basic,217.02,48,0,AM_11,Billing,55.08405883,34.2587117,Other,Billing,0,0,0,0,51.9
InsightlySoft,email,2025-06-28 4:01:37,1,3,7,Pro,1043.72,59,2,AM_9,"Integration,Billing,Analytics",50.09289087,45.45722293,How-To,Security,0,0,0,0,47.2
InsightlySoft,email,2025-06-19 13:01:37,3,1,5,Basic,9009.17,19,0,AM_7,Integration,51.24820845,44.48751582,Performance,Analytics,0,0,0,1,62
GlobalFinance Corp,web_form,2025-07-08 4:01:37,0,2,3,Pro,3981.11,59,0,AM_13,Integration,50.3210373,42.32035728,Performance,Collaboration,1,0,1,1,59.5
InsightlySoft,chat,2025-06-15 21:01:37,1,6,1,Basic,4226.84,43,1,AM_3,Analytics,63.78769692,24.64823726,How-To,Collaboration,0,0,0,0,72.9
InsightlySoft,web_form,2025-06-29 19:01:37,3,4,1,Enterprise,433.3,43,3,AM_18,"Security,Integration",60.56032969,47.13418553,Performance,Billing,0,0,0,1,58.9
InsightlySoft,email,2025-06-26 10:01:37,0,3,5,Basic,2593.13,13,0,AM_4,Billing,63.88701093,41.04911752,Performance,Billing,1,0,0,1,71.1
GlobalFinance Corp,chat,2025-06-20 5:01:37,0,4,6,Enterprise,1477.17,13,1,AM_6,"Analytics,Billing,Security",27.98107601,24.2545695,Bug,Collaboration,0,0,0,1,35.8
GlobalFinance Corp,web_form,2025-06-25 8:01:37,1,3,4,Basic,3974.81,8,0,AM_19,"Integration,Security,Analytics",45.69278452,26.10896825,Bug,Security,0,0,0,0,34.1
InsightlySoft,email,2025-06-17 3:01:37,0,4,3,Pro,512.67,43,1,AM_1,"Billing,Security",39.08594127,42.47347247,Performance,Collaboration,0,0,0,0,42.3
GlobalFinance Corp,email,2025-06-26 4:01:37,2,2,5,Basic,993.53,48,0,AM_10,"Integration,Billing",66.79186306,42.99304094,Performance,Integration,0,0,0,1,75.6
GlobalFinance Corp,web_form,2025-06-24 10:01:37,3,7,3,Pro,6865.24,13,1,AM_9,"Integration,Security",40.78326362,32.84187993,Performance,Collaboration,0,0,0,0,36.1
GlobalFinance Corp,web_form,2025-06-22 16:01:37,0,3,1,Basic,558.19,56,0,AM_17,"Integration,Billing,Analytics",54.24089478,32.03506446,Performance,Security,0,0,0,0,45.3
GlobalFinance Corp,web_form,2025-07-11 17:01:37,1,4,6,Enterprise,3002.38,35,1,AM_1,"Billing,Security,Collaboration",68.11604513,39.89338216,Feature Request,Analytics,0,0,0,1,73.9
InsightlySoft,email,2025-06-15 13:01:37,0,6,1,Basic,1135.67,27,2,AM_13,Security,51.56294817,37.44220528,Bug,Security,1,0,0,0,60.3
InsightlySoft,web_form,2025-07-14 1:01:37,1,4,2,Basic,256.3,11,2,AM_9,"Collaboration,Analytics,Billing",44.5944953,40.88146668,Performance,Collaboration,0,0,1,1,74.5
GlobalFinance Corp,email,2025-06-22 15:01:37,1,2,1,Basic,759.58,21,0,AM_5,"Integration,Collaboration",50.32450047,24.53354312,Performance,Collaboration,0,0,0,0,58.5
GlobalFinance Corp,web_form,2025-07-01 4:01:37,3,6,3,Pro,6107.06,8,0,AM_2,Integration,34.7073455,35.87560433,Bug,Analytics,0,0,0,0,35.6
InsightlySoft,email,2025-06-18 10:01:37,2,2,4,Basic,7242.21,42,3,AM_15,Integration,33.27840975,38.86174022,Other,Integration,0,0,0,1,47.9
InsightlySoft,email,2025-06-19 5:01:37,1,3,5,Pro,1633.32,26,0,AM_7,"Billing,Collaboration",53.79296679,37.56550957,Performance,Billing,0,1,0,1,78.6
GlobalFinance Corp,chat,2025-06-22 0:01:37,0,2,1,Pro,2909.87,30,1,AM_8,Security,23.83798258,36.28310297,How-To,Security,1,0,0,0,30.4
InsightlySoft,web_form,2025-06-19 22:01:37,0,4,5,Basic,2205.02,22,0,AM_10,"Integration,Billing",47.55389395,30.06283983,Feature Request,Security,0,0,0,0,41.7
GlobalFinance Corp,web_form,2025-06-15 6:01:37,0,6,1,Pro,984.24,50,1,AM_15,"Integration,Collaboration",46.85245835,38.6856133,Other,Collaboration,1,0,0,0,57.3
GlobalFinance Corp,email,2025-07-06 8:01:37,0,2,1,Basic,1268.42,49,0,AM_1,"Integration,Billing",67.80695286,21.85550045,Other,Security,0,1,0,1,79.8
InsightlySoft,email,2025-06-30 10:01:37,0,2,2,Basic,2244.84,39,0,AM_4,"Analytics,Collaboration,Security",53.47867623,37.87102721,Bug,Analytics,1,0,0,0,57.9
InsightlySoft,email,2025-06-22 23:01:37,0,6,1,Pro,3565.89,50,0,AM_0,"Analytics,Security",45.35157649,47.76197656,Feature Request,Integration,0,0,0,0,48.1
GlobalFinance Corp,chat,2025-06-28 2:01:37,1,2,7,Basic,1291.69,10,0,AM_14,"Integration,Analytics",57.6153872,37.70635235,How-To,Collaboration,0,0,0,0,63.6
GlobalFinance Corp,chat,2025-07-05 16:01:37,1,1,7,Basic,3601.09,26,1,AM_6,Integration,50.0196539,28.65061906,Feature Request,Billing,1,1,1,1,66.5
InsightlySoft,email,2025-06-26 5:01:37,3,6,5,Basic,9731.11,52,0,AM_15,Billing,37.25059947,33.3822427,Other,Analytics,0,0,0,1,55.2
GlobalFinance Corp,web_form,2025-07-05 12:01:37,0,4,7,Pro,74.59,27,4,AM_11,"Collaboration,Integration",51.11224539,29.4419047,Other,Billing,0,0,0,0,57.2
InsightlySoft,web_form,2025-06-28 19:01:37,4,4,7,Basic,536.8,22,0,AM_18,Security,49.71558361,37.61623745,Feature Request,Security,0,0,1,1,61.1
GlobalFinance Corp,chat,2025-06-20 2:01:37,1,2,6,Basic,7440.52,13,0,AM_14,"Analytics,Collaboration,Security",49.01722271,36.19151858,Bug,Security,0,1,0,1,49.3
InsightlySoft,chat,2025-07-14 11:01:37,1,1,2,Basic,222.78,39,0,AM_2,"Integration,Collaboration,Analytics",52.66600279,28.51761238,Bug,Integration,1,0,0,0,53
InsightlySoft,email,2025-07-03 10:01:37,1,4,5,Basic,4345.11,55,3,AM_19,Analytics,58.83871236,44.63245469,Other,Billing,1,0,0,0,65.6
InsightlySoft,web_form,2025-07-14 2:01:37,0,5,2,Basic,2934.32,7,2,AM_4,Analytics,51.83262696,33.48764021,How-To,Analytics,0,1,0,1,67.6
GlobalFinance Corp,email,2025-06-27 2:01:37,2,5,6,Pro,146.63,52,1,AM_14,Billing,35.37963517,39.45453663,Other,Billing,1,0,0,0,49.1
GlobalFinance Corp,chat,2025-06-22 22:01:37,0,2,1,Basic,2.18,43,0,AM_16,Collaboration,33.00985897,48.44718823,Feature Request,Billing,1,0,0,0,41
InsightlySoft,web_form,2025-07-13 21:01:37,0,2,1,Pro,2091.46,42,1,AM_15,Billing,44.34524208,26.17845995,Performance,Billing,0,0,0,0,47.8
GlobalFinance Corp,web_form,2025-06-16 0:01:37,3,3,2,Basic,374.46,58,1,AM_15,"Analytics,Billing,Security",43.65046193,48.54200467,Performance,Billing,1,0,0,0,41.8
InsightlySoft,chat,2025-07-05 6:01:37,2,7,7,Basic,6172.23,12,0,AM_11,"Integration,Analytics",51.71264173,31.1138875,How-To,Security,0,0,0,0,46.5
InsightlySoft,email,2025-07-02 18:01:37,1,3,4,Basic,1966.25,13,0,AM_3,Collaboration,61.41319287,46.62288168,How-To,Integration,0,0,0,0,56.8
GlobalFinance Corp,email,2025-07-09 4:01:37,2,5,4,Basic,801.46,12,2,AM_4,"Integration,Billing",63.78512539,45.56384447,How-To,Analytics,1,0,0,0,75.6
GlobalFinance Corp,web_form,2025-07-02 23:01:37,0,4,4,Basic,552.51,12,1,AM_7,Billing,41.66369386,30.99448707,Bug,Collaboration,2,0,0,0,45.7
InsightlySoft,chat,2025-06-27 22:01:37,0,2,6,Enterprise,5419.51,38,0,AM_11,"Collaboration,Integration",30.41453673,35.10283727,Other,Security,0,0,0,1,31.8
GlobalFinance Corp,web_form,2025-06-17 1:01:37,1,0,3,Basic,3805.41,3,2,AM_4,Collaboration,48.68189792,20.98406186,Feature Request,Security,0,0,0,0,51.5
GlobalFinance Corp,chat,2025-07-12 0:01:37,0,4,7,Basic,3797.15,8,0,AM_10,Security,59.06820583,33.27327019,Other,Analytics,1,0,1,1,73.3
InsightlySoft,email,2025-06-17 17:01:37,2,0,3,Basic,267.5,49,1,AM_18,"Integration,Analytics,Collaboration",43.7162654,28.05942355,Feature Request,Analytics,0,0,0,0,36.5
InsightlySoft,chat,2025-06-19 14:01:37,3,1,5,Enterprise,2938.63,31,2,AM_9,"Analytics,Integration,Security",48.62506281,30.08415013,Performance,Integration,1,0,0,1,65.4
GlobalFinance Corp,email,2025-06-26 13:01:37,1,1,5,Basic,6108.75,13,1,AM_17,"Integration,Collaboration,Billing",46.39244072,36.51183424,Other,Collaboration,0,0,0,0,60.8
InsightlySoft,chat,2025-07-03 23:01:37,1,6,5,Basic,4356.03,8,0,AM_11,"Collaboration,Billing,Integration",63.89891737,39.40661726,Feature Request,Security,0,0,0,0,71.1
InsightlySoft,web_form,2025-07-10 11:01:37,0,2,5,Basic,377.22,37,0,AM_8,Analytics,71.08699037,30.94167126,Feature Request,Integration,0,0,0,0,54.9
GlobalFinance Corp,email,2025-06-21 3:01:37,1,7,7,Pro,8944.27,24,1,AM_9,"Billing,Security,Collaboration",54.70080974,36.2761561,Performance,Security,0,0,0,1,53.9
InsightlySoft,web_form,2025-07-10 13:01:37,2,4,5,Pro,216.86,28,1,AM_19,"Analytics,Collaboration",54.9306624,32.10565257,Other,Integration,0,0,0,0,64.1
InsightlySoft,web_form,2025-07-06 12:01:37,1,6,1,Pro,2441.91,4,1,AM_19,"Integration,Billing,Collaboration",34.08502548,39.5904011,Other,Integration,0,0,1,1,41.6
GlobalFinance Corp,email,2025-07-05 8:01:37,0,5,7,Enterprise,8701.94,16,0,AM_18,"Security,Analytics",43.81205082,34.13799559,Bug,Collaboration,0,0,1,1,52.6
GlobalFinance Corp,email,2025-06-25 11:01:37,2,1,4,Pro,5182.25,18,2,AM_5,"Security,Collaboration",56.85922059,27.23509306,Other,Billing,0,0,0,0,44.4
InsightlySoft,web_form,2025-07-04 21:01:37,1,4,6,Enterprise,3426.08,4,1,AM_9,Billing,52.07120335,30.24217967,Performance,Security,0,0,0,1,64.3
InsightlySoft,web_form,2025-07-13 16:01:37,0,3,1,Pro,5820.99,43,2,AM_18,"Analytics,Integration,Security",53.128266,33.82371766,Feature Request,Integration,0,0,0,0,59.3
GlobalFinance Corp,web_form,2025-07-09 17:01:37,0,5,4,Basic,3355.97,40,0,AM_8,"Analytics,Collaboration,Integration",30.92439881,41.08589629,Performance,Integration,0,0,0,0,35.5
GlobalFinance Corp,web_form,2025-06-23 16:01:37,1,1,2,Basic,169.55,58,0,AM_15,"Security,Integration",26.73023268,48.11782735,Performance,Analytics,0,0,1,1,40.3
GlobalFinance Corp,email,2025-07-07 4:01:37,1,3,2,Pro,1296.38,33,0,AM_7,"Collaboration,Security",67.56448595,30.88411842,Performance,Billing,0,0,0,1,81
GlobalFinance Corp,email,2025-06-15 3:01:37,2,5,1,Basic,1671.25,59,1,AM_11,"Security,Integration,Collaboration",46.51440348,21.96036337,Other,Analytics,0,0,0,0,54.6
InsightlySoft,web_form,2025-06-18 8:01:37,0,3,4,Pro,2371.47,45,0,AM_4,"Collaboration,Integration",31.32396678,46.02736189,How-To,Billing,0,0,0,0,33.6
GlobalFinance Corp,chat,2025-06-22 3:01:37,3,0,1,Enterprise,782.69,53,0,AM_10,Collaboration,46.77658254,40.51435107,Performance,Collaboration,0,0,0,1,59.9
GlobalFinance Corp,chat,2025-07-01 15:01:37,1,2,3,Basic,6390.25,27,1,AM_18,"Billing,Integration,Collaboration",33.66112173,38.32259237,Feature Request,Collaboration,0,0,0,0,27.5
InsightlySoft,email,2025-06-19 0:01:37,0,2,5,Pro,779.04,54,0,AM_2,Collaboration,36.4873775,25.40101018,Bug,Analytics,0,0,0,0,25.8
GlobalFinance Corp,web_form,2025-07-03 9:01:37,1,3,5,Basic,3215.27,36,0,AM_14,Integration,40.56344265,35.3902424,Other,Analytics,1,0,0,0,49.2
InsightlySoft,web_form,2025-07-05 2:01:37,0,4,7,Basic,6277.15,4,0,AM_19,"Integration,Collaboration,Billing",33.64939256,41.63391465,How-To,Billing,0,0,0,0,33.8
GlobalFinance Corp,email,2025-06-27 6:01:37,0,4,6,Pro,3959.42,36,1,AM_2,"Collaboration,Integration,Security",14.04152296,24.69703856,How-To,Billing,0,0,0,0,17.2
GlobalFinance Corp,chat,2025-06-26 8:01:37,0,3,5,Pro,438.59,13,1,AM_0,"Billing,Analytics",55.59627178,43.33969334,Performance,Analytics,0,0,0,0,55.6
GlobalFinance Corp,chat,2025-06-24 2:01:37,1,0,3,Enterprise,9072.04,51,1,AM_10,Billing,42.15266943,39.31114353,Feature Request,Analytics,0,0,0,1,60.3
InsightlySoft,chat,2025-07-13 18:01:37,0,2,1,Pro,289.26,48,3,AM_12,"Collaboration,Security,Analytics",57.50673121,45.80620283,Bug,Integration,1,0,0,0,71.3
InsightlySoft,email,2025-07-10 5:01:37,0,2,5,Enterprise,669.68,14,1,AM_4,"Analytics,Billing,Security",48.37149547,42.37876658,How-To,Security,0,0,0,1,55.1
GlobalFinance Corp,chat,2025-06-15 11:01:37,0,9,1,Pro,449.83,42,2,AM_6,Billing,29.78847158,18.31125046,Other,Analytics,0,0,0,0,32.1
InsightlySoft,email,2025-06-23 20:01:37,1,3,2,Basic,3298.09,37,0,AM_0,"Integration,Analytics",47.7064372,27.98440428,Feature Request,Billing,1,0,0,0,53.3
InsightlySoft,email,2025-07-13 17:01:37,1,5,1,Basic,4941.58,47,2,AM_12,"Security,Collaboration,Billing",62.14431565,41.44908891,Other,Integration,1,0,0,0,66.9
InsightlySoft,web_form,2025-07-06 23:01:37,0,3,1,Basic,815.49,6,0,AM_9,Billing,47.00459106,26.21028372,Performance,Collaboration,0,0,0,0,61.2
InsightlySoft,chat,2025-07-02 18:01:37,2,4,4,Pro,11625.41,51,2,AM_19,Billing,40.76256764,29.77846566,Bug,Collaboration,1,0,0,1,50.9
InsightlySoft,email,2025-06-18 14:01:37,2,2,4,Pro,449.83,14,0,AM_17,"Analytics,Billing",33.57988289,34.69536863,Other,Collaboration,0,0,0,0,34.6
InsightlySoft,chat,2025-06-30 16:01:37,3,0,2,Enterprise,1138.82,59,1,AM_12,"Integration,Analytics,Security",42.22119348,31.98873298,Bug,Integration,0,1,1,1,60
GlobalFinance Corp,chat,2025-07-13 5:01:37,1,1,1,Basic,2021.85,43,2,AM_0,Billing,36.37258384,20.00880882,Other,Analytics,1,0,0,0,44.2
GlobalFinance Corp,web_form,2025-07-09 1:01:37,0,0,4,Basic,4964.05,3,2,AM_16,"Security,Collaboration",43.22819004,39.55396833,How-To,Security,0,0,1,1,54
InsightlySoft,chat,2025-06-23 14:01:37,0,2,2,Basic,1417.42,25,0,AM_11,"Billing,Collaboration,Analytics",26.15145068,34.20298258,How-To,Collaboration,1,0,0,0,33.3
GlobalFinance Corp,web_form,2025-07-05 7:01:37,0,5,7,Pro,594.97,34,0,AM_5,"Integration,Billing,Collaboration",35.83260498,37.94005353,Performance,Analytics,1,0,0,0,34.7
GlobalFinance Corp,email,2025-07-01 10:01:37,2,3,3,Enterprise,1876.11,6,1,AM_6,"Analytics,Billing,Security",53.9690682,34.38102435,Feature Request,Collaboration,0,0,0,1,76.8
GlobalFinance Corp,chat,2025-07-07 4:01:37,0,3,2,Basic,1941.63,56,0,AM_0,"Integration,Billing,Analytics",49.45141552,17.81071468,Bug,Collaboration,0,0,1,1,62.8
GlobalFinance Corp,email,2025-07-11 4:01:37,2,2,6,Basic,49.01,40,0,AM_9,"Billing,Analytics,Integration",44.66967765,30.81505817,Feature Request,Collaboration,1,0,0,0,43.5
InsightlySoft,chat,2025-06-25 7:01:37,3,1,4,Pro,63.33,1,3,AM_2,"Integration,Billing",35.3119785,28.64322154,Feature Request,Billing,0,0,0,0,45.5
GlobalFinance Corp,email,2025-07-12 13:01:37,1,3,7,Basic,975.69,46,0,AM_6,Collaboration,64.43100316,36.23978481,Feature Request,Integration,0,0,0,0,75.5
GlobalFinance Corp,chat,2025-07-04 23:01:37,1,2,6,Basic,4055.34,48,0,AM_9,"Analytics,Billing",69.75609049,41.30389057,Feature Request,Integration,1,0,0,0,77.6
InsightlySoft,chat,2025-06-26 17:01:37,0,2,5,Pro,1367.07,49,1,AM_9,Integration,35.59752002,32.85809639,Feature Request,Billing,0,0,0,0,39
InsightlySoft,chat,2025-06-24 2:01:37,0,3,3,Basic,711.74,8,2,AM_8,"Integration,Security",56.62251566,41.0359358,Other,Collaboration,0,0,0,0,55
GlobalFinance Corp,chat,2025-07-10 14:01:37,1,1,5,Basic,359.65,17,2,AM_5,"Integration,Security,Analytics",36.14707424,46.99064508,Feature Request,Integration,1,0,0,0,41.9
GlobalFinance Corp,chat,2025-06-19 19:01:37,0,0,5,Pro,987.69,13,1,AM_8,"Integration,Billing",53.33688493,40.69150035,Bug,Integration,0,0,0,0,46.5
GlobalFinance Corp,chat,2025-06-27 23:01:37,0,3,6,Basic,1970.09,19,2,AM_8,Security,23.8688258,50.97348702,How-To,Integration,0,0,0,0,23.4
GlobalFinance Corp,chat,2025-06-28 6:01:37,3,3,7,Basic,294.09,41,1,AM_9,"Billing,Security,Collaboration",41.83109064,26.58544574,Feature Request,Collaboration,1,0,1,1,60.1
GlobalFinance Corp,chat,2025-06-22 19:01:37,1,5,1,Basic,45.14,35,1,AM_3,Integration,49.90395639,44.54437132,Performance,Collaboration,0,0,0,0,52.3
GlobalFinance Corp,chat,2025-06-27 11:01:37,1,2,6,Basic,408.51,50,3,AM_15,"Analytics,Billing,Integration",51.88960405,32.1681813,Bug,Integration,0,0,0,0,68.8
InsightlySoft,email,2025-06-19 5:01:37,1,3,5,Pro,4018,33,2,AM_1,"Billing,Analytics,Integration",37.80341716,38.52618684,Other,Security,0,0,0,0,43.3
GlobalFinance Corp,web_form,2025-06-16 13:01:37,1,3,2,Pro,1883.82,45,0,AM_10,"Analytics,Billing,Collaboration",53.90732841,23.88533181,How-To,Analytics,0,0,0,0,58.6
GlobalFinance Corp,chat,2025-06-25 11:01:37,1,2,4,Basic,1767.27,45,1,AM_8,Billing,47.14683233,51.2969418,How-To,Analytics,0,0,1,1,63.3
InsightlySoft,web_form,2025-06-22 5:01:37,1,6,1,Pro,59.85,44,0,AM_2,Integration,33.3212189,30.24991451,How-To,Collaboration,0,0,0,0,31.1
InsightlySoft,chat,2025-06-18 16:01:37,0,5,4,Basic,3723.41,33,0,AM_6,"Analytics,Security",36.69562378,42.74433036,Performance,Security,1,0,1,1,51.4
InsightlySoft,chat,2025-06-18 23:01:37,0,3,4,Pro,676.6,42,0,AM_12,Integration,64.43980275,50.4376314,Feature Request,Security,0,0,1,1,78.7
InsightlySoft,email,2025-06-29 14:01:37,1,1,1,Pro,285.79,51,1,AM_12,"Analytics,Collaboration",49.83542235,35.68070499,Other,Security,0,0,1,1,62.6
GlobalFinance Corp,email,2025-07-09 8:01:37,2,3,4,Basic,5536.11,54,3,AM_18,Billing,43.62963028,46.11070054,Other,Billing,0,0,1,1,46.7
GlobalFinance Corp,web_form,2025-07-11 6:01:37,1,4,6,Basic,1994.31,39,1,AM_10,"Analytics,Security,Collaboration",32.80372887,26.03407162,Other,Billing,2,1,1,1,42.4
GlobalFinance Corp,email,2025-07-03 11:01:37,1,2,5,Enterprise,4146.11,46,0,AM_4,"Security,Billing",42.26997624,43.12745128,Feature Request,Integration,1,0,0,1,65.7
GlobalFinance Corp,email,2025-07-04 14:01:37,2,2,6,Pro,5175.98,38,2,AM_15,"Security,Collaboration",49.95409323,37.19209632,Other,Security,0,0,0,0,45.5
GlobalFinance Corp,web_form,2025-06-28 14:01:37,0,3,7,Enterprise,10024.57,38,0,AM_1,"Security,Billing",51.86758865,34.25981376,Other,Analytics,0,0,1,1,49
GlobalFinance Corp,email,2025-07-05 20:01:37,0,2,7,Basic,2932.1,9,3,AM_9,"Analytics,Billing",49.25264735,30.94477172,How-To,Billing,0,0,1,1,74.3
InsightlySoft,chat,2025-07-07 20:01:37,1,1,2,Basic,212.16,52,1,AM_9,Collaboration,41.17518987,24.56081879,Feature Request,Collaboration,0,0,1,1,70.6
GlobalFinance Corp,web_form,2025-07-12 7:01:37,0,1,7,Basic,2447.22,48,1,AM_18,"Security,Integration",28.95155107,37.0998535,Bug,Collaboration,0,0,0,0,24.3
InsightlySoft,web_form,2025-06-19 16:01:37,1,3,5,Basic,2137.13,37,1,AM_19,"Integration,Analytics,Collaboration",47.04562461,32.68679267,Bug,Security,0,0,1,1,67.1
InsightlySoft,chat,2025-06-23 18:01:37,3,3,2,Pro,177.86,47,1,AM_5,Analytics,47.61809544,41.03262715,Bug,Integration,0,1,0,1,74.3
GlobalFinance Corp,email,2025-06-15 8:01:37,0,3,1,Enterprise,1097.16,1,2,AM_15,"Security,Billing,Analytics",39.22951258,38.34865427,Performance,Security,1,0,0,1,53.6
InsightlySoft,web_form,2025-07-09 15:01:37,1,0,4,Basic,1593.99,36,1,AM_12,Collaboration,45.86610856,38.62049097,How-To,Collaboration,1,0,0,0,45.1
GlobalFinance Corp,web_form,2025-06-17 18:01:37,0,4,3,Basic,526.55,42,2,AM_18,Integration,48.99556196,40.99506384,Other,Collaboration,0,0,0,0,54.8
InsightlySoft,chat,2025-06-27 13:01:37,0,3,6,Basic,26.4,38,0,AM_2,"Security,Collaboration",51.27215343,27.5925237,How-To,Integration,0,1,0,1,57.5
GlobalFinance Corp,chat,2025-07-08 23:01:37,0,5,3,Basic,4243.81,55,2,AM_8,"Collaboration,Integration,Analytics",56.17456634,24.07209976,Feature Request,Billing,1,0,0,0,58.3
InsightlySoft,email,2025-07-05 5:01:37,0,8,7,Pro,5724.23,59,1,AM_9,"Billing,Security,Integration",23.4794683,28.3558815,Feature Request,Integration,1,0,0,0,26.7
GlobalFinance Corp,web_form,2025-07-03 8:01:37,1,3,5,Enterprise,780.6,2,0,AM_15,"Collaboration,Analytics,Security",52.59780929,33.55841067,How-To,Analytics,0,1,0,1,65.7
GlobalFinance Corp,email,2025-06-26 11:01:37,0,2,5,Enterprise,11.42,10,2,AM_17,Security,31.76586069,28.35932226,Feature Request,Collaboration,0,0,0,1,51.9
GlobalFinance Corp,email,2025-06-21 8:01:37,2,5,7,Basic,6620.11,54,0,AM_3,"Analytics,Billing",37.46503812,26.03940034,How-To,Analytics,0,0,0,0,36.1
GlobalFinance Corp,chat,2025-07-09 20:01:37,0,3,4,Pro,431.47,51,3,AM_15,Analytics,58.83455488,23.79269707,How-To,Collaboration,0,0,1,1,59.4
GlobalFinance Corp,web_form,2025-06-15 0:01:37,3,0,1,Basic,1548.67,23,1,AM_17,"Security,Collaboration",35.60212722,34.66885345,How-To,Collaboration,0,0,0,0,45.3
InsightlySoft,web_form,2025-06-24 15:01:37,0,4,3,Basic,1366.96,9,1,AM_9,"Analytics,Collaboration,Security",56.78920456,33.97489366,Bug,Security,0,0,0,0,67.1
InsightlySoft,web_form,2025-06-28 7:01:37,1,1,7,Basic,538.32,11,3,AM_0,"Security,Analytics,Billing",42.04401531,35.8573285,Other,Collaboration,0,0,0,0,45.1
InsightlySoft,chat,2025-06-15 11:01:37,3,1,1,Basic,2739.96,36,1,AM_9,"Analytics,Billing,Collaboration",63.03079867,42.2697374,Feature Request,Collaboration,1,0,0,0,70.5
GlobalFinance Corp,chat,2025-06-25 14:01:37,0,2,4,Enterprise,7523.01,56,1,AM_16,"Security,Analytics,Billing",34.28494515,36.01239584,Other,Collaboration,0,0,0,1,46.3
InsightlySoft,chat,2025-06-15 21:01:37,2,1,1,Pro,2162.93,42,1,AM_18,Collaboration,47.09905735,40.25475128,Other,Collaboration,0,0,0,0,34.5
GlobalFinance Corp,chat,2025-07-11 12:01:37,0,3,6,Basic,10826.04,38,1,AM_15,"Analytics,Integration",19.77738654,40.94595916,How-To,Security,0,0,0,1,31.8
GlobalFinance Corp,chat,2025-06-27 14:01:37,0,5,6,Pro,635.02,35,0,AM_5,"Billing,Integration,Security",48.92231732,26.2054142,Other,Security,0,1,0,1,48.2
InsightlySoft,web_form,2025-07-11 15:01:37,1,4,6,Basic,5661.56,13,0,AM_7,"Collaboration,Integration",31.38525266,52.20669788,How-To,Analytics,1,0,0,0,39.8
InsightlySoft,email,2025-07-02 11:01:37,2,3,4,Pro,890.81,19,2,AM_15,"Integration,Security",45.44337179,29.22026821,Feature Request,Analytics,0,0,0,0,51.2
GlobalFinance Corp,web_form,2025-07-13 21:01:37,2,3,1,Pro,865.21,35,0,AM_11,Billing,39.20909582,35.11423321,Performance,Analytics,2,0,0,0,53.7
InsightlySoft,email,2025-07-07 15:01:37,1,4,2,Basic,375.64,52,2,AM_8,Analytics,66.03503527,31.19997005,Other,Integration,0,0,0,0,57.1
GlobalFinance Corp,chat,2025-07-14 3:01:37,1,3,2,Basic,5977.22,30,0,AM_15,Security,43.42935062,35.01684195,Other,Security,0,0,1,1,57.1
GlobalFinance Corp,email,2025-07-05 23:01:37,1,3,7,Enterprise,3873.59,18,4,AM_6,Collaboration,64.7004544,46.08743508,Other,Security,0,0,0,1,63.8
GlobalFinance Corp,web_form,2025-06-21 10:01:37,0,2,7,Basic,1254.09,12,4,AM_7,"Collaboration,Integration",37.9275151,44.97314711,How-To,Billing,0,0,0,0,33.8
GlobalFinance Corp,web_form,2025-07-11 4:01:37,1,3,6,Basic,1289.66,12,2,AM_19,"Security,Integration,Collaboration",14.64041397,32.28689154,Bug,Billing,0,0,0,0,15.5
GlobalFinance Corp,email,2025-07-08 13:01:37,2,4,3,Pro,5589.02,21,0,AM_4,"Analytics,Security,Integration",55.59323048,24.66443928,How-To,Billing,0,0,1,1,70.4
InsightlySoft,chat,2025-06-15 14:01:37,1,2,1,Pro,7875.89,12,2,AM_8,"Billing,Integration",35.76375922,51.15080004,How-To,Analytics,0,0,1,1,42.7
InsightlySoft,chat,2025-06-29 6:01:37,0,8,1,Pro,2767.12,56,1,AM_7,"Billing,Collaboration,Security",59.14014281,47.55393626,How-To,Collaboration,1,1,0,1,75.2
GlobalFinance Corp,web_form,2025-06-24 18:01:37,2,2,3,Pro,1566.87,28,1,AM_19,"Billing,Collaboration",46.56629314,17.81757403,Feature Request,Integration,0,0,0,0,56.4
GlobalFinance Corp,email,2025-07-08 11:01:37,1,1,3,Pro,163.82,29,4,AM_15,"Analytics,Integration",53.996057,37.48822794,Feature Request,Security,0,0,0,0,64
InsightlySoft,chat,2025-07-08 21:01:37,1,8,3,Basic,405.96,39,1,AM_10,"Security,Integration,Billing",56.91982696,24.66174837,Performance,Analytics,0,0,0,0,58.1
InsightlySoft,chat,2025-07-11 21:01:37,2,2,6,Enterprise,458.71,41,0,AM_0,Integration,70.18174994,34.45549909,Other,Integration,0,1,0,1,87.5
GlobalFinance Corp,web_form,2025-07-03 22:01:37,2,3,5,Basic,972.22,44,1,AM_16,Analytics,58.64326714,37.4012331,Performance,Security,0,0,0,0,54.3
InsightlySoft,chat,2025-06-23 1:01:37,1,1,2,Basic,891.31,51,1,AM_11,"Collaboration,Integration,Security",49.91213021,40.37571668,Bug,Integration,0,0,1,1,52.7
GlobalFinance Corp,email,2025-06-18 9:01:37,0,3,4,Basic,2348.44,4,1,AM_4,Integration,56.67115391,22.16828627,Feature Request,Integration,0,0,1,1,65.2
InsightlySoft,web_form,2025-06-29 7:01:37,1,6,1,Basic,8652.57,31,0,AM_13,"Billing,Collaboration,Security",55.59605538,48.65647138,How-To,Security,0,0,0,1,67.8
GlobalFinance Corp,web_form,2025-06-27 7:01:37,2,3,6,Basic,5934.14,24,1,AM_6,"Collaboration,Security,Analytics",53.01942529,27.99950919,Feature Request,Integration,0,0,0,0,44.1
InsightlySoft,email,2025-07-10 13:01:37,2,2,5,Basic,2134.93,42,1,AM_6,"Analytics,Security,Integration",68.26050915,31.74042621,Feature Request,Billing,0,0,0,0,80.9
GlobalFinance Corp,web_form,2025-06-17 5:01:37,1,2,3,Pro,52.35,59,0,AM_3,Analytics,45.7315071,37.35167519,Bug,Billing,0,0,0,0,45.6
InsightlySoft,chat,2025-06-17 8:01:37,1,2,3,Basic,212.55,51,1,AM_14,"Analytics,Collaboration",49.5290185,31.5795234,Bug,Integration,0,0,0,0,55.5
InsightlySoft,chat,2025-07-04 15:01:37,1,4,6,Basic,5905.87,49,2,AM_6,"Collaboration,Integration",42.20536581,39.92686678,Other,Analytics,1,0,0,0,53.6
GlobalFinance Corp,email,2025-06-23 10:01:37,1,3,2,Basic,1000.68,18,2,AM_8,Integration,75.65627243,39.06455391,Feature Request,Collaboration,1,0,0,0,66
InsightlySoft,chat,2025-06-21 15:01:37,0,1,7,Pro,1148.57,42,1,AM_0,Collaboration,44.87972908,40.23064551,Bug,Security,0,0,0,0,52.6
GlobalFinance Corp,email,2025-07-10 19:01:37,1,5,5,Enterprise,451.69,26,0,AM_1,"Billing,Security",51.53752761,38.39064066,Performance,Analytics,2,0,1,1,71.5
InsightlySoft,email,2025-07-05 8:01:37,1,2,7,Basic,757.38,56,2,AM_7,"Security,Collaboration",38.42459387,24.82952202,Feature Request,Collaboration,0,0,0,0,33.9
GlobalFinance Corp,chat,2025-06-23 4:01:37,1,3,2,Pro,851.82,44,2,AM_6,"Integration,Billing",43.85546537,39.73551981,How-To,Security,0,0,0,0,42.5
InsightlySoft,email,2025-07-05 20:01:37,0,3,7,Enterprise,1593.56,55,1,AM_2,"Integration,Collaboration",58.17167608,47.46608676,Other,Collaboration,0,0,0,1,67.7
GlobalFinance Corp,chat,2025-06-14 20:01:37,1,5,7,Basic,2927.69,20,0,AM_6,"Integration,Collaboration,Analytics",46.71275853,30.96462618,Feature Request,Security,0,0,0,0,43
InsightlySoft,web_form,2025-07-11 23:01:37,2,4,6,Enterprise,1306.95,8,0,AM_19,"Billing,Integration,Collaboration",59.80915121,35.54629281,Other,Billing,0,0,0,1,68.8
GlobalFinance Corp,web_form,2025-06-28 6:01:37,0,6,7,Enterprise,1792.77,51,4,AM_15,"Integration,Billing",56.23374465,43.90281478,Other,Analytics,0,0,0,1,54.3
InsightlySoft,email,2025-06-19 6:01:37,3,4,5,Basic,602.31,33,0,AM_1,"Collaboration,Billing,Analytics",46.95286388,43.79498986,Bug,Collaboration,0,0,0,0,44.6
GlobalFinance Corp,chat,2025-07-14 6:01:37,1,1,2,Basic,174.13,4,2,AM_0,"Integration,Security",39.12371156,30.23305213,Bug,Billing,1,0,0,0,39.3
GlobalFinance Corp,chat,2025-07-04 21:01:37,2,4,6,Enterprise,1284.24,38,3,AM_7,Analytics,50.98689055,29.04862084,Feature Request,Analytics,0,0,0,1,62.1
GlobalFinance Corp,web_form,2025-06-28 3:01:37,1,2,7,Basic,193.59,22,2,AM_4,"Security,Billing,Collaboration",50.99742936,36.06327807,Other,Integration,2,0,0,0,59.9
InsightlySoft,web_form,2025-06-27 19:01:37,1,2,6,Basic,1068.83,36,0,AM_9,"Security,Integration,Collaboration",48.16101989,38.52681877,Performance,Analytics,0,0,0,0,62.8
GlobalFinance Corp,chat,2025-06-24 18:01:37,1,5,3,Basic,5453.06,48,0,AM_3,Collaboration,51.01760593,42.28837564,Bug,Analytics,0,0,0,0,66.5
InsightlySoft,email,2025-06-17 19:01:37,2,2,3,Basic,1371.53,31,0,AM_8,"Analytics,Security",40.9818404,19.29512928,Bug,Billing,0,0,1,1,55.8
GlobalFinance Corp,web_form,2025-07-05 12:01:37,0,2,7,Enterprise,644.27,8,0,AM_13,"Billing,Security,Collaboration",54.62414313,34.10409919,Bug,Billing,0,0,0,1,59.1
InsightlySoft,email,2025-07-08 6:01:37,1,1,3,Basic,6970.43,9,2,AM_9,"Analytics,Collaboration,Integration",52.25035247,36.3634104,Bug,Collaboration,2,0,0,0,59.1
GlobalFinance Corp,email,2025-06-17 12:01:37,1,4,3,Basic,3059.54,47,1,AM_17,"Collaboration,Analytics,Billing",40.36315807,22.71484503,Other,Collaboration,0,0,1,1,49.2
InsightlySoft,web_form,2025-06-26 22:01:37,1,2,5,Pro,13332.17,18,0,AM_8,"Collaboration,Billing",43.25701188,37.64046232,Performance,Integration,0,0,0,1,53.5
InsightlySoft,email,2025-07-08 4:01:37,0,4,3,Enterprise,1071.1,35,1,AM_4,"Integration,Security,Collaboration",47.45237322,30.1627913,Bug,Billing,0,0,0,1,68.1
GlobalFinance Corp,email,2025-06-27 10:01:37,0,0,6,Enterprise,670.81,24,0,AM_7,Security,43.34549624,44.03446204,Performance,Billing,0,1,0,1,65.9
InsightlySoft,chat,2025-07-01 4:01:37,1,3,3,Basic,1061.21,17,0,AM_11,"Billing,Integration,Security",40.23786486,33.32201184,Other,Analytics,0,0,0,0,33
InsightlySoft,email,2025-06-29 7:01:37,2,6,1,Enterprise,5021.81,1,4,AM_19,Billing,58.39313251,35.21261861,How-To,Analytics,0,0,0,1,71.6
GlobalFinance Corp,chat,2025-06-30 10:01:37,1,3,2,Pro,492.96,39,3,AM_18,Integration,56.92422298,25.88683605,How-To,Integration,1,0,0,0,47.9
InsightlySoft,web_form,2025-07-03 20:01:37,1,1,5,Pro,827.57,42,2,AM_13,"Analytics,Collaboration",54.07455322,46.189013,How-To,Analytics,0,0,0,0,64.8
InsightlySoft,web_form,2025-07-02 23:01:37,1,4,4,Basic,3628.29,15,3,AM_10,"Billing,Security",36.2653735,43.51557535,Feature Request,Analytics,1,0,0,0,38.6
InsightlySoft,chat,2025-07-05 5:01:37,1,0,7,Enterprise,4018.24,55,0,AM_10,"Integration,Collaboration,Analytics",66.52040333,36.41795188,Performance,Collaboration,0,0,0,1,80.6
GlobalFinance Corp,web_form,2025-07-03 2:01:37,1,2,5,Pro,9570.96,13,2,AM_3,Security,51.18123953,33.9976182,Other,Integration,0,0,0,1,68.3
InsightlySoft,email,2025-07-02 16:01:37,1,4,4,Basic,11758.91,23,1,AM_17,Security,46.75107659,43.11437891,Feature Request,Collaboration,2,0,1,1,56
GlobalFinance Corp,email,2025-06-16 10:01:37,2,1,2,Basic,3267.75,29,2,AM_8,"Collaboration,Billing",56.31379206,41.55427712,How-To,Integration,0,0,0,0,59.6
InsightlySoft,email,2025-07-12 19:01:37,2,3,7,Enterprise,1351.99,31,1,AM_7,"Security,Collaboration,Analytics",46.83658334,29.99702415,How-To,Collaboration,1,0,0,1,59.1
InsightlySoft,web_form,2025-06-14 23:01:37,1,5,7,Enterprise,1810,37,0,AM_3,"Collaboration,Security,Integration",19.19551326,29.49448023,How-To,Collaboration,0,0,0,1,41.8
InsightlySoft,email,2025-07-05 20:01:37,1,2,7,Basic,1735.54,28,0,AM_18,Analytics,50.64312581,28.88444806,Other,Integration,0,0,1,1,64.5
GlobalFinance Corp,web_form,2025-07-13 18:01:37,1,1,1,Pro,1470.02,32,1,AM_18,"Integration,Billing,Collaboration",58.92102026,35.36836876,How-To,Analytics,0,0,0,0,52.2
InsightlySoft,email,2025-07-01 9:01:37,0,5,3,Enterprise,1238.58,7,2,AM_1,"Security,Integration,Collaboration",51.82350648,32.96826761,Performance,Security,0,0,0,1,60.9
InsightlySoft,chat,2025-07-03 8:01:37,1,1,5,Basic,551.41,14,1,AM_10,Collaboration,29.38430387,45.38441873,How-To,Billing,1,0,0,0,36.3
GlobalFinance Corp,web_form,2025-06-21 14:01:37,0,2,7,Basic,1367.87,14,0,AM_2,"Integration,Analytics",56.52085402,44.70766709,Feature Request,Integration,0,0,0,0,59.7
InsightlySoft,web_form,2025-07-01 17:01:37,5,2,3,Pro,10443.62,32,0,AM_0,"Integration,Billing,Collaboration",50.72940864,35.02053865,How-To,Security,1,0,0,1,58.7
GlobalFinance Corp,email,2025-06-29 15:01:37,1,2,1,Basic,6415.19,9,1,AM_9,"Analytics,Collaboration",51.41280324,41.11352259,Feature Request,Collaboration,1,0,0,0,42.4
GlobalFinance Corp,web_form,2025-06-16 22:01:37,0,2,2,Basic,2881.72,54,1,AM_12,"Security,Collaboration,Analytics",32.75964046,43.92152109,Bug,Analytics,0,0,0,0,37.8
InsightlySoft,web_form,2025-06-28 22:01:37,1,1,7,Basic,642.57,6,0,AM_2,"Billing,Analytics",42.45817572,54.43176864,Other,Collaboration,0,0,0,0,47.7
GlobalFinance Corp,chat,2025-06-15 3:01:37,0,2,1,Pro,6327.59,51,3,AM_6,"Analytics,Billing,Collaboration",36.98623439,42.25068993,Performance,Integration,2,0,0,0,36.7
InsightlySoft,chat,2025-06-16 16:01:37,2,3,2,Basic,1121.32,15,1,AM_4,"Collaboration,Security,Billing",57.03549628,41.01181508,How-To,Security,1,0,1,1,77.3
GlobalFinance Corp,email,2025-06-25 4:01:37,2,3,4,Basic,2367.09,30,1,AM_1,"Collaboration,Integration,Security",52.71716668,16.97776456,How-To,Collaboration,0,0,0,0,65.6
GlobalFinance Corp,chat,2025-06-16 15:01:37,2,0,2,Basic,7284.27,30,0,AM_17,"Collaboration,Security,Integration",41.68762493,44.84565132,How-To,Analytics,0,0,0,1,51.1
InsightlySoft,email,2025-07-09 22:01:37,2,5,4,Basic,1222.51,16,0,AM_13,"Analytics,Integration,Billing",40.50303986,36.96248555,How-To,Integration,0,0,0,0,34
GlobalFinance Corp,email,2025-06-19 13:01:37,2,7,5,Basic,7337.38,23,0,AM_19,Security,44.85340713,30.35382783,Feature Request,Integration,0,0,0,1,57.1
GlobalFinance Corp,email,2025-07-13 0:01:37,0,3,1,Basic,804.14,31,0,AM_1,"Security,Billing,Collaboration",50.89273102,29.73061072,Other,Collaboration,0,1,0,1,53.8
GlobalFinance Corp,web_form,2025-06-28 23:01:37,4,1,7,Basic,7922.71,54,0,AM_4,Analytics,56.88382001,39.02357832,Feature Request,Analytics,0,0,1,1,72.2
GlobalFinance Corp,chat,2025-07-06 4:01:37,1,3,1,Basic,1332.61,12,1,AM_12,"Analytics,Integration,Billing",38.88216786,24.96011781,How-To,Integration,0,0,0,0,39.3
GlobalFinance Corp,email,2025-06-25 8:01:37,0,1,4,Basic,1408.1,21,0,AM_6,"Analytics,Security",51.6029864,27.62284204,Feature Request,Integration,0,0,1,1,66.1
InsightlySoft,chat,2025-07-03 2:01:37,2,3,5,Pro,2415.64,3,1,AM_9,"Integration,Collaboration",44.33322441,42.251942,How-To,Collaboration,0,0,0,0,35.4
GlobalFinance Corp,email,2025-06-17 18:01:37,1,3,3,Enterprise,1278.66,3,2,AM_19,"Billing,Collaboration",18.55084734,44.53686847,Bug,Security,0,0,0,1,42.5
InsightlySoft,chat,2025-06-19 0:01:37,0,1,5,Pro,1793.42,38,0,AM_6,Billing,42.6731028,47.7939265,Feature Request,Billing,0,0,0,0,55.6
GlobalFinance Corp,chat,2025-07-09 20:01:37,0,5,4,Pro,2087.4,22,1,AM_17,Analytics,52.01880357,27.2147961,Other,Analytics,0,0,1,1,73.4
InsightlySoft,email,2025-07-04 21:01:37,0,4,6,Enterprise,2026.04,21,0,AM_17,"Security,Billing",39.84096803,30.18218216,Bug,Integration,1,0,0,1,50.3
InsightlySoft,web_form,2025-07-01 21:01:37,0,0,3,Basic,9741.01,51,0,AM_1,Collaboration,51.49188158,37.44556405,Performance,Integration,0,0,1,1,58
GlobalFinance Corp,chat,2025-06-25 18:01:37,1,3,4,Basic,992.97,44,1,AM_15,"Analytics,Security",54.97986008,43.92211735,Feature Request,Integration,0,1,0,1,75.8
GlobalFinance Corp,web_form,2025-06-24 23:01:37,0,1,3,Pro,1004.65,16,0,AM_12,"Integration,Collaboration,Billing",59.53759253,39.48347876,Feature Request,Security,0,0,0,0,65.7
GlobalFinance Corp,web_form,2025-07-10 14:01:37,1,11,5,Basic,5459.03,18,3,AM_16,"Integration,Analytics,Security",37.3726106,37.66991241,Performance,Billing,0,0,0,0,46.1
InsightlySoft,email,2025-07-03 21:01:37,0,0,5,Pro,1492.78,4,1,AM_5,"Integration,Billing,Collaboration",59.75423686,31.33988548,Other,Collaboration,0,1,0,1,57.4
GlobalFinance Corp,email,2025-07-02 1:01:37,2,4,4,Pro,228.04,20,1,AM_8,"Integration,Analytics,Collaboration",48.33038158,26.81351369,Bug,Analytics,0,0,0,0,54.9
InsightlySoft,email,2025-06-30 0:01:37,0,3,2,Enterprise,1969.02,58,1,AM_2,Integration,32.28533263,23.9864561,Performance,Security,0,0,0,1,37.8
InsightlySoft,chat,2025-07-02 20:01:37,3,3,4,Enterprise,2397.05,45,0,AM_6,"Billing,Collaboration",45.58607227,33.05177478,Other,Integration,0,0,0,1,60.6
InsightlySoft,email,2025-07-01 2:01:37,1,0,3,Basic,2884.59,13,5,AM_4,Collaboration,45.04029135,30.36646072,Bug,Billing,0,0,0,0,42.8
GlobalFinance Corp,email,2025-07-10 11:01:37,0,1,5,Basic,804,31,2,AM_6,"Integration,Billing",42.60947355,31.24395488,Other,Billing,0,0,1,1,56.3
GlobalFinance Corp,chat,2025-07-12 3:01:37,1,4,7,Basic,10864.72,2,1,AM_9,"Security,Collaboration,Analytics",35.61893396,37.05879357,Other,Billing,0,1,1,1,42.9
InsightlySoft,chat,2025-06-16 3:01:37,0,7,2,Basic,4007.01,30,2,AM_9,"Collaboration,Billing",50.38422099,39.76939584,How-To,Collaboration,0,0,0,0,58.6
InsightlySoft,email,2025-07-03 0:01:37,2,1,5,Pro,3820.4,31,2,AM_9,Billing,47.38800596,31.32580427,Feature Request,Analytics,0,0,0,0,52.6
GlobalFinance Corp,email,2025-06-26 9:01:37,1,0,5,Basic,6187.69,28,2,AM_5,"Integration,Billing",42.49413116,38.58091591,Bug,Integration,0,0,1,1,57.8
InsightlySoft,email,2025-07-02 13:01:37,1,2,4,Enterprise,79.42,9,0,AM_18,"Collaboration,Analytics,Security",38.4447671,40.2311087,How-To,Security,1,0,0,1,52.3
GlobalFinance Corp,email,2025-07-14 11:01:37,0,4,2,Basic,2849.09,59,2,AM_17,Collaboration,29.68781453,31.82212726,Bug,Security,0,0,0,0,37.2
InsightlySoft,web_form,2025-06-18 3:01:37,1,2,4,Basic,5108.56,11,0,AM_14,Billing,63.47154795,31.42389084,How-To,Security,0,0,0,0,72
GlobalFinance Corp,web_form,2025-07-10 22:01:37,1,3,5,Enterprise,104.94,35,0,AM_12,"Security,Collaboration",45.33293539,36.68137716,Bug,Security,0,1,0,1,51.5
InsightlySoft,email,2025-07-06 20:01:37,0,3,1,Pro,4233.55,49,0,AM_19,"Collaboration,Security,Analytics",55.93773921,28.12958523,Feature Request,Integration,0,0,0,0,68.5
GlobalFinance Corp,web_form,2025-06-24 22:01:37,1,1,3,Pro,13726.03,44,0,AM_1,"Security,Collaboration",59.15926035,56.99766279,Other,Analytics,1,0,0,1,53.7
InsightlySoft,chat,2025-06-23 11:01:37,0,3,2,Pro,2699.85,37,0,AM_9,Billing,58.38338142,38.39147104,Feature Request,Integration,0,0,0,0,66.7
GlobalFinance Corp,web_form,2025-06-25 12:01:37,4,2,4,Basic,1658.55,46,3,AM_1,"Billing,Analytics",54.70974887,27.0891535,Bug,Security,0,0,0,0,49.7
GlobalFinance Corp,web_form,2025-07-12 13:01:37,1,4,7,Pro,1813.26,58,2,AM_2,"Integration,Analytics",50.24396461,39.54876822,Feature Request,Analytics,0,0,0,0,46.6
InsightlySoft,email,2025-06-24 12:01:37,1,4,3,Basic,3413.44,51,0,AM_4,"Collaboration,Billing,Analytics",30.99250461,32.28336738,Bug,Collaboration,0,0,1,1,45.5
InsightlySoft,web_form,2025-06-17 22:01:37,6,2,3,Basic,2531.6,54,2,AM_14,"Billing,Collaboration",63.76365969,43.60731366,Performance,Analytics,0,0,0,1,77.3
GlobalFinance Corp,web_form,2025-06-24 8:01:37,0,1,3,Basic,4647.43,17,1,AM_6,"Analytics,Collaboration,Security",36.58816488,38.42757081,Performance,Collaboration,0,0,0,0,42
InsightlySoft,web_form,2025-06-29 14:01:37,1,3,1,Enterprise,1642.66,26,0,AM_14,"Analytics,Security",62.92527107,39.42912942,Bug,Integration,2,0,1,1,73.8
GlobalFinance Corp,web_form,2025-07-10 2:01:37,1,2,5,Basic,1620.38,4,1,AM_11,"Collaboration,Billing,Integration",45.05256718,14.32970971,Performance,Collaboration,0,1,0,1,53.8
InsightlySoft,chat,2025-06-27 17:01:37,3,5,6,Pro,4110.85,33,1,AM_2,Integration,57.87189426,38.23135454,Other,Collaboration,0,0,0,0,55.2
GlobalFinance Corp,email,2025-07-14 11:01:37,1,3,2,Pro,3111.3,17,0,AM_9,"Analytics,Collaboration,Billing",56.52679975,48.5649131,Bug,Analytics,0,0,1,1,76.3
GlobalFinance Corp,email,2025-06-16 22:01:37,0,3,2,Basic,4516.56,42,0,AM_3,"Analytics,Integration,Security",51.61408429,48.49036463,How-To,Integration,0,0,1,1,70.5
GlobalFinance Corp,chat,2025-07-06 13:01:37,2,7,1,Basic,6545.45,8,0,AM_6,"Integration,Collaboration",51.55597723,52.85650186,Performance,Analytics,0,0,0,0,50.7
GlobalFinance Corp,web_form,2025-06-29 11:01:37,2,4,1,Enterprise,917.15,26,1,AM_10,"Collaboration,Analytics",46.21294,47.21386459,Other,Billing,0,0,0,1,55.6
GlobalFinance Corp,chat,2025-07-04 8:01:37,1,2,6,Pro,1135.17,43,0,AM_16,Collaboration,48.45849008,35.68142696,Bug,Collaboration,0,1,0,1,73.2
GlobalFinance Corp,web_form,2025-06-19 23:01:37,0,4,5,Basic,2245.67,20,1,AM_19,"Billing,Integration,Analytics",48.38524014,43.50772008,How-To,Analytics,0,0,0,0,44.1
InsightlySoft,chat,2025-07-04 18:01:37,0,3,6,Pro,7997.25,42,2,AM_14,Collaboration,49.63180868,35.72298312,Other,Integration,2,0,0,1,60.4
InsightlySoft,email,2025-06-28 22:01:37,1,3,7,Pro,5399.76,51,1,AM_16,"Integration,Billing",46.6718857,40.77614123,Performance,Analytics,0,0,0,0,41.7
InsightlySoft,email,2025-06-25 3:01:37,0,6,4,Basic,1895.85,38,0,AM_13,"Integration,Analytics,Billing",34.68548718,43.65951078,Bug,Billing,0,0,0,0,22.8
GlobalFinance Corp,email,2025-06-15 13:01:37,2,2,1,Pro,2553.75,43,0,AM_11,Security,43.81824145,36.69872732,Performance,Collaboration,1,0,0,0,36.6
GlobalFinance Corp,web_form,2025-06-25 19:01:37,0,0,4,Pro,3737.62,48,0,AM_17,"Security,Billing",52.26898606,43.509537,How-To,Billing,0,0,0,0,49.4
GlobalFinance Corp,web_form,2025-06-29 12:01:37,1,3,1,Basic,2218.7,42,1,AM_12,"Collaboration,Analytics",46.66936424,31.61152451,Bug,Billing,0,0,1,1,65.3
GlobalFinance Corp,chat,2025-07-02 16:01:37,2,3,4,Pro,310.92,57,0,AM_18,Security,48.09857546,41.47063166,Other,Collaboration,0,0,0,0,54.6
InsightlySoft,chat,2025-06-27 23:01:37,0,1,6,Enterprise,1305.01,54,1,AM_4,"Security,Billing,Analytics",41.93129627,37.70386823,Performance,Billing,0,0,0,1,45
InsightlySoft,email,2025-07-12 8:01:37,0,3,7,Basic,146.35,33,2,AM_11,Collaboration,53.7315554,32.06707705,Feature Request,Collaboration,1,0,0,0,62.6
GlobalFinance Corp,web_form,2025-06-23 1:01:37,0,0,2,Basic,3324.76,40,3,AM_7,"Analytics,Integration",54.24453691,43.70173654,Other,Collaboration,0,0,1,1,69.8
InsightlySoft,chat,2025-07-02 2:01:37,0,2,4,Pro,1233.5,17,2,AM_7,"Collaboration,Integration,Analytics",24.7052334,24.64864608,Performance,Security,0,0,1,1,27.5
InsightlySoft,web_form,2025-07-09 23:01:37,1,4,4,Basic,4022.39,51,2,AM_8,"Integration,Security,Billing",32.40674337,33.80946357,Feature Request,Integration,0,0,1,1,36.1
GlobalFinance Corp,web_form,2025-07-06 0:01:37,1,6,1,Enterprise,1684.83,9,0,AM_18,Collaboration,46.18648742,36.06750464,How-To,Analytics,0,0,0,1,70.8
InsightlySoft,email,2025-07-13 1:01:37,0,3,1,Basic,139.98,20,1,AM_18,"Collaboration,Billing",53.02308426,47.74251998,Bug,Analytics,1,0,0,0,51.3
GlobalFinance Corp,email,2025-07-07 13:01:37,0,3,2,Enterprise,1432.25,8,2,AM_3,Integration,50.99619919,35.03038493,How-To,Integration,1,0,0,1,64.2
InsightlySoft,web_form,2025-07-05 0:01:37,0,0,7,Pro,740.37,41,1,AM_5,Analytics,46.6102088,35.06261044,How-To,Billing,1,0,0,0,53.3
GlobalFinance Corp,web_form,2025-06-20 4:01:37,0,7,6,Basic,723.51,48,1,AM_11,"Analytics,Integration",56.32814312,44.8375105,Bug,Integration,0,1,0,1,62.1
GlobalFinance Corp,web_form,2025-06-18 22:01:37,1,3,4,Basic,1422.56,46,3,AM_0,"Security,Integration,Billing",54.05965386,36.97643641,Other,Collaboration,1,0,0,0,49.4
GlobalFinance Corp,web_form,2025-06-27 23:01:37,1,4,6,Pro,11494.97,56,1,AM_17,"Security,Integration,Billing",46.01607148,29.71913626,Performance,Collaboration,0,0,0,1,53.4
GlobalFinance Corp,email,2025-07-13 3:01:37,1,5,1,Enterprise,9661.83,6,0,AM_18,Billing,46.60038275,55.26426232,How-To,Analytics,2,0,0,1,63.5
InsightlySoft,chat,2025-07-09 19:01:37,1,2,4,Enterprise,4880.58,9,1,AM_16,"Security,Integration,Billing",34.91648968,43.36641656,Other,Security,1,1,0,1,38.8
GlobalFinance Corp,email,2025-06-30 19:01:37,0,0,2,Pro,844.97,11,3,AM_2,"Analytics,Security",49.00493519,33.45097477,Feature Request,Billing,0,0,0,0,43.2
GlobalFinance Corp,chat,2025-06-30 18:01:37,1,1,2,Basic,4330.87,54,1,AM_3,"Integration,Analytics,Collaboration",53.61850693,34.96324391,How-To,Integration,1,0,0,0,55
GlobalFinance Corp,web_form,2025-06-22 7:01:37,1,1,1,Pro,46.45,47,0,AM_13,"Collaboration,Integration",40.78520148,26.97702483,Other,Collaboration,1,0,0,0,36.6
InsightlySoft,chat,2025-06-19 2:01:37,1,2,5,Basic,174,47,1,AM_5,"Collaboration,Security,Integration",48.38594384,38.08003775,Other,Collaboration,0,1,0,1,58.1
GlobalFinance Corp,email,2025-07-11 16:01:37,2,2,6,Basic,5418.78,5,1,AM_4,Security,51.36576569,43.47711008,Performance,Security,0,0,0,0,37.6
InsightlySoft,email,2025-07-06 19:01:37,1,3,1,Basic,2491.97,8,1,AM_5,"Analytics,Billing",56.71343236,21.60418521,How-To,Collaboration,1,0,1,1,82.8
GlobalFinance Corp,web_form,2025-07-01 6:01:37,2,2,3,Basic,1401.9,52,3,AM_12,"Security,Analytics",44.92152975,37.677444,Bug,Integration,0,0,0,0,48.4
InsightlySoft,email,2025-07-08 15:01:37,2,3,3,Enterprise,4046.51,35,0,AM_8,"Collaboration,Analytics",39.38714107,24.48408257,Performance,Analytics,0,0,0,1,62.3
InsightlySoft,web_form,2025-07-02 22:01:37,1,3,4,Basic,364.34,52,0,AM_16,"Security,Collaboration,Billing",44.63032954,33.44716255,Bug,Analytics,0,0,0,0,57.5
GlobalFinance Corp,email,2025-07-05 21:01:37,3,6,7,Pro,1013.5,25,2,AM_14,Analytics,50.9173656,37.262358,Bug,Billing,0,0,0,0,53.2
InsightlySoft,email,2025-06-18 7:01:37,1,4,4,Pro,3901.55,36,1,AM_14,"Security,Billing,Analytics",50.3614012,37.50535876,Other,Integration,0,1,0,1,69.3
GlobalFinance Corp,web_form,2025-06-14 20:01:37,0,4,7,Enterprise,696.43,39,0,AM_18,Security,32.6171138,55.06326727,Bug,Collaboration,0,0,0,1,38.9
GlobalFinance Corp,chat,2025-06-28 8:01:37,0,1,7,Pro,2753.7,49,0,AM_7,"Billing,Security",44.61834492,38.30944648,Bug,Collaboration,0,1,0,1,39.7
GlobalFinance Corp,email,2025-06-30 15:01:37,1,0,2,Pro,1780.79,44,0,AM_8,"Collaboration,Integration,Billing",37.76357319,31.49452829,Performance,Integration,0,0,0,0,34.1
InsightlySoft,chat,2025-07-13 20:01:37,0,4,1,Basic,678.31,6,2,AM_1,"Security,Integration",48.32548181,28.44644535,How-To,Analytics,0,0,0,0,49.5
InsightlySoft,email,2025-07-10 9:01:37,2,2,5,Enterprise,6578.04,24,2,AM_13,"Collaboration,Integration,Security",51.57854158,31.50380603,Performance,Collaboration,0,0,0,1,61.6
GlobalFinance Corp,email,2025-06-25 8:01:37,2,7,4,Basic,1715.59,55,0,AM_13,Security,58.20015851,38.99170548,Other,Collaboration,0,0,0,0,62.5
GlobalFinance Corp,email,2025-06-25 15:01:37,1,3,4,Basic,2740.18,21,1,AM_4,Integration,60.58942991,21.91286606,How-To,Integration,0,0,0,0,70.2
InsightlySoft,email,2025-06-26 18:01:37,0,1,5,Enterprise,875.22,36,1,AM_2,"Security,Analytics",52.9646657,26.33994335,Performance,Billing,0,0,0,1,67.4
GlobalFinance Corp,chat,2025-06-14 22:01:37,1,1,7,Enterprise,1277.64,18,3,AM_9,Collaboration,43.86484194,38.34100682,How-To,Integration,0,0,0,1,64.4
GlobalFinance Corp,chat,2025-06-18 23:01:37,1,4,4,Basic,150.67,48,2,AM_1,"Analytics,Integration,Collaboration",42.88522364,34.52218077,Feature Request,Collaboration,0,0,0,0,38.9
GlobalFinance Corp,email,2025-07-05 13:01:37,2,3,7,Pro,1980.38,1,2,AM_12,"Collaboration,Integration,Analytics",52.63203299,39.77226549,Performance,Integration,0,0,0,0,60.4
InsightlySoft,email,2025-06-28 23:01:37,1,4,7,Basic,1268.66,29,1,AM_10,"Security,Analytics",55.65295973,29.57657619,How-To,Integration,0,0,0,0,56.3
InsightlySoft,chat,2025-07-05 12:01:37,1,3,7,Pro,1198.76,17,3,AM_10,"Billing,Analytics",35.84791369,31.24904008,Bug,Billing,1,0,0,0,34.7
InsightlySoft,web_form,2025-07-04 0:01:37,1,2,6,Pro,6620.28,5,4,AM_8,"Security,Collaboration",71.85532051,44.61574914,Feature Request,Analytics,0,0,0,0,65.8
GlobalFinance Corp,web_form,2025-06-15 1:01:37,0,0,1,Basic,3650.87,57,1,AM_8,"Integration,Analytics",52.27276842,41.24465709,Bug,Integration,0,0,0,0,48.7
GlobalFinance Corp,chat,2025-06-29 11:01:37,0,1,1,Enterprise,1833.54,55,1,AM_11,"Billing,Security,Analytics",56.39375285,23.84973392,Feature Request,Integration,0,0,0,1,84.1
GlobalFinance Corp,email,2025-06-30 5:01:37,2,3,2,Basic,652.05,50,1,AM_0,"Analytics,Integration",52.63162993,21.98229749,Other,Billing,2,0,0,0,63.4
InsightlySoft,email,2025-07-05 9:01:37,2,3,7,Enterprise,10863.82,6,0,AM_19,Billing,37.5234353,27.70826468,How-To,Collaboration,1,0,0,1,49.7
GlobalFinance Corp,web_form,2025-06-15 0:01:37,1,3,1,Enterprise,233.12,58,2,AM_16,Security,43.58411045,31.29248968,Feature Request,Security,0,0,0,1,61.1
GlobalFinance Corp,web_form,2025-07-04 22:01:37,0,1,6,Basic,438.92,55,4,AM_4,Billing,40.24742232,43.50537854,How-To,Security,0,0,0,0,34.6
GlobalFinance Corp,chat,2025-07-07 3:01:37,4,6,2,Pro,945.45,45,0,AM_11,Integration,31.11085421,26.02599975,Other,Collaboration,0,1,0,1,49.1
GlobalFinance Corp,web_form,2025-06-15 2:01:37,1,2,1,Basic,9272,8,0,AM_10,"Billing,Analytics",35.75925639,41.89958027,Feature Request,Collaboration,1,1,0,1,40.9
InsightlySoft,chat,2025-06-26 6:01:37,2,2,5,Basic,980.86,59,1,AM_15,"Collaboration,Integration,Security",65.59660654,32.99802632,How-To,Collaboration,0,0,0,0,59.7
InsightlySoft,web_form,2025-06-18 19:01:37,1,5,4,Enterprise,2028.44,25,2,AM_6,Security,45.8375331,34.8705963,Performance,Analytics,1,1,0,1,57.2
GlobalFinance Corp,web_form,2025-07-14 12:01:37,0,4,2,Basic,4295.94,19,2,AM_7,Billing,56.69125524,32.49118979,How-To,Analytics,1,0,0,0,71
InsightlySoft,web_form,2025-07-04 22:01:37,2,4,6,Basic,7943.08,48,0,AM_18,Security,42.34372551,38.66576375,How-To,Billing,1,0,0,1,44.4
InsightlySoft,email,2025-07-09 11:01:37,2,2,4,Enterprise,2787.29,50,0,AM_14,Billing,40.83846527,43.92200159,How-To,Collaboration,0,0,0,1,62.4
GlobalFinance Corp,email,2025-07-10 10:01:37,0,8,5,Basic,1454.88,39,0,AM_4,"Security,Analytics",62.90064632,30.2367444,Bug,Integration,2,0,0,0,66.3
GlobalFinance Corp,email,2025-06-24 18:01:37,2,5,3,Pro,12702.61,56,2,AM_8,Analytics,46.16242904,44.85500002,Feature Request,Collaboration,1,0,0,1,56.1
InsightlySoft,web_form,2025-07-08 7:01:37,1,5,3,Pro,79.53,9,3,AM_18,Billing,45.75847784,42.77018388,How-To,Collaboration,0,0,0,0,48.7
GlobalFinance Corp,chat,2025-07-04 1:01:37,1,7,6,Pro,5354.47,58,2,AM_12,Integration,50.63110664,33.7208538,Other,Integration,0,0,1,1,64.7
InsightlySoft,chat,2025-07-04 23:01:37,0,2,6,Enterprise,974.82,28,0,AM_6,"Security,Analytics,Collaboration",54.32977145,30.79711508,How-To,Billing,1,0,1,1,51.2
GlobalFinance Corp,chat,2025-06-23 22:01:37,2,2,2,Basic,5102.22,53,3,AM_0,"Billing,Analytics,Integration",42.65137229,47.21940069,How-To,Collaboration,0,0,0,0,58.3
InsightlySoft,chat,2025-07-02 17:01:37,0,3,4,Pro,530.81,57,1,AM_2,Security,26.14931079,33.80130703,Performance,Integration,2,0,0,0,27.5
GlobalFinance Corp,email,2025-06-23 12:01:37,3,6,2,Enterprise,1277.7,31,1,AM_6,"Integration,Analytics,Billing",59.56471895,34.41040412,Performance,Security,2,1,0,1,72.7
InsightlySoft,email,2025-06-21 18:01:37,2,2,7,Enterprise,172.8,1,0,AM_8,Billing,52.29928703,39.36859771,Performance,Security,0,0,0,1,70.8
InsightlySoft,web_form,2025-06-15 5:01:37,0,6,1,Pro,668.01,41,2,AM_3,Security,39.17229508,42.16678098,Bug,Integration,1,0,0,0,51.1
InsightlySoft,web_form,2025-06-21 1:01:37,1,6,7,Pro,2769.89,10,1,AM_7,Billing,46.38123161,46.77608232,Other,Collaboration,1,0,0,0,42.4
GlobalFinance Corp,chat,2025-07-02 8:01:37,2,4,4,Pro,4300.18,53,0,AM_19,Analytics,61.23766565,40.18213463,Feature Request,Analytics,0,0,0,0,59
InsightlySoft,email,2025-06-19 8:01:37,0,5,5,Enterprise,7265.01,50,3,AM_17,"Analytics,Collaboration",63.78768775,37.17818085,Other,Analytics,1,0,0,1,84.5
InsightlySoft,chat,2025-07-09 1:01:37,0,4,4,Pro,382.43,22,1,AM_1,Billing,44.6823566,37.86908513,Performance,Collaboration,0,1,0,1,58.6
GlobalFinance Corp,web_form,2025-06-29 2:01:37,0,2,1,Basic,454.47,1,1,AM_13,"Collaboration,Analytics,Billing",62.96625032,26.09707074,Other,Integration,0,0,0,0,49.3
GlobalFinance Corp,web_form,2025-07-11 3:01:37,3,2,6,Basic,8379.63,13,2,AM_5,"Collaboration,Security",48.00621538,33.57146019,Bug,Billing,0,0,0,1,63.5
InsightlySoft,chat,2025-06-27 7:01:37,2,6,6,Pro,4356.98,14,0,AM_6,"Integration,Billing,Security",40.65563093,28.16138664,How-To,Analytics,0,1,0,1,50.9
InsightlySoft,web_form,2025-07-06 11:01:37,1,5,1,Pro,2327.97,23,1,AM_0,"Collaboration,Analytics",42.71761609,42.61755352,Performance,Security,0,0,0,0,50.4
GlobalFinance Corp,chat,2025-06-25 11:01:37,1,2,4,Pro,1942.95,39,0,AM_15,Security,65.75754887,30.802507,Feature Request,Billing,0,0,0,0,63.4
GlobalFinance Corp,email,2025-06-26 13:01:37,1,2,5,Basic,514.91,28,0,AM_2,Integration,53.79533326,45.10824342,Bug,Security,0,0,0,0,48.9
GlobalFinance Corp,chat,2025-07-01 20:01:37,2,4,3,Basic,1430.73,29,0,AM_14,Analytics,38.5161745,32.16555626,Other,Collaboration,0,0,0,0,58.7
GlobalFinance Corp,email,2025-06-19 22:01:37,1,3,5,Basic,1398.54,58,2,AM_10,Integration,58.3070181,30.63593676,Feature Request,Billing,0,0,0,0,68.7
GlobalFinance Corp,email,2025-07-03 1:01:37,2,3,5,Basic,3135.33,40,1,AM_4,"Integration,Security",58.69914982,30.08837226,Feature Request,Collaboration,0,0,0,0,59
InsightlySoft,web_form,2025-07-01 7:01:37,1,6,3,Basic,2740.67,33,1,AM_16,"Collaboration,Security,Integration",43.8476666,24.61747491,Performance,Analytics,0,0,0,0,51.2
GlobalFinance Corp,web_form,2025-06-15 12:01:37,0,3,1,Enterprise,184.7,2,2,AM_15,Security,52.67000149,29.31643446,How-To,Collaboration,1,1,0,1,55.5
InsightlySoft,web_form,2025-07-08 10:01:37,6,4,3,Basic,5661.12,43,0,AM_19,Collaboration,62.17951869,30.08923392,Bug,Analytics,0,1,1,1,82.9
InsightlySoft,chat,2025-07-02 4:01:37,1,4,4,Pro,8320.06,33,2,AM_17,Integration,36.39510685,43.89861329,Other,Analytics,0,0,0,1,44.7
InsightlySoft,chat,2025-07-03 4:01:37,2,4,5,Basic,4545.23,24,1,AM_4,Security,29.88636735,33.67717147,Other,Integration,0,0,0,0,31.9
GlobalFinance Corp,web_form,2025-06-17 15:01:37,1,4,3,Basic,589.45,12,0,AM_18,"Analytics,Billing,Integration",41.26117558,34.46044324,Bug,Collaboration,0,0,0,0,34.1
InsightlySoft,chat,2025-06-16 2:01:37,1,5,2,Basic,566.84,40,0,AM_7,"Collaboration,Security",30.41555863,32.75447326,Bug,Billing,0,0,0,0,25.8
InsightlySoft,web_form,2025-07-14 10:01:37,2,0,2,Pro,3885.11,28,2,AM_13,Security,35.54658705,44.28292586,Feature Request,Billing,2,0,0,0,35.5
GlobalFinance Corp,chat,2025-07-04 23:01:37,0,3,6,Basic,1744.11,35,1,AM_10,Analytics,59.42591361,37.37816586,How-To,Integration,0,0,0,0,58.1
InsightlySoft,email,2025-06-16 15:01:37,0,1,2,Basic,4526.12,10,3,AM_14,"Billing,Collaboration,Security",39.53761196,28.65350267,How-To,Collaboration,1,0,0,0,40.6
InsightlySoft,email,2025-06-21 9:01:37,0,3,7,Basic,235.44,47,0,AM_0,"Collaboration,Billing,Integration",47.32190733,25.51540124,Performance,Integration,1,1,0,1,58.6
GlobalFinance Corp,web_form,2025-07-02 4:01:37,1,10,4,Pro,3780.96,44,1,AM_19,"Analytics,Security,Integration",55.25040162,31.85544571,Other,Analytics,0,0,0,0,54.7
InsightlySoft,chat,2025-07-13 4:01:37,1,3,1,Pro,1655.44,34,0,AM_11,"Billing,Analytics",59.85257247,45.68661997,Other,Collaboration,0,0,0,0,53.5
InsightlySoft,chat,2025-07-09 2:01:37,0,3,4,Basic,94.43,57,2,AM_10,Security,51.48452845,34.81519524,Bug,Billing,0,0,1,1,79.9
InsightlySoft,email,2025-06-27 5:01:37,0,2,6,Enterprise,2363.42,5,3,AM_14,"Integration,Collaboration,Analytics",26.60939318,45.31211893,Performance,Analytics,1,0,0,1,32.4
GlobalFinance Corp,email,2025-07-05 15:01:37,0,2,7,Basic,3602.29,41,0,AM_8,"Integration,Analytics",47.47893021,49.75815539,How-To,Integration,1,0,0,0,40.9
GlobalFinance Corp,web_form,2025-06-30 6:01:37,3,1,2,Enterprise,2253.85,18,1,AM_11,"Collaboration,Security",55.67704681,51.61475857,How-To,Integration,1,0,0,1,78.5
GlobalFinance Corp,email,2025-06-22 0:01:37,0,4,1,Basic,393.33,6,2,AM_0,"Integration,Security,Billing",49.67309264,33.42165378,How-To,Integration,0,0,0,0,41.9
InsightlySoft,web_form,2025-07-11 11:01:37,2,4,6,Pro,5076.98,11,2,AM_1,Integration,53.47804036,29.23329894,Performance,Collaboration,0,1,0,1,66.5
InsightlySoft,email,2025-07-03 9:01:37,1,5,5,Basic,1144.15,46,1,AM_16,"Billing,Analytics,Collaboration",41.27145224,42.24993622,Performance,Integration,0,0,1,1,53.6
GlobalFinance Corp,email,2025-07-08 1:01:37,0,6,3,Pro,7632.44,1,0,AM_0,"Analytics,Billing,Integration",48.94519634,27.17547969,Bug,Analytics,0,0,1,1,46.7
InsightlySoft,chat,2025-06-16 3:01:37,1,2,2,Basic,7121.45,23,4,AM_9,"Billing,Collaboration,Integration",54.6089999,36.11576589,Feature Request,Collaboration,1,1,0,1,59.3
InsightlySoft,email,2025-07-01 22:01:37,1,2,3,Basic,670.79,4,0,AM_12,"Security,Collaboration",62.2524008,28.82050831,Performance,Collaboration,0,0,0,1,76.1
GlobalFinance Corp,email,2025-06-29 4:01:37,1,2,1,Basic,1940.88,7,0,AM_14,"Security,Collaboration",41.61871554,32.61578789,How-To,Analytics,0,0,0,0,40.2
GlobalFinance Corp,web_form,2025-07-14 9:01:37,1,2,2,Basic,443.29,41,2,AM_4,"Billing,Security",41.3989017,35.20429584,Performance,Billing,0,0,0,0,44.9
InsightlySoft,email,2025-06-26 6:01:37,3,1,5,Pro,3397.25,49,2,AM_10,"Integration,Analytics",63.82848583,32.2978044,Feature Request,Collaboration,0,0,0,0,49.8
InsightlySoft,web_form,2025-07-10 1:01:37,1,2,5,Enterprise,5729.95,17,1,AM_6,"Security,Analytics,Integration",44.62497394,41.91076484,Performance,Analytics,0,0,0,1,47.7
InsightlySoft,email,2025-07-06 5:01:37,0,4,1,Basic,3135.56,11,1,AM_3,Collaboration,50.22710806,37.90997695,How-To,Collaboration,2,0,0,0,55
GlobalFinance Corp,email,2025-06-27 21:01:37,1,4,6,Pro,905.24,55,2,AM_19,"Analytics,Security",50.624542,28.20327123,Bug,Billing,0,0,1,1,66.6
GlobalFinance Corp,web_form,2025-06-15 16:01:37,1,3,1,Basic,238.15,58,2,AM_10,"Analytics,Billing,Security",47.95330704,28.90891858,Performance,Billing,0,0,0,0,36
GlobalFinance Corp,chat,2025-07-06 13:01:37,2,2,1,Basic,215.33,27,1,AM_6,"Billing,Integration",67.4240743,30.80590823,How-To,Security,0,0,0,0,54.1
GlobalFinance Corp,web_form,2025-07-09 23:01:37,1,2,4,Basic,2831.97,12,0,AM_13,Analytics,45.70826465,46.36554475,Performance,Collaboration,1,0,1,1,65
InsightlySoft,web_form,2025-07-09 17:01:37,1,2,4,Basic,9193.87,47,0,AM_6,"Collaboration,Billing,Analytics",55.90798269,41.84994974,Bug,Collaboration,0,0,0,1,65.3
GlobalFinance Corp,web_form,2025-06-17 13:01:37,3,1,3,Basic,3565.07,34,2,AM_9,Billing,43.82536869,20.09970361,Other,Analytics,0,0,0,0,37.7
GlobalFinance Corp,chat,2025-07-12 1:01:37,0,2,7,Enterprise,3934.97,8,0,AM_15,"Security,Integration,Collaboration",66.65374414,38.4099301,How-To,Analytics,0,1,0,1,95
GlobalFinance Corp,email,2025-07-03 6:01:37,0,3,5,Enterprise,1198.3,52,2,AM_6,"Integration,Billing",39.78769509,56.10768474,How-To,Security,0,0,1,1,55
GlobalFinance Corp,web_form,2025-07-04 19:01:37,0,2,6,Enterprise,2645.95,23,0,AM_10,"Billing,Collaboration",54.18361142,38.5243416,Performance,Analytics,0,0,0,1,57.9
GlobalFinance Corp,web_form,2025-07-02 4:01:37,0,3,4,Enterprise,1142.02,26,0,AM_18,"Collaboration,Integration",24.57355998,35.36499323,Other,Billing,0,0,0,1,39.5
InsightlySoft,chat,2025-06-28 10:01:37,1,5,7,Pro,6958.15,34,2,AM_3,"Billing,Security",45.06401358,30.93552551,How-To,Integration,1,0,0,0,48.5
InsightlySoft,web_form,2025-06-23 0:01:37,2,5,2,Basic,426.47,56,0,AM_1,Integration,53.5674004,28.02881942,How-To,Collaboration,1,1,0,1,61.3
GlobalFinance Corp,email,2025-06-29 9:01:37,1,1,1,Pro,2999.22,32,0,AM_15,"Collaboration,Integration,Security",33.47363011,38.11546488,Other,Security,0,0,0,0,43.1
InsightlySoft,chat,2025-07-05 1:01:37,1,3,7,Pro,3937.4,6,0,AM_1,"Billing,Security",44.26872136,19.86993016,Performance,Collaboration,1,0,1,1,64.6
GlobalFinance Corp,email,2025-07-06 15:01:37,1,6,1,Pro,3596.86,1,0,AM_7,"Billing,Analytics",80.01787838,30.61560092,How-To,Security,0,0,0,0,76.9
GlobalFinance Corp,email,2025-07-14 6:01:37,3,3,2,Pro,892.46,57,0,AM_10,Security,37.31266481,35.74457348,How-To,Integration,1,0,0,0,43.7
InsightlySoft,chat,2025-06-16 1:01:37,0,3,2,Pro,1996.78,59,1,AM_5,Collaboration,50.72371831,44.85318017,Bug,Security,1,0,0,0,50.2
InsightlySoft,web_form,2025-07-07 9:01:37,2,1,2,Basic,3266.11,50,0,AM_17,"Security,Integration",33.33822238,23.80402521,Feature Request,Security,0,0,0,0,30.9
GlobalFinance Corp,email,2025-07-05 17:01:37,0,2,7,Basic,8018.47,4,1,AM_16,Security,37.17448355,32.4893564,How-To,Integration,2,0,0,1,49.8
GlobalFinance Corp,email,2025-07-14 7:01:37,0,0,2,Pro,2077.4,25,0,AM_18,Integration,52.27889635,40.99866586,How-To,Analytics,1,0,0,0,47.3
GlobalFinance Corp,email,2025-06-26 4:01:37,1,2,5,Basic,1072.21,8,0,AM_10,"Billing,Security",45.76928773,34.44758662,How-To,Billing,0,0,0,0,41.9
InsightlySoft,email,2025-06-18 12:01:37,1,4,4,Basic,1465.83,40,0,AM_5,"Security,Analytics",39.86398721,46.36235126,Bug,Security,0,1,0,1,48.4
GlobalFinance Corp,chat,2025-07-07 22:01:37,3,5,2,Enterprise,2338.2,46,1,AM_11,"Integration,Security",43.33367645,40.37287847,Other,Billing,0,0,0,1,56.2
GlobalFinance Corp,chat,2025-06-21 19:01:37,0,6,7,Basic,11234.29,20,0,AM_11,"Security,Collaboration",59.08565395,29.52193961,Feature Request,Security,0,0,0,1,74
GlobalFinance Corp,email,2025-07-12 13:01:37,1,6,7,Enterprise,2969.26,14,0,AM_11,"Integration,Billing,Analytics",45.70149202,36.21503761,Bug,Integration,0,0,0,1,63
InsightlySoft,web_form,2025-07-05 16:01:37,1,6,7,Pro,504.32,33,1,AM_4,"Collaboration,Billing,Security",53.76393023,29.53290371,Feature Request,Billing,0,0,0,0,62.8
GlobalFinance Corp,email,2025-06-14 20:01:37,0,3,7,Basic,5557.28,58,2,AM_5,"Integration,Collaboration,Billing",30.5329843,35.36134398,Performance,Collaboration,0,0,0,0,20.7
GlobalFinance Corp,web_form,2025-06-29 18:01:37,1,3,1,Enterprise,600.65,52,2,AM_14,Billing,42.55049286,37.41198911,How-To,Billing,0,0,0,1,49.9
InsightlySoft,email,2025-06-28 17:01:37,1,5,7,Basic,118.55,3,1,AM_6,Collaboration,43.73333166,41.37423314,Other,Integration,0,0,0,0,34.2
GlobalFinance Corp,web_form,2025-07-12 10:01:37,1,2,7,Enterprise,316.78,15,0,AM_6,Security,40.59177221,37.66868911,Feature Request,Analytics,0,1,0,1,60.8
GlobalFinance Corp,email,2025-07-09 20:01:37,1,4,4,Pro,4627.05,27,0,AM_2,"Analytics,Collaboration,Billing",46.71807513,26.54366322,How-To,Analytics,0,0,0,0,38.6
InsightlySoft,web_form,2025-07-04 5:01:37,0,4,6,Enterprise,6965.17,19,0,AM_7,Collaboration,44.93492824,20.2861252,Other,Billing,0,0,0,1,52.7
GlobalFinance Corp,email,2025-07-07 6:01:37,2,4,2,Enterprise,936.76,1,1,AM_10,"Billing,Security,Analytics",55.28762294,40.17103316,How-To,Integration,0,0,0,1,62.4
InsightlySoft,email,2025-06-27 11:01:37,0,5,6,Basic,2068.12,57,1,AM_18,"Integration,Collaboration,Billing",59.06634982,19.15522316,How-To,Analytics,0,0,1,1,76.4
InsightlySoft,web_form,2025-07-04 23:01:37,1,4,6,Enterprise,2728.12,35,0,AM_0,"Integration,Security,Billing",41.78207163,37.31651952,Other,Analytics,0,1,1,1,51.4
GlobalFinance Corp,chat,2025-06-15 6:01:37,1,6,1,Pro,1627.42,52,0,AM_1,"Security,Integration,Collaboration",60.00839774,28.43017046,How-To,Analytics,0,0,0,0,63.6
GlobalFinance Corp,web_form,2025-07-11 10:01:37,1,3,6,Basic,202.67,33,0,AM_17,Collaboration,40.7071662,35.7028161,Performance,Billing,1,1,1,1,64.4
GlobalFinance Corp,chat,2025-06-17 19:01:37,0,0,3,Enterprise,174.96,51,2,AM_18,"Billing,Analytics",49.20976018,34.67726519,Bug,Analytics,1,1,0,1,66.5
GlobalFinance Corp,email,2025-07-13 20:01:37,0,2,1,Enterprise,1741.33,17,1,AM_19,Billing,34.6973841,38.31017499,Feature Request,Integration,0,0,0,1,52.2
InsightlySoft,web_form,2025-06-24 21:01:37,0,5,3,Basic,4796.5,13,1,AM_12,Collaboration,45.14755993,35.91629967,Other,Integration,0,0,1,1,55.3
GlobalFinance Corp,web_form,2025-06-26 10:01:37,2,1,5,Enterprise,265.28,52,4,AM_17,"Analytics,Collaboration",63.28740843,41.27151351,Bug,Collaboration,0,0,0,1,78.5
InsightlySoft,web_form,2025-06-21 0:01:37,3,2,7,Pro,690.79,48,2,AM_18,"Integration,Analytics,Security",49.42047333,37.89879751,Feature Request,Analytics,1,0,0,0,53.6
GlobalFinance Corp,chat,2025-07-10 21:01:37,1,7,5,Basic,943.18,58,2,AM_7,Security,45.43257997,44.773353,Other,Collaboration,2,0,0,0,43.1
GlobalFinance Corp,chat,2025-07-06 18:01:37,0,2,1,Pro,2456.99,12,0,AM_14,"Security,Analytics,Collaboration",27.99635899,31.89776585,Other,Collaboration,0,0,0,0,26.6
GlobalFinance Corp,email,2025-07-10 11:01:37,0,5,5,Pro,132.47,39,1,AM_17,"Integration,Analytics,Billing",47.3523845,27.19646205,Performance,Analytics,0,0,0,0,51.9
InsightlySoft,chat,2025-06-28 6:01:37,1,4,7,Pro,5899.26,26,1,AM_9,"Collaboration,Billing,Analytics",48.96101717,37.95632097,Other,Collaboration,0,1,0,1,54.8
GlobalFinance Corp,chat,2025-07-14 11:01:37,1,2,2,Pro,1908.75,27,2,AM_14,Integration,43.25743348,35.10722977,Performance,Analytics,1,0,0,0,53.5
GlobalFinance Corp,email,2025-06-18 2:01:37,1,2,4,Enterprise,1992.12,24,1,AM_9,"Billing,Integration",44.66078866,38.84120263,Feature Request,Security,0,0,0,1,41.5
GlobalFinance Corp,web_form,2025-06-21 3:01:37,0,1,7,Enterprise,1185.89,56,0,AM_17,Integration,46.9502136,35.36612166,How-To,Integration,0,0,0,1,53.9
GlobalFinance Corp,web_form,2025-07-05 3:01:37,0,0,7,Basic,714.78,17,2,AM_19,"Security,Collaboration",48.30923636,44.07913746,Performance,Security,0,1,0,1,72.1
InsightlySoft,email,2025-06-20 20:01:37,1,2,6,Basic,1356.11,11,0,AM_5,"Integration,Collaboration",46.19569331,39.63601963,How-To,Billing,0,1,0,1,46.9
GlobalFinance Corp,web_form,2025-07-04 18:01:37,1,3,6,Basic,7339.37,22,3,AM_0,"Analytics,Integration",59.7069474,26.15724967,How-To,Billing,0,0,0,1,65.7
InsightlySoft,chat,2025-07-11 0:01:37,0,3,6,Pro,296.91,8,2,AM_13,Collaboration,37.64312316,32.62899088,Other,Collaboration,0,0,0,0,36.4
InsightlySoft,email,2025-07-05 2:01:37,1,2,7,Enterprise,187.95,42,1,AM_19,"Security,Collaboration,Analytics",63.45774043,37.1667346,Bug,Security,0,0,0,1,61.1
InsightlySoft,email,2025-06-25 17:01:37,2,3,4,Basic,364.64,48,1,AM_2,"Billing,Integration",45.35628376,32.64655054,How-To,Security,0,0,0,0,39.7
InsightlySoft,email,2025-07-05 1:01:37,0,2,7,Basic,4501.45,32,2,AM_0,"Billing,Collaboration,Analytics",53.35372577,30.96072073,Bug,Analytics,0,0,0,0,53.8
InsightlySoft,web_form,2025-06-30 0:01:37,1,5,2,Enterprise,148.88,29,0,AM_9,"Security,Billing",58.65966074,46.11500641,Performance,Collaboration,0,0,0,1,81.4
InsightlySoft,email,2025-06-30 21:01:37,2,2,2,Pro,1215.64,42,3,AM_16,Security,49.9134137,41.93607303,How-To,Integration,0,0,0,0,68.9
GlobalFinance Corp,email,2025-06-26 11:01:37,0,3,5,Basic,1659.42,32,0,AM_0,Security,47.67869059,29.98627523,How-To,Security,0,0,0,0,42.7
InsightlySoft,email,2025-06-29 3:01:37,2,1,1,Basic,2122.41,56,2,AM_15,Security,49.46403106,43.06941319,How-To,Security,0,0,0,0,54.4
InsightlySoft,web_form,2025-07-02 14:01:37,2,4,4,Enterprise,9.61,57,0,AM_0,"Analytics,Security,Billing",28.58768675,42.28618777,Bug,Analytics,0,0,0,1,30.2
InsightlySoft,chat,2025-06-30 9:01:37,1,0,2,Basic,2001.07,40,2,AM_2,Analytics,21.46004759,40.65150759,Performance,Analytics,0,0,0,0,20.7
GlobalFinance Corp,email,2025-06-17 2:01:37,0,1,3,Pro,650.46,5,0,AM_4,Billing,55.55672937,23.7276546,Bug,Integration,0,0,1,1,78.8
GlobalFinance Corp,chat,2025-06-26 22:01:37,1,6,5,Pro,309.01,49,1,AM_18,"Analytics,Billing,Collaboration",44.71058879,37.19815085,Feature Request,Collaboration,1,1,1,1,62.1
InsightlySoft,web_form,2025-06-17 9:01:37,1,3,3,Pro,2286.18,13,1,AM_13,"Collaboration,Analytics",39.47378794,28.07212664,Feature Request,Analytics,1,0,0,0,41.9
GlobalFinance Corp,web_form,2025-07-09 8:01:37,0,4,4,Pro,4089.48,25,0,AM_13,"Analytics,Security,Collaboration",50.20527906,34.36549496,Other,Billing,0,0,0,0,41.5
InsightlySoft,web_form,2025-07-08 21:01:37,3,5,3,Basic,8188.57,42,0,AM_17,"Billing,Security",46.42922398,44.98957236,How-To,Security,2,0,1,1,49.9
InsightlySoft,web_form,2025-06-27 11:01:37,0,8,6,Pro,7313.82,10,2,AM_6,Collaboration,35.06584001,32.79254726,Feature Request,Billing,1,0,0,1,42.7
GlobalFinance Corp,chat,2025-07-10 21:01:37,0,7,5,Enterprise,1527.46,26,2,AM_19,"Billing,Security",57.47116174,34.7133376,Feature Request,Billing,0,0,0,1,69.6
InsightlySoft,email,2025-06-18 16:01:37,0,3,4,Enterprise,3652.77,26,1,AM_10,Billing,59.30423247,24.66823024,Bug,Security,0,0,0,1,58.8
GlobalFinance Corp,web_form,2025-07-02 22:01:37,2,3,4,Pro,3568.44,21,1,AM_9,Billing,50.10374017,37.07668692,Performance,Security,1,0,0,0,61.1
GlobalFinance Corp,web_form,2025-06-17 11:01:37,2,1,3,Basic,1593.62,23,1,AM_11,Billing,49.64472437,47.18800642,How-To,Analytics,2,0,0,0,51.4
InsightlySoft,chat,2025-07-05 11:01:37,2,7,7,Basic,310.12,44,0,AM_9,"Analytics,Collaboration,Integration",47.89128571,52.5870659,How-To,Collaboration,0,0,0,0,41.9
InsightlySoft,chat,2025-06-25 11:01:37,0,8,4,Basic,1443.84,12,0,AM_5,"Security,Billing,Integration",49.1983983,43.30884567,Other,Security,0,0,0,0,53.5
GlobalFinance Corp,web_form,2025-06-22 1:01:37,0,1,1,Enterprise,14622.24,39,3,AM_7,"Analytics,Collaboration,Integration",51.49134287,32.61243348,Performance,Collaboration,0,0,1,1,69.5
InsightlySoft,email,2025-07-03 6:01:37,4,5,5,Basic,2429.28,43,0,AM_6,"Integration,Analytics,Security",43.30226849,39.74429743,How-To,Security,0,0,1,1,69.8
InsightlySoft,email,2025-06-16 8:01:37,1,3,2,Basic,1252.88,52,0,AM_12,"Billing,Security,Integration",56.02698611,32.25928128,Bug,Billing,0,0,0,0,67.1
InsightlySoft,web_form,2025-07-08 22:01:37,2,5,3,Pro,4085.56,56,2,AM_11,Security,49.70220309,37.2812459,How-To,Billing,0,0,0,0,54.4
GlobalFinance Corp,chat,2025-06-29 21:01:37,2,2,1,Pro,3478.2,59,0,AM_11,Integration,55.73332022,40.14194813,Feature Request,Integration,0,0,0,0,55.6
GlobalFinance Corp,web_form,2025-06-15 1:01:37,3,3,1,Pro,2593.94,58,3,AM_12,Billing,60.61364117,24.97875966,How-To,Analytics,1,0,1,1,65.3
InsightlySoft,web_form,2025-07-13 19:01:37,0,4,1,Pro,3043.63,25,1,AM_8,Collaboration,48.3632176,42.12049602,Feature Request,Analytics,0,0,0,0,52.5
GlobalFinance Corp,chat,2025-07-03 12:01:37,1,6,5,Pro,2637.98,12,0,AM_19,"Integration,Analytics",51.32850598,39.41341815,Performance,Security,1,0,0,0,53.4
GlobalFinance Corp,web_form,2025-06-17 1:01:37,1,1,3,Basic,9389.65,36,0,AM_6,"Analytics,Collaboration,Security",54.44193977,30.02281618,Feature Request,Security,1,0,0,1,60.4
GlobalFinance Corp,web_form,2025-06-30 21:01:37,2,7,2,Enterprise,2134.75,32,1,AM_15,"Integration,Security",48.70437772,20.04562725,Performance,Analytics,0,0,0,1,66.4
GlobalFinance Corp,web_form,2025-07-11 5:01:37,0,3,6,Enterprise,2676.19,18,2,AM_18,"Security,Collaboration",44.55830533,37.64187912,Other,Integration,0,0,1,1,71.2
GlobalFinance Corp,chat,2025-06-18 21:01:37,1,4,4,Basic,1914.02,42,2,AM_10,"Collaboration,Analytics",49.83055519,41.612669,Feature Request,Security,0,1,0,1,66.6
InsightlySoft,email,2025-07-13 11:01:37,0,6,1,Pro,2750.54,20,0,AM_4,"Collaboration,Analytics,Integration",61.00679199,33.35827274,Performance,Collaboration,0,0,0,1,78.9
InsightlySoft,email,2025-07-04 18:01:37,1,2,6,Basic,6644.46,2,0,AM_16,Security,23.80375712,33.40390065,Bug,Security,0,0,0,0,14.7
InsightlySoft,chat,2025-06-29 15:01:37,1,0,1,Pro,1245.43,33,0,AM_0,Security,55.46656666,40.48863108,Performance,Collaboration,0,0,0,0,65
GlobalFinance Corp,email,2025-06-28 13:01:37,0,1,7,Pro,2054.96,46,1,AM_4,"Billing,Analytics",49.55555611,30.89958367,Other,Collaboration,0,0,0,0,54.1
GlobalFinance Corp,web_form,2025-06-17 13:01:37,1,4,3,Basic,1785.94,17,0,AM_1,Collaboration,42.7804274,41.48920165,Feature Request,Billing,1,0,0,0,38.2
InsightlySoft,email,2025-06-16 22:01:37,0,3,2,Basic,1522.38,59,2,AM_1,"Integration,Analytics,Security",56.66811044,33.79124305,Bug,Billing,1,0,0,0,55.1
GlobalFinance Corp,web_form,2025-07-02 7:01:37,1,3,4,Pro,5161.73,36,1,AM_11,Security,35.95716274,37.82011013,Performance,Integration,2,1,0,1,51.6
InsightlySoft,email,2025-06-29 7:01:37,1,4,1,Enterprise,791.68,30,1,AM_4,Collaboration,43.99121608,38.69530951,Feature Request,Billing,0,0,0,1,50.6
InsightlySoft,chat,2025-07-10 15:01:37,0,5,5,Basic,2078.95,57,2,AM_10,"Security,Analytics,Billing",61.11702219,48.49570388,Other,Collaboration,0,0,0,0,49.3
InsightlySoft,email,2025-07-12 19:01:37,0,1,7,Pro,7756.21,9,1,AM_12,"Billing,Security",29.06306899,38.19575641,How-To,Integration,0,0,0,1,48
GlobalFinance Corp,email,2025-06-27 4:01:37,1,7,6,Basic,527.55,31,0,AM_17,"Collaboration,Integration",53.01080629,28.74652594,Other,Billing,0,1,0,1,52.5
GlobalFinance Corp,email,2025-06-24 18:01:37,1,6,3,Basic,13.97,39,2,AM_13,"Billing,Security,Analytics",62.38539681,31.74792313,Other,Billing,0,0,0,0,60.2
InsightlySoft,chat,2025-06-20 15:01:37,1,2,6,Pro,924.57,21,0,AM_4,"Security,Analytics",59.03654832,31.72413573,Feature Request,Collaboration,1,0,0,0,62.9
InsightlySoft,email,2025-07-12 4:01:37,1,3,7,Pro,7665.14,22,1,AM_10,"Security,Analytics",51.98507217,40.13733959,Feature Request,Security,0,0,0,1,67.5
InsightlySoft,chat,2025-07-10 5:01:37,0,4,5,Pro,275.11,17,0,AM_3,"Security,Collaboration",38.40398953,35.53080331,Performance,Integration,0,0,0,0,24.7
InsightlySoft,web_form,2025-06-16 11:01:37,0,1,2,Pro,442.28,3,0,AM_16,"Integration,Security",56.93692967,35.92655931,Bug,Billing,0,0,0,0,63.3
GlobalFinance Corp,email,2025-06-21 21:01:37,0,4,7,Enterprise,1158.49,32,0,AM_13,"Integration,Collaboration,Security",41.72131835,45.51128908,Other,Collaboration,0,0,0,1,33.6
GlobalFinance Corp,chat,2025-07-09 19:01:37,0,7,4,Pro,4405.16,33,2,AM_2,"Security,Collaboration",46.44736163,43.0271241,Feature Request,Billing,0,0,1,1,59.2
InsightlySoft,chat,2025-06-19 20:01:37,1,1,5,Enterprise,4174.29,10,2,AM_1,"Integration,Collaboration",47.48233012,33.70736613,Feature Request,Security,0,0,0,1,56
InsightlySoft,email,2025-06-28 20:01:37,2,3,7,Basic,273.29,5,1,AM_7,"Billing,Analytics,Collaboration",35.6914639,49.7858619,Other,Analytics,0,0,0,0,50.8
GlobalFinance Corp,web_form,2025-06-28 10:01:37,1,1,7,Enterprise,8147.14,4,2,AM_15,Billing,60.93760574,54.04971166,Performance,Integration,1,0,0,1,72.2
GlobalFinance Corp,chat,2025-07-12 14:01:37,1,4,7,Basic,818.65,51,0,AM_5,"Integration,Security,Billing",47.08317261,29.24886783,Feature Request,Integration,1,0,0,0,49.8
InsightlySoft,email,2025-06-19 15:01:37,0,4,5,Basic,988.17,38,1,AM_6,"Billing,Integration",47.27777121,31.73899974,How-To,Collaboration,0,1,0,1,61.8
InsightlySoft,web_form,2025-07-02 17:01:37,0,2,4,Basic,1465.32,32,1,AM_14,"Analytics,Security,Collaboration",41.8819753,27.35215081,How-To,Collaboration,0,0,0,0,37.1
InsightlySoft,chat,2025-06-30 17:01:37,1,6,2,Pro,3019.41,38,0,AM_8,"Analytics,Billing,Collaboration",40.91625419,47.27466252,Bug,Billing,0,0,0,0,37.8
GlobalFinance Corp,chat,2025-07-06 6:01:37,2,3,1,Basic,2210.1,41,0,AM_17,"Analytics,Billing,Security",54.16976257,29.15913406,Performance,Integration,0,0,0,0,51.8
GlobalFinance Corp,web_form,2025-07-04 20:01:37,0,4,6,Basic,7919,20,1,AM_11,"Integration,Collaboration,Billing",54.43075463,31.99757651,Other,Billing,0,0,0,1,44.7
GlobalFinance Corp,web_form,2025-06-28 20:01:37,1,2,7,Pro,2494.61,9,0,AM_5,Security,77.72210108,55.15655996,Other,Analytics,1,0,0,0,75.2
InsightlySoft,email,2025-06-16 23:01:37,0,5,2,Pro,5835.51,15,2,AM_11,"Security,Billing,Collaboration",44.88662724,43.62089868,Other,Integration,0,0,0,0,38.7
InsightlySoft,email,2025-07-09 2:01:37,2,3,4,Pro,244.29,52,0,AM_6,"Collaboration,Integration",43.76501574,33.89154493,How-To,Analytics,0,0,0,0,44
GlobalFinance Corp,chat,2025-06-27 19:01:37,0,4,6,Pro,5811.78,8,2,AM_14,Security,59.07110794,35.75399657,Other,Billing,0,0,0,0,56.3
GlobalFinance Corp,web_form,2025-06-23 14:01:37,1,3,2,Enterprise,660.87,56,1,AM_0,"Billing,Collaboration,Analytics",56.41472339,21.83848298,Bug,Security,0,0,0,1,73.6
InsightlySoft,web_form,2025-06-29 16:01:37,1,3,1,Enterprise,1350.86,34,1,AM_14,"Billing,Collaboration",45.1049887,35.48289183,How-To,Analytics,0,0,0,1,65.6
GlobalFinance Corp,web_form,2025-06-28 21:01:37,3,6,7,Basic,1156.49,30,1,AM_13,"Security,Billing",51.53015429,37.84609645,Feature Request,Security,0,0,0,0,51.4
GlobalFinance Corp,chat,2025-06-20 18:01:37,0,1,6,Enterprise,1234.22,10,0,AM_12,"Security,Analytics",63.60638148,27.40007518,Performance,Integration,1,0,0,1,71.2
InsightlySoft,web_form,2025-06-18 7:01:37,1,4,4,Basic,7528.13,14,4,AM_13,"Collaboration,Billing",36.09177368,37.79959495,Feature Request,Security,0,0,0,1,54.8
GlobalFinance Corp,web_form,2025-07-04 4:01:37,0,1,6,Pro,1748.01,56,4,AM_14,Integration,40.57753926,52.41816038,Feature Request,Security,0,0,0,0,47.9
InsightlySoft,chat,2025-06-24 21:01:37,1,1,3,Enterprise,935.79,34,1,AM_8,"Analytics,Security",52.28985267,47.76668204,Performance,Billing,0,0,0,1,69.6
InsightlySoft,email,2025-07-10 0:01:37,0,4,5,Pro,1046.13,59,2,AM_17,"Security,Billing",41.23889751,48.62116344,Performance,Billing,0,0,1,1,49.5
InsightlySoft,email,2025-07-13 22:01:37,0,3,1,Enterprise,4878.78,56,0,AM_5,"Collaboration,Billing",41.73463377,33.64611161,Other,Billing,0,0,0,1,66.1
InsightlySoft,chat,2025-06-22 18:01:37,2,1,1,Enterprise,2323.82,22,0,AM_19,"Integration,Collaboration",60.27672171,32.88766697,Other,Billing,1,0,0,1,72.5
InsightlySoft,web_form,2025-07-08 17:01:37,0,2,3,Enterprise,1790.77,13,0,AM_3,Analytics,52.13255044,40.67932593,Bug,Integration,2,0,0,1,55.3
InsightlySoft,chat,2025-07-06 2:01:37,0,2,1,Basic,7844.25,51,1,AM_7,"Collaboration,Integration,Security",47.45219879,31.70623106,Performance,Billing,0,0,0,1,61
InsightlySoft,email,2025-06-22 15:01:37,1,2,1,Enterprise,7978.11,59,0,AM_18,"Collaboration,Security,Integration",40.22828966,41.67331409,Performance,Integration,0,0,0,1,54.8
GlobalFinance Corp,email,2025-06-29 2:01:37,1,3,1,Basic,4233.22,29,0,AM_10,"Analytics,Security,Collaboration",51.666055,43.78264885,Feature Request,Integration,0,1,0,1,69.7
InsightlySoft,chat,2025-06-23 18:01:37,1,4,2,Basic,2189.47,29,0,AM_7,Billing,59.72235407,53.53337996,Other,Security,0,0,1,1,71.3
InsightlySoft,chat,2025-07-07 20:01:37,1,7,2,Pro,371.97,7,1,AM_9,"Collaboration,Integration,Security",35.0835736,25.49414478,Bug,Integration,0,0,0,0,26.7
GlobalFinance Corp,email,2025-06-21 20:01:37,0,2,7,Enterprise,3692.49,44,1,AM_4,"Integration,Analytics",35.78733654,44.4255868,Other,Billing,0,1,0,1,44.4
GlobalFinance Corp,chat,2025-07-07 5:01:37,2,7,2,Basic,5064.02,6,0,AM_1,Security,54.80102702,32.16384413,Performance,Collaboration,0,1,0,1,76.8
GlobalFinance Corp,email,2025-06-19 1:01:37,2,0,5,Enterprise,5732.47,35,3,AM_11,"Billing,Collaboration,Analytics",42.41448046,48.14973392,Bug,Security,0,0,0,1,42.3
InsightlySoft,chat,2025-06-19 6:01:37,0,3,5,Enterprise,2615.85,37,0,AM_19,"Collaboration,Billing,Analytics",39.91376381,38.94814025,Other,Integration,1,0,0,1,57.2
GlobalFinance Corp,chat,2025-06-19 16:01:37,1,6,5,Enterprise,2877.9,4,2,AM_5,"Billing,Analytics,Integration",41.19252534,37.19061392,Feature Request,Security,0,0,0,1,47.5
InsightlySoft,chat,2025-06-26 6:01:37,0,2,5,Basic,3706.3,14,0,AM_10,Integration,55.56598766,43.67678636,Other,Integration,0,0,0,0,54.1
InsightlySoft,email,2025-06-30 22:01:37,1,1,2,Enterprise,6212.73,6,0,AM_18,Analytics,55.25919945,43.86679746,Other,Integration,0,0,1,1,78
InsightlySoft,chat,2025-06-23 19:01:37,0,2,2,Pro,139.46,17,0,AM_17,"Security,Collaboration",51.95883262,33.06456176,Bug,Security,0,0,0,0,48.3
InsightlySoft,email,2025-07-11 11:01:37,2,6,6,Basic,2484.99,49,3,AM_6,Collaboration,43.71625822,36.86599961,Bug,Security,0,0,0,0,36.7
GlobalFinance Corp,email,2025-06-20 9:01:37,2,3,6,Enterprise,1381.81,24,1,AM_16,Billing,39.84617193,31.26837493,How-To,Analytics,0,0,0,1,54.6
GlobalFinance Corp,chat,2025-06-16 2:01:37,2,2,2,Basic,5372.15,13,1,AM_3,"Analytics,Integration",41.96758413,37.23854575,Performance,Analytics,0,0,0,0,46.4
InsightlySoft,chat,2025-06-28 6:01:37,2,6,7,Basic,430.96,56,2,AM_2,"Analytics,Billing,Collaboration",39.11427131,43.55990379,Feature Request,Billing,0,0,1,1,50.5
InsightlySoft,email,2025-06-19 10:01:37,2,3,5,Basic,7213.9,12,2,AM_3,"Collaboration,Security,Analytics",44.07366639,48.40074441,Other,Integration,0,0,0,1,66
InsightlySoft,email,2025-07-10 11:01:37,1,1,5,Basic,397.19,57,4,AM_13,Collaboration,48.36107056,21.38883445,Bug,Security,0,0,0,0,58.9
GlobalFinance Corp,web_form,2025-06-28 0:01:37,0,3,7,Pro,280.71,29,0,AM_8,"Analytics,Collaboration",55.3857242,45.22478805,Other,Collaboration,0,0,0,0,65.8
InsightlySoft,email,2025-07-05 10:01:37,0,4,7,Enterprise,1276.23,24,0,AM_17,"Integration,Billing,Analytics",48.37849747,42.10597564,Other,Security,0,0,0,1,63
InsightlySoft,web_form,2025-06-23 4:01:37,0,5,2,Enterprise,15733.88,34,2,AM_17,"Collaboration,Integration",46.31372298,26.63275819,Other,Analytics,0,0,0,1,57.1
GlobalFinance Corp,web_form,2025-06-18 8:01:37,0,5,4,Basic,3013.75,14,1,AM_15,"Billing,Analytics",65.01358039,23.3539505,Other,Security,0,0,0,0,61.8
GlobalFinance Corp,web_form,2025-07-04 22:01:37,3,1,6,Basic,80.38,27,0,AM_11,Security,13.19858589,36.17855403,Feature Request,Collaboration,1,1,0,1,22.7
InsightlySoft,chat,2025-06-26 23:01:37,2,2,5,Basic,860.11,5,1,AM_7,"Billing,Integration,Analytics",54.42141431,35.43154903,Feature Request,Security,0,0,0,0,46.6
GlobalFinance Corp,chat,2025-07-09 22:01:37,0,7,4,Basic,484.61,40,0,AM_8,"Integration,Collaboration",53.22062681,36.48425596,Feature Request,Security,0,0,0,0,49.7
GlobalFinance Corp,email,2025-07-07 23:01:37,2,3,2,Enterprise,3.01,47,1,AM_17,"Analytics,Collaboration,Billing",53.34910369,48.28845142,Feature Request,Collaboration,0,0,0,1,68.4
InsightlySoft,web_form,2025-07-05 8:01:37,1,3,7,Basic,2170.45,9,1,AM_5,"Security,Billing,Collaboration",57.29328384,23.93958032,How-To,Analytics,1,0,0,0,65.9
GlobalFinance Corp,chat,2025-07-05 4:01:37,0,2,7,Basic,1439.47,16,1,AM_13,"Billing,Security,Analytics",36.13013932,27.07659098,Bug,Security,0,0,0,0,24.6
InsightlySoft,chat,2025-07-07 4:01:37,1,2,2,Enterprise,2850.16,13,0,AM_5,"Analytics,Collaboration,Integration",57.5428311,25.07974583,Performance,Analytics,0,0,0,1,66.9
GlobalFinance Corp,chat,2025-07-04 9:01:37,0,2,6,Pro,731.43,54,2,AM_6,"Billing,Integration",51.83772651,45.35806436,Performance,Collaboration,0,0,0,0,66
InsightlySoft,chat,2025-07-01 12:01:37,3,4,3,Basic,5334.51,15,1,AM_4,"Integration,Collaboration,Billing",44.03965991,41.65568394,Bug,Security,0,0,0,0,47.7
InsightlySoft,chat,2025-07-06 0:01:37,0,6,1,Enterprise,1449.45,36,0,AM_2,"Security,Integration",54.29943247,37.31242619,Performance,Security,0,0,0,1,64.5
InsightlySoft,web_form,2025-06-17 10:01:37,1,10,3,Basic,1978.58,25,1,AM_9,Collaboration,49.78051728,31.91283761,How-To,Integration,0,0,0,0,47.6
GlobalFinance Corp,web_form,2025-06-28 10:01:37,1,3,7,Enterprise,3955.75,16,1,AM_15,Security,38.57512116,34.39630885,Bug,Billing,0,0,0,1,52.2
InsightlySoft,web_form,2025-07-10 18:01:37,4,3,5,Pro,545.16,44,0,AM_10,"Collaboration,Billing",27.7628116,32.9646431,Performance,Collaboration,0,0,1,1,36.3
GlobalFinance Corp,web_form,2025-07-11 4:01:37,2,2,6,Pro,912.83,52,1,AM_2,Billing,34.88167558,41.01331293,Other,Analytics,0,0,0,0,42.8
InsightlySoft,email,2025-06-27 11:01:37,2,2,6,Pro,504.38,54,1,AM_14,Analytics,40.85714415,51.35356258,How-To,Collaboration,0,0,0,0,33.6
InsightlySoft,web_form,2025-06-28 8:01:37,1,6,7,Basic,4384.11,44,1,AM_11,"Security,Integration,Analytics",51.94962708,27.24458069,Performance,Integration,0,0,0,0,53.3
GlobalFinance Corp,chat,2025-06-15 18:01:37,2,1,1,Pro,307.83,31,1,AM_0,"Analytics,Integration",33.60597884,32.58813263,How-To,Collaboration,0,0,0,0,27.8
InsightlySoft,web_form,2025-06-18 9:01:37,0,4,4,Basic,2014.17,47,0,AM_12,"Security,Analytics",52.10378773,34.17471542,Bug,Billing,1,0,0,0,47.4
InsightlySoft,email,2025-06-23 21:01:37,0,6,2,Basic,4157.8,37,0,AM_15,"Analytics,Integration,Collaboration",51.12406159,15.48302731,Bug,Collaboration,0,0,0,0,43.2
GlobalFinance Corp,chat,2025-06-19 14:01:37,1,2,5,Pro,2126.38,33,1,AM_6,Analytics,68.57193313,43.02807555,Bug,Analytics,1,0,0,0,78.4
InsightlySoft,web_form,2025-06-20 12:01:37,3,3,6,Basic,2131.96,20,0,AM_6,"Billing,Security,Collaboration",51.60871538,36.65783591,Performance,Analytics,0,0,0,0,44.1
InsightlySoft,web_form,2025-07-09 5:01:37,3,1,4,Pro,197.38,26,1,AM_5,"Security,Analytics",27.30141653,39.17207631,Feature Request,Billing,0,0,0,0,27.9
InsightlySoft,web_form,2025-06-17 17:01:37,2,5,3,Pro,4581.66,35,6,AM_2,"Collaboration,Integration,Security",59.45706406,31.28946344,How-To,Integration,0,1,0,1,83.5
InsightlySoft,chat,2025-07-01 16:01:37,1,1,3,Basic,2779.08,40,0,AM_11,"Integration,Collaboration",38.87675533,39.19171338,Performance,Security,0,1,0,1,37.7
GlobalFinance Corp,chat,2025-06-15 15:01:37,1,3,1,Basic,3303.46,7,3,AM_8,"Security,Billing",38.34460549,34.86561947,How-To,Security,0,1,0,1,43.4
GlobalFinance Corp,email,2025-07-05 13:01:37,0,3,7,Enterprise,4354.73,45,1,AM_10,Billing,46.0519882,36.57187378,Other,Billing,0,0,0,1,48.2
InsightlySoft,chat,2025-06-26 12:01:37,0,4,5,Basic,2467.16,42,0,AM_5,"Billing,Collaboration",53.51006015,44.81100788,Bug,Billing,0,0,0,0,63.4
GlobalFinance Corp,chat,2025-07-12 20:01:37,0,2,7,Pro,2131.63,31,1,AM_11,Billing,45.25663052,38.94246605,Bug,Analytics,1,0,0,0,41.8
InsightlySoft,web_form,2025-07-06 18:01:37,3,2,1,Basic,3264.49,17,4,AM_15,"Billing,Collaboration,Analytics",48.09961705,24.04092331,Feature Request,Billing,0,0,0,0,54.1
GlobalFinance Corp,chat,2025-06-23 2:01:37,2,4,2,Basic,6908,43,3,AM_5,Billing,38.86544805,35.28917448,Bug,Analytics,0,0,0,0,41.8
InsightlySoft,web_form,2025-06-28 23:01:37,2,0,7,Pro,3052.46,8,0,AM_11,"Collaboration,Security,Analytics",36.32115284,45.58868119,Other,Collaboration,0,0,0,0,32.1
InsightlySoft,web_form,2025-06-15 23:01:37,2,3,1,Enterprise,4658.06,23,1,AM_3,"Security,Analytics,Billing",50.01500818,34.41749525,How-To,Analytics,0,0,0,1,71.5
InsightlySoft,chat,2025-06-30 20:01:37,0,3,2,Pro,1963.35,47,1,AM_17,"Integration,Security,Collaboration",32.75261507,42.06817882,Performance,Analytics,0,0,0,0,20.8
InsightlySoft,email,2025-07-13 3:01:37,0,7,1,Pro,2671.66,44,0,AM_16,"Collaboration,Billing",40.86718902,48.33808762,Bug,Collaboration,0,0,0,0,46.5
InsightlySoft,email,2025-07-02 13:01:37,0,3,4,Basic,595.9,18,0,AM_7,Collaboration,44.69357185,43.02855965,Performance,Analytics,0,0,0,0,45.2
InsightlySoft,chat,2025-06-16 0:01:37,1,2,2,Basic,2011.33,42,2,AM_12,"Security,Integration,Billing",50.34589699,40.07660102,Feature Request,Security,2,0,0,0,49.7
GlobalFinance Corp,email,2025-07-08 0:01:37,0,2,3,Basic,483.64,12,1,AM_4,"Security,Analytics,Billing",45.39566989,37.74988228,Bug,Analytics,1,0,1,1,50
InsightlySoft,web_form,2025-06-30 23:01:37,1,1,2,Basic,1887.82,30,1,AM_2,Security,44.82592604,34.21832228,Feature Request,Billing,0,0,0,0,34.4
GlobalFinance Corp,web_form,2025-07-10 10:01:37,0,1,5,Pro,201.47,36,3,AM_18,"Security,Collaboration,Analytics",35.69557764,35.18282016,How-To,Analytics,0,0,0,0,38
InsightlySoft,chat,2025-07-08 1:01:37,0,3,3,Basic,2575.53,15,1,AM_4,"Security,Collaboration",43.85834656,47.1290292,How-To,Collaboration,1,0,0,0,39
GlobalFinance Corp,email,2025-06-18 7:01:37,1,2,4,Pro,1013.71,18,0,AM_17,Security,45.5032569,41.41467256,Other,Billing,0,1,0,1,50.3
GlobalFinance Corp,email,2025-07-12 12:01:37,0,3,7,Pro,5528.73,25,3,AM_5,"Collaboration,Integration,Security",52.16531571,34.78427274,Bug,Collaboration,0,1,0,1,54.7
GlobalFinance Corp,web_form,2025-07-13 8:01:37,0,6,1,Enterprise,1416.08,13,1,AM_8,Analytics,39.99905735,33.76364482,Performance,Collaboration,0,0,0,1,46.8
InsightlySoft,chat,2025-07-04 16:01:37,2,2,6,Basic,7494.82,24,1,AM_16,"Security,Analytics",39.05980724,36.67669024,Bug,Security,0,0,0,1,56.7
InsightlySoft,email,2025-07-10 1:01:37,1,3,5,Pro,1921.02,17,1,AM_10,"Analytics,Billing",35.87692671,38.62850296,How-To,Integration,0,0,0,0,30
GlobalFinance Corp,chat,2025-07-01 12:01:37,1,2,3,Pro,5668.9,1,1,AM_14,"Billing,Integration,Collaboration",49.51729348,33.15977074,Feature Request,Security,1,0,1,1,53.6
InsightlySoft,email,2025-07-13 19:01:37,2,3,1,Pro,1058.35,56,0,AM_18,Security,44.49734196,26.71351086,Other,Collaboration,0,0,0,0,45.1
GlobalFinance Corp,web_form,2025-06-21 12:01:37,3,1,7,Basic,1802.26,37,0,AM_15,"Collaboration,Analytics",46.65851731,40.27467289,Performance,Collaboration,0,0,0,0,48.2
InsightlySoft,web_form,2025-06-17 19:01:37,0,1,3,Basic,3012.63,49,1,AM_0,Analytics,43.26109628,32.76355311,Feature Request,Collaboration,0,0,0,0,33.7
GlobalFinance Corp,chat,2025-07-09 20:01:37,1,1,4,Pro,897.85,27,0,AM_14,Integration,43.65796613,31.11714859,Performance,Collaboration,0,0,0,0,39.5
GlobalFinance Corp,web_form,2025-06-15 13:01:37,4,1,1,Enterprise,3212.95,20,0,AM_4,"Analytics,Collaboration,Integration",41.92397322,32.50754685,Other,Collaboration,1,0,0,1,66
InsightlySoft,email,2025-06-17 23:01:37,2,3,3,Pro,1021.57,18,3,AM_19,"Integration,Collaboration",53.00826984,30.76423651,Other,Security,0,0,0,0,55.9
GlobalFinance Corp,web_form,2025-07-05 22:01:37,1,6,7,Basic,1986.65,9,3,AM_4,"Billing,Security,Analytics",48.41194492,41.90454164,Performance,Integration,0,0,0,0,45.9
InsightlySoft,chat,2025-06-27 8:01:37,2,5,6,Basic,70.94,10,2,AM_15,Collaboration,62.67807326,43.58453325,How-To,Collaboration,0,0,0,0,46.4
GlobalFinance Corp,chat,2025-07-10 1:01:37,2,3,5,Pro,244.22,54,0,AM_7,"Billing,Collaboration,Analytics",44.96568946,41.81548567,Feature Request,Integration,0,0,1,1,55.6
GlobalFinance Corp,chat,2025-07-12 22:01:37,0,3,7,Enterprise,772.82,59,1,AM_5,"Collaboration,Billing,Integration",63.76069471,37.84118482,Feature Request,Billing,0,0,1,1,82.4
InsightlySoft,email,2025-07-09 10:01:37,1,4,4,Basic,4927.32,25,2,AM_11,"Billing,Analytics",45.15668572,25.8755265,Bug,Analytics,0,0,0,0,49.5
InsightlySoft,email,2025-07-08 4:01:37,3,2,3,Pro,3239.82,49,0,AM_3,Analytics,53.10255585,40.12538038,Feature Request,Collaboration,2,1,0,1,71.8
InsightlySoft,email,2025-06-28 8:01:37,1,3,7,Basic,6717.37,1,0,AM_15,"Security,Analytics,Integration",41.88989512,51.83079846,How-To,Collaboration,0,0,0,0,45.4
GlobalFinance Corp,email,2025-06-23 10:01:37,0,5,2,Enterprise,7052.52,59,2,AM_10,Analytics,52.84347825,34.5176448,How-To,Collaboration,0,0,0,1,58.8
InsightlySoft,email,2025-07-12 21:01:37,1,6,7,Pro,1408.43,36,0,AM_12,"Collaboration,Security,Analytics",24.92384089,23.184249,Performance,Analytics,0,0,0,0,12
GlobalFinance Corp,web_form,2025-07-10 6:01:37,0,1,5,Basic,1374.37,18,1,AM_19,"Billing,Analytics",35.5261705,41.82662303,Bug,Integration,0,1,0,1,38.9
GlobalFinance Corp,email,2025-07-05 15:01:37,2,4,7,Basic,5418.97,47,2,AM_14,"Billing,Security,Integration",38.2046692,21.81150064,Feature Request,Security,1,1,1,1,39
InsightlySoft,email,2025-06-26 7:01:37,2,3,5,Pro,1667.7,15,0,AM_4,"Integration,Security",68.52885861,28.39772119,Feature Request,Collaboration,0,0,0,0,59.7
InsightlySoft,web_form,2025-07-01 15:01:37,0,4,3,Pro,5838.96,33,1,AM_12,"Security,Analytics,Billing",58.53769547,33.98094738,Other,Analytics,0,0,0,0,60.6
GlobalFinance Corp,email,2025-07-07 9:01:37,0,2,2,Pro,2115.23,22,1,AM_1,"Integration,Analytics,Security",50.59226567,44.88799324,Performance,Billing,0,0,0,0,45.4
GlobalFinance Corp,chat,2025-07-05 6:01:37,2,5,7,Basic,1658.66,24,2,AM_11,"Analytics,Integration",43.84217282,37.30160294,Bug,Analytics,0,0,0,0,46.4
InsightlySoft,email,2025-06-15 11:01:37,0,1,1,Pro,981.64,1,0,AM_5,"Billing,Security,Collaboration",42.18265415,31.22000739,How-To,Collaboration,0,0,0,0,44.7
InsightlySoft,email,2025-06-16 18:01:37,5,4,2,Enterprise,405.7,11,0,AM_2,"Integration,Collaboration,Analytics",41.93795469,31.36915887,Feature Request,Integration,0,0,0,1,47.4
InsightlySoft,chat,2025-07-03 15:01:37,1,5,5,Enterprise,2239.03,43,1,AM_9,"Security,Integration",54.75051446,27.32431106,Feature Request,Integration,0,0,0,1,74
InsightlySoft,chat,2025-06-28 23:01:37,1,1,7,Basic,1180.13,26,4,AM_19,"Analytics,Billing,Security",48.90439928,31.77013218,Other,Billing,0,0,1,1,76.2
InsightlySoft,chat,2025-06-24 9:01:37,0,1,3,Basic,860.81,26,1,AM_3,Billing,56.98948965,34.29548235,Other,Collaboration,1,1,0,1,74.5
GlobalFinance Corp,chat,2025-06-15 12:01:37,2,4,1,Basic,557.76,6,1,AM_9,"Analytics,Security,Collaboration",53.60768795,36.5195193,Feature Request,Billing,0,0,1,1,57.9
GlobalFinance Corp,email,2025-06-16 3:01:37,1,1,2,Basic,1476.12,33,1,AM_6,"Integration,Collaboration",52.13717813,40.97772101,Feature Request,Billing,0,0,0,0,48.9
GlobalFinance Corp,chat,2025-07-02 16:01:37,1,4,4,Pro,2434.93,14,1,AM_17,"Analytics,Integration,Billing",40.15775786,37.54066385,Other,Collaboration,0,0,1,1,62.8
GlobalFinance Corp,chat,2025-06-29 21:01:37,0,3,1,Basic,5442.49,24,2,AM_13,Billing,40.13006692,26.50137649,How-To,Integration,0,0,0,0,43.3
InsightlySoft,web_form,2025-06-17 9:01:37,1,4,3,Basic,5147.56,38,0,AM_17,Collaboration,49.30717284,19.80864148,Feature Request,Integration,0,0,0,0,52.1
InsightlySoft,chat,2025-07-06 6:01:37,2,5,1,Enterprise,5794.38,49,1,AM_0,"Integration,Billing,Analytics",51.80050464,30.94583171,Performance,Integration,2,0,0,1,58.8
InsightlySoft,chat,2025-07-05 21:01:37,0,4,7,Basic,2575.72,41,0,AM_16,"Security,Billing,Analytics",46.07494755,52.32189154,Feature Request,Integration,0,0,0,0,51.5
GlobalFinance Corp,web_form,2025-06-21 18:01:37,2,3,7,Enterprise,2459.87,17,0,AM_2,"Analytics,Security",35.55451856,33.35101486,Performance,Integration,0,0,1,1,55.6
GlobalFinance Corp,web_form,2025-07-01 7:01:37,1,5,3,Basic,7066.11,57,1,AM_14,"Billing,Integration,Security",50.23385707,37.41701074,Other,Billing,0,0,0,1,46.4
InsightlySoft,email,2025-06-20 0:01:37,0,6,6,Basic,1021.34,14,0,AM_13,"Collaboration,Security",55.56642629,24.75999443,How-To,Security,0,0,0,0,56.9
InsightlySoft,web_form,2025-07-07 5:01:37,1,4,2,Basic,471.54,19,0,AM_6,Security,36.9679203,31.51644391,Bug,Collaboration,0,0,0,0,36.4
GlobalFinance Corp,email,2025-06-23 23:01:37,5,2,2,Enterprise,259.21,8,0,AM_9,Analytics,45.07478297,41.05681259,Bug,Security,0,0,0,1,48.6
GlobalFinance Corp,web_form,2025-07-01 10:01:37,3,1,3,Enterprise,6387.02,56,2,AM_7,Analytics,38.53468282,40.24409118,Bug,Billing,0,0,0,1,54.6
InsightlySoft,web_form,2025-07-11 7:01:37,3,1,6,Pro,1394.56,23,0,AM_10,Analytics,57.56540322,36.14153137,Other,Collaboration,1,0,0,0,47
InsightlySoft,email,2025-07-02 3:01:37,2,1,4,Basic,2071.81,44,1,AM_4,"Integration,Security,Collaboration",67.96419629,39.22060258,Other,Billing,0,0,0,0,80.6
GlobalFinance Corp,web_form,2025-07-03 20:01:37,1,2,5,Pro,4874.57,2,0,AM_2,"Security,Analytics,Integration",61.14012047,46.4046241,Feature Request,Collaboration,1,0,0,0,46.5
InsightlySoft,email,2025-07-06 10:01:37,2,2,1,Pro,1401.23,3,1,AM_19,"Security,Analytics",32.17717713,37.36169457,How-To,Analytics,0,0,0,0,21.8
InsightlySoft,web_form,2025-07-04 18:01:37,0,3,6,Enterprise,6073.83,53,0,AM_8,"Security,Billing",51.4609167,49.23453436,How-To,Billing,0,0,0,1,67.9
InsightlySoft,chat,2025-06-15 22:01:37,1,5,1,Enterprise,1164.49,13,1,AM_18,Billing,53.50084863,39.04166774,Feature Request,Billing,0,0,0,1,60.5
GlobalFinance Corp,web_form,2025-06-16 7:01:37,0,4,2,Enterprise,3954.59,5,0,AM_6,"Collaboration,Billing",65.34575199,30.86722847,How-To,Analytics,0,0,0,1,78.3
GlobalFinance Corp,email,2025-07-02 11:01:37,1,2,4,Pro,3302.17,18,1,AM_0,"Analytics,Security,Collaboration",42.21611789,29.72417156,How-To,Integration,1,0,0,0,35.3
GlobalFinance Corp,web_form,2025-06-23 10:01:37,2,4,2,Basic,674.48,1,2,AM_9,"Analytics,Collaboration",46.75613987,33.26911709,Feature Request,Analytics,1,0,1,1,59.4
GlobalFinance Corp,email,2025-06-16 1:01:37,1,3,2,Basic,398.87,37,0,AM_11,Collaboration,36.20762608,35.07765299,Other,Analytics,0,0,1,1,45.2
GlobalFinance Corp,email,2025-06-28 6:01:37,4,1,7,Pro,354.85,21,2,AM_14,"Collaboration,Billing",34.51462687,43.80286719,Bug,Security,0,1,0,1,51.3
GlobalFinance Corp,chat,2025-07-09 0:01:37,0,2,4,Basic,3157.31,44,3,AM_10,"Security,Analytics,Billing",48.67782501,46.19479156,Feature Request,Security,1,0,0,0,41.7
GlobalFinance Corp,chat,2025-07-09 9:01:37,1,1,4,Basic,39.08,19,2,AM_5,"Billing,Collaboration",62.67664318,34.19109953,Feature Request,Integration,1,0,0,0,66
InsightlySoft,email,2025-07-12 17:01:37,2,3,7,Basic,3242.38,56,1,AM_2,Security,48.28677826,39.89470632,Bug,Security,0,0,0,0,65.4
InsightlySoft,web_form,2025-06-16 14:01:37,1,4,2,Pro,4569.31,38,1,AM_8,"Billing,Integration,Security",48.49424624,37.80184197,Bug,Integration,0,0,0,0,47
InsightlySoft,email,2025-07-02 13:01:37,1,7,4,Pro,1080.8,34,2,AM_16,"Collaboration,Security",35.34572193,34.63294466,Performance,Analytics,0,0,0,0,33.1
InsightlySoft,email,2025-06-18 14:01:37,1,4,4,Basic,4107.73,2,1,AM_18,Security,49.45243363,39.21013386,Performance,Security,0,0,1,1,58.3
InsightlySoft,web_form,2025-06-22 10:01:37,0,2,1,Basic,542.36,20,0,AM_1,"Integration,Analytics",42.45947954,40.70509761,Performance,Integration,0,0,0,0,52.8
InsightlySoft,web_form,2025-07-01 19:01:37,1,2,3,Pro,9693.68,31,2,AM_4,"Collaboration,Integration",43.45299371,52.70601838,Other,Integration,0,0,0,1,46.6
InsightlySoft,web_form,2025-06-22 9:01:37,2,3,1,Enterprise,792.16,13,1,AM_17,"Integration,Security,Billing",65.08233506,49.65179418,Feature Request,Security,0,0,0,1,73.5
GlobalFinance Corp,web_form,2025-06-18 3:01:37,2,3,4,Basic,2010.43,14,1,AM_11,"Billing,Analytics,Security",43.61288205,46.4384082,Performance,Collaboration,0,0,0,0,44.8
GlobalFinance Corp,email,2025-07-05 0:01:37,1,1,7,Pro,11811.45,38,0,AM_14,"Collaboration,Integration,Security",44.59464004,34.17541437,Other,Security,0,0,0,1,58.7
InsightlySoft,email,2025-07-06 1:01:37,1,3,1,Basic,7129.92,12,4,AM_13,Analytics,50.18669572,27.31449106,Bug,Integration,0,0,0,1,54
InsightlySoft,chat,2025-06-19 13:01:37,1,3,5,Basic,3231.71,57,1,AM_1,"Analytics,Integration",12.68121207,39.681245,Performance,Collaboration,0,0,0,0,3.3
GlobalFinance Corp,email,2025-07-10 20:01:37,1,3,5,Basic,1382.26,13,1,AM_9,Integration,40.21826206,21.759358,Feature Request,Security,0,0,0,0,38.2
InsightlySoft,web_form,2025-07-01 3:01:37,2,3,3,Basic,3612.8,24,1,AM_19,"Integration,Billing,Collaboration",30.09492321,35.25446904,How-To,Analytics,0,0,0,0,41.4
InsightlySoft,chat,2025-07-05 9:01:37,0,3,7,Enterprise,1850.08,40,3,AM_2,Collaboration,42.49533579,39.92866163,Other,Billing,0,0,0,1,54.5
GlobalFinance Corp,web_form,2025-07-14 7:01:37,1,5,2,Enterprise,345.69,31,2,AM_8,Billing,67.05996557,27.69122028,Other,Security,0,0,1,1,80.9
InsightlySoft,email,2025-07-01 1:01:37,1,3,3,Basic,4768.58,14,1,AM_14,"Analytics,Security,Integration",20.23429604,38.38908994,Bug,Security,0,0,0,0,18.1
GlobalFinance Corp,chat,2025-07-14 6:01:37,1,2,2,Basic,6158.08,50,1,AM_2,"Analytics,Collaboration",31.34544484,42.77093437,Bug,Billing,0,0,0,0,36.1
InsightlySoft,web_form,2025-07-13 7:01:37,0,4,1,Basic,1570.75,30,1,AM_18,Analytics,61.53934495,35.39776637,Bug,Collaboration,0,0,0,0,69.3
GlobalFinance Corp,chat,2025-06-26 3:01:37,0,3,5,Basic,3287.39,27,4,AM_5,"Integration,Billing",46.40733861,36.63798015,Performance,Billing,0,0,0,0,53
GlobalFinance Corp,chat,2025-06-25 22:01:37,2,1,4,Basic,92.5,36,3,AM_19,"Collaboration,Billing,Analytics",52.3986641,41.94169681,Bug,Collaboration,0,0,1,1,71.4
GlobalFinance Corp,email,2025-07-05 14:01:37,2,1,7,Basic,659.14,6,1,AM_3,"Collaboration,Security",48.97043097,49.79253004,How-To,Integration,1,0,0,0,59.7
InsightlySoft,web_form,2025-06-26 9:01:37,1,4,5,Basic,2533.75,54,1,AM_10,"Security,Billing",49.27258148,37.86923589,Other,Collaboration,0,0,0,0,52.9
GlobalFinance Corp,chat,2025-06-17 13:01:37,1,3,3,Pro,960.96,58,0,AM_7,"Security,Billing",44.55489613,41.46318352,Other,Analytics,0,0,0,0,32.8
InsightlySoft,chat,2025-06-22 11:01:37,0,2,1,Basic,8666.75,6,1,AM_17,"Billing,Integration",15.55467993,33.6830296,Bug,Billing,0,0,0,1,29
InsightlySoft,web_form,2025-06-19 23:01:37,0,5,5,Pro,5442.83,15,1,AM_12,Integration,47.7841119,41.57948184,Feature Request,Analytics,0,0,1,1,62.1
InsightlySoft,chat,2025-07-05 5:01:37,0,7,7,Basic,3192.69,56,0,AM_14,Security,58.97577915,41.78492282,Other,Analytics,1,0,0,0,70.9
InsightlySoft,chat,2025-06-30 10:01:37,1,1,2,Enterprise,20277.51,24,0,AM_15,"Billing,Collaboration,Integration",58.01846707,39.99823581,Performance,Billing,0,0,0,1,69
GlobalFinance Corp,chat,2025-07-11 10:01:37,3,4,6,Basic,836.16,13,2,AM_2,"Collaboration,Analytics,Billing",53.81018937,49.8373031,Feature Request,Collaboration,1,0,0,0,53.8
GlobalFinance Corp,web_form,2025-06-30 1:01:37,1,2,2,Basic,7544.63,7,0,AM_4,"Security,Collaboration,Analytics",46.95337761,33.93097255,Feature Request,Analytics,1,0,1,1,60.3
InsightlySoft,web_form,2025-06-28 6:01:37,0,3,7,Basic,1089.69,45,4,AM_6,Billing,49.51470309,36.33460076,How-To,Analytics,0,0,1,1,60.3
InsightlySoft,web_form,2025-07-02 16:01:37,0,2,4,Enterprise,2723.44,21,2,AM_0,Billing,56.56818746,47.49247477,Bug,Collaboration,0,0,0,1,59.5
GlobalFinance Corp,web_form,2025-06-25 19:01:37,1,0,4,Enterprise,1709.43,38,1,AM_7,Security,32.73288192,33.67506728,Performance,Analytics,0,0,0,1,49.9
InsightlySoft,email,2025-06-16 19:01:37,0,3,2,Pro,1756.73,38,0,AM_5,"Collaboration,Analytics",66.04241195,42.56823848,Feature Request,Security,0,0,0,0,79.3
GlobalFinance Corp,chat,2025-07-09 10:01:37,0,4,4,Basic,4312.89,14,2,AM_3,Collaboration,58.0746247,50.8324859,Feature Request,Billing,0,0,0,0,54.4
InsightlySoft,web_form,2025-06-15 12:01:37,0,0,1,Basic,1281.03,3,0,AM_10,Analytics,66.48738892,42.5090671,Bug,Collaboration,1,0,0,0,68.5
InsightlySoft,chat,2025-06-22 3:01:37,3,0,1,Enterprise,2124.96,43,1,AM_5,Security,51.12481444,39.64595039,Performance,Security,0,0,0,1,81.1
GlobalFinance Corp,chat,2025-06-29 19:01:37,0,1,1,Pro,713.68,45,7,AM_17,"Billing,Security,Analytics",42.75550253,34.81811712,Bug,Security,0,0,0,0,28.5
InsightlySoft,email,2025-06-22 19:01:37,1,3,1,Basic,4325.06,35,0,AM_19,"Integration,Security,Collaboration",52.63309043,45.39387723,Performance,Collaboration,0,1,0,1,66.7
GlobalFinance Corp,web_form,2025-07-01 17:01:37,1,1,3,Basic,2408.43,12,4,AM_19,"Integration,Collaboration,Analytics",55.55437882,28.04368856,Bug,Integration,0,0,0,0,70.6
InsightlySoft,web_form,2025-07-11 15:01:37,1,2,6,Pro,883.37,55,1,AM_1,Integration,67.26266939,24.55544839,Bug,Analytics,0,1,0,1,75.7
InsightlySoft,chat,2025-06-22 0:01:37,1,5,1,Pro,927.47,54,0,AM_18,Integration,45.06819873,28.9341189,Bug,Analytics,0,0,0,0,54.3
InsightlySoft,web_form,2025-07-06 14:01:37,1,3,1,Basic,1042.45,21,0,AM_18,"Security,Analytics,Collaboration",43.86890315,36.36786733,How-To,Integration,0,0,0,0,55.3
GlobalFinance Corp,chat,2025-07-13 13:01:37,2,5,1,Basic,3604.85,59,1,AM_17,"Security,Collaboration",58.59479328,26.79074597,Bug,Integration,0,0,0,0,48.8
InsightlySoft,chat,2025-06-15 8:01:37,0,3,1,Basic,2712.29,54,0,AM_10,"Integration,Analytics,Security",45.66028754,53.92750697,Feature Request,Integration,1,0,0,0,25.9
InsightlySoft,email,2025-07-14 2:01:37,1,5,2,Pro,5182.06,54,0,AM_2,"Security,Analytics",41.98380986,29.55825448,How-To,Analytics,0,0,0,0,45.4
InsightlySoft,email,2025-06-27 3:01:37,1,4,6,Enterprise,2542.6,20,2,AM_10,"Security,Collaboration",42.6308612,43.37851393,Bug,Billing,2,0,0,1,66.3
InsightlySoft,email,2025-06-20 5:01:37,1,7,6,Pro,1098.68,27,0,AM_0,Analytics,27.79520342,30.47124426,Performance,Analytics,1,0,0,0,33.3
GlobalFinance Corp,chat,2025-06-20 1:01:37,1,2,6,Pro,9880.01,5,2,AM_1,Security,40.89874018,35.96877238,Other,Billing,1,0,0,1,53.4
GlobalFinance Corp,web_form,2025-06-27 21:01:37,0,4,6,Enterprise,6517.41,45,2,AM_0,Billing,52.2190699,36.75080686,How-To,Analytics,0,0,0,1,73.2
InsightlySoft,email,2025-06-18 6:01:37,0,2,4,Basic,980.61,55,0,AM_0,"Analytics,Collaboration",47.94795884,27.47530246,Performance,Billing,0,0,0,0,52.7
GlobalFinance Corp,web_form,2025-06-22 15:01:37,1,3,1,Basic,7314.97,59,1,AM_12,"Collaboration,Billing",52.69241956,36.17779439,How-To,Billing,0,0,0,1,59.1
InsightlySoft,email,2025-06-19 4:01:37,1,2,5,Basic,3820.23,11,0,AM_0,"Billing,Analytics,Security",61.26198886,47.57223466,Performance,Security,0,0,0,1,66.2
InsightlySoft,email,2025-07-11 13:01:37,0,1,6,Enterprise,1606.86,49,1,AM_9,"Security,Integration,Billing",71.88205897,34.84399844,Feature Request,Analytics,0,0,0,1,102.1
InsightlySoft,chat,2025-07-05 5:01:37,1,8,7,Pro,1887.01,42,1,AM_12,"Integration,Billing,Collaboration",45.27683728,38.0509462,Performance,Billing,0,0,0,0,55.9
GlobalFinance Corp,email,2025-07-02 9:01:37,4,2,4,Enterprise,1773.84,44,2,AM_7,"Collaboration,Integration,Analytics",36.61818168,38.73626737,Feature Request,Security,0,0,0,1,47.3
GlobalFinance Corp,email,2025-06-23 12:01:37,0,1,2,Pro,4781.63,6,1,AM_6,"Billing,Collaboration",43.61263152,39.16926777,Performance,Analytics,0,0,1,1,49.5
GlobalFinance Corp,chat,2025-06-14 23:01:37,2,5,7,Basic,578.95,5,4,AM_19,Analytics,55.72271751,21.99529721,How-To,Billing,0,0,0,0,54.7
GlobalFinance Corp,web_form,2025-06-20 21:01:37,0,3,6,Basic,181.38,22,1,AM_11,Billing,72.66958819,42.32519182,Other,Security,0,0,0,0,60.8
GlobalFinance Corp,email,2025-06-22 8:01:37,0,1,1,Enterprise,2070.2,1,0,AM_7,Integration,49.61319146,40.5274646,How-To,Integration,0,0,0,1,56.4
GlobalFinance Corp,chat,2025-06-20 11:01:37,1,1,6,Basic,1029.2,20,2,AM_12,"Analytics,Collaboration",52.78615204,36.57760831,Feature Request,Billing,2,0,1,1,69.5
GlobalFinance Corp,email,2025-06-19 3:01:37,1,3,5,Enterprise,2489.82,24,1,AM_1,Security,45.70836729,46.9991534,Performance,Security,1,0,0,1,63.2
GlobalFinance Corp,chat,2025-07-01 4:01:37,1,5,3,Basic,11476.83,20,1,AM_8,"Collaboration,Billing,Security",49.53843589,44.8703045,Performance,Billing,1,0,0,1,58
GlobalFinance Corp,web_form,2025-06-29 15:01:37,1,1,1,Basic,3339.22,47,0,AM_19,"Integration,Collaboration,Analytics",60.41981166,39.33938621,Performance,Analytics,0,0,0,1,65.9
InsightlySoft,web_form,2025-06-16 21:01:37,2,1,2,Basic,9598.57,48,0,AM_16,Integration,56.0801193,32.34186314,Other,Security,0,0,0,1,66.8
GlobalFinance Corp,chat,2025-06-29 19:01:37,1,4,1,Enterprise,3950.92,29,0,AM_17,Integration,47.42756597,34.32697413,How-To,Analytics,0,0,0,1,58.4
GlobalFinance Corp,chat,2025-06-15 8:01:37,0,5,1,Basic,236.85,42,0,AM_15,"Integration,Analytics,Security",50.52465929,35.2973353,How-To,Security,0,0,0,0,47.3
GlobalFinance Corp,chat,2025-07-01 6:01:37,1,5,3,Basic,6602.82,24,0,AM_8,Collaboration,44.3194219,40.92692777,Performance,Billing,0,0,0,0,37.2
GlobalFinance Corp,web_form,2025-06-15 16:01:37,1,6,1,Basic,665.38,59,2,AM_4,Analytics,59.8950694,35.97190576,Performance,Analytics,0,0,1,1,67.2
GlobalFinance Corp,email,2025-07-01 4:01:37,1,4,3,Basic,6002.76,8,0,AM_19,Security,66.57300793,38.13294105,Performance,Collaboration,0,0,0,1,86.5
GlobalFinance Corp,web_form,2025-06-18 17:01:37,0,0,4,Pro,4147.9,34,0,AM_15,"Security,Collaboration",39.30499412,26.59220224,How-To,Collaboration,1,0,0,0,33.4
GlobalFinance Corp,chat,2025-07-07 21:01:37,2,2,2,Enterprise,5471.94,22,0,AM_12,Collaboration,40.08517711,42.79783111,Other,Collaboration,0,0,0,1,47.8
GlobalFinance Corp,chat,2025-06-20 21:01:37,0,3,6,Enterprise,877.4,39,2,AM_1,"Analytics,Security,Integration",44.41627531,45.82236422,Performance,Collaboration,0,0,0,1,60.5
GlobalFinance Corp,web_form,2025-06-19 14:01:37,1,5,5,Basic,4941.37,55,1,AM_11,"Integration,Collaboration",56.56186273,33.12001523,Performance,Security,0,0,0,0,71.8
GlobalFinance Corp,chat,2025-06-25 19:01:37,0,1,4,Enterprise,2827.53,33,2,AM_8,"Integration,Security,Billing",43.73198895,32.50184701,Other,Analytics,0,1,1,1,47.9
GlobalFinance Corp,web_form,2025-07-08 9:01:37,0,4,3,Basic,256.26,52,2,AM_1,"Security,Billing,Analytics",57.3872511,30.90520175,Other,Security,1,0,0,0,61.9
InsightlySoft,chat,2025-07-09 11:01:37,2,3,4,Basic,6598.24,30,1,AM_11,Analytics,32.31417909,51.259179,Performance,Analytics,1,0,0,0,39.2
InsightlySoft,email,2025-07-06 17:01:37,0,3,1,Pro,6282.11,55,0,AM_5,"Integration,Billing,Analytics",47.2649476,42.56276254,Feature Request,Collaboration,1,1,0,1,50.8
GlobalFinance Corp,email,2025-06-18 15:01:37,3,7,4,Basic,2545.83,6,0,AM_12,Security,49.33307464,35.76259034,Other,Integration,0,0,0,0,54.5
GlobalFinance Corp,chat,2025-06-22 16:01:37,1,5,1,Enterprise,1807.86,13,1,AM_15,"Security,Collaboration",38.66734795,31.19207685,Other,Billing,0,0,1,1,49.7
InsightlySoft,web_form,2025-07-14 8:01:37,1,1,2,Pro,1535.21,44,1,AM_19,Security,46.59362109,27.85202383,How-To,Collaboration,0,0,0,0,45.8
GlobalFinance Corp,email,2025-07-10 22:01:37,1,3,5,Basic,2769.47,19,0,AM_7,Integration,59.09860038,42.43763507,Bug,Collaboration,0,0,0,0,60.4
InsightlySoft,web_form,2025-07-08 23:01:37,1,5,3,Pro,5529.62,58,0,AM_6,Billing,46.58660578,33.90944382,Performance,Integration,1,0,0,0,43.1
InsightlySoft,chat,2025-06-24 17:01:37,2,5,3,Pro,2503.63,26,0,AM_14,Collaboration,52.17896854,39.66531246,Bug,Security,0,0,1,1,49.7
InsightlySoft,web_form,2025-06-26 1:01:37,1,6,5,Basic,416.59,17,3,AM_4,Integration,62.19319554,47.1747859,Bug,Security,1,0,1,1,62.9
InsightlySoft,email,2025-06-30 21:01:37,2,2,2,Basic,1096.58,37,1,AM_17,"Billing,Integration",38.89455973,27.91013404,Performance,Analytics,0,0,0,0,48.8
InsightlySoft,web_form,2025-06-30 14:01:37,1,4,2,Basic,3310.09,27,0,AM_18,Billing,50.59210076,30.96694769,How-To,Billing,0,0,1,1,57.3
GlobalFinance Corp,web_form,2025-07-12 14:01:37,0,6,7,Pro,3122.37,24,2,AM_12,"Collaboration,Security",19.53805768,40.20802837,Other,Analytics,0,0,0,0,12.2
InsightlySoft,chat,2025-06-15 7:01:37,1,1,1,Pro,2195.03,47,2,AM_15,"Billing,Integration,Analytics",34.08702456,34.34164254,How-To,Collaboration,0,0,0,0,31.3
GlobalFinance Corp,chat,2025-06-25 8:01:37,2,1,4,Enterprise,825.2,14,1,AM_12,Collaboration,55.48271463,34.73086803,How-To,Security,0,1,0,1,66
GlobalFinance Corp,chat,2025-06-14 20:01:37,1,1,7,Basic,946.52,3,0,AM_13,"Integration,Analytics,Security",42.67257638,42.6708979,Performance,Collaboration,0,1,0,1,60
InsightlySoft,email,2025-06-24 23:01:37,2,3,3,Pro,1986.4,5,2,AM_15,"Billing,Analytics",50.88557256,41.98748531,Feature Request,Collaboration,0,0,0,0,64.1
InsightlySoft,email,2025-06-28 1:01:37,0,4,7,Pro,1505.08,57,0,AM_11,Integration,32.88813604,33.28380252,Other,Security,0,0,0,0,39
GlobalFinance Corp,chat,2025-06-26 11:01:37,0,2,5,Basic,1139.12,14,3,AM_11,Collaboration,20.91584859,31.68230262,Other,Collaboration,0,0,0,0,21.2
InsightlySoft,chat,2025-06-19 13:01:37,2,2,5,Enterprise,5306.32,8,0,AM_10,"Security,Billing,Integration",40.97071016,35.49672993,Performance,Collaboration,0,0,0,1,59.4
InsightlySoft,email,2025-06-17 9:01:37,0,3,3,Basic,2103.65,43,1,AM_6,"Integration,Billing,Analytics",42.2433005,45.03813665,Feature Request,Billing,0,0,1,1,56
GlobalFinance Corp,email,2025-06-19 20:01:37,2,5,5,Enterprise,2097.91,25,2,AM_3,"Integration,Analytics,Security",44.46101214,23.00571222,Feature Request,Analytics,0,0,1,1,64.6
GlobalFinance Corp,email,2025-06-23 13:01:37,1,5,2,Pro,1676.14,15,0,AM_5,"Integration,Analytics",62.67316127,35.14017043,Bug,Billing,0,0,0,0,69.8
InsightlySoft,email,2025-07-08 9:01:37,2,2,3,Pro,3426.78,45,1,AM_13,"Analytics,Billing",27.49352633,41.06938987,Bug,Integration,0,0,0,0,22.7
GlobalFinance Corp,chat,2025-06-23 8:01:37,2,5,2,Enterprise,579.48,37,0,AM_13,Analytics,40.69356426,31.11859057,How-To,Billing,0,0,0,1,59
InsightlySoft,email,2025-06-23 19:01:37,1,1,2,Enterprise,8625.22,45,0,AM_11,"Security,Analytics,Billing",44.33654874,25.01701876,Other,Analytics,0,0,0,1,55.1
InsightlySoft,chat,2025-06-16 14:01:37,1,1,2,Enterprise,331.5,3,3,AM_14,"Security,Collaboration",46.57660155,27.45165191,Other,Billing,1,0,0,1,80.1
InsightlySoft,web_form,2025-07-14 12:01:37,1,4,2,Pro,3716.73,45,2,AM_10,"Billing,Security",57.91835491,38.81973652,Other,Integration,1,0,0,0,49.6
GlobalFinance Corp,web_form,2025-06-23 22:01:37,0,3,2,Basic,3655.26,11,2,AM_3,"Security,Billing",47.40287315,35.33109079,How-To,Collaboration,0,0,0,0,57.2
GlobalFinance Corp,email,2025-06-17 5:01:37,1,4,3,Enterprise,362.9,9,2,AM_10,"Analytics,Collaboration,Billing",55.95893876,20.87058136,Feature Request,Collaboration,0,0,0,1,64.3
GlobalFinance Corp,web_form,2025-06-14 21:01:37,1,4,7,Pro,14903.91,4,0,AM_11,"Integration,Billing",59.87164877,32.06523612,Feature Request,Billing,0,0,0,1,59.5
GlobalFinance Corp,web_form,2025-07-09 20:01:37,2,5,4,Basic,104.75,49,0,AM_19,"Security,Billing",34.09191413,46.21796146,Other,Integration,0,0,0,0,41.9
GlobalFinance Corp,web_form,2025-06-24 13:01:37,0,0,3,Enterprise,1360.93,15,1,AM_7,"Billing,Collaboration,Integration",59.26228369,35.52632722,Feature Request,Analytics,0,1,0,1,82.7
InsightlySoft,email,2025-06-19 17:01:37,3,6,5,Pro,1658.96,27,1,AM_17,"Integration,Analytics",46.04214421,40.62615861,Other,Integration,0,0,0,0,47.5
InsightlySoft,email,2025-06-17 0:01:37,0,3,3,Basic,4870.7,31,1,AM_5,"Collaboration,Security,Billing",48.47406883,35.26044127,Feature Request,Billing,1,0,0,0,39.1
InsightlySoft,web_form,2025-06-16 11:01:37,1,4,2,Basic,90.81,50,1,AM_8,"Integration,Collaboration,Billing",49.46486829,42.51579376,Performance,Security,0,0,0,0,40.8
InsightlySoft,chat,2025-06-25 6:01:37,1,1,4,Enterprise,2442.69,16,3,AM_16,"Collaboration,Integration",52.16521521,40.71504545,Bug,Security,0,0,0,1,69.6
GlobalFinance Corp,web_form,2025-07-08 1:01:37,2,1,3,Basic,684.47,56,3,AM_4,"Collaboration,Analytics,Integration",33.23592451,36.16622636,Performance,Integration,0,0,0,0,36.3
InsightlySoft,email,2025-07-03 12:01:37,2,3,5,Basic,2550.03,32,1,AM_15,Security,32.35020335,28.93081411,Bug,Billing,0,0,0,0,33.7
GlobalFinance Corp,email,2025-07-12 10:01:37,3,6,7,Pro,3118.32,34,0,AM_12,"Security,Billing,Collaboration",42.88670307,39.52627571,Feature Request,Integration,0,0,0,0,39.1
InsightlySoft,email,2025-07-05 6:01:37,1,6,7,Enterprise,104.21,6,1,AM_12,Security,54.0819955,24.95188658,Performance,Billing,0,0,0,1,62.7
GlobalFinance Corp,web_form,2025-07-08 13:01:37,1,2,3,Pro,209.54,44,1,AM_8,Collaboration,60.84133448,39.96257928,Other,Analytics,0,0,0,0,76.1
GlobalFinance Corp,chat,2025-07-12 20:01:37,2,7,7,Pro,267.23,5,1,AM_1,"Integration,Billing,Analytics",41.18903282,43.02028648,Performance,Security,0,0,0,0,38.4
InsightlySoft,email,2025-07-08 18:01:37,0,1,3,Basic,5737.26,57,0,AM_15,Analytics,56.57184489,32.04853293,Feature Request,Collaboration,0,0,0,0,62
InsightlySoft,email,2025-06-18 10:01:37,1,2,4,Pro,7838.24,24,1,AM_0,Security,45.86368702,26.74839954,Feature Request,Security,0,0,0,1,61.6
InsightlySoft,web_form,2025-06-30 14:01:37,1,4,2,Basic,1727.28,49,0,AM_7,"Billing,Collaboration",51.3022165,43.90692252,Bug,Collaboration,0,0,0,0,61.1
InsightlySoft,chat,2025-06-27 13:01:37,2,3,6,Pro,6233.44,19,2,AM_1,"Integration,Billing,Collaboration",41.99175409,36.08673175,Performance,Billing,0,0,1,1,47.7
GlobalFinance Corp,web_form,2025-06-23 2:01:37,1,7,2,Basic,1939.99,30,0,AM_9,"Collaboration,Security,Analytics",49.38200756,34.62227751,Feature Request,Collaboration,1,0,1,1,62.7
InsightlySoft,email,2025-06-30 10:01:37,2,2,2,Enterprise,1538.11,12,0,AM_12,Integration,38.77919043,37.47194359,Performance,Analytics,1,1,0,1,58.5
InsightlySoft,chat,2025-06-28 15:01:37,0,1,7,Basic,2273.02,5,1,AM_0,"Collaboration,Billing,Security",48.94130514,32.28961331,How-To,Billing,0,0,0,0,60.6
GlobalFinance Corp,chat,2025-06-25 1:01:37,1,1,4,Basic,4684.6,28,0,AM_2,"Security,Analytics,Billing",56.67113514,23.56086692,Feature Request,Security,0,0,0,0,56.8
InsightlySoft,email,2025-07-03 7:01:37,1,6,5,Basic,759.9,56,0,AM_8,"Analytics,Billing",43.96636915,31.51104458,Bug,Security,0,0,1,1,58
InsightlySoft,chat,2025-06-30 1:01:37,0,1,2,Basic,1077.46,39,3,AM_3,"Billing,Collaboration",50.50707746,36.17829554,Bug,Integration,0,0,0,0,55.4
InsightlySoft,chat,2025-07-12 0:01:37,1,1,7,Basic,5668.93,34,2,AM_4,"Integration,Billing,Collaboration",51.69101716,36.20824899,Other,Collaboration,0,0,0,0,53.4
InsightlySoft,web_form,2025-07-11 11:01:37,1,1,6,Enterprise,7429.97,12,0,AM_1,"Analytics,Billing",59.10026675,21.9384937,Feature Request,Billing,1,0,0,1,69.9
InsightlySoft,email,2025-06-19 20:01:37,0,3,5,Basic,393.78,23,0,AM_14,"Collaboration,Analytics,Billing",29.34564675,33.88145249,Other,Collaboration,1,0,0,0,32.7
GlobalFinance Corp,email,2025-06-18 6:01:37,2,4,4,Enterprise,3661.68,5,3,AM_2,"Integration,Collaboration",55.03166201,49.19933779,Bug,Analytics,0,0,0,1,65.4
InsightlySoft,email,2025-07-06 8:01:37,0,2,1,Basic,29,54,2,AM_18,Analytics,37.1174916,36.37448755,Feature Request,Analytics,0,0,0,0,40.8
InsightlySoft,email,2025-06-17 4:01:37,2,3,3,Enterprise,847.83,40,0,AM_10,"Security,Integration",36.19599444,42.98002913,How-To,Integration,1,0,1,1,50.5
InsightlySoft,email,2025-06-21 12:01:37,2,4,7,Basic,213.29,37,0,AM_6,Collaboration,41.54391902,40.62978706,Performance,Billing,0,0,0,0,50.5
InsightlySoft,chat,2025-07-10 1:01:37,1,3,5,Enterprise,2173.24,16,1,AM_6,"Security,Collaboration",38.63640005,30.85284609,Feature Request,Billing,0,0,0,1,48.1
InsightlySoft,web_form,2025-07-10 23:01:37,0,3,5,Pro,1261.97,9,0,AM_16,"Billing,Security,Collaboration",50.04954387,31.08154529,Other,Collaboration,0,0,0,0,61.3
GlobalFinance Corp,email,2025-07-08 21:01:37,1,2,3,Basic,444.06,33,0,AM_14,"Collaboration,Integration,Billing",38.34105319,39.20878883,Feature Request,Integration,0,0,0,0,30.4
InsightlySoft,web_form,2025-07-02 17:01:37,1,3,4,Pro,0.96,37,5,AM_7,Integration,53.76149131,31.64688302,Bug,Security,0,0,1,1,61.8
GlobalFinance Corp,web_form,2025-06-20 5:01:37,2,4,6,Enterprise,1474.97,33,0,AM_9,Analytics,26.61002048,45.1944077,Bug,Billing,0,0,0,1,40.5
GlobalFinance Corp,chat,2025-06-27 15:01:37,1,3,6,Pro,1046.43,49,1,AM_14,"Analytics,Integration,Collaboration",58.6372032,33.5585994,Bug,Billing,1,0,0,0,49.5
InsightlySoft,email,2025-06-29 1:01:37,1,3,1,Basic,143.44,1,1,AM_19,"Security,Integration",32.46665329,42.63493053,Performance,Billing,1,0,0,0,32.2
InsightlySoft,chat,2025-06-28 18:01:37,0,2,7,Pro,5726.95,47,0,AM_6,Integration,52.05058115,39.06373373,Feature Request,Integration,0,0,0,0,58.1
InsightlySoft,email,2025-07-08 10:01:37,1,4,3,Enterprise,1586.86,37,1,AM_16,"Collaboration,Billing,Integration",39.95472505,39.82395788,Bug,Analytics,0,0,0,1,63.1
InsightlySoft,chat,2025-06-18 15:01:37,1,4,4,Enterprise,4472.09,9,2,AM_19,"Integration,Billing",43.75880031,31.10942043,Bug,Security,0,0,0,1,51.1
GlobalFinance Corp,web_form,2025-07-01 11:01:37,2,2,3,Pro,1644.76,18,1,AM_12,"Analytics,Security,Integration",39.24939743,44.6581714,How-To,Analytics,0,0,1,1,50.6
InsightlySoft,email,2025-06-29 9:01:37,3,6,1,Basic,209.71,38,2,AM_5,"Billing,Analytics,Collaboration",26.75826567,54.68452012,Bug,Collaboration,0,0,0,0,19.6
InsightlySoft,web_form,2025-06-19 12:01:37,0,1,5,Pro,1503.93,21,2,AM_4,"Billing,Analytics",43.37353713,28.53590927,Other,Billing,0,0,0,0,32.9
InsightlySoft,web_form,2025-06-21 10:01:37,0,3,7,Enterprise,6518.16,44,0,AM_15,"Security,Integration",35.7571026,43.52857003,Bug,Collaboration,0,0,0,1,48.1
InsightlySoft,chat,2025-06-15 11:01:37,0,3,1,Basic,23.41,14,1,AM_1,"Security,Analytics",33.74196394,36.03206157,Other,Collaboration,0,1,1,1,50
InsightlySoft,email,2025-06-25 12:01:37,2,4,4,Basic,6770.07,39,2,AM_4,"Integration,Analytics",43.76340279,29.56923555,Performance,Billing,0,0,1,1,48.7
InsightlySoft,web_form,2025-07-14 6:01:37,2,4,2,Pro,3207.69,39,1,AM_4,"Integration,Security,Billing",45.19033615,27.524366,Performance,Integration,1,0,0,0,44.4
GlobalFinance Corp,chat,2025-07-08 6:01:37,0,6,3,Basic,16301.46,51,0,AM_11,"Collaboration,Analytics,Integration",48.83398735,29.11543614,Feature Request,Collaboration,2,0,0,1,72.3
GlobalFinance Corp,email,2025-06-16 6:01:37,3,1,2,Enterprise,7435.02,6,1,AM_17,"Analytics,Collaboration,Billing",52.94855521,30.16036667,How-To,Integration,0,0,0,1,74
InsightlySoft,email,2025-06-24 21:01:37,0,4,3,Enterprise,6096.58,3,3,AM_0,"Billing,Security",35.93779325,26.70455285,Feature Request,Analytics,0,0,1,1,35.6
InsightlySoft,web_form,2025-06-28 1:01:37,0,2,7,Basic,114.69,48,1,AM_12,"Integration,Billing,Analytics",34.08625753,44.81391863,Bug,Security,1,0,0,0,29.6
InsightlySoft,email,2025-07-07 9:01:37,2,4,2,Enterprise,986.55,48,0,AM_19,"Billing,Integration,Analytics",55.55901686,35.92841193,Performance,Security,0,0,0,1,80.8
GlobalFinance Corp,web_form,2025-06-30 13:01:37,2,5,2,Enterprise,1408.78,18,1,AM_11,"Security,Billing",44.75718791,39.30386301,Other,Security,0,0,0,1,64.6
InsightlySoft,email,2025-07-12 9:01:37,1,4,7,Basic,3610.14,37,2,AM_7,"Integration,Collaboration",67.64816298,26.78040438,Feature Request,Security,0,0,0,0,61.7
GlobalFinance Corp,chat,2025-06-26 2:01:37,1,2,5,Pro,3137.84,20,1,AM_0,Collaboration,27.47390859,45.61170186,Performance,Integration,0,1,0,1,35.3
InsightlySoft,web_form,2025-07-06 7:01:37,1,5,1,Basic,565.12,29,1,AM_14,"Billing,Collaboration",51.34111176,31.7438613,Other,Analytics,0,0,1,1,69.1
InsightlySoft,web_form,2025-06-15 17:01:37,2,2,1,Basic,4004.93,36,3,AM_9,"Security,Collaboration,Billing",39.85967233,46.37966342,Other,Integration,0,0,0,0,41.3
InsightlySoft,email,2025-06-18 9:01:37,2,5,4,Pro,507.49,16,2,AM_0,"Billing,Analytics",40.22635688,39.58353042,Bug,Collaboration,0,0,1,1,55.3
InsightlySoft,email,2025-07-06 8:01:37,2,1,1,Basic,1828.81,4,1,AM_13,Analytics,42.5271352,28.35423947,Feature Request,Billing,0,0,0,0,53.7
GlobalFinance Corp,web_form,2025-07-01 0:01:37,1,2,3,Enterprise,2593.51,56,0,AM_12,Billing,61.398757,38.92572367,Other,Collaboration,1,0,0,1,71.1
GlobalFinance Corp,email,2025-06-29 15:01:37,3,4,1,Enterprise,6136.45,45,0,AM_19,"Collaboration,Integration,Analytics",31.23633501,35.75683897,Performance,Integration,2,1,0,1,44.6
InsightlySoft,chat,2025-06-25 20:01:37,3,2,4,Basic,2993.5,14,1,AM_9,"Analytics,Integration",31.08852798,28.23973174,Feature Request,Collaboration,0,0,0,0,31.2
InsightlySoft,email,2025-06-29 22:01:37,3,3,1,Basic,9292.88,17,1,AM_4,"Security,Billing",54.16100508,27.45890842,Bug,Collaboration,0,1,0,1,67.2
GlobalFinance Corp,chat,2025-07-05 18:01:37,1,1,7,Basic,15605.53,35,1,AM_8,Analytics,65.04449618,42.56986175,Bug,Collaboration,0,0,0,1,91.7
GlobalFinance Corp,chat,2025-06-21 15:01:37,0,4,7,Enterprise,2132.85,57,1,AM_13,"Security,Analytics",40.6805402,45.66480076,Performance,Analytics,0,0,0,1,49.3
GlobalFinance Corp,chat,2025-07-13 19:01:37,2,1,1,Pro,158.56,35,0,AM_0,"Integration,Analytics,Collaboration",58.84860226,27.65313235,Other,Analytics,0,0,0,0,54.2
GlobalFinance Corp,chat,2025-07-08 7:01:37,0,2,3,Pro,86.18,49,2,AM_14,"Analytics,Collaboration,Billing",56.7272489,36.87526317,Bug,Billing,0,0,0,0,60.9
InsightlySoft,chat,2025-07-07 0:01:37,0,0,2,Pro,5806.5,45,0,AM_18,"Billing,Analytics",50.81142258,24.19095679,Bug,Security,0,0,0,0,48.2
GlobalFinance Corp,email,2025-07-04 9:01:37,1,1,6,Basic,2078.54,32,0,AM_19,"Security,Collaboration",49.82642637,42.70961252,Other,Integration,0,1,0,1,64
InsightlySoft,chat,2025-07-09 4:01:37,1,3,4,Basic,1370.88,53,1,AM_6,"Analytics,Collaboration,Billing",44.22614318,36.62151079,Other,Integration,0,0,0,0,43
GlobalFinance Corp,email,2025-07-01 9:01:37,1,4,3,Basic,1004.14,52,1,AM_17,"Security,Billing",57.05282717,25.35992567,Other,Analytics,0,0,0,0,54.1
GlobalFinance Corp,chat,2025-06-28 12:01:37,0,0,7,Pro,992.98,10,0,AM_3,Analytics,54.64676959,32.40765384,How-To,Analytics,1,0,0,0,59.7
GlobalFinance Corp,web_form,2025-06-26 16:01:37,1,8,5,Pro,226.82,29,2,AM_5,Security,42.26735345,31.64424643,How-To,Billing,0,0,0,0,32
GlobalFinance Corp,chat,2025-07-13 20:01:37,3,3,1,Basic,1082.88,56,0,AM_2,"Analytics,Security",32.14010351,29.13286168,Other,Integration,2,0,0,0,34.4
GlobalFinance Corp,web_form,2025-06-19 18:01:37,0,3,5,Basic,3105.27,59,0,AM_3,Analytics,40.17029765,43.61928226,Other,Integration,0,0,0,0,40.9
InsightlySoft,chat,2025-06-17 1:01:37,0,3,3,Pro,1459.42,12,1,AM_1,"Integration,Security,Collaboration",37.35311721,29.26744691,Performance,Billing,1,0,0,0,41
InsightlySoft,chat,2025-07-09 13:01:37,3,1,4,Basic,8859.04,59,0,AM_2,"Collaboration,Security",47.44322954,49.43474635,Bug,Billing,0,0,0,1,57.5
GlobalFinance Corp,chat,2025-07-11 11:01:37,1,4,6,Basic,3309.4,9,0,AM_17,Collaboration,52.79983304,42.90211778,Feature Request,Collaboration,0,0,0,0,64.3
GlobalFinance Corp,web_form,2025-07-12 15:01:37,2,3,7,Basic,5984.79,26,0,AM_1,"Billing,Security,Collaboration",51.89455813,33.36659378,How-To,Billing,0,0,0,0,52.7
InsightlySoft,web_form,2025-07-07 10:01:37,1,3,2,Basic,363.66,21,1,AM_7,"Integration,Billing",52.60342662,54.29508315,How-To,Collaboration,1,0,0,0,42.5
GlobalFinance Corp,chat,2025-07-04 5:01:37,0,3,6,Pro,1796.33,1,1,AM_6,"Integration,Security",49.93234607,33.07250307,Other,Integration,0,0,0,0,64.2
GlobalFinance Corp,email,2025-07-04 12:01:37,2,3,6,Basic,126.97,36,2,AM_8,"Billing,Integration",47.78220347,24.91015119,Other,Collaboration,1,0,0,0,62.6
InsightlySoft,chat,2025-07-10 8:01:37,0,2,5,Enterprise,6761.77,19,2,AM_8,"Analytics,Collaboration",47.37303356,43.96118963,Other,Security,0,0,0,1,55.4
GlobalFinance Corp,web_form,2025-07-06 17:01:37,0,2,1,Basic,476.53,6,2,AM_1,Billing,60.34664473,29.12714948,Feature Request,Analytics,1,0,0,0,68
GlobalFinance Corp,chat,2025-07-01 14:01:37,1,3,3,Pro,4910.76,47,0,AM_6,"Integration,Billing",43.11158686,45.99407448,How-To,Collaboration,1,0,1,1,51.8
InsightlySoft,web_form,2025-07-02 4:01:37,3,3,4,Enterprise,7723.62,18,1,AM_12,"Security,Billing",45.80968845,24.91331729,Feature Request,Security,0,0,0,1,51.8
InsightlySoft,web_form,2025-06-21 22:01:37,1,5,7,Basic,1749.59,37,1,AM_7,Collaboration,26.38053271,29.2112485,Bug,Billing,0,0,1,1,47.3
InsightlySoft,web_form,2025-06-14 22:01:37,0,1,7,Basic,1479.75,8,4,AM_0,Security,42.56384902,31.70398013,Feature Request,Billing,1,1,0,1,50.7
GlobalFinance Corp,chat,2025-07-03 14:01:37,0,1,5,Basic,2749.76,11,0,AM_2,"Security,Billing,Analytics",44.99067875,40.5695221,Performance,Billing,0,0,0,0,48.9
InsightlySoft,web_form,2025-07-07 16:01:37,1,3,2,Basic,4045.03,5,0,AM_7,Analytics,59.96365878,32.14230158,How-To,Billing,0,0,1,1,58.8
InsightlySoft,web_form,2025-06-21 19:01:37,0,2,7,Pro,3112.07,21,2,AM_18,"Collaboration,Analytics",34.63664299,31.66337137,Feature Request,Security,0,0,1,1,48.6
InsightlySoft,chat,2025-06-25 19:01:37,0,4,4,Basic,3.47,40,1,AM_3,Analytics,46.72489979,41.28999546,How-To,Analytics,0,0,0,0,41.7
InsightlySoft,web_form,2025-06-17 15:01:37,1,3,3,Basic,4624.43,43,1,AM_9,"Security,Integration",46.51778987,45.39635274,Other,Collaboration,0,0,0,0,46
InsightlySoft,chat,2025-07-02 14:01:37,1,3,4,Enterprise,478.35,21,2,AM_17,Collaboration,54.38148339,33.64149059,Feature Request,Analytics,0,0,0,1,60.1
InsightlySoft,web_form,2025-06-21 6:01:37,0,1,7,Pro,1791.75,20,1,AM_18,"Security,Collaboration,Analytics",43.33987499,28.0306116,How-To,Collaboration,1,0,0,0,53
GlobalFinance Corp,email,2025-07-08 21:01:37,1,2,3,Basic,995.35,42,1,AM_11,"Integration,Collaboration,Analytics",54.0832658,47.62489207,Feature Request,Analytics,0,0,0,0,66.5
GlobalFinance Corp,email,2025-07-08 16:01:37,1,5,3,Basic,7889.42,9,1,AM_10,"Integration,Analytics,Billing",50.56126351,34.82482935,Feature Request,Security,0,0,1,1,45.9
InsightlySoft,web_form,2025-06-27 1:01:37,0,2,6,Basic,2092.12,2,1,AM_5,"Integration,Collaboration,Billing",40.39053965,39.34784432,Feature Request,Security,0,0,0,0,39.2
InsightlySoft,email,2025-07-01 16:01:37,0,3,3,Basic,2215.44,49,0,AM_5,"Integration,Security,Analytics",36.88935036,32.22477191,Performance,Billing,0,0,0,0,51.6
InsightlySoft,chat,2025-07-07 2:01:37,0,2,2,Basic,237.61,4,0,AM_7,Billing,68.90857603,32.92307996,Performance,Integration,0,1,1,1,73.1
GlobalFinance Corp,email,2025-06-17 2:01:37,0,3,3,Pro,6829.61,26,0,AM_9,"Billing,Integration",42.58445446,32.22281521,Feature Request,Security,1,0,1,1,56.2
GlobalFinance Corp,web_form,2025-06-15 1:01:37,2,1,1,Basic,819.47,12,2,AM_1,Integration,31.07229903,42.67234586,Feature Request,Security,0,1,0,1,35.4
GlobalFinance Corp,web_form,2025-07-09 10:01:37,2,4,4,Enterprise,1603.09,19,0,AM_12,"Analytics,Billing,Security",43.44709867,45.51465358,How-To,Billing,0,0,0,1,73.2
GlobalFinance Corp,chat,2025-07-02 19:01:37,2,2,4,Basic,12658.62,57,0,AM_18,"Integration,Collaboration,Analytics",41.28723307,31.89591529,Other,Integration,1,0,0,1,62.9
GlobalFinance Corp,web_form,2025-07-04 5:01:37,1,3,6,Pro,362.76,19,0,AM_5,"Security,Integration",36.32345109,32.86876917,Bug,Security,0,0,0,0,22.9
GlobalFinance Corp,chat,2025-06-15 14:01:37,1,1,1,Basic,3803.17,19,1,AM_3,"Analytics,Billing,Integration",47.585324,45.83850254,Other,Security,0,0,1,1,70
GlobalFinance Corp,email,2025-06-28 16:01:37,2,1,7,Pro,903.86,58,0,AM_10,Analytics,49.88280503,51.19193369,How-To,Analytics,1,0,0,0,52.2
GlobalFinance Corp,email,2025-07-05 4:01:37,1,1,7,Basic,1633.1,29,0,AM_17,"Billing,Analytics,Security",27.8273071,40.56281714,Performance,Collaboration,2,0,0,0,29
GlobalFinance Corp,chat,2025-07-03 11:01:37,0,3,5,Basic,1624.85,39,0,AM_1,"Collaboration,Billing,Integration",49.25772165,38.7839858,How-To,Collaboration,0,0,0,0,42.7
InsightlySoft,chat,2025-06-27 11:01:37,0,0,6,Enterprise,8075.04,45,2,AM_2,"Billing,Analytics",55.34487013,51.41845725,How-To,Analytics,0,0,0,1,73.5
InsightlySoft,web_form,2025-07-06 12:01:37,0,2,1,Basic,31.25,34,0,AM_16,"Collaboration,Analytics,Billing",38.34337018,37.98289582,Bug,Collaboration,0,0,0,0,42.7
InsightlySoft,email,2025-07-01 7:01:37,1,2,3,Enterprise,1372.82,59,1,AM_8,Security,34.60073344,37.9983727,Other,Billing,0,0,0,1,44.1
InsightlySoft,chat,2025-07-12 10:01:37,1,3,7,Pro,5740.22,8,0,AM_18,"Billing,Collaboration,Integration",37.66598379,32.27196732,Performance,Integration,0,1,0,1,56.2
GlobalFinance Corp,email,2025-07-06 7:01:37,1,5,1,Basic,7240.96,6,0,AM_17,Billing,42.79982858,41.61021036,How-To,Security,0,0,0,1,53.1
GlobalFinance Corp,chat,2025-06-18 21:01:37,0,3,4,Enterprise,1118.96,32,0,AM_5,"Analytics,Security,Collaboration",47.36453834,31.03204728,Bug,Collaboration,0,0,0,1,67.1
InsightlySoft,email,2025-06-18 14:01:37,4,5,4,Basic,831.04,28,0,AM_3,Security,36.34546725,32.64698546,How-To,Security,0,0,0,0,44
GlobalFinance Corp,web_form,2025-06-19 14:01:37,0,5,5,Basic,1855.62,11,1,AM_16,"Billing,Integration,Analytics",43.54472731,33.83734382,How-To,Analytics,0,0,0,0,41.8
InsightlySoft,email,2025-07-09 0:01:37,4,1,4,Enterprise,4109.37,28,0,AM_18,"Collaboration,Security",45.49226553,40.65919136,Other,Analytics,0,0,0,1,57.1
GlobalFinance Corp,email,2025-06-27 4:01:37,0,5,6,Enterprise,501.84,32,1,AM_10,Billing,49.09571056,33.69885505,Other,Collaboration,0,0,0,1,53.4
InsightlySoft,email,2025-07-12 9:01:37,2,3,7,Basic,4603.92,41,0,AM_17,"Billing,Collaboration,Integration",33.01127921,43.17415572,Bug,Analytics,0,0,0,0,30.1
GlobalFinance Corp,email,2025-06-21 8:01:37,0,0,7,Pro,2156.46,8,2,AM_15,Analytics,39.50822105,28.31227569,How-To,Collaboration,0,0,0,0,27.6
GlobalFinance Corp,email,2025-07-11 19:01:37,0,4,6,Basic,455.28,20,1,AM_18,"Collaboration,Analytics,Integration",40.12832249,33.33723327,How-To,Billing,0,0,0,0,33.6
InsightlySoft,web_form,2025-06-20 0:01:37,0,2,6,Pro,3342.02,24,1,AM_8,"Analytics,Collaboration",63.09109891,36.95614998,How-To,Collaboration,0,0,0,0,72.1
GlobalFinance Corp,chat,2025-06-29 6:01:37,0,6,1,Basic,2968.2,52,1,AM_16,"Integration,Billing",57.61289226,37.52956048,Feature Request,Analytics,1,0,0,0,53
InsightlySoft,email,2025-06-19 1:01:37,1,1,5,Basic,2921.46,27,0,AM_15,"Integration,Analytics",46.26999689,41.94233175,Feature Request,Billing,2,0,0,0,43.1
InsightlySoft,web_form,2025-06-19 18:01:37,0,2,5,Basic,4216.88,47,0,AM_5,Collaboration,31.93158294,28.8432885,How-To,Billing,0,1,0,1,48
InsightlySoft,email,2025-06-23 8:01:37,0,1,2,Basic,599.83,53,2,AM_18,"Billing,Collaboration",55.63630687,36.4608142,Other,Collaboration,1,0,0,0,64.5
InsightlySoft,email,2025-07-11 6:01:37,1,2,6,Pro,3587,59,1,AM_3,Collaboration,58.63858666,28.33022291,Bug,Security,0,0,0,0,53.6
GlobalFinance Corp,chat,2025-07-12 23:01:37,0,4,7,Basic,6548.93,58,1,AM_10,Collaboration,46.05556855,41.16134085,Other,Security,0,0,1,1,53.4
GlobalFinance Corp,email,2025-06-17 0:01:37,0,5,3,Pro,2267.06,11,0,AM_19,"Analytics,Security",42.01493982,32.38229458,Bug,Analytics,0,0,0,0,42.3
GlobalFinance Corp,web_form,2025-06-19 12:01:37,0,1,5,Pro,1996.77,47,0,AM_14,Security,39.84727529,42.61643181,Performance,Collaboration,0,0,0,0,30.3
InsightlySoft,web_form,2025-07-09 5:01:37,1,6,4,Basic,4795.32,23,1,AM_8,Collaboration,53.67847205,36.1748182,How-To,Security,0,0,0,0,48.9
GlobalFinance Corp,chat,2025-06-28 7:01:37,2,7,7,Basic,474.3,22,1,AM_10,Integration,53.05952233,36.99263577,How-To,Collaboration,0,0,0,0,59.9
InsightlySoft,email,2025-07-12 1:01:37,1,2,7,Basic,1250.52,5,1,AM_9,Collaboration,36.18127812,57.25703649,Feature Request,Security,0,1,0,1,56.6
GlobalFinance Corp,web_form,2025-07-02 16:01:37,1,2,4,Basic,5768.02,48,1,AM_9,"Analytics,Integration",38.34826641,44.08387776,Performance,Billing,1,1,0,1,53.8
GlobalFinance Corp,email,2025-06-29 2:01:37,3,6,1,Basic,2078.09,34,0,AM_18,Integration,36.15782557,41.52078172,Feature Request,Collaboration,1,0,0,0,36.2
GlobalFinance Corp,email,2025-06-25 7:01:37,0,4,4,Basic,5505.93,31,1,AM_0,"Collaboration,Integration",64.50518976,36.12712393,Other,Security,1,0,0,0,74.3
InsightlySoft,email,2025-07-05 21:01:37,3,5,7,Pro,870.53,47,0,AM_16,"Integration,Billing",49.50281426,33.23462775,Feature Request,Integration,0,0,0,0,55.2
GlobalFinance Corp,chat,2025-07-08 14:01:37,0,2,3,Pro,1480.8,37,0,AM_18,Billing,57.79181031,32.25357737,Bug,Analytics,0,0,0,0,58.6
GlobalFinance Corp,email,2025-06-20 21:01:37,1,1,6,Basic,5205.32,47,1,AM_17,Analytics,47.95741236,47.16647508,How-To,Analytics,0,0,0,0,57.8
InsightlySoft,web_form,2025-06-25 3:01:37,0,5,4,Pro,535.57,26,2,AM_16,"Analytics,Integration",50.77686455,31.25542961,Other,Collaboration,0,0,0,0,44.2
GlobalFinance Corp,email,2025-07-08 13:01:37,0,6,3,Pro,6755.04,23,0,AM_18,"Collaboration,Analytics",43.70211102,40.61769623,Performance,Integration,0,0,0,0,35.9
InsightlySoft,web_form,2025-07-11 2:01:37,3,3,6,Pro,1112.6,43,1,AM_2,"Collaboration,Security",61.25075153,31.60481104,How-To,Billing,2,0,0,0,67.9
GlobalFinance Corp,email,2025-07-01 6:01:37,2,2,3,Pro,10802.26,38,1,AM_12,Analytics,49.82590301,29.21038588,Other,Analytics,1,0,0,1,50.8
InsightlySoft,web_form,2025-06-28 6:01:37,1,2,7,Basic,5276.03,38,0,AM_1,Collaboration,46.06221177,32.89963161,Performance,Collaboration,0,0,0,0,48.6
InsightlySoft,web_form,2025-06-27 22:01:37,0,4,6,Enterprise,1824.13,32,2,AM_8,"Security,Collaboration,Analytics",28.12288483,41.85214397,Bug,Analytics,2,0,0,1,49
GlobalFinance Corp,email,2025-07-11 8:01:37,1,5,6,Basic,4067.23,5,1,AM_12,Analytics,51.94423243,44.66437865,Bug,Collaboration,0,0,0,0,48.9
InsightlySoft,email,2025-06-18 1:01:37,1,4,4,Basic,2430.81,25,2,AM_0,Analytics,51.84694466,37.99517508,Performance,Integration,0,0,1,1,56.7
InsightlySoft,web_form,2025-07-02 20:01:37,0,7,4,Pro,5757.02,33,2,AM_9,"Analytics,Collaboration",59.3593799,35.19262129,How-To,Security,0,0,0,0,58.2
InsightlySoft,chat,2025-06-28 20:01:37,0,2,7,Enterprise,2190.11,52,0,AM_2,Collaboration,43.62790543,40.75236821,Bug,Security,1,0,0,1,61.7
InsightlySoft,email,2025-07-03 12:01:37,2,3,5,Basic,13267.36,7,1,AM_9,"Analytics,Integration,Billing",39.56996857,34.86423805,Other,Security,0,0,0,1,53.2
InsightlySoft,chat,2025-07-02 14:01:37,1,4,4,Basic,429.9,16,2,AM_18,"Security,Collaboration",64.97710507,33.2199371,How-To,Security,1,0,0,0,72.2
InsightlySoft,email,2025-06-25 21:01:37,0,2,4,Basic,3385.38,49,2,AM_6,"Collaboration,Integration,Billing",32.76656398,29.09918269,Performance,Billing,0,0,0,0,38.3
GlobalFinance Corp,email,2025-06-14 23:01:37,1,2,7,Basic,845.71,29,1,AM_16,Billing,38.74088646,44.97496041,Bug,Collaboration,0,0,0,0,39.4
InsightlySoft,email,2025-07-13 18:01:37,0,3,1,Enterprise,636.71,59,2,AM_11,"Analytics,Billing,Integration",62.2674909,32.05261152,Bug,Billing,0,0,0,1,67.3
InsightlySoft,email,2025-07-01 19:01:37,1,1,3,Enterprise,1574.02,15,1,AM_7,Security,56.43190844,28.6117361,Feature Request,Security,0,1,0,1,71.2
GlobalFinance Corp,chat,2025-06-25 13:01:37,0,2,4,Basic,1374.04,20,4,AM_17,"Collaboration,Analytics",44.40048343,34.56352642,Feature Request,Security,1,0,0,0,49
GlobalFinance Corp,email,2025-07-06 2:01:37,1,3,1,Basic,142.33,22,0,AM_2,"Billing,Analytics,Collaboration",44.75244599,43.32135473,How-To,Integration,1,0,0,0,44.7
GlobalFinance Corp,web_form,2025-06-14 21:01:37,2,3,7,Enterprise,1674.4,10,0,AM_3,Billing,45.40586698,42.0778177,How-To,Analytics,0,0,0,1,43.9
GlobalFinance Corp,web_form,2025-06-17 2:01:37,1,4,3,Basic,9104.56,8,0,AM_7,"Billing,Analytics",55.73110444,34.77893882,Performance,Security,0,0,0,1,77.1
GlobalFinance Corp,chat,2025-06-26 12:01:37,0,6,5,Basic,1887,55,2,AM_4,"Collaboration,Security",55.88377524,32.6910678,Performance,Billing,0,0,1,1,76.4
GlobalFinance Corp,email,2025-06-22 8:01:37,1,2,1,Basic,1077.81,32,1,AM_10,"Analytics,Billing",53.44499683,54.0097089,Performance,Billing,1,0,1,1,57.7
GlobalFinance Corp,web_form,2025-06-15 8:01:37,2,5,1,Basic,8932.26,28,4,AM_1,Collaboration,55.17121725,30.18149284,Feature Request,Billing,0,0,0,1,61
InsightlySoft,chat,2025-06-30 18:01:37,0,2,2,Basic,2113.97,9,2,AM_18,"Collaboration,Security",53.14552673,36.40891822,Bug,Integration,0,0,0,0,49.3
InsightlySoft,email,2025-06-27 4:01:37,0,2,6,Basic,1015.25,31,2,AM_2,Billing,23.44500821,31.11276242,Bug,Billing,1,0,1,1,36.2
GlobalFinance Corp,web_form,2025-07-01 9:01:37,0,3,3,Pro,4583.43,23,0,AM_11,"Collaboration,Analytics,Billing",51.2427846,43.24350838,Performance,Collaboration,0,0,0,0,42.7
InsightlySoft,web_form,2025-06-24 1:01:37,0,4,3,Pro,759.31,19,2,AM_6,Billing,44.1618063,43.43733421,Feature Request,Collaboration,0,0,0,0,47.2
InsightlySoft,chat,2025-06-20 7:01:37,2,3,6,Pro,854.06,32,1,AM_5,Billing,69.38377354,28.06432118,Performance,Integration,0,1,0,1,57.7
InsightlySoft,email,2025-07-07 23:01:37,0,4,2,Enterprise,1176.16,10,0,AM_7,Security,33.17391291,38.02390574,Other,Collaboration,0,0,0,1,34
GlobalFinance Corp,email,2025-06-22 5:01:37,1,4,1,Enterprise,1506.43,20,1,AM_4,"Billing,Collaboration,Integration",35.69682273,17.53865165,How-To,Integration,0,0,0,1,39.9
GlobalFinance Corp,web_form,2025-07-07 21:01:37,3,5,2,Basic,2623.14,35,2,AM_12,Collaboration,49.05034419,37.28426591,Feature Request,Integration,0,0,0,0,49.3
InsightlySoft,web_form,2025-06-15 16:01:37,1,3,1,Pro,2172.58,57,0,AM_12,"Integration,Billing,Security",35.78386802,14.27140696,Bug,Integration,0,0,1,1,53.7
GlobalFinance Corp,web_form,2025-06-21 4:01:37,1,2,7,Pro,4084.58,31,0,AM_0,"Analytics,Collaboration,Integration",73.34679101,38.95486365,Other,Collaboration,1,0,0,0,53.5
InsightlySoft,email,2025-07-02 11:01:37,1,5,4,Enterprise,3788.74,11,3,AM_13,"Security,Billing,Collaboration",53.54202243,33.86732922,How-To,Security,0,0,0,1,76.4
InsightlySoft,chat,2025-07-13 0:01:37,0,4,1,Basic,139.89,43,1,AM_3,"Collaboration,Billing,Security",42.09210638,25.02545734,How-To,Collaboration,0,0,0,0,52.2
InsightlySoft,chat,2025-07-02 21:01:37,0,1,4,Basic,431.28,40,0,AM_19,"Analytics,Integration",51.87507509,40.54065438,How-To,Integration,0,0,0,0,47.7
InsightlySoft,email,2025-06-28 15:01:37,0,0,7,Pro,726.95,10,2,AM_0,"Billing,Integration,Collaboration",50.21172161,36.61660716,Feature Request,Analytics,0,0,0,0,60.3
GlobalFinance Corp,chat,2025-07-09 0:01:37,0,3,4,Pro,2731.4,9,1,AM_13,"Billing,Collaboration",41.4902763,28.89897649,Feature Request,Collaboration,1,0,1,1,51.8
GlobalFinance Corp,web_form,2025-07-06 23:01:37,0,5,1,Basic,6768.95,42,0,AM_18,"Collaboration,Security,Analytics",35.13102096,42.02013103,Feature Request,Analytics,1,0,1,1,48.1
GlobalFinance Corp,chat,2025-06-14 22:01:37,0,4,7,Basic,1178.71,10,1,AM_18,"Security,Integration,Analytics",36.72792552,35.55623251,Bug,Collaboration,0,0,1,1,41.8
InsightlySoft,chat,2025-06-26 19:01:37,0,9,5,Pro,9951.46,50,4,AM_2,"Billing,Security",43.52467015,39.41269001,Bug,Integration,0,0,0,1,51.7
GlobalFinance Corp,chat,2025-06-21 16:01:37,0,1,7,Basic,569.35,37,0,AM_19,"Integration,Analytics",57.82567211,33.59165641,Bug,Collaboration,0,0,0,0,43.4
InsightlySoft,web_form,2025-06-27 10:01:37,1,2,6,Basic,7760.12,37,2,AM_10,Integration,54.14065766,34.88876137,Other,Billing,1,0,0,1,61.7
GlobalFinance Corp,email,2025-06-27 0:01:37,0,3,6,Enterprise,4843.38,7,1,AM_8,"Security,Integration",69.89333082,48.60410127,Other,Billing,0,1,0,1,91.8
InsightlySoft,web_form,2025-06-27 10:01:37,2,7,6,Basic,1478.14,20,4,AM_18,"Security,Billing",39.47221471,31.54755712,Performance,Integration,0,0,0,0,42.1
InsightlySoft,email,2025-07-13 16:01:37,0,4,1,Basic,693.2,20,0,AM_1,"Billing,Analytics",35.99379828,38.39604144,Performance,Security,0,0,0,0,37.9
InsightlySoft,email,2025-06-29 7:01:37,2,6,1,Enterprise,1489.25,8,2,AM_12,Analytics,46.36260212,38.46773415,How-To,Analytics,0,0,0,1,67.1
GlobalFinance Corp,email,2025-06-28 17:01:37,3,3,7,Basic,721.4,17,1,AM_2,Billing,52.30347781,26.84548847,How-To,Collaboration,0,0,0,0,57.6
GlobalFinance Corp,chat,2025-07-12 10:01:37,1,4,7,Basic,2470.8,38,1,AM_10,"Security,Analytics,Collaboration",52.56734516,38.55194636,Feature Request,Integration,0,0,0,0,52.9
GlobalFinance Corp,chat,2025-07-04 5:01:37,1,2,6,Pro,2565.72,25,0,AM_13,"Security,Collaboration,Analytics",51.59045031,23.30290425,How-To,Analytics,1,0,0,0,47.5
GlobalFinance Corp,email,2025-06-18 8:01:37,1,1,4,Basic,4385.5,13,0,AM_14,Billing,50.08115166,52.33075637,How-To,Collaboration,0,0,0,0,44.5
InsightlySoft,email,2025-07-10 8:01:37,2,1,5,Basic,2251.47,45,1,AM_4,"Collaboration,Security",42.52664083,47.3974899,Other,Collaboration,1,0,0,0,30.9
GlobalFinance Corp,chat,2025-07-09 8:01:37,1,2,4,Basic,1270.03,13,3,AM_6,Collaboration,43.83529957,20.35121644,Bug,Security,0,0,0,0,44.6
GlobalFinance Corp,web_form,2025-06-16 20:01:37,1,1,2,Basic,7277.61,48,1,AM_1,Security,63.73389001,45.05187791,How-To,Analytics,0,0,0,1,76.3
InsightlySoft,email,2025-06-29 2:01:37,0,3,1,Enterprise,243.63,2,0,AM_5,Billing,36.07572028,36.75333514,Performance,Collaboration,0,0,0,1,47.1
InsightlySoft,web_form,2025-07-01 22:01:37,3,1,3,Enterprise,4963.02,37,1,AM_10,Analytics,50.44431081,24.22817716,Performance,Security,0,0,1,1,53.8
InsightlySoft,chat,2025-07-10 23:01:37,1,2,5,Basic,1580.74,42,2,AM_1,Security,59.6150262,21.70018931,How-To,Billing,0,0,1,1,70.1
GlobalFinance Corp,email,2025-06-28 9:01:37,0,2,7,Basic,599.38,42,3,AM_12,"Analytics,Security,Integration",37.84836571,35.69241865,Feature Request,Security,1,1,0,1,46.2
InsightlySoft,web_form,2025-06-22 12:01:37,0,2,1,Basic,384.71,57,1,AM_0,"Integration,Security",37.81027948,49.2732911,Performance,Analytics,0,0,0,0,39.2
InsightlySoft,web_form,2025-07-10 4:01:37,2,5,5,Basic,748.33,11,2,AM_2,"Security,Integration,Collaboration",50.8743983,54.92344236,How-To,Security,1,0,0,0,57.2
InsightlySoft,web_form,2025-06-21 9:01:37,0,2,7,Enterprise,390.18,20,2,AM_19,"Analytics,Integration,Collaboration",52.29860179,38.31497217,Performance,Billing,0,0,0,1,65.2
GlobalFinance Corp,chat,2025-06-18 1:01:37,0,5,4,Enterprise,1842.62,57,0,AM_1,Billing,44.83858991,28.00285758,How-To,Billing,0,0,0,1,49.1
InsightlySoft,chat,2025-06-20 9:01:37,1,5,6,Basic,1290.92,56,0,AM_18,"Integration,Collaboration,Security",52.50627144,50.7618104,Other,Analytics,0,0,0,0,37.1
GlobalFinance Corp,web_form,2025-06-30 14:01:37,0,3,2,Basic,1322.91,9,1,AM_8,"Collaboration,Analytics",31.53918048,28.5695932,Performance,Integration,0,0,0,0,24.8
GlobalFinance Corp,web_form,2025-06-21 5:01:37,1,4,7,Basic,511.9,45,1,AM_17,"Collaboration,Security",41.58752456,33.30744809,How-To,Security,0,0,1,1,61.2
InsightlySoft,chat,2025-06-29 22:01:37,2,2,1,Enterprise,3234.16,45,1,AM_0,"Analytics,Collaboration",59.59984264,41.45683146,Other,Analytics,0,0,0,1,79.3
InsightlySoft,web_form,2025-07-07 18:01:37,2,0,2,Basic,2807.93,29,0,AM_19,Integration,29.5172187,46.56317538,How-To,Collaboration,0,0,0,0,31.4
GlobalFinance Corp,web_form,2025-06-21 13:01:37,0,1,7,Basic,12100.27,34,2,AM_13,"Collaboration,Analytics,Integration",68.53074099,26.87789511,How-To,Security,0,0,0,1,69.3
InsightlySoft,chat,2025-06-25 22:01:37,1,5,4,Enterprise,550.49,58,3,AM_13,Collaboration,46.68313499,35.83855466,Feature Request,Billing,0,0,0,1,62.6
InsightlySoft,web_form,2025-07-10 9:01:37,0,5,5,Enterprise,5387.58,5,2,AM_17,"Security,Billing,Analytics",64.06836048,41.22541564,How-To,Security,0,0,0,1,75.7
GlobalFinance Corp,web_form,2025-07-08 12:01:37,1,5,3,Basic,103.38,31,0,AM_12,"Security,Collaboration,Analytics",59.63371556,16.71859453,Performance,Analytics,0,0,0,0,54.2
GlobalFinance Corp,web_form,2025-07-08 16:01:37,3,2,3,Basic,228.44,26,1,AM_3,"Security,Billing",50.25266532,21.17230164,Bug,Integration,0,0,0,0,51
InsightlySoft,chat,2025-06-14 22:01:37,2,10,7,Basic,3132.81,57,0,AM_17,"Analytics,Security,Billing",50.62173347,22.873834,How-To,Integration,0,0,0,0,55.9
GlobalFinance Corp,web_form,2025-07-02 7:01:37,0,0,4,Basic,1565,37,0,AM_18,"Security,Analytics",66.93576843,38.1112783,Performance,Collaboration,0,0,0,1,87.1
InsightlySoft,chat,2025-07-07 19:01:37,0,4,2,Pro,786.05,44,1,AM_3,Security,37.34171305,40.78297676,How-To,Analytics,1,0,1,1,67
InsightlySoft,chat,2025-06-15 1:01:37,2,1,1,Pro,8.28,20,7,AM_5,"Integration,Billing,Security",46.89462135,45.65433305,Bug,Security,1,0,0,0,62.6
InsightlySoft,email,2025-06-17 20:01:37,1,3,3,Pro,3264.32,8,1,AM_11,"Analytics,Billing,Collaboration",42.06410343,38.6408942,Bug,Billing,0,0,0,0,42.4
GlobalFinance Corp,email,2025-07-12 18:01:37,2,3,7,Basic,1744,6,1,AM_8,"Collaboration,Integration",39.66064563,54.91426093,How-To,Security,0,0,0,0,57.3
InsightlySoft,web_form,2025-06-18 4:01:37,1,4,4,Pro,561.84,18,2,AM_12,"Billing,Analytics,Security",59.48688052,41.06516078,Performance,Security,0,0,0,0,72
InsightlySoft,chat,2025-07-04 19:01:37,3,1,6,Pro,10750.74,8,2,AM_13,"Billing,Security",51.88640633,46.73461048,Other,Billing,1,0,0,1,83.1
InsightlySoft,email,2025-07-14 11:01:37,0,0,2,Basic,1296.24,53,1,AM_14,Collaboration,51.57849597,43.64989619,Feature Request,Collaboration,0,0,0,0,40.1
GlobalFinance Corp,web_form,2025-06-25 10:01:37,1,4,4,Pro,1083.17,55,1,AM_13,"Security,Billing,Collaboration",51.61643115,38.19209321,How-To,Integration,0,0,0,0,42.5
GlobalFinance Corp,email,2025-06-25 21:01:37,3,3,4,Enterprise,2141.97,52,2,AM_17,Security,55.80551355,48.87845975,Performance,Integration,1,1,0,1,61.3
GlobalFinance Corp,email,2025-06-29 7:01:37,3,5,1,Basic,973.9,25,1,AM_1,Security,46.10986604,41.35590277,Bug,Security,0,0,0,0,41.6
GlobalFinance Corp,chat,2025-06-21 21:01:37,0,4,7,Basic,955.5,2,1,AM_2,"Security,Collaboration",58.79808955,31.31790889,Performance,Analytics,0,0,0,0,62.1
GlobalFinance Corp,chat,2025-06-24 11:01:37,0,2,3,Basic,10169.58,28,1,AM_17,"Security,Billing",47.05011479,37.58472153,How-To,Integration,0,0,0,1,69.7
InsightlySoft,email,2025-07-05 23:01:37,3,4,7,Basic,907.97,42,2,AM_18,"Billing,Integration,Security",48.03431871,33.41925398,Performance,Collaboration,0,0,0,0,48.8
GlobalFinance Corp,email,2025-07-07 21:01:37,0,0,2,Pro,2790.16,25,1,AM_17,Billing,44.21014315,29.81319041,Performance,Collaboration,2,0,0,0,47.7
GlobalFinance Corp,chat,2025-07-09 13:01:37,4,1,4,Pro,114.5,20,0,AM_14,"Integration,Billing",46.29642914,30.52985565,How-To,Billing,0,0,0,0,40.8
GlobalFinance Corp,web_form,2025-06-30 17:01:37,2,4,2,Pro,502.95,6,3,AM_5,"Integration,Collaboration,Analytics",51.01477039,41.02082677,How-To,Analytics,0,1,0,1,71.7
InsightlySoft,chat,2025-07-06 18:01:37,0,0,1,Pro,66.98,37,1,AM_3,Analytics,47.5464358,24.9571761,Other,Integration,0,0,0,0,42.8
GlobalFinance Corp,email,2025-07-05 20:01:37,0,6,7,Enterprise,2293.78,16,1,AM_9,"Security,Integration,Analytics",39.75921104,38.19936341,How-To,Analytics,2,0,0,1,54.2
GlobalFinance Corp,web_form,2025-06-20 20:01:37,0,4,6,Basic,2029.5,35,1,AM_11,Billing,45.67891424,31.89328252,Bug,Integration,1,0,0,0,54.3
InsightlySoft,email,2025-07-01 2:01:37,1,6,3,Pro,1205.57,55,0,AM_4,Collaboration,44.67048926,27.97443803,Performance,Billing,0,0,0,0,41.1
GlobalFinance Corp,web_form,2025-06-28 21:01:37,0,4,7,Basic,3614.73,36,0,AM_19,"Security,Collaboration,Integration",46.2733713,35.27986388,Bug,Analytics,1,0,1,1,61.6
InsightlySoft,email,2025-06-16 17:01:37,0,4,2,Basic,2948.85,1,0,AM_4,Billing,29.10682631,37.15787844,Feature Request,Analytics,0,0,0,0,39.8
InsightlySoft,web_form,2025-06-20 16:01:37,1,0,6,Enterprise,2751.44,14,0,AM_15,"Analytics,Security",55.1578584,52.31885159,Feature Request,Integration,1,0,0,1,76.3
InsightlySoft,web_form,2025-07-04 19:01:37,1,2,6,Pro,1229.59,14,0,AM_17,"Security,Billing,Collaboration",46.14356916,27.76762968,How-To,Security,0,1,1,1,53.3
InsightlySoft,email,2025-06-22 14:01:37,0,3,1,Basic,1188.68,24,3,AM_14,Integration,51.16862474,38.45762115,Performance,Integration,1,1,0,1,69.4
InsightlySoft,web_form,2025-06-15 14:01:37,1,1,1,Basic,6201.32,19,0,AM_7,Analytics,52.930589,39.70858033,How-To,Analytics,0,0,0,0,59.3
GlobalFinance Corp,chat,2025-07-11 8:01:37,0,2,6,Pro,2355.56,38,0,AM_0,Security,36.89305819,35.22690737,Other,Billing,1,0,0,0,29.7
InsightlySoft,email,2025-06-29 15:01:37,0,3,1,Enterprise,953.33,44,2,AM_8,Integration,53.98469352,47.51511705,Bug,Billing,0,0,0,1,64.5
InsightlySoft,chat,2025-06-23 17:01:37,2,2,2,Pro,2350.67,18,2,AM_11,Analytics,37.32954226,38.02735908,How-To,Security,0,0,0,0,41.2
GlobalFinance Corp,email,2025-07-06 8:01:37,0,3,1,Basic,930.89,9,0,AM_0,"Security,Collaboration,Analytics",51.07854396,43.02890919,Other,Security,1,1,0,1,52
InsightlySoft,web_form,2025-06-23 18:01:37,2,1,2,Basic,614.8,52,2,AM_4,"Security,Billing,Analytics",29.6871195,30.95872034,Bug,Analytics,0,0,0,0,36
GlobalFinance Corp,web_form,2025-06-17 22:01:37,3,4,3,Basic,994.59,55,0,AM_8,"Collaboration,Integration",25.4965287,26.06122983,How-To,Security,1,0,0,0,24.9
GlobalFinance Corp,web_form,2025-07-13 5:01:37,1,2,1,Pro,2973.79,57,0,AM_0,"Integration,Analytics",56.89370375,34.48555745,How-To,Billing,0,0,0,0,63.6
GlobalFinance Corp,email,2025-06-17 22:01:37,2,1,3,Basic,2176.01,13,1,AM_13,"Integration,Billing,Collaboration",53.0345855,34.36626579,How-To,Analytics,0,0,0,0,50.9
InsightlySoft,chat,2025-06-20 5:01:37,5,4,6,Basic,539.18,59,0,AM_16,"Security,Collaboration,Billing",45.73816341,33.16714258,Other,Security,0,0,0,0,60.1
InsightlySoft,chat,2025-06-19 17:01:37,2,1,5,Pro,7155.06,51,2,AM_2,Billing,47.11513085,38.25403495,Bug,Billing,1,0,0,1,53.9
InsightlySoft,email,2025-06-28 0:01:37,0,6,7,Pro,2069.24,45,1,AM_15,"Collaboration,Analytics",31.48635478,32.31119485,Performance,Security,0,0,0,0,39.8
GlobalFinance Corp,email,2025-06-15 8:01:37,1,3,1,Pro,4735.64,51,0,AM_7,"Collaboration,Billing",47.10388425,32.51201707,Other,Billing,0,0,0,0,52.9
InsightlySoft,chat,2025-07-07 10:01:37,1,3,2,Enterprise,1204.52,19,0,AM_18,"Billing,Analytics",48.31267307,47.59989004,Other,Analytics,1,0,0,1,66.5
InsightlySoft,chat,2025-06-22 1:01:37,0,5,1,Pro,9478.95,53,0,AM_14,Integration,42.91587999,28.2653916,Other,Billing,0,0,1,1,63.5
InsightlySoft,chat,2025-06-21 0:01:37,1,3,7,Basic,4184.11,10,0,AM_1,"Analytics,Security",45.57892861,46.68006494,Bug,Collaboration,0,0,0,0,52.9
GlobalFinance Corp,chat,2025-06-25 7:01:37,2,5,4,Enterprise,1818.2,38,4,AM_5,Collaboration,37.41064266,42.83675458,Feature Request,Integration,0,1,0,1,52.8
GlobalFinance Corp,email,2025-07-06 9:01:37,0,2,1,Basic,6977.34,3,0,AM_9,Billing,32.38818958,45.12277817,Performance,Billing,0,0,0,0,28.7
InsightlySoft,email,2025-06-22 6:01:37,1,3,1,Basic,3791.87,58,0,AM_12,Collaboration,48.92689269,45.1211573,Performance,Collaboration,0,0,1,1,59.4
InsightlySoft,web_form,2025-06-21 23:01:37,1,6,7,Pro,1689.14,48,1,AM_14,Billing,34.77176032,35.09391937,Performance,Security,2,0,0,0,44
InsightlySoft,chat,2025-06-18 5:01:37,0,6,4,Basic,10964.9,41,2,AM_10,"Analytics,Security,Collaboration",51.77651895,30.55586327,Feature Request,Integration,0,0,0,1,56
InsightlySoft,web_form,2025-06-28 8:01:37,1,3,7,Basic,1063.79,17,2,AM_8,"Collaboration,Billing",50.607682,33.51683921,Other,Billing,1,0,1,1,63.9
GlobalFinance Corp,email,2025-07-13 0:01:37,0,3,1,Pro,889.45,23,1,AM_13,"Analytics,Integration,Collaboration",57.50406918,35.9478466,Feature Request,Billing,0,1,0,1,65.1
GlobalFinance Corp,email,2025-06-19 21:01:37,0,3,5,Enterprise,6751.58,27,1,AM_2,"Collaboration,Security",50.44287087,26.63154283,Performance,Analytics,1,0,0,1,46.2
GlobalFinance Corp,web_form,2025-06-28 9:01:37,3,1,7,Pro,3686.56,9,1,AM_19,"Integration,Billing,Security",77.41788462,39.26688878,Other,Billing,0,0,0,0,74.5
GlobalFinance Corp,chat,2025-06-15 14:01:37,0,5,1,Basic,1271.7,5,0,AM_15,Collaboration,44.00032358,32.69158886,Bug,Integration,0,0,0,0,49.7
InsightlySoft,chat,2025-06-18 19:01:37,3,3,4,Basic,791.12,19,0,AM_7,"Analytics,Collaboration,Billing",50.90154722,37.45276878,Performance,Security,0,0,0,0,53.1
InsightlySoft,chat,2025-06-26 9:01:37,0,4,5,Basic,588.18,29,0,AM_10,Collaboration,40.83906696,34.46298724,Other,Analytics,0,0,0,0,33.1
InsightlySoft,chat,2025-06-19 1:01:37,3,1,5,Basic,1128.43,15,4,AM_1,"Analytics,Integration,Security",57.4017244,43.40201008,Bug,Integration,0,0,0,0,62.6
GlobalFinance Corp,web_form,2025-06-23 16:01:37,4,3,2,Basic,402.45,42,1,AM_4,Collaboration,48.63688502,40.28936339,Feature Request,Billing,0,0,0,0,48.3
InsightlySoft,web_form,2025-07-01 10:01:37,0,5,3,Pro,471.18,36,1,AM_11,"Analytics,Collaboration,Billing",29.43352011,31.09354291,Other,Integration,1,0,0,0,19.9
GlobalFinance Corp,email,2025-06-21 17:01:37,0,3,7,Pro,4496.7,56,1,AM_8,Billing,38.75663325,36.68832581,Other,Integration,0,0,0,0,45.9
GlobalFinance Corp,chat,2025-07-05 19:01:37,1,1,7,Enterprise,197.65,12,2,AM_10,"Billing,Integration",45.39580325,18.62299077,Feature Request,Security,1,0,0,1,63.1
InsightlySoft,chat,2025-07-11 19:01:37,1,3,6,Basic,1735.65,14,2,AM_15,Security,34.44709825,32.43478959,Bug,Billing,1,0,0,0,28.9
InsightlySoft,chat,2025-06-21 2:01:37,0,3,7,Basic,1557.58,15,0,AM_9,"Collaboration,Security,Analytics",52.40830754,38.1723117,Feature Request,Collaboration,0,0,0,0,54.4
InsightlySoft,web_form,2025-07-04 22:01:37,1,4,6,Basic,9670.99,51,2,AM_10,"Billing,Integration",32.83955854,28.3189517,Performance,Analytics,0,0,0,1,58.1
GlobalFinance Corp,chat,2025-07-03 1:01:37,0,2,5,Enterprise,1879.5,31,1,AM_0,Billing,44.87083838,42.10042045,How-To,Security,0,0,0,1,51.5
InsightlySoft,web_form,2025-06-19 1:01:37,1,6,5,Enterprise,526.12,5,0,AM_0,"Collaboration,Security,Analytics",43.94106596,25.62067123,Feature Request,Analytics,0,1,1,1,52.8
GlobalFinance Corp,chat,2025-07-08 0:01:37,0,2,3,Enterprise,277.68,44,0,AM_0,"Security,Analytics,Integration",56.96055031,38.45455791,Performance,Billing,0,0,0,1,72.5
InsightlySoft,chat,2025-07-06 19:01:37,2,4,1,Enterprise,3955.22,3,1,AM_19,Security,44.69216515,34.77241495,Other,Analytics,0,0,0,1,50.1
GlobalFinance Corp,email,2025-07-14 9:01:37,1,2,2,Enterprise,479.58,47,0,AM_14,"Billing,Collaboration",55.37053098,44.73091642,Performance,Integration,0,0,1,1,82.1
GlobalFinance Corp,chat,2025-07-12 6:01:37,0,7,7,Pro,8341.05,30,0,AM_8,"Analytics,Integration,Security",51.00313907,31.54422463,Other,Integration,0,0,0,1,63.1
InsightlySoft,chat,2025-07-05 9:01:37,0,7,7,Pro,2457.58,47,0,AM_5,"Billing,Collaboration,Analytics",35.44021199,34.56869368,How-To,Integration,0,0,0,0,43.3
GlobalFinance Corp,email,2025-06-15 14:01:37,1,2,1,Basic,1540.97,12,0,AM_18,"Collaboration,Billing,Analytics",68.99454188,46.63220684,How-To,Collaboration,0,0,0,0,75.3
GlobalFinance Corp,web_form,2025-06-20 12:01:37,1,5,6,Pro,3459.2,15,1,AM_7,"Security,Analytics",57.73473825,46.74140705,Feature Request,Integration,0,0,1,1,80.1
InsightlySoft,web_form,2025-07-02 19:01:37,0,3,4,Pro,665.41,38,0,AM_16,"Collaboration,Analytics",37.35505825,20.77376533,How-To,Integration,0,0,0,0,29
GlobalFinance Corp,chat,2025-07-07 17:01:37,0,3,2,Enterprise,1445.05,28,2,AM_11,"Collaboration,Billing,Security",36.30084006,24.18406163,Feature Request,Billing,0,0,0,1,50.9
InsightlySoft,web_form,2025-07-12 4:01:37,2,1,7,Basic,101.95,49,0,AM_1,"Security,Collaboration,Integration",59.06926989,47.22214473,Bug,Integration,0,0,0,0,78.9
GlobalFinance Corp,chat,2025-06-30 5:01:37,0,2,2,Enterprise,6303.3,23,0,AM_7,"Analytics,Integration",55.90298902,45.32539733,Other,Collaboration,0,0,0,1,78.9
InsightlySoft,email,2025-06-26 8:01:37,1,4,5,Pro,1661.5,47,1,AM_0,"Integration,Security",53.67113315,42.49314845,Feature Request,Collaboration,0,0,0,0,58.2
InsightlySoft,email,2025-07-14 4:01:37,1,5,2,Basic,4266.7,15,0,AM_12,Security,37.26562754,35.15209741,How-To,Security,0,0,0,0,37.9
GlobalFinance Corp,chat,2025-07-07 22:01:37,1,2,2,Basic,7461.5,11,1,AM_10,Integration,40.79830448,35.81242646,How-To,Collaboration,1,0,0,1,55.1
GlobalFinance Corp,email,2025-06-27 6:01:37,1,2,6,Enterprise,3173.5,30,1,AM_18,Collaboration,60.00699312,24.27085745,Other,Integration,0,1,1,1,58.8
GlobalFinance Corp,email,2025-06-23 2:01:37,1,0,2,Basic,1413.6,54,0,AM_1,Collaboration,52.84487406,32.5320897,Other,Analytics,1,1,0,1,65.5
GlobalFinance Corp,chat,2025-06-17 0:01:37,0,5,3,Basic,2899.03,12,1,AM_19,"Collaboration,Billing,Analytics",39.58172367,43.15368275,Bug,Security,0,0,1,1,57.3
GlobalFinance Corp,chat,2025-06-21 22:01:37,3,2,7,Basic,1340.41,54,1,AM_17,"Security,Billing,Integration",60.89415439,35.08857624,Bug,Collaboration,0,0,0,0,52.4
InsightlySoft,email,2025-06-21 10:01:37,3,2,7,Basic,2513.23,19,0,AM_3,Billing,66.95180951,43.38659784,How-To,Security,1,0,0,0,69.9
GlobalFinance Corp,web_form,2025-06-19 21:01:37,0,4,5,Enterprise,1697.77,32,0,AM_6,"Integration,Security,Billing",42.22818709,44.4237292,Other,Billing,0,0,0,1,42.5
InsightlySoft,web_form,2025-07-13 14:01:37,2,6,1,Basic,487.09,1,1,AM_4,"Security,Collaboration",40.28587403,43.66986752,Feature Request,Integration,0,1,0,1,47.3
InsightlySoft,chat,2025-06-15 6:01:37,1,1,1,Basic,4543.76,16,1,AM_8,"Analytics,Collaboration",62.02252924,39.61099157,Feature Request,Integration,0,1,1,1,77.1
GlobalFinance Corp,chat,2025-06-26 4:01:37,1,2,5,Pro,2058.03,11,1,AM_12,Billing,63.41733583,33.84429293,Other,Security,0,0,0,0,71.6
InsightlySoft,web_form,2025-07-06 2:01:37,0,1,1,Enterprise,632.69,31,0,AM_17,"Collaboration,Analytics,Billing",63.21314517,37.89859477,Performance,Collaboration,0,0,0,1,69.8
InsightlySoft,email,2025-06-25 4:01:37,1,2,4,Pro,6672.14,33,0,AM_14,"Collaboration,Integration",51.10475266,28.08723862,Bug,Analytics,0,0,1,1,63.5
InsightlySoft,web_form,2025-06-14 22:01:37,2,2,7,Basic,5756.44,55,0,AM_17,"Security,Analytics,Integration",42.10715294,22.98761882,Performance,Collaboration,1,0,0,0,46.9
InsightlySoft,web_form,2025-07-10 10:01:37,0,1,5,Enterprise,2454.95,36,0,AM_0,"Integration,Security",56.29684127,37.603752,Feature Request,Security,2,0,0,1,68
GlobalFinance Corp,web_form,2025-06-27 0:01:37,2,4,6,Pro,10551.71,30,2,AM_3,"Collaboration,Analytics,Billing",43.93590934,31.24291516,Other,Collaboration,0,0,0,1,52.5
InsightlySoft,web_form,2025-07-10 13:01:37,0,2,5,Basic,7858.89,38,0,AM_12,"Billing,Collaboration",43.34349435,30.5047891,Feature Request,Security,0,0,0,1,64.5
GlobalFinance Corp,chat,2025-06-22 5:01:37,1,2,1,Pro,6819.25,4,0,AM_13,"Billing,Integration",49.04823295,34.69976616,Bug,Integration,0,0,0,0,56.1
GlobalFinance Corp,chat,2025-06-18 3:01:37,2,0,4,Enterprise,429.16,56,2,AM_7,"Security,Analytics",47.48801774,43.0295165,Feature Request,Integration,0,0,0,1,58.1
InsightlySoft,email,2025-06-23 0:01:37,1,2,2,Pro,1047.1,25,1,AM_4,Integration,42.20059211,45.3479439,Other,Integration,0,0,0,0,47.4
GlobalFinance Corp,email,2025-07-10 8:01:37,2,4,5,Enterprise,1583.87,34,0,AM_19,"Analytics,Integration,Billing",36.64938011,28.53798382,Other,Security,0,0,0,1,53.9
GlobalFinance Corp,email,2025-06-16 11:01:37,1,3,2,Pro,5349.75,17,0,AM_6,Analytics,45.2827591,51.70723198,Other,Integration,0,0,0,0,33.5
GlobalFinance Corp,email,2025-07-03 5:01:37,2,1,5,Pro,6149.32,33,3,AM_8,"Integration,Security,Analytics",41.00377619,39.25886912,Bug,Billing,0,1,0,1,45.8
InsightlySoft,web_form,2025-07-12 1:01:37,0,7,7,Basic,4176.76,30,1,AM_5,"Analytics,Security",33.75619358,40.41841931,Feature Request,Analytics,0,0,0,0,27.7
GlobalFinance Corp,chat,2025-07-06 22:01:37,2,2,1,Enterprise,1918.25,13,0,AM_11,Integration,49.12792124,28.14647453,Bug,Security,0,0,0,1,60.5
GlobalFinance Corp,chat,2025-07-01 13:01:37,0,3,3,Pro,529.86,12,1,AM_10,"Billing,Analytics",49.38531753,35.59948413,Bug,Integration,0,0,1,1,58.7
GlobalFinance Corp,email,2025-07-09 0:01:37,0,3,4,Pro,107.49,32,1,AM_14,Analytics,54.93589051,35.20691865,Feature Request,Billing,0,0,1,1,70.5
InsightlySoft,email,2025-06-30 11:01:37,0,5,2,Pro,3604.95,23,2,AM_16,"Billing,Security,Analytics",49.02105177,21.95259595,Performance,Collaboration,2,0,0,0,58.1
GlobalFinance Corp,web_form,2025-07-10 9:01:37,3,1,5,Pro,15426.03,29,2,AM_2,"Collaboration,Billing,Integration",46.95023001,35.68846867,Feature Request,Analytics,0,0,0,1,69.2
InsightlySoft,web_form,2025-06-22 0:01:37,1,3,1,Pro,1271.52,34,2,AM_16,"Security,Analytics,Collaboration",54.82300847,42.3999419,Bug,Analytics,1,0,0,0,46.6
InsightlySoft,email,2025-06-28 22:01:37,0,1,7,Pro,2523.08,19,0,AM_7,"Collaboration,Security",49.05757256,31.76916019,How-To,Integration,0,0,0,0,49.4
InsightlySoft,chat,2025-07-10 4:01:37,3,3,5,Pro,4991.4,12,2,AM_11,Analytics,50.43599517,29.97540649,Performance,Security,0,1,0,1,70.4
InsightlySoft,chat,2025-06-22 1:01:37,2,3,1,Basic,619.16,4,0,AM_12,Collaboration,53.10337085,44.50210743,Performance,Security,0,0,1,1,77.7
InsightlySoft,chat,2025-06-30 0:01:37,0,5,2,Basic,5308.06,25,1,AM_11,Analytics,41.89418552,37.57968278,How-To,Billing,0,0,0,0,29.6
InsightlySoft,email,2025-07-01 13:01:37,2,5,3,Pro,2945.23,26,1,AM_4,Integration,57.19431354,35.47829991,Performance,Security,0,0,0,0,54.3
GlobalFinance Corp,chat,2025-07-03 16:01:37,1,2,5,Pro,2530.85,18,1,AM_0,Integration,47.94865891,37.3351825,Feature Request,Integration,0,0,1,1,57.1
InsightlySoft,web_form,2025-06-15 20:01:37,0,1,1,Basic,4310.01,30,2,AM_16,Collaboration,46.50976132,40.57822821,How-To,Analytics,1,0,0,0,49.4
GlobalFinance Corp,web_form,2025-07-12 1:01:37,2,2,7,Basic,827.06,58,1,AM_4,"Billing,Security,Analytics",57.07429898,42.9702325,How-To,Analytics,1,0,0,0,67.9
GlobalFinance Corp,email,2025-06-30 21:01:37,0,1,2,Basic,2861.83,34,1,AM_7,"Billing,Collaboration,Analytics",42.81545962,44.01197957,How-To,Analytics,0,0,0,0,41.1
InsightlySoft,web_form,2025-06-23 9:01:37,1,4,2,Pro,824.8,33,1,AM_1,Collaboration,43.59518334,39.43391025,Feature Request,Integration,0,0,1,1,50.3
GlobalFinance Corp,email,2025-07-09 5:01:37,2,5,4,Pro,593.65,31,0,AM_4,Collaboration,52.54072376,46.37897365,Performance,Collaboration,0,0,0,0,63.8
GlobalFinance Corp,chat,2025-06-20 2:01:37,0,5,6,Basic,2929.35,56,0,AM_13,Security,49.78516614,21.42736641,Performance,Integration,0,0,0,0,51.8
GlobalFinance Corp,chat,2025-06-22 6:01:37,0,0,1,Basic,941.18,31,1,AM_1,Integration,80.90130719,44.74976579,Other,Analytics,1,0,0,0,92.3
GlobalFinance Corp,chat,2025-06-22 11:01:37,0,5,1,Basic,3759.27,13,0,AM_11,"Integration,Security,Analytics",58.02669502,34.37439432,Feature Request,Analytics,0,0,0,0,44.4
InsightlySoft,web_form,2025-06-24 2:01:37,0,1,3,Basic,2167.64,24,1,AM_13,"Integration,Billing",24.07259417,26.76414275,Performance,Security,0,0,0,0,19
GlobalFinance Corp,email,2025-06-18 21:01:37,1,2,4,Basic,3561.88,5,0,AM_4,"Integration,Analytics,Security",50.80699124,44.44476903,Other,Analytics,1,0,0,0,61.4
InsightlySoft,chat,2025-06-18 23:01:37,1,2,4,Basic,6666.3,51,2,AM_17,Integration,29.5640223,36.3883599,Other,Billing,1,0,0,0,32.3
GlobalFinance Corp,email,2025-06-17 9:01:37,0,0,3,Basic,446.36,1,0,AM_17,Security,43.85078905,43.50541935,Bug,Integration,1,0,0,0,45.7
GlobalFinance Corp,chat,2025-06-29 9:01:37,0,3,1,Pro,207.21,34,0,AM_15,"Integration,Collaboration,Security",49.76030463,34.07181906,Feature Request,Security,0,0,0,0,38.1
InsightlySoft,web_form,2025-06-17 15:01:37,0,1,3,Basic,1532.06,46,3,AM_4,"Collaboration,Integration,Security",43.3928044,38.93963027,Other,Security,1,1,0,1,54.9
GlobalFinance Corp,web_form,2025-07-10 15:01:37,2,4,5,Pro,3783.83,9,2,AM_1,"Billing,Integration",26.08738201,34.79366402,How-To,Collaboration,1,0,0,0,24.1
GlobalFinance Corp,email,2025-07-01 13:01:37,0,3,3,Pro,6518.66,8,0,AM_17,"Integration,Collaboration",48.59274049,36.24759212,How-To,Collaboration,0,0,1,1,55.1
GlobalFinance Corp,web_form,2025-07-09 15:01:37,3,3,4,Basic,106.24,58,1,AM_2,"Security,Integration,Billing",42.37413606,31.4936944,Bug,Analytics,0,1,1,1,46.1
InsightlySoft,web_form,2025-07-01 10:01:37,0,5,3,Basic,4724.5,43,1,AM_8,"Collaboration,Security,Integration",54.41685078,26.5769831,Other,Billing,0,0,0,0,63.6
GlobalFinance Corp,email,2025-06-20 1:01:37,2,3,6,Pro,235.24,36,3,AM_5,"Billing,Integration,Security",29.03117825,27.82270095,How-To,Billing,0,0,0,0,30.2
InsightlySoft,chat,2025-06-24 3:01:37,2,4,3,Enterprise,2606.62,29,1,AM_17,Security,40.72605028,37.87558375,Other,Security,1,0,1,1,62.5
GlobalFinance Corp,web_form,2025-06-25 17:01:37,1,1,4,Enterprise,1265.25,35,1,AM_0,"Billing,Collaboration,Integration",56.14637131,31.64845624,How-To,Integration,1,0,0,1,79.7
InsightlySoft,email,2025-06-23 0:01:37,0,1,2,Enterprise,53.44,5,2,AM_17,"Analytics,Collaboration",25.7009431,40.39099724,Feature Request,Collaboration,1,0,0,1,41.9
InsightlySoft,web_form,2025-06-23 2:01:37,1,4,2,Pro,306.41,56,1,AM_1,Integration,52.76378826,34.94930463,Performance,Security,0,0,0,0,55.6
GlobalFinance Corp,web_form,2025-06-14 21:01:37,2,2,7,Enterprise,1309.6,46,0,AM_16,"Analytics,Integration,Collaboration",40.20809531,32.23578251,How-To,Collaboration,0,0,0,1,48.2
GlobalFinance Corp,web_form,2025-07-01 15:01:37,2,3,3,Basic,9221.3,10,1,AM_11,Integration,45.66115574,50.00145412,Feature Request,Collaboration,2,0,0,1,58.7
InsightlySoft,web_form,2025-06-15 5:01:37,1,1,1,Pro,504.66,38,0,AM_1,Security,36.55896912,31.13760691,Performance,Billing,0,0,1,1,42.5
InsightlySoft,email,2025-06-15 4:01:37,1,3,1,Basic,952.27,10,0,AM_0,Billing,44.85870422,37.42620642,Bug,Security,1,0,0,0,55
GlobalFinance Corp,email,2025-06-22 4:01:37,1,4,1,Basic,15415.27,11,2,AM_9,"Analytics,Integration",37.5381653,49.92347473,Performance,Billing,1,0,0,1,49.8
InsightlySoft,email,2025-06-24 19:01:37,1,2,3,Basic,1965.36,52,0,AM_1,Billing,35.74986353,43.46984889,Feature Request,Billing,0,0,1,1,69.6
GlobalFinance Corp,web_form,2025-07-13 22:01:37,2,4,1,Basic,912.43,8,2,AM_4,"Analytics,Collaboration",56.0877978,38.52952681,How-To,Security,0,0,0,0,49.6
GlobalFinance Corp,web_form,2025-06-21 10:01:37,1,9,7,Basic,2870.87,4,2,AM_16,"Analytics,Billing",46.65369366,30.53917685,Bug,Integration,2,0,0,0,47.3
GlobalFinance Corp,web_form,2025-07-09 8:01:37,0,4,4,Basic,1718.27,53,0,AM_0,"Billing,Security",50.41521711,19.72529684,Other,Collaboration,0,1,0,1,59.7
GlobalFinance Corp,email,2025-07-02 13:01:37,0,2,4,Basic,5862.3,18,1,AM_13,"Integration,Billing",48.66683186,15.24609994,Bug,Billing,2,0,0,0,53
InsightlySoft,web_form,2025-07-09 6:01:37,0,5,4,Pro,24.03,58,1,AM_5,Billing,60.86913682,32.90415481,Performance,Integration,1,0,1,1,74.6
GlobalFinance Corp,chat,2025-06-29 22:01:37,0,0,1,Basic,17211.96,20,2,AM_10,"Integration,Analytics,Collaboration",51.81880455,49.78997198,Feature Request,Analytics,0,0,0,1,56.7
InsightlySoft,web_form,2025-07-12 12:01:37,2,2,7,Pro,205.84,58,0,AM_6,"Security,Billing,Integration",53.15680606,29.84390057,Bug,Security,0,0,0,0,61.3
GlobalFinance Corp,chat,2025-06-28 15:01:37,3,2,7,Pro,2310.89,46,0,AM_19,"Integration,Billing,Collaboration",55.20973589,27.89264366,Bug,Analytics,1,0,0,0,61.1
InsightlySoft,web_form,2025-07-03 17:01:37,0,4,5,Pro,3586.03,58,1,AM_19,"Integration,Billing,Analytics",39.41205754,34.09094518,How-To,Analytics,0,0,1,1,60.5
GlobalFinance Corp,email,2025-07-05 19:01:37,1,1,7,Basic,2394.39,3,0,AM_8,"Billing,Analytics,Collaboration",65.77693686,37.06065482,Performance,Security,0,0,0,1,72.8
InsightlySoft,web_form,2025-06-25 14:01:37,0,3,4,Basic,1073.34,44,1,AM_2,"Analytics,Integration,Collaboration",34.65737133,38.23508222,How-To,Collaboration,0,0,0,0,47.4
InsightlySoft,chat,2025-06-25 16:01:37,0,7,4,Basic,5802.03,15,4,AM_5,"Integration,Security,Analytics",50.9307525,45.26691326,How-To,Integration,0,0,0,0,48.3
GlobalFinance Corp,chat,2025-07-12 23:01:37,0,1,7,Enterprise,1688.58,56,2,AM_8,"Collaboration,Analytics,Billing",50.87529636,28.99571293,Performance,Analytics,0,0,0,1,68.5
GlobalFinance Corp,web_form,2025-06-20 8:01:37,0,3,6,Basic,1073.03,8,0,AM_5,"Analytics,Collaboration",71.78159873,46.17047282,Bug,Analytics,2,0,0,0,66.5
GlobalFinance Corp,chat,2025-07-03 4:01:37,1,3,5,Pro,4387.37,46,1,AM_9,Integration,52.01141746,41.20999936,Feature Request,Integration,1,0,1,1,52.3
GlobalFinance Corp,chat,2025-07-09 8:01:37,0,3,4,Basic,472.97,55,2,AM_7,"Collaboration,Integration",40.28415845,31.25729087,Feature Request,Analytics,1,1,0,1,50
InsightlySoft,email,2025-06-30 4:01:37,2,1,2,Enterprise,688.27,6,1,AM_19,"Integration,Collaboration,Billing",41.65178395,28.6723199,Performance,Security,0,0,0,1,54.2
GlobalFinance Corp,web_form,2025-06-15 8:01:37,0,1,1,Basic,874.15,57,2,AM_15,"Security,Integration,Billing",43.53246299,25.40678218,Performance,Integration,0,0,0,0,38.2
InsightlySoft,web_form,2025-06-22 2:01:37,0,2,1,Pro,1712.16,46,1,AM_6,"Billing,Security,Integration",49.08941235,45.32345051,Feature Request,Billing,0,0,0,0,53.5
InsightlySoft,web_form,2025-07-10 8:01:37,1,7,5,Pro,61.64,36,2,AM_17,Integration,49.86872923,33.53316582,Feature Request,Billing,1,0,0,0,58.6
GlobalFinance Corp,chat,2025-06-14 22:01:37,1,5,7,Basic,14401.97,20,2,AM_17,"Analytics,Collaboration",51.98520603,33.50744209,Other,Collaboration,0,0,0,1,73.5
InsightlySoft,web_form,2025-07-14 17:01:37,1,5,2,Basic,2750,32,0,AM_14,Collaboration,48.26422249,37.94665689,Performance,Analytics,0,0,0,0,58.6
InsightlySoft,web_form,2025-06-20 10:01:37,0,2,6,Basic,10592.49,6,0,AM_5,"Security,Collaboration",53.29474149,27.11513413,How-To,Security,0,1,0,1,80.7
InsightlySoft,email,2025-06-26 18:01:37,3,8,5,Pro,4942.25,16,1,AM_4,"Billing,Analytics",36.58258584,48.16397709,Bug,Integration,0,0,0,0,38.6
InsightlySoft,email,2025-07-02 0:01:37,0,5,4,Pro,432.69,49,1,AM_17,"Integration,Billing,Security",31.92509488,38.63700234,Bug,Analytics,0,1,1,1,50
GlobalFinance Corp,email,2025-06-22 19:01:37,0,4,1,Basic,703.63,2,0,AM_7,"Billing,Integration",59.02059814,38.41158521,Other,Security,1,0,1,1,61.5
GlobalFinance Corp,chat,2025-07-12 13:01:37,1,3,7,Basic,105.17,18,1,AM_2,"Security,Billing",32.08923876,35.24649621,Performance,Security,0,0,0,0,32.2
GlobalFinance Corp,web_form,2025-06-23 2:01:37,3,5,2,Basic,5383.52,45,2,AM_15,Collaboration,47.12094284,25.02635403,Bug,Billing,0,0,0,0,58.7
GlobalFinance Corp,email,2025-07-01 0:01:37,1,2,3,Basic,2700.2,26,2,AM_16,"Integration,Billing",39.86772019,44.47706556,Bug,Billing,1,0,0,0,40
InsightlySoft,email,2025-06-21 12:01:37,0,4,7,Basic,726.46,20,3,AM_16,Collaboration,65.61691861,54.15645633,Bug,Security,0,0,0,0,65.6
InsightlySoft,email,2025-07-01 5:01:37,0,0,3,Basic,10528.17,16,0,AM_11,"Security,Collaboration",66.85146853,29.20242421,Feature Request,Analytics,0,0,0,1,88.6
GlobalFinance Corp,web_form,2025-07-10 0:01:37,2,2,5,Basic,4003.83,21,0,AM_6,Security,48.13010112,28.58333859,Other,Integration,0,0,0,0,54.9
GlobalFinance Corp,web_form,2025-07-08 15:01:37,0,3,3,Pro,3667.62,45,1,AM_5,"Billing,Integration,Analytics",44.89886009,29.18565465,How-To,Collaboration,1,0,0,0,55.2
GlobalFinance Corp,web_form,2025-07-07 20:01:37,2,7,2,Pro,931.8,14,0,AM_1,"Analytics,Integration",45.47870861,30.15242965,Feature Request,Analytics,0,0,1,1,53.7
InsightlySoft,chat,2025-06-28 23:01:37,1,5,7,Basic,1127.89,18,0,AM_4,Security,49.93258846,47.68757107,Performance,Security,0,0,0,0,49.2
GlobalFinance Corp,chat,2025-07-08 23:01:37,1,5,3,Basic,3307.67,8,3,AM_1,Analytics,56.55267122,27.87771786,Other,Integration,1,0,1,1,76.1
GlobalFinance Corp,email,2025-06-18 13:01:37,2,3,4,Enterprise,2700.9,5,1,AM_2,"Integration,Collaboration,Billing",81.67841164,54.86096821,Feature Request,Collaboration,0,0,0,1,89.2
GlobalFinance Corp,web_form,2025-07-02 7:01:37,1,1,4,Basic,3126.27,24,1,AM_4,"Collaboration,Integration,Analytics",37.41221294,50.97591785,Feature Request,Security,0,0,0,0,41.2
InsightlySoft,email,2025-07-03 6:01:37,0,2,5,Basic,6331.5,41,2,AM_16,Analytics,50.41987598,42.45732739,Other,Integration,1,1,0,1,62.3
InsightlySoft,web_form,2025-07-07 8:01:37,0,2,2,Basic,524.49,47,0,AM_18,Integration,46.45316675,40.78439625,Performance,Integration,0,0,1,1,62.1
InsightlySoft,web_form,2025-06-30 0:01:37,1,5,2,Pro,371.03,29,1,AM_9,Collaboration,42.79454462,43.05694947,Other,Collaboration,0,0,0,0,41.2
InsightlySoft,web_form,2025-07-08 8:01:37,1,1,3,Basic,2494.7,59,1,AM_11,"Billing,Integration",43.65047581,31.71737267,Other,Security,1,0,0,0,53.9
InsightlySoft,chat,2025-07-06 9:01:37,1,3,1,Enterprise,2080.38,9,1,AM_17,"Security,Integration",46.89139345,26.87635649,Performance,Billing,0,1,0,1,69
InsightlySoft,chat,2025-07-09 23:01:37,0,2,4,Basic,1546.86,52,3,AM_18,Analytics,49.96658529,37.0662958,Feature Request,Analytics,1,0,1,1,53.8
InsightlySoft,web_form,2025-06-16 19:01:37,2,2,2,Basic,7052.58,42,2,AM_12,"Security,Collaboration,Billing",51.75506922,25.24790627,Performance,Collaboration,0,0,0,1,72
InsightlySoft,email,2025-06-21 16:01:37,0,3,7,Pro,2451.92,18,0,AM_7,"Collaboration,Integration,Analytics",52.99483024,30.1551144,How-To,Analytics,1,0,0,0,58.3
GlobalFinance Corp,web_form,2025-07-11 22:01:37,1,5,6,Basic,2512.79,46,2,AM_2,"Billing,Integration,Analytics",33.96754528,42.29831329,Performance,Collaboration,0,0,0,0,32.5
GlobalFinance Corp,web_form,2025-06-26 5:01:37,3,3,5,Basic,1369.15,59,0,AM_11,"Collaboration,Analytics",41.26571402,39.38217756,How-To,Billing,0,0,0,0,38.4
InsightlySoft,email,2025-06-26 5:01:37,1,1,5,Pro,1265.11,18,1,AM_3,"Collaboration,Analytics,Integration",53.42386557,47.33626165,Other,Analytics,1,1,0,1,55.2
InsightlySoft,web_form,2025-07-01 4:01:37,0,3,3,Basic,13171.25,48,1,AM_13,"Integration,Billing,Security",62.39280792,33.75752932,Bug,Integration,0,1,0,1,51.1
GlobalFinance Corp,email,2025-06-15 6:01:37,0,1,1,Enterprise,2927.11,28,2,AM_6,Integration,52.77047614,50.23617465,Other,Integration,1,0,0,1,51.3
InsightlySoft,chat,2025-06-19 16:01:37,0,3,5,Pro,5230.89,37,0,AM_12,"Security,Integration,Collaboration",44.99819319,30.7968631,How-To,Analytics,0,0,0,0,51.3
InsightlySoft,chat,2025-06-18 19:01:37,0,2,4,Basic,1779.68,10,0,AM_11,"Security,Billing",52.73205038,43.36399651,Performance,Security,0,0,0,0,52.4
InsightlySoft,email,2025-06-29 19:01:37,0,5,1,Basic,639.04,20,1,AM_14,"Billing,Integration",50.5549861,37.39678678,How-To,Integration,0,0,0,0,57.4
GlobalFinance Corp,chat,2025-07-08 17:01:37,2,4,3,Basic,1178.42,38,0,AM_1,Analytics,37.52069822,44.90910687,Bug,Collaboration,0,0,0,0,37.9
GlobalFinance Corp,chat,2025-07-03 7:01:37,0,5,5,Pro,1274.53,41,0,AM_0,Collaboration,46.23758518,30.23622464,Other,Security,0,0,0,0,48.7
GlobalFinance Corp,email,2025-06-23 13:01:37,0,1,2,Pro,2496.62,23,0,AM_5,"Analytics,Collaboration",49.72120888,43.16982304,How-To,Collaboration,0,0,0,0,48.4
GlobalFinance Corp,chat,2025-07-07 7:01:37,1,1,2,Enterprise,503.89,48,2,AM_0,Collaboration,55.19659709,39.89228349,Feature Request,Billing,1,0,0,1,67.2
GlobalFinance Corp,web_form,2025-06-24 21:01:37,2,1,3,Basic,1468.26,43,1,AM_18,"Billing,Collaboration",62.21774673,29.25226782,Other,Integration,0,0,0,0,70.1
InsightlySoft,web_form,2025-06-27 12:01:37,0,2,6,Enterprise,318.01,20,3,AM_9,"Security,Analytics,Billing",65.89496493,54.20425637,Other,Billing,0,0,0,1,72.1
GlobalFinance Corp,email,2025-07-08 9:01:37,2,2,3,Basic,2058.7,23,1,AM_13,"Billing,Analytics",31.2865941,35.1473231,How-To,Security,0,0,0,0,27.9
InsightlySoft,chat,2025-07-10 10:01:37,1,1,5,Basic,8836.51,50,0,AM_1,"Billing,Security",46.11637646,42.94268898,How-To,Collaboration,0,1,0,1,62.3
InsightlySoft,web_form,2025-07-11 15:01:37,1,1,6,Enterprise,1241.7,5,1,AM_8,"Integration,Billing,Collaboration",62.95830674,41.10381138,Bug,Integration,0,0,0,1,63.7
GlobalFinance Corp,web_form,2025-07-09 10:01:37,0,4,4,Basic,152.97,27,2,AM_2,"Integration,Collaboration,Analytics",55.73373603,26.36719713,Feature Request,Analytics,0,0,0,0,47.8
GlobalFinance Corp,chat,2025-06-15 3:01:37,2,6,1,Enterprise,2815.31,9,0,AM_18,"Analytics,Integration,Security",56.22097795,44.01569202,How-To,Billing,2,0,1,1,76.8
InsightlySoft,chat,2025-06-17 0:01:37,0,3,3,Basic,3021.35,43,0,AM_13,Analytics,40.71184997,26.64855885,Bug,Integration,0,0,0,0,46.9
InsightlySoft,web_form,2025-06-21 2:01:37,0,1,7,Basic,1959.3,41,3,AM_15,Security,41.10387048,32.83363769,How-To,Analytics,0,0,0,0,37.9
InsightlySoft,web_form,2025-06-30 9:01:37,0,6,2,Pro,1516.82,36,0,AM_6,Security,54.58924372,38.89930142,Other,Security,0,0,0,0,54.5
GlobalFinance Corp,email,2025-06-22 15:01:37,0,2,1,Pro,6695.39,40,2,AM_0,"Billing,Collaboration",43.21608404,36.60731842,Other,Analytics,0,0,1,1,48.5
GlobalFinance Corp,email,2025-07-08 3:01:37,4,3,3,Enterprise,8363.09,37,1,AM_4,"Integration,Security,Collaboration",36.64755003,41.20301884,Other,Security,1,1,1,1,63.4
GlobalFinance Corp,web_form,2025-06-22 8:01:37,2,7,1,Enterprise,3354.87,3,1,AM_2,Security,49.01821012,17.5473793,Other,Billing,0,0,0,1,53.1
GlobalFinance Corp,email,2025-06-27 0:01:37,1,3,6,Basic,2086.8,54,1,AM_16,Billing,46.06805659,24.79243628,Performance,Analytics,1,0,0,0,56.5
GlobalFinance Corp,web_form,2025-06-16 9:01:37,2,5,2,Basic,209.81,36,0,AM_13,Billing,56.68743951,41.61670914,Other,Collaboration,1,0,0,0,48.5
InsightlySoft,web_form,2025-07-13 19:01:37,1,4,1,Pro,1074.48,48,0,AM_15,Analytics,52.1123451,34.84862902,Feature Request,Collaboration,0,0,0,0,58.4
GlobalFinance Corp,email,2025-07-12 19:01:37,1,4,7,Pro,1006.8,45,1,AM_6,"Billing,Collaboration,Integration",67.34418725,39.09740307,Other,Collaboration,0,0,0,0,56.1
InsightlySoft,email,2025-06-22 21:01:37,0,4,1,Enterprise,180.02,35,2,AM_8,"Integration,Collaboration,Security",38.10397915,39.67771601,Performance,Security,0,0,0,1,66.5
InsightlySoft,chat,2025-06-15 8:01:37,0,6,1,Basic,5561.47,36,0,AM_6,Collaboration,48.43433496,28.39491148,How-To,Analytics,1,0,0,0,53.7
InsightlySoft,chat,2025-07-08 18:01:37,1,3,3,Basic,6053.29,29,0,AM_14,"Security,Collaboration",53.6570364,25.8945929,How-To,Integration,0,0,0,0,42.1
GlobalFinance Corp,chat,2025-06-20 9:01:37,1,3,6,Pro,7303.93,33,1,AM_19,"Security,Integration,Billing",53.28290771,42.49458327,Performance,Analytics,0,0,0,1,65.9
GlobalFinance Corp,web_form,2025-06-16 22:01:37,2,4,2,Basic,4062.17,26,1,AM_2,"Billing,Collaboration",50.56593518,30.6735381,Other,Analytics,0,0,0,0,45.6
GlobalFinance Corp,email,2025-06-20 5:01:37,1,7,6,Basic,3718.94,8,1,AM_15,"Security,Integration",30.57744192,38.158138,Bug,Billing,0,0,0,0,29.7
InsightlySoft,web_form,2025-06-27 7:01:37,2,2,6,Pro,1949.27,9,3,AM_17,"Security,Analytics,Collaboration",28.37603565,35.51681327,Feature Request,Integration,0,0,1,1,62.6
InsightlySoft,email,2025-06-16 9:01:37,2,1,2,Enterprise,5843.09,22,1,AM_6,"Security,Collaboration",37.25135433,27.41046449,Other,Collaboration,0,0,1,1,42.8
InsightlySoft,web_form,2025-07-11 5:01:37,1,2,6,Basic,2140.87,5,1,AM_16,"Integration,Security,Billing",52.96445221,32.47059358,Performance,Security,0,0,0,0,52.7
InsightlySoft,chat,2025-06-27 10:01:37,2,3,6,Basic,90.27,44,0,AM_17,Security,29.00796616,44.62964999,Other,Integration,0,0,0,0,39
InsightlySoft,chat,2025-06-15 20:01:37,0,2,1,Enterprise,2637.78,41,1,AM_2,"Analytics,Collaboration,Integration",54.60846131,38.00399042,Performance,Collaboration,0,1,0,1,70.4
InsightlySoft,chat,2025-06-24 16:01:37,0,3,3,Enterprise,1485.14,36,2,AM_10,Billing,44.97082957,33.86958485,Other,Security,0,0,1,1,53.4
GlobalFinance Corp,web_form,2025-06-25 18:01:37,1,4,4,Basic,2210.03,32,1,AM_13,"Billing,Security",44.6405429,39.76721331,Bug,Integration,1,0,0,0,51.1
GlobalFinance Corp,email,2025-07-02 9:01:37,2,0,4,Pro,1743.24,30,2,AM_16,"Analytics,Collaboration",67.42810663,47.59595834,Bug,Security,0,0,0,0,62.5
GlobalFinance Corp,email,2025-07-10 2:01:37,2,5,5,Basic,2060.29,49,2,AM_18,Billing,65.88072285,36.42603284,Feature Request,Security,0,0,0,0,78.6
GlobalFinance Corp,chat,2025-07-05 4:01:37,0,0,7,Enterprise,344.79,44,1,AM_19,"Analytics,Collaboration,Security",41.26431456,53.54816123,Feature Request,Collaboration,0,0,1,1,61.6
InsightlySoft,chat,2025-07-10 18:01:37,1,5,5,Pro,43.92,45,1,AM_4,Analytics,55.7493179,39.21913487,Performance,Billing,0,0,0,0,56.8
InsightlySoft,chat,2025-06-16 10:01:37,1,4,2,Basic,1247.4,43,1,AM_2,"Integration,Analytics",48.38291195,34.25920066,Bug,Collaboration,0,0,1,1,58.3
GlobalFinance Corp,chat,2025-06-29 0:01:37,2,4,1,Enterprise,881.26,55,0,AM_15,Billing,56.55467443,39.59670982,Feature Request,Integration,0,0,0,1,74.7
InsightlySoft,email,2025-07-08 6:01:37,2,4,3,Enterprise,863.28,17,2,AM_0,Collaboration,44.08748837,54.74376678,Performance,Collaboration,1,0,0,1,48.9
GlobalFinance Corp,web_form,2025-06-27 5:01:37,2,2,6,Basic,8298.4,30,0,AM_10,Billing,34.65318867,47.624648,Feature Request,Collaboration,0,0,0,1,55.1
GlobalFinance Corp,web_form,2025-07-10 9:01:37,0,1,5,Basic,5127.53,47,1,AM_9,"Integration,Analytics",47.58131941,25.30880076,Bug,Collaboration,0,0,0,0,50.3
GlobalFinance Corp,web_form,2025-06-15 9:01:37,0,2,1,Pro,40.38,9,1,AM_6,"Analytics,Security,Integration",56.11466379,24.5997829,Other,Integration,0,1,0,1,69
InsightlySoft,web_form,2025-07-01 0:01:37,1,5,3,Pro,26.27,4,2,AM_15,"Analytics,Billing,Collaboration",46.61704926,34.35282892,How-To,Integration,0,0,1,1,48.3
GlobalFinance Corp,chat,2025-06-26 11:01:37,1,2,5,Pro,4500.4,12,0,AM_1,"Analytics,Security",56.25128594,54.27159092,Bug,Security,1,0,1,1,60.5
GlobalFinance Corp,chat,2025-07-09 6:01:37,0,1,4,Basic,12571.36,35,0,AM_7,"Integration,Security",60.73607717,37.87691603,Feature Request,Security,0,0,0,1,82.7
GlobalFinance Corp,chat,2025-06-28 20:01:37,3,5,7,Basic,1877.62,20,1,AM_14,Billing,59.78701453,30.82924778,How-To,Integration,1,1,0,1,67.7
InsightlySoft,web_form,2025-07-09 0:01:37,1,3,4,Enterprise,1702.87,17,0,AM_15,"Integration,Billing,Collaboration",52.70114456,52.85234689,Bug,Security,0,0,0,1,55.5
InsightlySoft,chat,2025-07-03 12:01:37,2,1,5,Enterprise,968.16,22,0,AM_2,"Billing,Analytics,Security",34.81079869,44.57670987,Feature Request,Collaboration,0,1,0,1,49
GlobalFinance Corp,chat,2025-06-21 20:01:37,1,0,7,Enterprise,3295.54,7,3,AM_19,"Integration,Billing,Security",28.26074924,33.98222119,Bug,Analytics,0,0,0,1,49.1
InsightlySoft,email,2025-06-28 6:01:37,4,5,7,Pro,1913.99,39,0,AM_1,"Analytics,Integration",53.89079317,31.65476101,Performance,Analytics,0,0,1,1,52.2
InsightlySoft,email,2025-06-21 13:01:37,0,3,7,Basic,550.03,53,1,AM_14,"Collaboration,Analytics,Integration",55.81548776,44.41463798,Feature Request,Security,0,0,0,0,52.5
InsightlySoft,chat,2025-06-25 10:01:37,0,3,4,Pro,1969.72,58,3,AM_13,Security,48.10237822,28.71920467,How-To,Security,0,0,0,0,48.7
InsightlySoft,email,2025-06-16 15:01:37,2,2,2,Basic,1416.6,44,2,AM_8,"Analytics,Integration,Collaboration",50.63102798,32.31956477,Bug,Billing,0,0,0,0,61.8
InsightlySoft,email,2025-06-26 0:01:37,1,2,5,Pro,6616.54,58,0,AM_3,"Analytics,Security,Integration",47.0510154,37.43545285,Feature Request,Collaboration,0,0,0,0,53.5
InsightlySoft,chat,2025-06-30 23:01:37,0,3,2,Pro,4429.79,53,2,AM_7,Integration,48.68935496,32.4189458,Other,Collaboration,1,0,0,0,63.9
InsightlySoft,chat,2025-07-04 5:01:37,1,2,6,Basic,3624.42,54,1,AM_9,Collaboration,51.8136738,29.07778007,Feature Request,Billing,0,0,1,1,75.3
InsightlySoft,chat,2025-06-16 9:01:37,1,5,2,Pro,1188.74,42,2,AM_16,"Analytics,Billing",57.04143407,39.25297283,Bug,Billing,1,0,0,0,60.1
InsightlySoft,chat,2025-07-02 21:01:37,1,3,4,Basic,451.13,8,0,AM_5,"Analytics,Collaboration",49.12133109,37.54680864,Other,Analytics,0,0,1,1,71.7
InsightlySoft,web_form,2025-07-03 8:01:37,0,4,5,Enterprise,6000.32,9,0,AM_4,Security,48.18179253,38.18251322,How-To,Collaboration,0,0,0,1,52.7
GlobalFinance Corp,web_form,2025-07-13 22:01:37,2,3,1,Basic,1259.06,46,0,AM_9,"Integration,Collaboration,Analytics",46.5596335,20.25239702,Other,Collaboration,0,0,0,0,41.8
GlobalFinance Corp,chat,2025-07-04 19:01:37,0,5,6,Pro,2696.51,6,1,AM_16,"Collaboration,Integration,Analytics",50.31617483,45.13672465,Bug,Integration,0,0,0,0,45.1
InsightlySoft,email,2025-07-03 12:01:37,1,1,5,Basic,2680.84,19,1,AM_15,Integration,27.97520014,20.95390274,Other,Collaboration,0,1,1,1,41.3
GlobalFinance Corp,chat,2025-06-27 8:01:37,2,3,6,Pro,7895.48,22,2,AM_16,"Billing,Security",57.13461125,38.63346099,Bug,Analytics,2,0,0,1,74.2
GlobalFinance Corp,chat,2025-07-01 20:01:37,1,4,3,Pro,565.23,47,1,AM_17,Billing,46.08705915,54.42135211,Other,Analytics,0,0,0,0,31
InsightlySoft,email,2025-07-13 11:01:37,0,2,1,Basic,4430.57,20,0,AM_19,"Security,Analytics,Billing",40.16572565,43.42970538,Performance,Billing,0,0,0,0,46
InsightlySoft,web_form,2025-07-10 10:01:37,1,1,5,Pro,1862.99,20,0,AM_8,"Security,Billing,Integration",61.77103506,33.82894168,How-To,Analytics,0,0,0,0,65.5
InsightlySoft,chat,2025-06-16 8:01:37,1,1,2,Pro,576.21,27,1,AM_10,"Collaboration,Security",45.25746697,32.05241824,How-To,Analytics,0,0,0,0,54.1
GlobalFinance Corp,chat,2025-07-07 0:01:37,1,3,2,Pro,5417.06,27,1,AM_1,"Integration,Collaboration",37.53226965,35.25279752,How-To,Integration,0,0,1,1,40.9
GlobalFinance Corp,web_form,2025-07-09 10:01:37,0,3,4,Basic,5146.71,7,1,AM_13,"Integration,Billing",55.42165341,45.38491321,Performance,Analytics,0,0,1,1,73.1
InsightlySoft,web_form,2025-07-06 0:01:37,1,1,1,Pro,123.04,54,3,AM_14,Billing,43.22761277,41.01222757,How-To,Security,0,0,0,0,33.3
InsightlySoft,email,2025-06-27 12:01:37,1,6,6,Basic,3707.84,24,1,AM_0,"Collaboration,Integration",44.24571963,36.36933587,Other,Security,0,0,0,0,42.3
InsightlySoft,web_form,2025-07-03 1:01:37,0,2,5,Pro,500.01,59,0,AM_0,Billing,56.57279938,44.37571022,Feature Request,Billing,1,1,0,1,61.8
GlobalFinance Corp,web_form,2025-07-04 5:01:37,2,1,6,Basic,2827.6,8,0,AM_8,Security,57.84695634,25.74057138,Performance,Collaboration,1,0,0,0,57.1
GlobalFinance Corp,web_form,2025-07-13 23:01:37,2,6,1,Basic,3096.81,3,1,AM_11,Analytics,34.53967338,31.38127258,Performance,Collaboration,1,0,0,0,33.3
GlobalFinance Corp,email,2025-06-15 2:01:37,0,3,1,Basic,3283.07,11,1,AM_16,"Analytics,Collaboration",47.19801048,32.08214517,Bug,Integration,0,0,0,0,41.8
GlobalFinance Corp,web_form,2025-07-09 2:01:37,1,1,4,Enterprise,383.83,36,1,AM_14,Security,33.50722631,45.03196097,Performance,Analytics,0,0,0,1,29.1
InsightlySoft,web_form,2025-07-05 11:01:37,1,2,7,Enterprise,2736.27,2,1,AM_3,"Integration,Collaboration",43.69722565,38.21517819,How-To,Analytics,0,0,0,1,58.5
InsightlySoft,email,2025-07-14 15:01:37,0,2,2,Enterprise,315.63,1,1,AM_4,Security,40.09600547,55.8523924,Performance,Analytics,0,0,0,1,37.6
InsightlySoft,web_form,2025-07-04 22:01:37,1,4,6,Pro,4106,7,1,AM_13,Billing,58.52551247,42.69634066,Performance,Analytics,0,0,0,0,65.6
InsightlySoft,web_form,2025-06-25 9:01:37,1,3,4,Enterprise,197.6,24,0,AM_5,"Collaboration,Analytics",37.06305078,30.48890362,Other,Analytics,0,1,0,1,57.1
GlobalFinance Corp,email,2025-07-05 6:01:37,4,3,7,Pro,4254.11,12,0,AM_5,Integration,53.44644944,43.78415094,Other,Security,0,0,0,0,72.8
GlobalFinance Corp,chat,2025-06-17 12:01:37,0,5,3,Basic,6449.4,8,0,AM_18,"Security,Collaboration,Integration",45.02421156,30.53198499,Performance,Integration,0,0,0,0,59
InsightlySoft,email,2025-06-23 23:01:37,1,1,2,Enterprise,1063.78,13,2,AM_0,Billing,32.03407216,32.70943012,How-To,Billing,0,0,0,1,41.2
InsightlySoft,web_form,2025-06-23 1:01:37,1,3,2,Pro,4519.18,6,0,AM_8,"Integration,Billing",39.7533342,35.36656333,Other,Billing,1,0,0,0,37.7
GlobalFinance Corp,web_form,2025-06-15 12:01:37,2,5,1,Pro,1621.39,39,0,AM_0,"Collaboration,Security,Billing",35.01710598,38.64731264,Feature Request,Security,0,0,1,1,36.4
InsightlySoft,web_form,2025-06-16 13:01:37,0,3,2,Enterprise,4794.21,24,2,AM_3,"Collaboration,Analytics",39.81062651,37.7731265,Other,Analytics,0,0,1,1,48.9
GlobalFinance Corp,email,2025-07-08 23:01:37,1,3,3,Enterprise,3477.5,52,2,AM_15,Security,37.91339337,37.74774127,Bug,Analytics,1,0,0,1,57.2
InsightlySoft,web_form,2025-07-03 6:01:37,0,2,5,Basic,1023.84,24,1,AM_4,"Analytics,Integration",44.69949372,28.20373826,Bug,Collaboration,0,0,1,1,49
InsightlySoft,web_form,2025-07-02 15:01:37,0,4,4,Basic,646.02,38,1,AM_15,Security,57.58480486,35.97439315,Performance,Billing,0,1,0,1,74.7
InsightlySoft,email,2025-07-12 13:01:37,4,4,7,Pro,7386.22,44,0,AM_13,"Analytics,Integration,Security",39.48407338,38.4952595,Performance,Collaboration,0,0,0,1,50.1
InsightlySoft,chat,2025-06-16 3:01:37,1,4,2,Basic,5478.66,7,1,AM_8,"Security,Integration",36.6758195,42.91333584,How-To,Billing,0,0,0,0,28.3
InsightlySoft,chat,2025-07-10 4:01:37,0,0,5,Enterprise,3235.56,10,1,AM_13,"Collaboration,Analytics,Integration",41.95531746,32.26884511,Feature Request,Collaboration,0,0,0,1,60.9
InsightlySoft,web_form,2025-06-14 23:01:37,0,4,7,Enterprise,1289.45,30,2,AM_15,"Billing,Integration,Security",44.97839233,13.99184568,How-To,Analytics,0,0,0,1,59.5
InsightlySoft,email,2025-06-17 18:01:37,2,2,3,Pro,2142.86,39,1,AM_5,Billing,40.21604751,44.97138717,How-To,Analytics,0,0,0,0,33.1
GlobalFinance Corp,web_form,2025-07-14 14:01:37,2,2,2,Pro,2448.41,24,2,AM_16,"Collaboration,Analytics",35.05052963,40.54408921,Bug,Analytics,0,0,0,0,31
GlobalFinance Corp,email,2025-06-16 23:01:37,1,5,2,Basic,270,27,0,AM_0,"Analytics,Collaboration",55.52780061,25.33899367,Feature Request,Integration,1,0,0,0,54.1
GlobalFinance Corp,email,2025-06-16 6:01:37,2,3,2,Enterprise,10751.81,30,1,AM_17,"Security,Analytics",53.76609311,24.19024444,Feature Request,Collaboration,0,0,0,1,68
GlobalFinance Corp,chat,2025-07-12 19:01:37,0,2,7,Enterprise,288.94,15,0,AM_10,"Integration,Billing,Security",47.01152349,41.29412616,Other,Integration,1,0,0,1,45.4
GlobalFinance Corp,chat,2025-07-10 20:01:37,2,5,5,Basic,3836.99,53,1,AM_10,Analytics,63.08585319,33.58057981,Performance,Integration,1,0,1,1,70.6
InsightlySoft,email,2025-06-21 10:01:37,2,2,7,Basic,2036.56,2,0,AM_11,"Collaboration,Billing,Integration",72.73301595,24.63463774,Performance,Collaboration,1,0,0,1,71.5
InsightlySoft,web_form,2025-07-05 21:01:37,2,1,7,Basic,4279.83,8,1,AM_1,"Analytics,Integration",61.27504462,27.485726,Bug,Analytics,0,1,0,1,76
GlobalFinance Corp,chat,2025-06-26 14:01:37,0,3,5,Pro,907.09,17,1,AM_15,Collaboration,26.96715293,34.87304145,Bug,Security,0,0,0,0,28
InsightlySoft,web_form,2025-06-23 14:01:37,0,3,2,Basic,1508.13,48,1,AM_9,Security,51.11726285,29.93410759,Other,Billing,0,0,0,0,57.2
GlobalFinance Corp,chat,2025-06-17 15:01:37,3,1,3,Basic,2236.49,13,0,AM_13,Integration,40.16208213,32.00055175,Other,Collaboration,2,0,0,0,50.7
GlobalFinance Corp,chat,2025-07-06 5:01:37,0,3,1,Basic,386,18,1,AM_6,Collaboration,44.42014821,36.61604491,How-To,Analytics,0,0,0,0,35.4
InsightlySoft,web_form,2025-06-28 21:01:37,0,1,7,Pro,5728.33,21,0,AM_7,Analytics,31.98167312,44.36791503,Performance,Integration,0,0,0,0,27.5
InsightlySoft,chat,2025-07-11 17:01:37,2,4,6,Enterprise,14316.34,36,1,AM_9,"Integration,Billing",50.62669398,40.60922133,Other,Analytics,2,0,0,1,63.4
InsightlySoft,chat,2025-06-23 6:01:37,0,3,2,Pro,1621.73,12,1,AM_9,"Security,Collaboration",65.31362724,37.80036246,Feature Request,Collaboration,0,0,1,1,70.9
GlobalFinance Corp,web_form,2025-07-11 14:01:37,2,4,6,Pro,1418.74,43,2,AM_9,"Billing,Integration",47.34931948,47.31204378,How-To,Collaboration,1,0,0,0,62.6
InsightlySoft,chat,2025-07-11 13:01:37,1,3,6,Basic,2704.8,2,0,AM_13,"Integration,Security",58.15824009,28.484627,How-To,Billing,1,0,0,0,59.9
GlobalFinance Corp,chat,2025-06-27 16:01:37,0,6,6,Pro,3500.69,20,1,AM_18,"Security,Analytics,Collaboration",51.439392,35.52632083,Performance,Billing,0,0,0,0,54.1
GlobalFinance Corp,chat,2025-06-19 4:01:37,0,1,5,Basic,6087.99,23,1,AM_8,Security,55.6311379,31.17485664,Performance,Collaboration,0,0,0,0,49.5
GlobalFinance Corp,web_form,2025-07-10 8:01:37,1,3,5,Basic,1399.9,21,0,AM_16,Security,25.3044453,34.93920982,Performance,Billing,0,0,0,0,24.7
InsightlySoft,email,2025-06-21 19:01:37,0,5,7,Basic,4342.31,31,2,AM_18,"Billing,Security",52.31608644,35.63804113,Bug,Integration,0,0,0,0,50
InsightlySoft,web_form,2025-06-24 22:01:37,0,2,3,Basic,823.63,16,1,AM_1,"Collaboration,Integration",56.48481744,30.87330891,Performance,Analytics,0,0,0,0,64.7
GlobalFinance Corp,email,2025-07-03 7:01:37,3,3,5,Basic,3422.51,13,1,AM_14,Analytics,65.03546714,33.00725836,Bug,Security,1,0,1,1,84.3
InsightlySoft,chat,2025-07-11 2:01:37,0,2,6,Pro,1886.27,4,0,AM_5,"Analytics,Security,Integration",33.60365675,41.37501235,Other,Analytics,1,0,0,0,33.1
InsightlySoft,email,2025-07-11 13:01:37,0,5,6,Basic,3251.29,2,0,AM_15,"Analytics,Collaboration,Integration",64.41078216,35.12509798,Feature Request,Analytics,0,0,1,1,74
InsightlySoft,web_form,2025-07-11 13:01:37,0,0,6,Pro,1433.18,50,0,AM_16,Billing,44.69696983,12.79014749,Feature Request,Collaboration,0,0,0,0,50.1
GlobalFinance Corp,web_form,2025-06-26 8:01:37,1,1,5,Pro,1045.86,1,4,AM_9,"Integration,Security",49.88809599,41.57892237,How-To,Security,1,0,0,0,48.7
GlobalFinance Corp,chat,2025-06-22 6:01:37,2,3,1,Basic,1996.54,26,2,AM_11,Billing,57.43839962,40.35939914,How-To,Billing,1,0,0,0,69.2
InsightlySoft,email,2025-07-04 13:01:37,0,3,6,Pro,6764.32,30,0,AM_11,"Billing,Collaboration",57.25015825,25.79607305,How-To,Billing,0,1,0,1,73.4
GlobalFinance Corp,chat,2025-06-20 16:01:37,1,4,6,Enterprise,3370.42,54,0,AM_18,Billing,30.77079333,48.15895299,Feature Request,Analytics,0,0,0,1,39.8
InsightlySoft,chat,2025-06-28 20:01:37,0,4,7,Basic,2837.6,38,2,AM_5,Security,49.16042459,34.01035537,How-To,Collaboration,0,0,0,0,25.7
InsightlySoft,web_form,2025-06-14 21:01:37,1,4,7,Pro,3817.45,20,1,AM_1,"Security,Analytics",37.40657497,44.09488089,Bug,Security,0,0,0,0,43.1
InsightlySoft,email,2025-06-21 0:01:37,0,5,7,Basic,3918.15,25,1,AM_17,Billing,48.54177985,36.33759321,How-To,Collaboration,1,0,0,0,49.8
InsightlySoft,email,2025-06-15 1:01:37,2,3,1,Basic,1047.58,52,2,AM_6,Analytics,41.91815596,32.1116729,Other,Security,0,1,0,1,46.8
GlobalFinance Corp,email,2025-07-08 20:01:37,0,4,3,Basic,794.78,19,2,AM_4,"Security,Collaboration,Analytics",31.39618762,39.10043586,How-To,Security,0,0,0,0,42.1
GlobalFinance Corp,email,2025-06-29 10:01:37,1,0,1,Basic,2134.74,27,0,AM_7,"Billing,Integration,Collaboration",37.86860419,31.8188247,Bug,Billing,0,1,0,1,46.4
GlobalFinance Corp,chat,2025-07-11 6:01:37,1,4,6,Pro,479.93,10,1,AM_11,"Integration,Billing",53.61123443,34.77028472,Feature Request,Analytics,0,0,1,1,63.4
InsightlySoft,chat,2025-07-08 19:01:37,0,4,3,Basic,1931.59,41,1,AM_0,Billing,51.47048637,23.42556991,Feature Request,Billing,0,0,0,0,57.1
InsightlySoft,web_form,2025-06-30 2:01:37,2,1,2,Pro,3543.16,17,1,AM_14,"Security,Analytics,Integration",36.99486288,33.56682844,Feature Request,Collaboration,0,0,0,0,47.5
InsightlySoft,chat,2025-06-22 1:01:37,0,5,1,Pro,22.31,47,1,AM_12,"Security,Analytics",42.25624846,26.12839473,Bug,Billing,1,0,0,0,49.8
GlobalFinance Corp,chat,2025-07-08 10:01:37,0,2,3,Enterprise,353.47,2,0,AM_9,"Integration,Security,Analytics",50.47695263,35.94910379,Feature Request,Analytics,0,1,0,1,47.5
InsightlySoft,web_form,2025-07-08 4:01:37,0,2,3,Pro,9822.67,17,2,AM_17,"Analytics,Collaboration,Security",50.91180264,40.02420916,Performance,Integration,0,0,0,1,57.1
GlobalFinance Corp,web_form,2025-06-26 4:01:37,2,3,5,Basic,7890.85,7,0,AM_17,Analytics,54.76390475,36.42439407,How-To,Billing,0,0,0,1,76.2
GlobalFinance Corp,web_form,2025-06-17 13:01:37,3,4,3,Pro,1623.42,16,0,AM_6,"Billing,Collaboration,Security",50.31236808,43.42462184,Bug,Collaboration,0,0,1,1,69.9
GlobalFinance Corp,chat,2025-07-02 3:01:37,0,4,4,Pro,2675.03,49,0,AM_14,"Security,Billing,Integration",53.91062162,51.82394939,How-To,Analytics,0,0,0,0,51.3
GlobalFinance Corp,chat,2025-06-18 18:01:37,1,2,4,Enterprise,506.29,27,1,AM_4,Collaboration,47.3437565,35.11537011,Other,Collaboration,0,0,0,1,58
GlobalFinance Corp,web_form,2025-06-17 10:01:37,3,1,3,Pro,1205.97,59,0,AM_4,"Billing,Analytics",52.99741821,36.61018617,How-To,Security,1,0,0,0,46.8
GlobalFinance Corp,web_form,2025-06-26 0:01:37,1,5,5,Pro,4724.13,1,3,AM_0,Collaboration,64.04785311,30.75730398,Bug,Analytics,0,0,0,0,59.6
InsightlySoft,web_form,2025-07-05 10:01:37,1,4,7,Pro,5813.13,22,1,AM_5,Analytics,63.71693544,20.87061731,Performance,Security,1,1,0,1,88.8
InsightlySoft,chat,2025-07-12 23:01:37,2,5,7,Basic,1559.06,22,0,AM_15,"Analytics,Security",48.36717779,37.08237772,Performance,Analytics,1,0,0,0,55.1
GlobalFinance Corp,chat,2025-07-03 18:01:37,2,3,5,Pro,1117.77,27,0,AM_7,"Billing,Analytics,Security",36.29686058,41.45770994,Feature Request,Integration,0,0,0,0,30.4
GlobalFinance Corp,email,2025-07-14 15:01:37,1,3,2,Pro,3434.11,16,0,AM_3,Analytics,61.44360304,36.1405183,Performance,Integration,1,0,0,1,74.3
InsightlySoft,chat,2025-06-18 5:01:37,2,2,4,Basic,3796.51,53,0,AM_12,Collaboration,24.50324542,29.45245936,Other,Analytics,0,0,0,0,28.8
GlobalFinance Corp,chat,2025-07-03 14:01:37,0,3,5,Pro,12369.53,36,3,AM_18,Security,53.20153669,28.25500229,Other,Security,0,0,0,1,65.8
GlobalFinance Corp,chat,2025-06-19 22:01:37,1,1,5,Basic,3585.32,16,1,AM_9,"Billing,Collaboration",52.85046096,25.88710154,How-To,Security,0,0,0,0,46.9
InsightlySoft,web_form,2025-07-14 2:01:37,0,2,2,Enterprise,823.96,24,0,AM_16,Collaboration,48.47810748,35.14303416,Other,Collaboration,0,0,0,1,60.8
GlobalFinance Corp,chat,2025-06-30 20:01:37,1,4,2,Enterprise,185.58,35,1,AM_19,Security,51.96304236,27.98536055,Bug,Analytics,0,0,0,1,49
GlobalFinance Corp,web_form,2025-06-25 10:01:37,0,2,4,Pro,893.62,33,1,AM_17,"Security,Integration",34.79617551,45.26294611,Feature Request,Security,0,0,0,0,37.1
GlobalFinance Corp,email,2025-07-12 7:01:37,1,5,7,Pro,771.08,17,1,AM_4,"Billing,Security,Collaboration",37.49150518,42.04863584,Other,Analytics,1,0,0,0,41.8
InsightlySoft,email,2025-07-07 9:01:37,0,4,2,Enterprise,292.29,5,2,AM_11,Integration,35.19854523,44.38603319,Feature Request,Integration,0,0,0,1,35.9
InsightlySoft,web_form,2025-07-12 3:01:37,0,2,7,Basic,1763.05,35,1,AM_0,"Integration,Collaboration,Billing",36.42745702,46.20800186,Feature Request,Security,0,0,1,1,45.1
InsightlySoft,web_form,2025-06-21 9:01:37,2,4,7,Basic,1019.62,19,0,AM_0,"Integration,Security",40.96753459,32.97239242,How-To,Security,0,0,0,0,35
GlobalFinance Corp,web_form,2025-07-01 23:01:37,0,1,3,Basic,7774.43,43,0,AM_2,"Collaboration,Security,Integration",46.22864346,42.66856594,Bug,Integration,0,0,0,1,53.2
GlobalFinance Corp,chat,2025-07-04 12:01:37,0,4,6,Basic,1552.09,47,0,AM_6,"Analytics,Billing",57.9752578,33.94078443,How-To,Collaboration,0,0,0,0,40.3
InsightlySoft,email,2025-07-02 17:01:37,0,2,4,Enterprise,6277.38,34,2,AM_10,"Security,Billing",67.56201347,34.03660464,Other,Analytics,0,0,0,1,65.3
GlobalFinance Corp,web_form,2025-06-30 22:01:37,2,7,2,Basic,1099.02,32,1,AM_19,"Security,Analytics,Billing",39.71825182,34.38592555,Other,Analytics,1,1,1,1,53.7
GlobalFinance Corp,chat,2025-06-22 19:01:37,0,3,1,Pro,5342.29,25,1,AM_14,"Analytics,Billing,Security",47.24794871,29.4293816,Feature Request,Analytics,1,0,0,0,53.8
GlobalFinance Corp,email,2025-07-04 3:01:37,0,2,6,Basic,1818.24,59,0,AM_2,Integration,48.98619138,34.88101181,Performance,Analytics,0,0,0,0,43.7
GlobalFinance Corp,chat,2025-06-19 14:01:37,2,6,5,Basic,98.68,22,2,AM_7,"Integration,Billing",39.10580815,34.99926976,Feature Request,Billing,0,0,0,0,38.2
GlobalFinance Corp,email,2025-06-23 12:01:37,2,1,2,Basic,2002.17,39,1,AM_2,"Integration,Analytics,Billing",43.37481713,41.36868424,Bug,Integration,0,0,0,0,43.2
InsightlySoft,chat,2025-06-14 20:01:37,0,2,7,Basic,771.53,50,1,AM_12,Collaboration,64.92341373,34.23864805,Performance,Collaboration,0,1,0,1,84.9
GlobalFinance Corp,email,2025-06-19 12:01:37,2,4,5,Basic,1102.09,27,2,AM_1,"Security,Collaboration",59.97152139,31.65995522,Performance,Integration,0,0,0,0,65.1
InsightlySoft,email,2025-06-25 11:01:37,3,7,4,Enterprise,3459.43,33,1,AM_2,Analytics,61.20448038,41.52337731,Performance,Analytics,0,1,1,1,84.9
GlobalFinance Corp,chat,2025-07-06 11:01:37,1,5,1,Basic,2261.91,8,3,AM_18,Analytics,53.53188987,28.76537842,Other,Billing,0,0,0,0,70.4
InsightlySoft,web_form,2025-07-03 11:01:37,2,2,5,Basic,6584.22,30,3,AM_14,"Collaboration,Analytics",56.48319609,34.93842158,Bug,Billing,0,0,0,0,61.8
GlobalFinance Corp,email,2025-06-21 12:01:37,2,4,7,Pro,8244.49,48,0,AM_14,Collaboration,51.63488051,41.28538798,Other,Integration,0,1,0,1,73.5
InsightlySoft,web_form,2025-07-12 2:01:37,1,5,7,Basic,3522.83,26,1,AM_19,"Collaboration,Security,Integration",63.98392249,42.59774842,Feature Request,Security,0,0,0,0,51.7
GlobalFinance Corp,chat,2025-07-05 4:01:37,2,2,7,Enterprise,5975.07,15,1,AM_6,Collaboration,18.81906729,46.52625088,Feature Request,Collaboration,0,0,0,1,36.7
InsightlySoft,web_form,2025-07-04 9:01:37,0,2,6,Enterprise,651.02,36,3,AM_2,Analytics,37.05450011,39.19939011,Feature Request,Billing,0,0,0,1,51.5
GlobalFinance Corp,web_form,2025-07-04 12:01:37,1,1,6,Enterprise,247.78,45,2,AM_16,"Billing,Analytics",33.2156681,36.92074236,Feature Request,Analytics,0,0,1,1,53.5
InsightlySoft,web_form,2025-06-20 7:01:37,0,1,6,Enterprise,1214.76,57,1,AM_1,"Integration,Security,Billing",41.17634257,48.7348448,Other,Security,0,0,0,1,47.7
GlobalFinance Corp,web_form,2025-07-08 5:01:37,1,3,3,Basic,1182.31,12,0,AM_15,"Security,Integration,Billing",48.52833953,29.34688294,Performance,Collaboration,1,0,0,0,67.5
InsightlySoft,web_form,2025-06-15 12:01:37,0,4,1,Pro,3281.7,41,3,AM_10,"Integration,Billing,Collaboration",46.55887484,42.27984771,Bug,Analytics,0,0,0,0,49.5
InsightlySoft,email,2025-06-21 6:01:37,4,2,7,Pro,5504.5,45,0,AM_8,"Billing,Collaboration,Integration",39.46548109,37.02856634,How-To,Integration,0,0,0,0,35.6
GlobalFinance Corp,email,2025-07-11 2:01:37,0,1,6,Pro,1056.69,43,1,AM_10,Collaboration,49.69405624,18.77657458,How-To,Billing,0,1,0,1,70
GlobalFinance Corp,email,2025-07-01 17:01:37,0,1,3,Basic,1658.97,12,0,AM_4,"Collaboration,Security,Analytics",51.45919506,48.78431382,Feature Request,Integration,0,0,1,1,52.5
InsightlySoft,chat,2025-07-12 0:01:37,4,5,7,Basic,332.65,4,2,AM_12,"Security,Analytics,Billing",53.28718772,29.5272024,Other,Security,1,0,0,0,57.2
GlobalFinance Corp,web_form,2025-06-17 4:01:37,1,1,3,Pro,1596.87,58,3,AM_18,"Analytics,Collaboration",55.61911893,58.78993075,Feature Request,Billing,1,0,0,0,46.7
InsightlySoft,email,2025-07-13 22:01:37,0,2,1,Basic,723.96,3,0,AM_12,"Analytics,Security,Integration",41.76030206,37.22863928,Other,Analytics,0,0,0,0,28.5
InsightlySoft,chat,2025-07-13 9:01:37,0,2,1,Basic,1446.01,37,1,AM_1,"Integration,Security",58.01485046,28.37150338,Performance,Security,0,0,0,0,68.5
InsightlySoft,email,2025-06-21 12:01:37,1,1,7,Basic,929.16,38,1,AM_1,"Security,Integration,Analytics",47.2767255,42.41554936,Bug,Collaboration,0,0,0,0,45.4
GlobalFinance Corp,email,2025-07-11 17:01:37,1,4,6,Pro,4962.2,32,0,AM_7,Security,55.52972038,32.90578001,Feature Request,Analytics,0,1,0,1,62.7
InsightlySoft,web_form,2025-06-30 11:01:37,0,2,2,Enterprise,12.21,26,2,AM_4,"Analytics,Integration,Billing",41.68434127,36.52113769,Bug,Collaboration,1,0,0,1,53
InsightlySoft,chat,2025-07-09 5:01:37,1,2,4,Pro,1240.68,4,1,AM_10,"Security,Integration",65.16373003,40.44940527,Performance,Billing,0,1,0,1,85
GlobalFinance Corp,web_form,2025-07-12 11:01:37,1,2,7,Enterprise,10444.2,1,0,AM_1,"Collaboration,Security,Billing",53.04355102,36.86067497,How-To,Collaboration,0,0,1,1,67
GlobalFinance Corp,web_form,2025-07-12 5:01:37,1,4,7,Basic,3408.87,55,1,AM_5,Collaboration,49.12593661,36.10823769,Feature Request,Billing,1,0,0,0,47.9
GlobalFinance Corp,email,2025-06-23 2:01:37,3,8,2,Basic,4437.43,5,0,AM_11,"Security,Analytics",35.87233282,32.00835272,How-To,Collaboration,0,0,0,0,34.9
GlobalFinance Corp,web_form,2025-07-03 10:01:37,0,2,5,Basic,5895.63,2,1,AM_5,Security,58.86708489,18.7640685,Bug,Integration,0,0,0,0,49.8
InsightlySoft,chat,2025-07-04 12:01:37,0,3,6,Pro,1347.52,46,2,AM_15,"Security,Integration,Billing",37.15123385,39.10021739,Bug,Integration,0,1,0,1,60.2
InsightlySoft,web_form,2025-07-07 10:01:37,0,3,2,Enterprise,204.66,11,2,AM_18,"Collaboration,Security,Analytics",70.17190216,40.52770372,How-To,Security,0,0,0,1,95.4
InsightlySoft,web_form,2025-06-18 14:01:37,2,0,4,Basic,1586.41,9,0,AM_17,"Integration,Billing",55.32743867,52.45354853,Performance,Collaboration,0,0,0,0,45.7
InsightlySoft,web_form,2025-07-01 13:01:37,0,3,3,Pro,3172.75,8,0,AM_8,Integration,34.95496615,42.67096955,Bug,Billing,1,0,0,0,42.3
GlobalFinance Corp,email,2025-06-15 9:01:37,0,3,1,Pro,1389.88,58,0,AM_16,Security,50.13126515,27.84903871,Other,Analytics,0,0,0,0,52.4
InsightlySoft,chat,2025-06-17 4:01:37,4,7,3,Pro,1784.32,39,0,AM_19,"Billing,Analytics",67.67089449,19.62347735,Bug,Billing,1,0,0,0,66.9
InsightlySoft,email,2025-07-09 7:01:37,0,3,4,Basic,5237.56,15,2,AM_16,"Analytics,Collaboration,Billing",47.86451651,17.34017425,Bug,Integration,0,0,0,0,49.6
GlobalFinance Corp,email,2025-07-10 12:01:37,0,2,5,Basic,110.73,9,0,AM_2,"Integration,Security,Collaboration",44.41756445,36.38732422,Other,Analytics,0,0,1,1,42.8
InsightlySoft,email,2025-07-01 20:01:37,0,0,3,Basic,1222.65,42,2,AM_14,Collaboration,51.10856678,40.99652653,Bug,Collaboration,1,0,0,0,50
InsightlySoft,email,2025-07-02 14:01:37,3,5,4,Basic,2010.71,50,2,AM_9,"Collaboration,Security",40.45351152,39.41921643,Performance,Integration,1,0,0,0,36.1
InsightlySoft,email,2025-06-24 3:01:37,0,2,3,Pro,1066.54,30,2,AM_18,Collaboration,61.34174289,38.64926337,Other,Collaboration,0,0,0,0,74.1
InsightlySoft,chat,2025-06-29 17:01:37,0,2,1,Basic,1770.85,29,0,AM_4,"Security,Analytics,Integration",39.43734822,47.09505381,Bug,Integration,0,0,0,0,38.7
InsightlySoft,web_form,2025-06-30 16:01:37,2,3,2,Pro,1541.31,51,1,AM_12,"Analytics,Integration,Security",52.31935252,39.1277306,Other,Collaboration,1,0,0,0,55.3
InsightlySoft,email,2025-06-20 15:01:37,2,2,6,Basic,7727.47,25,1,AM_3,Billing,60.50693091,28.49233383,Bug,Integration,0,0,0,1,71.1
GlobalFinance Corp,email,2025-07-14 8:01:37,1,1,2,Basic,2038.46,22,0,AM_13,"Security,Analytics,Integration",48.56225166,31.5045336,Bug,Security,1,0,0,0,44.6
GlobalFinance Corp,chat,2025-07-12 17:01:37,3,5,7,Pro,1940.63,34,1,AM_19,"Security,Collaboration,Analytics",60.90984019,39.68470316,Feature Request,Billing,0,0,0,0,58.8
InsightlySoft,chat,2025-06-24 11:01:37,1,2,3,Pro,881.05,22,2,AM_6,"Collaboration,Billing",46.11380753,37.69055641,Bug,Billing,0,0,0,0,48.1
InsightlySoft,web_form,2025-06-18 19:01:37,0,2,4,Basic,142.29,46,0,AM_5,"Security,Billing",36.73636077,35.67296418,Feature Request,Collaboration,0,0,0,0,28.3
GlobalFinance Corp,chat,2025-07-01 9:01:37,2,4,3,Enterprise,1067.79,30,0,AM_10,"Analytics,Billing",55.42266055,32.27441598,Bug,Collaboration,0,0,0,1,73.9
InsightlySoft,web_form,2025-06-21 1:01:37,0,1,7,Basic,82.76,53,3,AM_10,"Collaboration,Analytics,Billing",51.36827845,28.79891459,Performance,Analytics,0,0,0,0,47.6
InsightlySoft,email,2025-06-18 17:01:37,0,1,4,Pro,5259.48,10,0,AM_17,"Integration,Analytics",38.41591348,49.47431005,How-To,Analytics,0,0,0,0,38.4
InsightlySoft,email,2025-07-09 5:01:37,1,3,4,Basic,685.55,5,5,AM_6,Security,47.13407928,28.62595863,Feature Request,Billing,1,0,0,0,53.4
GlobalFinance Corp,web_form,2025-06-20 11:01:37,0,1,6,Basic,7263.89,5,0,AM_18,"Integration,Security,Billing",38.25322574,31.3129973,How-To,Billing,0,0,0,1,50.7
InsightlySoft,chat,2025-07-11 7:01:37,1,2,6,Enterprise,6510.36,2,3,AM_2,Analytics,47.93800812,36.43298347,How-To,Security,0,0,0,1,56
GlobalFinance Corp,web_form,2025-07-12 9:01:37,2,5,7,Enterprise,3278.15,30,3,AM_8,"Integration,Billing,Collaboration",70.82345903,38.94257921,Performance,Collaboration,0,0,0,1,73.9
InsightlySoft,chat,2025-06-29 2:01:37,2,3,1,Basic,5953.35,22,1,AM_13,Integration,57.58952598,37.92865849,Performance,Collaboration,1,0,0,0,58.1
GlobalFinance Corp,email,2025-06-30 5:01:37,1,2,2,Enterprise,6309.11,13,0,AM_16,"Integration,Collaboration",54.26982647,23.18679004,Performance,Billing,0,0,0,1,71.2
GlobalFinance Corp,chat,2025-07-03 11:01:37,2,1,5,Basic,4492.97,39,0,AM_2,"Analytics,Integration,Security",49.687409,39.01065365,How-To,Collaboration,0,0,1,1,55.1
InsightlySoft,web_form,2025-06-24 15:01:37,0,4,3,Enterprise,2127.39,25,0,AM_5,"Billing,Collaboration,Security",58.49120258,44.97929525,Bug,Analytics,0,0,0,1,61.8
GlobalFinance Corp,web_form,2025-07-10 3:01:37,0,5,5,Pro,8989.99,53,0,AM_10,Billing,48.77538548,38.1963384,Other,Collaboration,1,1,0,1,65.2
InsightlySoft,email,2025-07-11 14:01:37,0,3,6,Basic,5106.98,27,1,AM_12,"Security,Integration,Collaboration",30.07412001,52.56749012,Performance,Analytics,0,0,1,1,44
GlobalFinance Corp,chat,2025-07-08 4:01:37,1,6,3,Enterprise,407.41,47,0,AM_13,Analytics,34.60876715,47.43083748,Feature Request,Integration,0,0,0,1,65.1
InsightlySoft,chat,2025-06-22 14:01:37,0,5,1,Basic,1633.71,27,0,AM_2,"Analytics,Billing",42.51248291,33.37333865,Bug,Collaboration,0,0,0,0,44.4
InsightlySoft,chat,2025-06-17 23:01:37,1,4,3,Basic,2327.57,21,1,AM_8,Integration,43.78795761,31.85428141,Performance,Integration,1,0,0,0,37.2
GlobalFinance Corp,email,2025-07-01 1:01:37,2,4,3,Basic,2261.33,31,0,AM_5,Collaboration,48.25648698,27.94548392,Performance,Billing,0,0,0,0,62.9
InsightlySoft,chat,2025-07-09 16:01:37,2,2,4,Enterprise,1431.86,15,1,AM_10,"Billing,Security,Integration",59.86893584,36.42723354,Performance,Collaboration,0,0,0,1,77.4
InsightlySoft,web_form,2025-07-13 1:01:37,0,3,1,Pro,2275.56,57,1,AM_7,"Security,Collaboration",51.89592115,38.85108662,Other,Security,1,0,0,0,49.9
GlobalFinance Corp,chat,2025-07-07 19:01:37,2,6,2,Basic,292.81,38,0,AM_19,"Billing,Analytics",49.7805279,45.52514432,Bug,Security,1,0,0,0,49.9
InsightlySoft,email,2025-06-18 0:01:37,0,3,4,Basic,3194.65,39,0,AM_7,"Analytics,Collaboration",36.97367253,35.95954003,Performance,Integration,0,0,0,0,28.9
InsightlySoft,chat,2025-07-13 19:01:37,1,1,1,Basic,2065.93,36,1,AM_14,"Integration,Collaboration",46.46038466,29.97438255,Bug,Security,0,0,1,1,48.1
GlobalFinance Corp,chat,2025-07-03 3:01:37,2,5,5,Basic,4648.6,36,0,AM_14,"Analytics,Security,Integration",41.7967225,45.07592407,Bug,Analytics,0,0,0,0,52.4
GlobalFinance Corp,web_form,2025-06-25 5:01:37,2,3,4,Basic,3546.51,1,2,AM_7,"Billing,Integration,Security",37.77373798,26.73649296,How-To,Billing,0,0,0,0,41.8
InsightlySoft,chat,2025-06-28 2:01:37,0,1,7,Basic,358.95,11,1,AM_12,"Security,Analytics,Integration",17.3178054,39.70888183,Bug,Analytics,1,0,0,0,11.5
InsightlySoft,web_form,2025-07-14 9:01:37,2,2,2,Basic,1295.63,5,0,AM_14,"Integration,Collaboration",36.16473912,37.80665276,Other,Billing,0,0,1,1,45.8
GlobalFinance Corp,web_form,2025-07-14 5:01:37,1,2,2,Basic,3998.22,34,1,AM_15,Billing,65.44987573,36.99488016,Other,Security,0,0,0,0,58
GlobalFinance Corp,email,2025-07-12 14:01:37,2,1,7,Pro,1232.43,37,2,AM_1,"Billing,Security",59.65439778,33.89221445,Other,Billing,1,0,0,0,52.4
InsightlySoft,web_form,2025-07-06 1:01:37,1,4,1,Basic,2510.37,5,0,AM_2,"Collaboration,Billing",39.46517811,45.72597904,Other,Analytics,0,0,0,0,49.9
GlobalFinance Corp,web_form,2025-06-21 20:01:37,1,3,7,Enterprise,9753.39,20,2,AM_15,"Analytics,Security",43.16722339,38.82058296,Performance,Integration,0,0,0,1,63.7
InsightlySoft,email,2025-06-19 6:01:37,0,5,5,Basic,249.89,45,1,AM_9,Collaboration,73.1430936,39.55589946,Bug,Integration,0,0,0,0,68.7
InsightlySoft,web_form,2025-06-15 9:01:37,0,2,1,Pro,633.23,44,1,AM_19,Analytics,71.80056114,41.67457749,How-To,Collaboration,0,0,1,1,84.9
InsightlySoft,email,2025-06-28 0:01:37,0,2,7,Pro,1965.3,42,3,AM_0,"Security,Integration,Billing",50.15527696,24.8479302,Performance,Analytics,0,0,0,0,60.7
InsightlySoft,chat,2025-07-06 19:01:37,1,1,1,Basic,4023.2,13,2,AM_4,"Security,Analytics",55.48110124,27.67547834,Feature Request,Analytics,0,0,0,0,58.6
InsightlySoft,email,2025-07-12 15:01:37,0,5,7,Enterprise,1201.93,9,0,AM_2,"Security,Billing",50.98402297,29.89717066,Performance,Integration,0,0,0,1,67.2
GlobalFinance Corp,web_form,2025-06-28 9:01:37,0,4,7,Basic,374.86,5,2,AM_6,"Integration,Analytics",44.85957987,36.68347248,Performance,Security,0,0,1,1,58.3
GlobalFinance Corp,email,2025-06-17 13:01:37,0,3,3,Basic,1138.41,38,1,AM_17,"Integration,Collaboration",50.76440574,29.37652825,Performance,Integration,2,0,0,0,51.9
GlobalFinance Corp,web_form,2025-06-16 10:01:37,2,5,2,Enterprise,3102.12,32,1,AM_13,"Billing,Analytics,Security",54.30327582,29.79386988,Performance,Collaboration,0,0,1,1,62.3
GlobalFinance Corp,chat,2025-06-18 21:01:37,1,2,4,Enterprise,4718.56,30,0,AM_13,Billing,58.526639,34.37939629,How-To,Collaboration,1,0,0,1,70.7
InsightlySoft,email,2025-06-14 19:01:37,5,4,7,Pro,11318.47,49,2,AM_13,"Billing,Integration,Analytics",51.28433757,43.84798673,Other,Analytics,0,0,0,1,57.4
InsightlySoft,chat,2025-07-02 6:01:37,1,1,4,Basic,4298.22,28,1,AM_0,"Security,Billing,Integration",51.13774048,43.68244511,Bug,Analytics,2,0,0,0,69.4
InsightlySoft,web_form,2025-06-18 20:01:37,0,0,4,Basic,2033.35,37,1,AM_17,"Security,Collaboration,Integration",35.35057983,41.17956249,Other,Collaboration,0,0,0,0,24.6
InsightlySoft,web_form,2025-07-06 14:01:37,0,3,1,Pro,1038.55,28,0,AM_2,Collaboration,39.74623467,40.71402242,How-To,Analytics,1,0,0,0,43
GlobalFinance Corp,chat,2025-06-27 9:01:37,1,3,6,Basic,7873.18,57,1,AM_12,"Security,Integration,Collaboration",29.88605057,36.03289493,How-To,Billing,0,0,0,1,36.8
InsightlySoft,email,2025-06-17 2:01:37,0,6,3,Basic,2292.06,43,0,AM_19,"Security,Analytics",52.73409395,38.23367309,Performance,Collaboration,0,0,0,0,57.9
InsightlySoft,email,2025-06-27 6:01:37,1,2,6,Pro,3501.9,6,3,AM_14,"Integration,Security,Analytics",42.28978563,36.23870641,Performance,Collaboration,1,0,0,0,55.1
GlobalFinance Corp,web_form,2025-06-18 2:01:37,3,4,4,Pro,1918.48,41,2,AM_19,"Collaboration,Analytics",46.00777769,37.03242208,Bug,Analytics,0,0,0,0,55
GlobalFinance Corp,chat,2025-06-19 1:01:37,1,2,5,Pro,831.64,44,1,AM_17,"Integration,Billing,Security",48.86062842,37.9732195,Performance,Billing,1,1,0,1,52
GlobalFinance Corp,chat,2025-06-23 0:01:37,0,1,2,Enterprise,2375.18,29,0,AM_2,"Integration,Collaboration,Analytics",51.01563852,33.70161739,Bug,Collaboration,0,0,0,1,62.5
GlobalFinance Corp,email,2025-06-29 22:01:37,1,5,1,Enterprise,5495.95,4,1,AM_18,"Analytics,Security",28.95895424,20.3230666,How-To,Billing,0,0,0,1,47.7
InsightlySoft,email,2025-07-08 14:01:37,0,4,3,Basic,1450.22,18,3,AM_14,"Integration,Security",51.85979923,41.77384077,Bug,Collaboration,0,0,0,0,57.7
InsightlySoft,email,2025-06-29 13:01:37,1,1,1,Basic,3314.43,15,1,AM_17,"Security,Collaboration",44.0534891,36.91220727,Bug,Billing,0,0,0,0,32.5
GlobalFinance Corp,chat,2025-06-29 14:01:37,1,2,1,Enterprise,129.84,25,0,AM_0,"Billing,Collaboration",56.80646591,23.264794,Feature Request,Integration,0,0,0,1,76.6
InsightlySoft,email,2025-06-17 14:01:37,0,5,3,Basic,8271.92,4,1,AM_17,"Analytics,Collaboration",44.80028458,41.83338653,Performance,Collaboration,0,0,0,1,54.2
InsightlySoft,email,2025-06-15 12:01:37,0,1,1,Basic,10512.84,14,0,AM_4,Billing,41.88847934,38.96693084,Other,Billing,1,0,0,1,49.9
InsightlySoft,web_form,2025-06-28 0:01:37,0,3,7,Pro,1464.72,59,1,AM_11,Security,59.4023706,23.90222625,Feature Request,Integration,0,0,0,0,63.5
GlobalFinance Corp,email,2025-06-19 12:01:37,2,5,5,Pro,2069.76,50,2,AM_18,Integration,38.35025187,50.08752367,Feature Request,Analytics,1,0,0,0,38.2
InsightlySoft,email,2025-06-24 6:01:37,1,2,3,Pro,525.14,17,0,AM_19,"Analytics,Billing,Security",42.86814934,35.57542594,Feature Request,Security,0,0,0,0,39.6
GlobalFinance Corp,chat,2025-07-05 5:01:37,0,2,7,Basic,655.2,34,0,AM_18,Security,38.73991886,54.45086415,Other,Billing,0,0,0,0,45.7
InsightlySoft,chat,2025-06-20 19:01:37,0,3,6,Enterprise,2764.43,53,0,AM_0,"Security,Collaboration",43.32131372,45.24501047,Other,Integration,2,0,0,1,56.4
InsightlySoft,web_form,2025-06-22 9:01:37,1,2,1,Enterprise,2958.57,19,0,AM_2,Integration,64.8229629,48.89489175,Feature Request,Collaboration,0,0,0,1,84.2
InsightlySoft,email,2025-07-03 14:01:37,2,3,5,Pro,1253.86,29,1,AM_0,Collaboration,35.885465,36.43329965,How-To,Integration,0,0,1,1,54.3
GlobalFinance Corp,web_form,2025-06-27 21:01:37,2,2,6,Basic,1405.35,22,1,AM_16,"Analytics,Collaboration,Security",45.45875048,37.69668011,Feature Request,Security,1,0,0,0,46
InsightlySoft,chat,2025-07-14 7:01:37,0,4,2,Basic,2117.05,14,0,AM_8,"Analytics,Integration",55.87280047,41.30525887,Bug,Security,1,0,0,0,60.7
GlobalFinance Corp,web_form,2025-07-01 10:01:37,2,3,3,Basic,8429.87,36,0,AM_4,"Collaboration,Analytics,Security",45.76434672,38.58295038,Bug,Security,0,0,1,1,50
GlobalFinance Corp,chat,2025-06-15 1:01:37,1,4,1,Pro,486.35,2,3,AM_4,Billing,51.91515757,41.42340188,Other,Analytics,0,0,0,0,36
GlobalFinance Corp,web_form,2025-07-09 12:01:37,1,5,4,Enterprise,2405.73,45,2,AM_10,Integration,42.66204049,35.43416584,Bug,Billing,1,0,0,1,55.5
InsightlySoft,web_form,2025-07-02 0:01:37,2,3,4,Enterprise,179.84,7,2,AM_16,"Billing,Security,Collaboration",46.93194815,22.27423955,Performance,Collaboration,0,1,0,1,57.5
InsightlySoft,email,2025-06-15 12:01:37,2,1,1,Pro,1839.4,28,0,AM_15,"Integration,Collaboration,Security",45.43182593,32.50914588,Performance,Billing,0,0,0,0,48.4
InsightlySoft,web_form,2025-06-23 11:01:37,0,1,2,Enterprise,1518.57,59,0,AM_4,"Billing,Collaboration",46.13880337,39.71475219,Feature Request,Billing,0,0,1,1,53.7
InsightlySoft,email,2025-07-11 1:01:37,2,2,6,Pro,538.09,54,0,AM_11,Security,59.7368708,39.06676174,Performance,Analytics,0,0,0,0,50.6
GlobalFinance Corp,email,2025-06-29 23:01:37,2,3,1,Enterprise,537.36,8,2,AM_13,"Billing,Analytics",41.9367606,52.00240079,Performance,Collaboration,0,0,1,1,51.9
GlobalFinance Corp,email,2025-06-18 14:01:37,0,5,4,Enterprise,1794.04,29,1,AM_9,Billing,51.09990402,33.19832661,Feature Request,Analytics,1,0,1,1,75.5
GlobalFinance Corp,email,2025-06-30 2:01:37,0,2,2,Enterprise,406.07,10,0,AM_12,Security,57.59962771,39.17452995,Performance,Collaboration,0,0,0,1,73.7
InsightlySoft,web_form,2025-06-16 1:01:37,2,1,2,Basic,1047.73,21,1,AM_14,"Security,Analytics,Collaboration",53.51945103,41.60554974,How-To,Integration,0,0,0,0,59.6
GlobalFinance Corp,chat,2025-07-14 4:01:37,3,7,2,Enterprise,221.64,35,2,AM_5,Integration,45.29661218,39.88579104,Performance,Collaboration,0,0,0,1,55.9
InsightlySoft,chat,2025-07-04 1:01:37,1,5,6,Basic,1058.45,4,2,AM_4,Billing,61.49901192,29.7023419,Other,Analytics,0,0,0,0,68.2
GlobalFinance Corp,chat,2025-07-06 1:01:37,0,2,1,Pro,2288.73,53,3,AM_15,"Billing,Integration",49.61476923,39.54144618,How-To,Integration,0,0,0,0,54.8
InsightlySoft,web_form,2025-07-03 1:01:37,1,2,5,Pro,4086.22,21,1,AM_5,Billing,56.7041678,28.14402625,Feature Request,Collaboration,1,0,0,0,67.2
InsightlySoft,email,2025-06-26 7:01:37,2,2,5,Basic,5323.06,38,0,AM_10,Billing,42.71802356,32.52234251,Feature Request,Security,0,0,0,0,38
GlobalFinance Corp,chat,2025-06-28 13:01:37,0,2,7,Basic,1236.76,25,1,AM_8,Analytics,53.85952057,34.69483784,How-To,Analytics,0,0,0,0,59.4
GlobalFinance Corp,web_form,2025-06-19 1:01:37,1,1,5,Pro,8380.67,20,0,AM_4,Analytics,54.72644084,34.58085997,Feature Request,Integration,0,0,0,1,63.5
GlobalFinance Corp,email,2025-06-24 15:01:37,0,3,3,Enterprise,825.78,7,1,AM_10,"Collaboration,Analytics,Security",40.3375011,23.72334267,Other,Security,0,0,0,1,48.3
GlobalFinance Corp,chat,2025-07-08 15:01:37,1,2,3,Enterprise,252.02,7,0,AM_5,Billing,61.57607286,35.70124594,Bug,Integration,0,0,1,1,69.4
InsightlySoft,email,2025-07-03 3:01:37,0,6,5,Pro,7771.19,32,2,AM_16,Billing,59.29108057,37.05344905,Bug,Collaboration,0,0,0,1,80.5
GlobalFinance Corp,chat,2025-06-23 1:01:37,0,6,2,Enterprise,2328.35,32,2,AM_8,"Billing,Analytics,Security",42.60920706,37.86774376,Feature Request,Collaboration,1,0,0,1,61.7
GlobalFinance Corp,chat,2025-06-18 12:01:37,0,2,4,Enterprise,1298.72,22,2,AM_7,Security,33.85243749,33.9709864,Other,Integration,0,0,1,1,40.3
GlobalFinance Corp,chat,2025-06-19 12:01:37,2,5,5,Basic,6851.61,49,0,AM_6,"Analytics,Collaboration,Billing",46.22736033,51.79916794,Feature Request,Integration,0,0,0,0,39.5
InsightlySoft,email,2025-06-26 16:01:37,1,1,5,Basic,4484.92,25,0,AM_4,"Collaboration,Integration",47.00826242,37.4689411,Bug,Collaboration,0,1,0,1,57
InsightlySoft,web_form,2025-07-08 18:01:37,1,3,3,Basic,5359.31,6,0,AM_16,Collaboration,41.98282548,32.58125953,Other,Billing,0,0,0,0,39.6
GlobalFinance Corp,email,2025-07-02 17:01:37,2,5,4,Basic,1037.39,51,0,AM_8,"Billing,Integration,Collaboration",43.30295198,38.51375966,Feature Request,Integration,0,1,0,1,57.5
InsightlySoft,chat,2025-06-28 16:01:37,1,2,7,Pro,6202.19,27,0,AM_18,"Analytics,Security",56.30410246,30.91125661,Performance,Billing,0,0,0,0,54
GlobalFinance Corp,email,2025-07-14 4:01:37,1,2,2,Pro,3147.52,18,1,AM_11,Analytics,64.00562081,43.71475317,Bug,Collaboration,0,0,0,0,62.3
InsightlySoft,web_form,2025-07-04 1:01:37,0,0,6,Enterprise,4018.41,12,2,AM_7,"Integration,Billing",55.81865327,40.09786737,Bug,Security,0,0,0,1,77.2
InsightlySoft,email,2025-06-30 8:01:37,0,3,2,Pro,1123.74,28,1,AM_15,Integration,60.51677042,48.92744741,Other,Security,1,0,0,0,44.6
InsightlySoft,web_form,2025-06-15 16:01:37,1,5,1,Pro,843.17,19,0,AM_13,"Billing,Collaboration,Security",48.05027108,43.99095314,Performance,Analytics,0,0,0,0,45.2
InsightlySoft,web_form,2025-06-30 9:01:37,0,2,2,Basic,1573.67,43,1,AM_13,"Billing,Collaboration,Security",32.63048367,48.00901677,Performance,Analytics,1,0,0,0,29.9
GlobalFinance Corp,email,2025-06-28 2:01:37,2,4,7,Pro,2568.5,17,0,AM_18,"Billing,Integration,Security",42.48614322,18.67641114,How-To,Collaboration,1,0,0,0,36.2
GlobalFinance Corp,chat,2025-07-06 3:01:37,0,1,1,Pro,3289.73,35,2,AM_2,"Billing,Integration,Analytics",40.76584335,27.82284704,Bug,Integration,1,0,1,1,60.4
GlobalFinance Corp,web_form,2025-07-07 14:01:37,0,4,2,Basic,2067.25,15,0,AM_6,"Collaboration,Security,Integration",57.84728702,41.63688841,How-To,Security,0,0,0,0,60.6
InsightlySoft,email,2025-06-25 10:01:37,2,3,4,Enterprise,3600.58,5,1,AM_5,Security,26.99213548,31.3694592,Performance,Integration,1,0,0,1,37.7
GlobalFinance Corp,web_form,2025-07-03 12:01:37,0,5,5,Basic,3696.41,36,1,AM_4,"Billing,Security,Integration",49.52647502,48.27533613,Other,Billing,0,0,0,0,58
GlobalFinance Corp,chat,2025-07-05 13:01:37,1,5,7,Basic,3290.51,58,0,AM_15,Security,46.46573133,34.08573015,Feature Request,Collaboration,1,0,0,0,48.7
GlobalFinance Corp,email,2025-07-08 10:01:37,2,0,3,Pro,867.4,33,0,AM_10,Collaboration,51.61473203,45.01231364,Feature Request,Analytics,0,0,0,0,55
InsightlySoft,email,2025-06-18 19:01:37,1,1,4,Basic,1773.55,21,0,AM_0,Analytics,38.45643617,39.89187815,Bug,Collaboration,0,0,1,1,51.9
InsightlySoft,email,2025-07-07 3:01:37,1,3,2,Enterprise,4354.08,35,0,AM_9,Integration,59.65011625,35.30716595,Performance,Analytics,0,0,0,1,69.2
InsightlySoft,chat,2025-06-28 3:01:37,1,3,7,Pro,6540.08,42,2,AM_16,Integration,49.77387265,30.42589664,How-To,Collaboration,0,0,1,1,69.9
GlobalFinance Corp,web_form,2025-07-11 18:01:37,0,6,6,Enterprise,2086.48,27,1,AM_6,Billing,36.74606114,38.60810474,Other,Collaboration,0,0,0,1,40.7
GlobalFinance Corp,email,2025-06-27 8:01:37,2,0,6,Basic,12980.51,45,0,AM_2,"Collaboration,Integration,Billing",38.19124225,34.63419314,Feature Request,Analytics,1,0,0,1,55.4
GlobalFinance Corp,web_form,2025-07-02 23:01:37,0,4,4,Enterprise,576.07,30,1,AM_4,"Security,Collaboration,Billing",43.7023561,29.61392394,Feature Request,Billing,0,0,0,1,55.5
InsightlySoft,web_form,2025-07-11 16:01:37,0,5,6,Pro,762.27,39,0,AM_11,"Security,Integration,Billing",53.3438313,24.66320683,Feature Request,Collaboration,0,0,0,0,53.8
InsightlySoft,chat,2025-06-29 23:01:37,2,1,1,Basic,1852.74,46,1,AM_9,Security,40.40004105,36.76412872,How-To,Security,0,0,0,0,38.7
GlobalFinance Corp,email,2025-06-24 1:01:37,2,5,3,Basic,2132.35,58,1,AM_2,Security,54.05432874,43.9329701,Bug,Collaboration,0,0,0,0,49
InsightlySoft,web_form,2025-07-01 2:01:37,0,4,3,Basic,1657.43,30,1,AM_15,Collaboration,47.5589048,38.33762245,Bug,Integration,0,0,0,0,42.9
InsightlySoft,email,2025-06-22 11:01:37,2,2,1,Pro,1688.45,59,2,AM_5,Billing,62.86724492,41.78275719,Other,Security,0,0,0,0,81.1
InsightlySoft,email,2025-06-20 14:01:37,1,7,6,Basic,2003.9,45,0,AM_15,"Billing,Integration",42.13267157,35.0181548,How-To,Integration,0,0,0,0,49.7
InsightlySoft,chat,2025-06-26 3:01:37,0,2,5,Pro,1157.72,56,2,AM_7,"Security,Billing",47.44207121,29.66435118,Bug,Analytics,0,0,0,0,51.8
GlobalFinance Corp,email,2025-06-29 5:01:37,2,2,1,Pro,421.04,21,2,AM_19,"Security,Billing,Analytics",56.77565026,42.05162412,Performance,Analytics,0,0,1,1,75.8
InsightlySoft,email,2025-06-29 16:01:37,1,2,1,Pro,9378.12,26,0,AM_19,"Security,Collaboration,Integration",39.5822948,34.13039663,How-To,Analytics,0,0,0,1,56.7
InsightlySoft,web_form,2025-07-10 21:01:37,0,2,5,Pro,4754.04,24,1,AM_8,Security,38.78312622,36.40830562,Feature Request,Integration,1,0,0,0,43.4
InsightlySoft,chat,2025-07-01 9:01:37,2,5,3,Pro,5060.63,54,1,AM_12,Collaboration,36.40623471,41.9008947,Feature Request,Analytics,0,0,0,0,39.5
InsightlySoft,email,2025-07-01 6:01:37,1,3,3,Basic,1362.2,22,2,AM_1,"Analytics,Collaboration,Billing",53.86989867,42.0399212,How-To,Security,0,0,0,0,69.9
GlobalFinance Corp,web_form,2025-06-28 18:01:37,0,0,7,Pro,1551.96,37,3,AM_8,"Analytics,Integration,Collaboration",33.54664625,36.82580896,How-To,Analytics,0,0,0,0,25
GlobalFinance Corp,chat,2025-06-20 19:01:37,0,0,6,Basic,8239.28,43,1,AM_12,"Integration,Collaboration,Security",50.86326536,43.03595572,How-To,Collaboration,0,0,1,1,61.9
InsightlySoft,chat,2025-06-30 8:01:37,0,1,2,Pro,10826.15,26,0,AM_13,Integration,41.0177492,40.30964993,Feature Request,Integration,1,0,0,1,48.9
InsightlySoft,web_form,2025-07-10 11:01:37,3,5,5,Pro,8574.22,22,0,AM_12,"Integration,Billing,Security",41.07080513,40.47402651,Other,Integration,0,0,0,1,66.7
InsightlySoft,web_form,2025-07-05 19:01:37,0,5,7,Basic,3086.7,46,1,AM_18,Billing,29.10132397,46.81908412,Bug,Integration,0,0,0,0,28.8
InsightlySoft,web_form,2025-07-06 18:01:37,1,1,1,Pro,834.05,33,0,AM_15,"Integration,Security",46.98198561,40.7235043,How-To,Integration,1,0,0,0,44.3
InsightlySoft,web_form,2025-06-16 18:01:37,0,5,2,Basic,2786.41,24,0,AM_17,Security,40.5303862,50.65993623,Bug,Billing,0,0,0,0,44.8
InsightlySoft,web_form,2025-06-14 19:01:37,3,3,7,Pro,2668.12,5,2,AM_15,"Billing,Security,Integration",45.8317402,25.23182029,Performance,Analytics,1,0,0,0,35.8
GlobalFinance Corp,email,2025-07-06 16:01:37,1,5,1,Pro,7165.58,24,0,AM_1,"Security,Integration",45.95021471,28.74574157,Bug,Collaboration,0,0,0,1,57.8
InsightlySoft,email,2025-06-28 22:01:37,0,5,7,Basic,1120.45,35,1,AM_0,"Integration,Billing,Collaboration",65.29111993,32.16044287,Bug,Collaboration,1,0,1,1,84.4
GlobalFinance Corp,chat,2025-06-27 23:01:37,3,2,6,Enterprise,671.98,58,0,AM_9,"Billing,Integration",38.8405167,27.47776255,Performance,Integration,0,0,0,1,42.1
GlobalFinance Corp,email,2025-06-17 2:01:37,3,4,3,Enterprise,926.95,22,1,AM_13,Billing,53.04041405,50.50768519,Performance,Collaboration,0,0,1,1,71.7
InsightlySoft,email,2025-06-19 18:01:37,2,1,5,Basic,835.75,33,4,AM_16,"Billing,Analytics,Collaboration",44.55250701,48.74413256,How-To,Analytics,1,0,0,0,30.9
GlobalFinance Corp,email,2025-07-14 7:01:37,2,2,2,Basic,3135.65,17,0,AM_17,"Billing,Collaboration,Integration",53.83300804,41.95589307,Performance,Security,1,0,0,0,53.9
GlobalFinance Corp,web_form,2025-07-06 23:01:37,1,4,1,Basic,5020.86,52,1,AM_6,"Security,Billing,Integration",46.15149074,38.87915998,Performance,Collaboration,0,0,0,0,47.6
GlobalFinance Corp,chat,2025-07-14 3:01:37,2,5,2,Basic,1377.14,12,1,AM_16,"Integration,Analytics",65.76922396,27.75971341,Feature Request,Billing,1,1,0,1,66.6
GlobalFinance Corp,chat,2025-07-02 9:01:37,2,1,4,Basic,582.26,30,0,AM_3,Analytics,47.4040255,39.80194548,Bug,Integration,0,0,0,0,53.7
GlobalFinance Corp,chat,2025-06-27 15:01:37,0,1,6,Pro,1260.63,26,1,AM_11,"Collaboration,Analytics,Billing",49.01230341,37.13921285,Other,Security,0,1,0,1,64.1
GlobalFinance Corp,chat,2025-06-20 9:01:37,1,1,6,Basic,2372.67,13,1,AM_7,"Analytics,Integration",59.88803648,42.87189436,Bug,Security,0,0,0,0,64.3
InsightlySoft,email,2025-07-12 14:01:37,2,1,7,Basic,3276.28,6,1,AM_1,"Analytics,Collaboration",44.40586451,32.48065305,Other,Integration,0,0,0,0,48.4
GlobalFinance Corp,email,2025-06-18 2:01:37,2,1,4,Pro,2394.18,3,0,AM_18,"Security,Analytics,Billing",58.31903282,40.6176426,Performance,Integration,0,0,0,0,52.6
GlobalFinance Corp,web_form,2025-07-13 14:01:37,2,2,1,Basic,890.09,11,0,AM_13,Analytics,59.93740407,44.12630028,Feature Request,Collaboration,0,0,0,0,70
GlobalFinance Corp,chat,2025-06-20 17:01:37,0,2,6,Basic,7503.8,43,1,AM_16,"Billing,Integration",42.45493451,43.36185943,Bug,Integration,0,0,0,1,56.3
InsightlySoft,email,2025-07-14 1:01:37,0,5,2,Basic,1727.76,53,2,AM_16,"Integration,Security",56.05198515,37.25429852,Bug,Billing,0,0,0,0,55
GlobalFinance Corp,email,2025-06-30 3:01:37,0,2,2,Basic,1842.84,10,1,AM_7,"Integration,Analytics,Security",38.4012771,46.93224813,Other,Analytics,2,0,0,0,45.2
InsightlySoft,web_form,2025-06-26 22:01:37,0,5,5,Pro,10268.97,11,2,AM_5,"Integration,Analytics,Billing",50.10238768,29.04952782,How-To,Security,0,1,0,1,69.1
GlobalFinance Corp,web_form,2025-06-17 16:01:37,1,4,3,Basic,6083.22,16,1,AM_9,"Integration,Collaboration,Security",41.44422671,38.23535799,Bug,Integration,0,0,0,0,43.1
InsightlySoft,web_form,2025-07-05 5:01:37,1,6,7,Enterprise,4923.86,20,1,AM_6,"Analytics,Integration,Security",47.32453063,40.6265551,Performance,Collaboration,0,0,0,1,66.7
InsightlySoft,email,2025-07-06 0:01:37,0,6,1,Basic,605.21,42,1,AM_1,"Integration,Security",54.85661101,35.99589565,Other,Integration,0,0,1,1,82.4
GlobalFinance Corp,email,2025-06-26 19:01:37,1,6,5,Pro,5462.09,44,1,AM_14,"Analytics,Collaboration",59.25956073,42.10051383,Bug,Billing,0,0,0,0,65
GlobalFinance Corp,web_form,2025-07-02 12:01:37,1,1,4,Enterprise,1822.61,19,1,AM_4,"Analytics,Billing",24.66065884,44.28937717,How-To,Integration,1,1,0,1,50.5
InsightlySoft,chat,2025-06-20 12:01:37,2,2,6,Basic,704.87,9,2,AM_2,"Billing,Integration",39.2801031,21.69268482,Bug,Billing,0,0,0,0,30
GlobalFinance Corp,web_form,2025-07-10 10:01:37,0,5,5,Pro,14092.5,36,0,AM_8,"Collaboration,Integration",61.56293195,48.39430871,Other,Integration,0,0,0,1,62.5
InsightlySoft,web_form,2025-07-06 6:01:37,1,5,1,Pro,566.42,58,1,AM_4,"Billing,Security,Integration",48.0013224,31.86571395,How-To,Analytics,0,0,0,0,59.9
InsightlySoft,web_form,2025-07-12 13:01:37,2,2,7,Basic,7650.74,15,0,AM_19,"Collaboration,Analytics",47.6829161,45.43648408,Feature Request,Collaboration,0,0,1,1,45.2
InsightlySoft,web_form,2025-06-29 3:01:37,1,5,1,Pro,1.59,23,0,AM_5,Analytics,57.92769681,30.69944307,Bug,Billing,0,0,0,0,45.7
InsightlySoft,email,2025-07-12 12:01:37,0,4,7,Basic,1728.32,21,2,AM_3,"Analytics,Billing,Collaboration",23.49520117,39.99135934,How-To,Integration,0,0,0,0,30.7
InsightlySoft,chat,2025-07-03 6:01:37,1,3,5,Pro,91.06,39,2,AM_3,"Billing,Integration,Analytics",38.04114877,40.22024833,Performance,Security,0,0,0,0,44
GlobalFinance Corp,web_form,2025-06-30 19:01:37,0,2,2,Basic,7306.71,5,1,AM_16,"Collaboration,Integration,Analytics",57.89923548,34.80154281,Other,Billing,0,0,0,1,61.6
InsightlySoft,chat,2025-07-13 11:01:37,0,2,1,Pro,403.64,51,1,AM_14,Analytics,31.19230831,32.45380594,How-To,Analytics,0,0,1,1,43.3
InsightlySoft,chat,2025-07-09 3:01:37,1,2,4,Enterprise,3354.29,22,2,AM_6,"Analytics,Security",48.35847118,59.21785508,Other,Analytics,0,0,0,1,53.6
GlobalFinance Corp,chat,2025-07-12 8:01:37,1,2,7,Enterprise,2992.67,57,1,AM_18,"Billing,Integration",27.38462439,32.02039194,Feature Request,Security,0,0,0,1,38.8
InsightlySoft,web_form,2025-07-10 9:01:37,3,3,5,Basic,4529.71,31,0,AM_10,"Collaboration,Integration,Analytics",42.60903421,48.0956144,Other,Integration,0,0,1,1,50.1
GlobalFinance Corp,email,2025-07-03 16:01:37,2,6,5,Basic,4121.65,15,0,AM_2,Collaboration,59.27545756,59.05397931,Feature Request,Integration,0,0,1,1,67
GlobalFinance Corp,web_form,2025-06-23 0:01:37,0,1,2,Enterprise,98.96,28,0,AM_14,"Collaboration,Integration,Analytics",29.3936529,33.34664491,Bug,Integration,1,1,0,1,40.6
GlobalFinance Corp,chat,2025-06-24 2:01:37,0,4,3,Pro,1475.03,38,0,AM_18,"Billing,Collaboration",44.80427637,23.41665185,Bug,Integration,0,0,0,0,41.3
InsightlySoft,chat,2025-07-04 5:01:37,1,1,6,Basic,1168.14,52,1,AM_16,"Collaboration,Analytics,Security",56.87218468,36.13901984,Bug,Integration,0,0,0,0,68
InsightlySoft,email,2025-07-02 11:01:37,1,2,4,Basic,10823.03,15,0,AM_5,Billing,39.36829711,32.39853684,Performance,Security,0,0,0,1,52.8
InsightlySoft,web_form,2025-06-16 22:01:37,1,4,2,Basic,4473.54,49,0,AM_4,"Analytics,Integration",51.28277751,41.54815684,Bug,Analytics,0,0,1,1,62.8
GlobalFinance Corp,chat,2025-07-08 4:01:37,2,2,3,Pro,3692.59,19,1,AM_12,"Billing,Security,Analytics",66.15289019,32.4780636,Performance,Security,0,0,1,1,76.2
InsightlySoft,email,2025-06-21 21:01:37,1,2,7,Basic,1751.05,35,3,AM_16,Integration,55.26850721,34.55265205,Performance,Collaboration,0,0,1,1,50.7
GlobalFinance Corp,chat,2025-06-18 11:01:37,2,6,4,Basic,6648.35,18,1,AM_1,Analytics,50.11437438,35.71869143,Feature Request,Collaboration,0,1,0,1,66
InsightlySoft,email,2025-07-11 23:01:37,0,4,6,Basic,50.89,10,0,AM_17,Collaboration,64.04915768,26.52729568,Bug,Billing,0,0,1,1,72.2
GlobalFinance Corp,email,2025-07-02 7:01:37,1,1,4,Enterprise,778.02,15,1,AM_9,Integration,49.46300701,34.52955037,Performance,Integration,1,0,0,1,56.9
InsightlySoft,web_form,2025-06-25 11:01:37,2,1,4,Pro,3562.46,50,1,AM_7,"Billing,Security",46.66353194,35.4866296,Other,Analytics,0,0,0,0,49
InsightlySoft,chat,2025-07-10 13:01:37,0,3,5,Basic,2130.2,24,0,AM_7,Billing,37.44739613,30.52489394,Feature Request,Billing,1,0,0,0,31.4
InsightlySoft,web_form,2025-07-12 10:01:37,1,3,7,Basic,2289.47,47,0,AM_17,"Billing,Integration,Security",56.4962276,38.85946036,Bug,Collaboration,0,0,0,0,69.3
GlobalFinance Corp,chat,2025-06-30 22:01:37,1,3,2,Pro,1615.34,56,1,AM_11,Billing,68.4294849,45.24359805,Performance,Billing,0,0,0,1,75.2
GlobalFinance Corp,web_form,2025-06-28 9:01:37,0,4,7,Basic,546.21,51,2,AM_4,"Integration,Collaboration",26.64015076,34.17103793,Performance,Collaboration,1,0,0,0,37.6
InsightlySoft,chat,2025-06-28 21:01:37,3,0,7,Basic,545.36,20,1,AM_3,"Security,Integration",39.5887427,35.92196833,Feature Request,Collaboration,0,0,0,0,44.5
InsightlySoft,web_form,2025-07-10 22:01:37,0,3,5,Pro,1046.47,37,1,AM_12,"Billing,Integration,Analytics",47.15573689,34.01097607,Feature Request,Security,1,0,1,1,62.4
GlobalFinance Corp,email,2025-06-26 3:01:37,1,3,5,Basic,1895.08,11,3,AM_3,"Integration,Billing,Collaboration",39.25596649,50.41889658,Feature Request,Billing,0,0,1,1,63.4
GlobalFinance Corp,chat,2025-07-10 5:01:37,1,2,5,Basic,5213.96,9,1,AM_0,"Collaboration,Billing,Analytics",55.98617787,31.07009969,Bug,Collaboration,0,0,0,0,64.6
GlobalFinance Corp,chat,2025-07-01 13:01:37,3,5,3,Enterprise,1776.28,5,0,AM_10,"Integration,Analytics,Billing",54.18327733,30.74734977,Performance,Analytics,0,0,0,1,60.2
InsightlySoft,email,2025-07-07 18:01:37,2,2,2,Basic,6842.33,11,1,AM_8,Collaboration,52.03762589,31.78662171,Other,Collaboration,0,0,1,1,70.8
GlobalFinance Corp,web_form,2025-06-26 15:01:37,3,4,5,Basic,385.26,54,0,AM_16,Collaboration,66.36748038,46.28817407,Other,Security,0,0,0,0,72.6
InsightlySoft,chat,2025-06-26 8:01:37,0,3,5,Basic,951.43,39,2,AM_19,Integration,51.23726647,46.97596754,Other,Billing,1,0,0,0,61.6
GlobalFinance Corp,chat,2025-07-05 16:01:37,0,1,7,Basic,219.4,27,3,AM_10,"Security,Collaboration,Billing",42.62489267,29.41647672,Feature Request,Collaboration,1,1,0,1,53.8
InsightlySoft,web_form,2025-07-05 12:01:37,0,1,7,Enterprise,2140.21,2,1,AM_9,"Security,Billing,Collaboration",36.50569811,42.54963352,Feature Request,Integration,0,0,0,1,57
GlobalFinance Corp,email,2025-06-16 17:01:37,0,3,2,Enterprise,283.04,52,1,AM_16,"Analytics,Billing,Collaboration",52.7745445,32.97259762,Feature Request,Integration,0,0,1,1,73.8
GlobalFinance Corp,web_form,2025-06-22 18:01:37,0,1,1,Pro,4764.26,54,0,AM_2,Analytics,36.77771471,25.16230715,Bug,Collaboration,0,0,0,0,28.9
GlobalFinance Corp,web_form,2025-07-03 4:01:37,0,3,5,Enterprise,121.73,20,0,AM_18,Security,55.41753859,25.15110488,Performance,Billing,0,0,0,1,71.4
GlobalFinance Corp,web_form,2025-06-21 1:01:37,0,7,7,Basic,1935.32,21,1,AM_2,"Analytics,Integration,Security",43.21347851,34.90702692,Other,Security,0,0,0,0,42
GlobalFinance Corp,chat,2025-06-20 20:01:37,1,2,6,Basic,1637.36,51,1,AM_5,"Billing,Analytics,Collaboration",27.57354398,42.90612795,Performance,Analytics,0,0,1,1,34.2
InsightlySoft,email,2025-06-25 8:01:37,0,4,4,Basic,677.82,50,1,AM_19,Security,58.15351133,36.3472244,Other,Billing,0,0,0,0,55.7
GlobalFinance Corp,email,2025-06-19 16:01:37,1,2,5,Pro,2651.86,30,0,AM_5,"Integration,Collaboration,Billing",53.69584508,37.25088247,Performance,Security,0,0,1,1,61.4
GlobalFinance Corp,web_form,2025-06-20 10:01:37,1,2,6,Basic,1463.76,48,0,AM_6,Collaboration,55.9827486,21.93838061,Feature Request,Collaboration,1,0,0,0,47.7
GlobalFinance Corp,chat,2025-07-13 12:01:37,1,2,1,Enterprise,661.82,1,0,AM_0,Security,32.46364549,33.39075061,Bug,Analytics,0,0,0,1,47.1
InsightlySoft,web_form,2025-06-29 19:01:37,3,1,1,Basic,5255.82,35,0,AM_7,"Integration,Analytics,Billing",61.32422072,34.1339015,Other,Billing,0,0,0,0,62.6
GlobalFinance Corp,chat,2025-07-02 18:01:37,1,2,4,Basic,3242.57,26,0,AM_15,"Collaboration,Integration,Security",66.57382671,33.09589633,How-To,Collaboration,0,0,1,1,68.3
InsightlySoft,chat,2025-07-11 4:01:37,2,4,6,Enterprise,36.68,32,2,AM_19,"Analytics,Collaboration,Integration",38.22860762,28.19353201,Other,Analytics,0,0,0,1,52.4
GlobalFinance Corp,chat,2025-07-05 0:01:37,3,2,7,Basic,2090.65,9,1,AM_14,"Integration,Collaboration",51.91900528,51.59031917,Bug,Collaboration,0,0,1,1,68.5
GlobalFinance Corp,chat,2025-07-01 17:01:37,0,2,3,Enterprise,949.51,49,0,AM_18,"Analytics,Integration",44.08919526,40.90427717,Performance,Integration,0,0,0,1,49.4
InsightlySoft,email,2025-06-29 13:01:37,1,0,1,Pro,7399.28,40,1,AM_9,"Security,Integration,Collaboration",43.88724825,43.03122935,Other,Integration,0,0,0,1,49.4
GlobalFinance Corp,chat,2025-07-03 13:01:37,0,1,5,Basic,3879.3,21,2,AM_11,"Collaboration,Integration",50.72561776,37.08212425,Performance,Security,1,0,0,0,60.4
InsightlySoft,chat,2025-06-15 16:01:37,1,3,1,Enterprise,2837.27,16,0,AM_4,Integration,42.11665742,46.99440324,Feature Request,Analytics,1,0,0,1,51.6
InsightlySoft,web_form,2025-07-09 7:01:37,1,4,4,Enterprise,279.82,12,1,AM_2,Security,46.27960573,28.76602481,Bug,Integration,0,0,1,1,49.2
GlobalFinance Corp,web_form,2025-06-30 3:01:37,0,3,2,Basic,8005.59,36,1,AM_12,Collaboration,67.81608888,43.18074861,Bug,Collaboration,0,0,0,1,86.6
InsightlySoft,email,2025-07-07 6:01:37,1,4,2,Basic,467.16,37,1,AM_18,Security,35.13205164,26.84158459,Other,Security,0,0,0,0,37.9
GlobalFinance Corp,web_form,2025-06-24 18:01:37,1,3,3,Basic,1797.59,27,0,AM_2,Billing,51.38128145,36.77419604,Performance,Integration,0,0,0,0,54.5
GlobalFinance Corp,chat,2025-07-07 23:01:37,2,7,2,Basic,3428.08,7,0,AM_19,Billing,70.97220088,36.40192026,How-To,Security,0,0,0,0,69.8
InsightlySoft,web_form,2025-07-10 18:01:37,1,1,5,Pro,2048.22,30,3,AM_2,Analytics,48.51046653,37.13729738,Performance,Analytics,0,0,0,0,44.9
InsightlySoft,email,2025-06-23 12:01:37,0,3,2,Basic,6423.19,24,1,AM_15,Collaboration,55.18254155,36.44302469,Performance,Integration,0,0,1,1,67.6
InsightlySoft,web_form,2025-06-29 13:01:37,2,0,1,Basic,5411.64,50,0,AM_11,"Analytics,Integration",40.41784397,18.91573522,Performance,Integration,0,0,0,0,55
InsightlySoft,web_form,2025-06-30 1:01:37,4,3,2,Enterprise,436.35,54,1,AM_17,"Collaboration,Billing",39.2604602,33.10202306,Performance,Billing,1,0,0,1,60.8
GlobalFinance Corp,email,2025-06-26 14:01:37,0,4,5,Enterprise,2884.15,30,0,AM_16,"Collaboration,Billing,Security",34.59473812,35.74272947,Performance,Billing,0,0,0,1,35.7
GlobalFinance Corp,email,2025-07-11 7:01:37,1,2,6,Basic,160.85,20,2,AM_16,Analytics,48.92300652,32.32312089,Other,Analytics,0,0,0,0,42
InsightlySoft,chat,2025-07-05 9:01:37,0,1,7,Basic,3825.09,46,2,AM_16,Security,66.31937855,23.81570318,Other,Analytics,0,0,0,0,69.5
GlobalFinance Corp,web_form,2025-06-27 14:01:37,0,3,6,Basic,3995.66,40,0,AM_6,Integration,54.37090947,33.49671349,How-To,Billing,0,0,0,0,61.6
GlobalFinance Corp,chat,2025-07-09 20:01:37,0,5,4,Pro,1267.03,45,1,AM_13,"Security,Collaboration",49.70790708,41.27542229,Bug,Integration,0,0,0,0,52.7
GlobalFinance Corp,web_form,2025-06-24 16:01:37,2,6,3,Pro,4633.67,28,0,AM_10,"Integration,Analytics,Collaboration",43.86096341,48.31600292,Bug,Security,2,1,0,1,56.3
GlobalFinance Corp,web_form,2025-07-06 18:01:37,0,4,1,Basic,3172.72,4,0,AM_15,"Collaboration,Analytics",43.07706345,35.1408403,How-To,Analytics,0,0,0,0,45.8
InsightlySoft,chat,2025-06-20 3:01:37,0,0,6,Basic,2103.84,12,2,AM_3,Security,39.64634536,34.40582634,Performance,Billing,2,0,0,0,43.6
InsightlySoft,web_form,2025-06-20 4:01:37,0,4,6,Basic,1822.41,3,3,AM_18,"Collaboration,Integration",40.84949993,30.06019907,Feature Request,Security,0,0,0,0,50
GlobalFinance Corp,web_form,2025-06-17 7:01:37,0,2,3,Basic,346.71,37,1,AM_7,"Security,Integration",53.0759776,48.66715541,Other,Billing,0,1,0,1,65.6
InsightlySoft,web_form,2025-07-10 7:01:37,2,2,5,Basic,2272.12,4,0,AM_4,"Security,Analytics",72.31458222,30.43935008,How-To,Collaboration,0,1,1,1,80.2
InsightlySoft,email,2025-06-28 20:01:37,0,2,7,Pro,509.16,15,1,AM_2,"Collaboration,Integration",56.63871526,33.5479549,Bug,Integration,0,0,1,1,63
InsightlySoft,chat,2025-06-28 12:01:37,0,3,7,Basic,3201.61,28,3,AM_2,Billing,42.8605855,39.80793403,Performance,Security,0,0,0,0,39.2
GlobalFinance Corp,email,2025-07-04 14:01:37,1,3,6,Enterprise,2709.49,37,0,AM_16,Integration,40.34075533,43.81544762,Performance,Billing,0,1,0,1,42
GlobalFinance Corp,chat,2025-06-20 9:01:37,0,4,6,Basic,1029.71,9,0,AM_5,"Billing,Analytics",39.6559747,32.06296742,Performance,Security,0,0,0,0,39.3
GlobalFinance Corp,chat,2025-06-25 6:01:37,0,1,4,Basic,851.07,14,0,AM_9,Integration,70.89441981,34.57348769,Feature Request,Collaboration,0,0,0,0,75.1
InsightlySoft,web_form,2025-06-22 8:01:37,2,1,1,Pro,1939.15,59,3,AM_8,"Collaboration,Security",57.12866138,34.27692803,How-To,Collaboration,1,1,0,1,72.6
GlobalFinance Corp,chat,2025-07-06 0:01:37,1,2,1,Basic,2155.32,32,2,AM_5,"Integration,Billing,Security",52.11712976,25.28555002,Other,Integration,0,0,0,0,57.8
GlobalFinance Corp,email,2025-06-19 14:01:37,1,3,5,Basic,4797.35,48,1,AM_1,"Collaboration,Security,Integration",59.46016921,39.60483843,Other,Billing,0,0,0,0,40.2
InsightlySoft,email,2025-06-18 5:01:37,0,3,4,Basic,1087.04,3,0,AM_2,Integration,55.05989116,31.23956083,Other,Billing,2,0,0,0,46.5
GlobalFinance Corp,email,2025-07-11 17:01:37,1,5,6,Basic,1549.64,47,0,AM_10,Integration,26.2888719,32.56958916,Performance,Billing,0,0,0,0,31.8
GlobalFinance Corp,chat,2025-06-18 7:01:37,1,3,4,Basic,1261.56,18,1,AM_14,Billing,37.62581806,38.7266815,Bug,Analytics,2,0,0,0,53.5
InsightlySoft,email,2025-07-01 21:01:37,1,0,3,Pro,1503.2,50,1,AM_13,"Billing,Analytics",59.56745624,36.76548367,Performance,Integration,1,1,0,1,75.3
InsightlySoft,chat,2025-06-15 18:01:37,2,5,1,Enterprise,2511.72,14,1,AM_12,"Billing,Integration,Collaboration",69.75545654,50.18942184,Performance,Collaboration,0,0,1,1,84.4
InsightlySoft,email,2025-06-15 15:01:37,1,1,1,Pro,2445.75,25,3,AM_16,"Integration,Security,Analytics",61.40804108,50.16654501,Feature Request,Integration,0,0,0,0,54.8
GlobalFinance Corp,email,2025-06-15 4:01:37,0,2,1,Pro,1345.16,39,0,AM_10,Integration,47.58647739,47.66189891,Performance,Analytics,1,0,0,0,58.6
GlobalFinance Corp,chat,2025-06-20 4:01:37,1,5,6,Enterprise,2767.19,26,1,AM_5,"Security,Analytics,Collaboration",53.24383,52.11052085,Performance,Billing,0,0,1,1,77.1
GlobalFinance Corp,email,2025-07-07 0:01:37,0,4,2,Pro,2871.69,52,1,AM_1,Billing,38.55174457,48.88192517,Feature Request,Collaboration,0,0,0,0,32.9
InsightlySoft,web_form,2025-07-04 5:01:37,0,1,6,Basic,2245.33,6,0,AM_0,Collaboration,52.38770402,22.86745042,Performance,Billing,1,0,0,0,47
InsightlySoft,chat,2025-07-14 5:01:37,2,4,2,Pro,1806.42,26,1,AM_3,"Billing,Security,Analytics",50.63872923,40.42624395,How-To,Analytics,1,0,1,1,56.1
GlobalFinance Corp,chat,2025-07-02 7:01:37,1,10,4,Basic,243.42,48,0,AM_8,"Analytics,Collaboration,Security",48.12043486,38.55867482,How-To,Analytics,1,0,0,0,48.3
GlobalFinance Corp,chat,2025-07-11 14:01:37,1,3,6,Pro,2337.87,54,1,AM_10,"Billing,Security",54.81516802,38.20384031,How-To,Billing,0,0,1,1,82.3
InsightlySoft,web_form,2025-07-12 15:01:37,3,3,7,Basic,3741.68,51,0,AM_5,Analytics,49.6704216,32.161793,Feature Request,Billing,0,0,0,0,40.7
InsightlySoft,chat,2025-07-08 13:01:37,1,7,3,Basic,727.47,41,1,AM_15,"Analytics,Collaboration",19.63941794,22.01848726,Other,Security,0,0,0,0,14.7
InsightlySoft,email,2025-07-09 16:01:37,1,4,4,Basic,4513.01,52,1,AM_9,"Integration,Billing",41.99931918,31.60580289,How-To,Collaboration,0,0,0,0,45.2
InsightlySoft,email,2025-07-05 23:01:37,1,2,7,Pro,2648.79,1,2,AM_2,"Integration,Billing,Collaboration",41.26892357,30.60763622,Bug,Collaboration,0,0,0,0,40.4
GlobalFinance Corp,email,2025-07-03 2:01:37,0,5,5,Pro,813.54,50,3,AM_9,"Security,Integration,Collaboration",46.53178684,41.56650856,Bug,Integration,0,0,0,0,34.1
InsightlySoft,chat,2025-06-22 8:01:37,3,3,1,Pro,533.62,21,2,AM_11,"Collaboration,Billing,Analytics",51.13643952,33.72878814,Performance,Integration,0,0,0,0,52.7
GlobalFinance Corp,email,2025-06-16 5:01:37,1,2,2,Basic,844.71,14,1,AM_0,"Collaboration,Integration",52.24809016,45.93537774,Other,Analytics,0,0,0,0,56
GlobalFinance Corp,chat,2025-07-08 6:01:37,0,5,3,Enterprise,4269.95,46,1,AM_9,"Security,Integration,Billing",45.8989862,50.25194121,Performance,Collaboration,1,0,0,1,69.8
GlobalFinance Corp,email,2025-07-04 20:01:37,0,3,6,Basic,865.09,8,0,AM_9,"Security,Analytics,Billing",46.85956837,29.42841601,How-To,Analytics,1,0,0,0,47.3
InsightlySoft,web_form,2025-06-29 2:01:37,0,5,1,Enterprise,3448.68,55,1,AM_3,Billing,24.48383931,27.54599062,Bug,Billing,0,0,0,1,37.6
InsightlySoft,web_form,2025-07-11 8:01:37,0,4,6,Pro,2367.76,25,1,AM_8,"Analytics,Security,Collaboration",58.67372069,39.92091138,Feature Request,Collaboration,0,0,0,0,52.7
InsightlySoft,web_form,2025-06-24 6:01:37,0,2,3,Basic,2374.57,49,0,AM_8,Analytics,49.75075154,40.85285921,Other,Analytics,1,1,0,1,71.4
InsightlySoft,web_form,2025-06-29 22:01:37,0,3,1,Basic,5743.8,18,1,AM_11,"Billing,Collaboration",46.30519475,36.8877711,Performance,Security,0,0,0,0,37.3
GlobalFinance Corp,chat,2025-07-03 9:01:37,0,2,5,Basic,6231.78,15,4,AM_10,Security,45.00626038,26.7239481,Bug,Security,0,0,0,0,45.8
InsightlySoft,email,2025-06-20 14:01:37,1,4,6,Enterprise,2309.49,42,0,AM_5,"Security,Billing,Analytics",33.16331931,38.70352179,How-To,Collaboration,0,0,0,1,54.6
InsightlySoft,web_form,2025-07-12 22:01:37,1,3,7,Enterprise,202.56,20,3,AM_6,Collaboration,67.74256216,34.28026219,How-To,Collaboration,1,0,0,1,87.9
GlobalFinance Corp,chat,2025-06-20 21:01:37,1,2,6,Basic,527.29,16,0,AM_8,"Billing,Integration,Analytics",41.52297307,41.58943379,Other,Integration,0,0,1,1,48.1
InsightlySoft,web_form,2025-07-09 15:01:37,0,3,4,Basic,8908.29,7,2,AM_10,"Analytics,Collaboration",32.106712,34.19502846,Performance,Collaboration,0,0,0,1,47.1
GlobalFinance Corp,web_form,2025-06-30 5:01:37,0,2,2,Basic,433.99,29,2,AM_16,Analytics,46.2257408,42.63979115,How-To,Integration,0,0,0,0,34.2
GlobalFinance Corp,chat,2025-06-15 6:01:37,1,3,1,Basic,5411.83,31,1,AM_10,"Analytics,Security,Billing",48.3402226,42.67532631,Bug,Security,0,0,0,0,62.3
GlobalFinance Corp,chat,2025-07-01 0:01:37,2,2,3,Enterprise,2332.24,29,1,AM_17,"Analytics,Billing,Security",59.26781742,31.33441383,Performance,Security,0,0,0,1,56
GlobalFinance Corp,email,2025-06-27 17:01:37,1,3,6,Enterprise,363.16,17,1,AM_8,Collaboration,46.55750264,41.93280174,Bug,Security,0,0,0,1,55.1
GlobalFinance Corp,email,2025-07-01 7:01:37,1,4,3,Basic,7558.63,5,0,AM_16,Analytics,45.43633453,40.20277451,How-To,Billing,0,0,0,1,60.3
GlobalFinance Corp,web_form,2025-07-10 3:01:37,2,2,5,Basic,7897.64,18,1,AM_15,"Security,Integration",40.34100185,34.66529378,Bug,Collaboration,0,0,0,1,49
GlobalFinance Corp,web_form,2025-07-11 1:01:37,0,0,6,Pro,2866.35,14,5,AM_13,"Integration,Billing,Analytics",33.0308848,45.57167088,How-To,Security,0,0,0,0,30.8
GlobalFinance Corp,email,2025-06-26 17:01:37,1,0,5,Basic,1477.29,31,1,AM_0,"Integration,Billing,Security",34.74178073,25.7974819,Feature Request,Integration,0,0,0,0,32.4
InsightlySoft,email,2025-06-15 4:01:37,0,1,1,Enterprise,2805.65,50,0,AM_1,Security,53.5289182,32.54615239,Performance,Integration,1,0,0,1,80.8
InsightlySoft,chat,2025-06-15 2:01:37,0,2,1,Enterprise,2964.65,18,0,AM_10,Billing,52.56553178,45.3244632,Bug,Analytics,0,1,0,1,67.1
InsightlySoft,email,2025-07-10 15:01:37,0,1,5,Basic,2919.68,47,0,AM_6,"Collaboration,Security",57.65497269,37.45411131,Performance,Analytics,0,0,0,0,58.4
InsightlySoft,email,2025-06-22 7:01:37,2,1,1,Basic,3966.11,25,0,AM_9,Analytics,46.29082924,34.90953607,Bug,Billing,0,0,0,0,55.1
GlobalFinance Corp,web_form,2025-06-19 17:01:37,4,4,5,Enterprise,208.51,11,1,AM_11,Analytics,63.11613459,33.83370479,How-To,Integration,0,0,1,1,70.4
InsightlySoft,email,2025-07-08 16:01:37,0,0,3,Pro,324.53,26,3,AM_10,"Security,Analytics",38.76517772,29.63516719,How-To,Analytics,1,0,0,0,34.5
GlobalFinance Corp,web_form,2025-06-15 20:01:37,1,3,1,Basic,997.11,5,1,AM_1,Integration,43.62690015,47.06041781,Feature Request,Collaboration,0,0,0,0,32.2
InsightlySoft,email,2025-07-04 1:01:37,3,3,6,Basic,1290.93,16,2,AM_13,"Billing,Analytics,Security",46.94801909,37.47252176,Bug,Collaboration,0,0,0,0,44.5
InsightlySoft,chat,2025-07-06 21:01:37,0,1,1,Basic,3048.59,8,0,AM_8,"Billing,Integration,Analytics",46.85393775,36.27797676,Feature Request,Collaboration,2,0,0,0,50.7
InsightlySoft,email,2025-07-04 18:01:37,0,2,6,Basic,565.77,13,0,AM_11,"Billing,Security",39.76161355,44.81355768,Bug,Collaboration,1,0,0,0,42.2
GlobalFinance Corp,email,2025-06-23 19:01:37,1,2,2,Basic,2336.31,58,1,AM_9,"Billing,Collaboration",38.06581182,44.92767971,Feature Request,Analytics,0,0,0,0,46.9
InsightlySoft,email,2025-06-15 6:01:37,3,0,1,Pro,614.95,32,3,AM_1,"Analytics,Billing",24.48782973,37.85193693,Performance,Billing,0,0,0,0,25.6
GlobalFinance Corp,web_form,2025-06-16 13:01:37,1,3,2,Pro,1317.78,54,1,AM_11,Analytics,63.67876494,55.75687708,How-To,Analytics,0,0,0,0,54.3
GlobalFinance Corp,chat,2025-07-03 11:01:37,2,3,5,Pro,8223.23,27,1,AM_2,Collaboration,48.16353525,24.97286233,Bug,Collaboration,0,0,0,1,53
InsightlySoft,email,2025-06-23 2:01:37,0,3,2,Basic,6781.43,49,0,AM_12,"Analytics,Billing,Collaboration",44.3863451,49.25882415,Other,Security,1,0,1,1,65
InsightlySoft,web_form,2025-06-21 20:01:37,1,3,7,Basic,9179.46,26,0,AM_18,"Security,Integration",40.06519254,39.89060088,Other,Collaboration,0,0,0,1,51.2
InsightlySoft,chat,2025-07-10 0:01:37,1,1,5,Pro,2685.2,9,1,AM_12,"Security,Analytics",48.91834946,42.09778226,How-To,Billing,0,0,1,1,65.3
GlobalFinance Corp,web_form,2025-06-30 15:01:37,2,3,2,Basic,2087.25,47,1,AM_15,"Analytics,Integration",46.40771949,26.18336431,Other,Integration,1,0,0,0,49.5
InsightlySoft,web_form,2025-06-21 2:01:37,2,4,7,Enterprise,5669.73,7,0,AM_0,"Analytics,Security,Collaboration",65.30697027,28.04981687,Other,Integration,0,0,0,1,88.2
GlobalFinance Corp,chat,2025-06-29 19:01:37,2,2,1,Pro,249.05,59,1,AM_7,"Security,Collaboration",43.14036485,35.17992617,Other,Collaboration,0,0,0,0,38.3
GlobalFinance Corp,email,2025-06-17 16:01:37,1,2,3,Basic,11512.06,50,1,AM_12,"Billing,Collaboration,Analytics",44.85812659,38.67835674,Feature Request,Billing,0,0,0,1,53.8
InsightlySoft,web_form,2025-06-19 4:01:37,0,7,5,Basic,1861.77,46,3,AM_6,"Collaboration,Integration",55.64013489,38.60595922,Feature Request,Analytics,0,0,0,0,47.5
InsightlySoft,web_form,2025-06-30 20:01:37,0,1,2,Pro,3379.06,8,0,AM_1,"Collaboration,Analytics,Billing",54.63038113,34.73412313,Bug,Billing,1,1,0,1,74.2
GlobalFinance Corp,email,2025-06-16 1:01:37,0,10,2,Basic,3911.05,2,0,AM_12,"Billing,Security,Analytics",35.95032802,30.95144655,Feature Request,Collaboration,0,0,0,0,30.2
GlobalFinance Corp,email,2025-07-07 17:01:37,1,1,2,Enterprise,2973.36,18,2,AM_11,Analytics,53.31912737,37.08526154,Performance,Analytics,0,0,0,1,69.9
GlobalFinance Corp,chat,2025-06-30 15:01:37,0,0,2,Pro,6663.71,36,2,AM_16,"Security,Billing,Analytics",60.1090928,21.50995557,Bug,Integration,0,0,0,0,51.5
InsightlySoft,chat,2025-07-03 21:01:37,2,3,5,Enterprise,1019.71,24,4,AM_8,"Collaboration,Analytics",62.44309724,53.18447518,Other,Collaboration,0,0,0,1,62.3
GlobalFinance Corp,chat,2025-07-06 11:01:37,3,3,1,Enterprise,2279.84,55,2,AM_9,"Collaboration,Security",35.68891364,34.76917979,Other,Integration,1,0,0,1,50.4
InsightlySoft,email,2025-07-05 23:01:37,0,3,7,Basic,1687.96,34,3,AM_2,"Collaboration,Analytics,Security",47.67217632,29.66758001,How-To,Collaboration,0,0,0,0,44
GlobalFinance Corp,web_form,2025-07-02 19:01:37,0,3,4,Pro,3653.49,42,2,AM_10,"Integration,Analytics,Collaboration",37.1101354,30.25436248,Bug,Analytics,1,0,0,0,32.8
GlobalFinance Corp,web_form,2025-06-15 22:01:37,2,4,1,Basic,1508.15,38,1,AM_11,Billing,56.59252358,27.03579739,Other,Billing,0,0,0,0,59.5
InsightlySoft,chat,2025-06-25 2:01:37,0,1,4,Pro,6700.86,11,0,AM_6,"Security,Integration,Collaboration",49.54334257,44.32336255,Feature Request,Integration,0,0,0,0,46.2
GlobalFinance Corp,email,2025-06-24 16:01:37,0,3,3,Basic,2022.56,59,0,AM_9,Collaboration,60.01853088,40.13461241,Other,Analytics,0,0,0,0,65
InsightlySoft,web_form,2025-07-13 19:01:37,1,5,1,Enterprise,2303.66,52,0,AM_9,"Analytics,Billing",53.34772911,35.03054318,Other,Integration,0,0,0,1,60.4
InsightlySoft,chat,2025-06-21 10:01:37,1,2,7,Enterprise,2040.06,10,3,AM_19,Security,38.90822007,34.84963701,How-To,Security,0,0,0,1,52.3
GlobalFinance Corp,web_form,2025-07-10 5:01:37,0,3,5,Pro,2923.64,29,2,AM_9,"Collaboration,Integration,Analytics",48.8195814,32.80779916,Other,Analytics,0,0,0,0,63.6
InsightlySoft,web_form,2025-07-02 10:01:37,0,2,4,Basic,2142.51,49,1,AM_3,"Collaboration,Billing",40.51424866,19.79730695,Performance,Analytics,0,0,0,0,36
InsightlySoft,email,2025-07-14 12:01:37,0,1,2,Pro,8313.84,56,1,AM_9,"Billing,Collaboration,Analytics",37.26398082,42.25036086,Performance,Billing,0,0,0,1,57.3
GlobalFinance Corp,email,2025-06-21 20:01:37,0,2,7,Pro,421.66,40,1,AM_9,"Integration,Security,Collaboration",42.87496271,36.04581613,Other,Billing,1,0,1,1,53.5
InsightlySoft,web_form,2025-06-16 9:01:37,0,5,2,Pro,40.55,6,1,AM_3,"Integration,Billing",49.92060713,40.78737468,Other,Collaboration,0,0,0,0,47.8
InsightlySoft,chat,2025-07-06 7:01:37,0,3,1,Basic,2213.09,48,2,AM_6,Security,38.32569899,43.25615857,Performance,Billing,1,0,0,0,39.7
InsightlySoft,email,2025-07-01 5:01:37,0,1,3,Basic,4339.8,10,0,AM_17,Integration,49.22751793,44.39715155,Feature Request,Collaboration,0,0,0,0,44
GlobalFinance Corp,web_form,2025-07-04 14:01:37,0,1,6,Pro,3134.04,30,1,AM_2,Security,34.51088281,37.21594598,Bug,Billing,0,0,0,0,37.7
InsightlySoft,email,2025-07-01 3:01:37,1,5,3,Basic,9869.03,55,2,AM_14,Collaboration,28.99582426,37.1196438,Performance,Billing,0,0,0,1,32.9
GlobalFinance Corp,email,2025-07-12 19:01:37,2,2,7,Pro,603.69,28,0,AM_4,Security,65.84824108,44.9544888,How-To,Collaboration,1,0,0,0,70.1
GlobalFinance Corp,email,2025-06-20 3:01:37,1,3,6,Basic,3552.34,29,0,AM_8,Collaboration,43.92349712,35.16911344,Performance,Security,2,0,0,0,33.4
InsightlySoft,web_form,2025-06-18 20:01:37,3,5,4,Enterprise,5076.3,51,1,AM_19,"Security,Collaboration",45.97719365,46.53977141,Bug,Analytics,0,0,0,1,40.6
InsightlySoft,chat,2025-07-14 5:01:37,0,0,2,Enterprise,7293.44,25,3,AM_11,"Security,Collaboration,Analytics",44.34463657,44.69245084,Performance,Collaboration,0,0,0,1,60.9
InsightlySoft,chat,2025-06-28 22:01:37,0,5,7,Basic,2255.84,36,1,AM_15,"Billing,Analytics",53.09785004,31.73623659,Bug,Security,1,0,0,0,64.9
GlobalFinance Corp,chat,2025-06-29 13:01:37,2,3,1,Basic,1353.46,27,1,AM_10,"Security,Integration,Analytics",49.62198893,30.5341747,Feature Request,Billing,0,0,0,0,41.9
InsightlySoft,email,2025-06-19 16:01:37,2,1,5,Pro,9327.46,34,0,AM_16,"Analytics,Collaboration",56.91227834,27.08060535,Feature Request,Collaboration,0,0,0,1,61.3
InsightlySoft,web_form,2025-06-30 12:01:37,2,2,2,Basic,4703.03,52,0,AM_2,"Billing,Analytics,Integration",50.80823178,43.14204622,Other,Security,0,1,0,1,58.4
InsightlySoft,email,2025-07-05 13:01:37,1,3,7,Basic,1909.42,34,0,AM_14,"Analytics,Collaboration,Integration",47.77682198,14.55657316,Feature Request,Security,1,0,0,0,35
InsightlySoft,chat,2025-07-11 17:01:37,3,4,6,Pro,3159.48,32,0,AM_3,"Analytics,Security",58.10764417,14.71619066,Performance,Analytics,0,1,1,1,82
InsightlySoft,chat,2025-06-18 17:01:37,0,4,4,Enterprise,979.59,44,0,AM_8,Analytics,44.27402039,39.00835454,How-To,Billing,0,0,0,1,62.2
GlobalFinance Corp,web_form,2025-07-12 20:01:37,0,3,7,Basic,2862.3,4,2,AM_7,"Integration,Analytics,Security",47.46073713,23.96716709,Performance,Integration,0,0,0,0,48
GlobalFinance Corp,email,2025-06-23 18:01:37,1,2,2,Basic,2329.78,48,1,AM_17,"Collaboration,Integration",45.48044498,27.59807532,Feature Request,Security,0,0,0,0,35
InsightlySoft,chat,2025-07-03 8:01:37,1,1,5,Pro,120.05,34,0,AM_3,"Collaboration,Integration,Security",61.68628958,37.44392664,How-To,Collaboration,0,0,0,0,47.6
InsightlySoft,web_form,2025-06-21 15:01:37,0,6,7,Pro,6024.11,16,2,AM_4,Integration,51.34448034,23.87148055,Feature Request,Billing,1,0,0,0,41.1
InsightlySoft,email,2025-07-06 2:01:37,0,5,1,Basic,2021.16,47,1,AM_8,"Billing,Collaboration,Security",48.65978362,25.25347251,Bug,Integration,0,0,0,0,46.3
InsightlySoft,email,2025-06-19 3:01:37,2,0,5,Pro,1960.26,46,0,AM_15,Billing,26.22852281,48.66802564,Performance,Integration,0,1,0,1,38.9
GlobalFinance Corp,chat,2025-07-09 14:01:37,0,1,4,Basic,999.84,11,3,AM_3,"Integration,Billing,Collaboration",51.57620975,39.15459911,How-To,Integration,0,1,0,1,75.4
InsightlySoft,chat,2025-07-14 8:01:37,1,3,2,Enterprise,655.91,15,3,AM_15,Integration,55.019068,43.46210905,Other,Security,2,0,0,1,59.7
GlobalFinance Corp,email,2025-07-01 1:01:37,2,5,3,Pro,1033.27,56,0,AM_4,"Security,Billing,Analytics",57.1632997,31.24010178,How-To,Analytics,0,0,1,1,71.8
GlobalFinance Corp,email,2025-07-06 23:01:37,1,1,1,Basic,3149.3,38,1,AM_6,Security,45.98060385,49.76228994,How-To,Integration,1,0,0,0,56.4
InsightlySoft,chat,2025-06-22 3:01:37,3,3,1,Enterprise,308.26,30,1,AM_10,"Integration,Analytics,Billing",54.51123901,11.37150385,How-To,Integration,0,0,0,1,60.5
GlobalFinance Corp,email,2025-06-16 22:01:37,1,5,2,Pro,1214.29,56,1,AM_6,"Billing,Security",52.56104418,23.10961245,Other,Collaboration,1,1,0,1,65.5
GlobalFinance Corp,chat,2025-07-12 6:01:37,1,1,7,Pro,11552.83,27,1,AM_5,"Integration,Billing,Analytics",27.70746174,22.20781243,How-To,Integration,0,0,0,1,40.3
GlobalFinance Corp,email,2025-06-26 8:01:37,0,3,5,Basic,950.42,16,0,AM_18,Security,59.21973719,28.65859021,Performance,Billing,1,0,0,0,60.8
GlobalFinance Corp,chat,2025-07-05 17:01:37,0,2,7,Pro,10202.54,1,0,AM_16,Analytics,46.36726096,45.42596226,How-To,Analytics,0,0,0,1,53.1
InsightlySoft,web_form,2025-07-14 16:01:37,2,5,2,Basic,332.16,25,1,AM_5,"Billing,Analytics,Collaboration",50.36556217,51.70158733,Feature Request,Analytics,0,0,0,0,45.8
InsightlySoft,chat,2025-06-22 10:01:37,1,4,1,Enterprise,4739.42,28,0,AM_18,"Collaboration,Security,Integration",41.76675282,37.13460181,How-To,Integration,1,1,0,1,52.4
GlobalFinance Corp,chat,2025-06-14 20:01:37,1,1,7,Pro,1738.05,43,1,AM_16,"Integration,Security,Billing",54.98898623,40.4757452,How-To,Security,0,0,0,0,67.1
InsightlySoft,web_form,2025-06-15 3:01:37,1,6,1,Enterprise,650.06,14,0,AM_11,Collaboration,51.62565964,16.71938888,Other,Security,0,0,0,1,54
InsightlySoft,email,2025-06-29 22:01:37,1,2,1,Basic,4645.35,34,1,AM_11,"Integration,Billing",31.31280812,40.08262801,Bug,Integration,0,0,1,1,46.4
InsightlySoft,web_form,2025-06-18 16:01:37,0,2,4,Basic,21.02,56,0,AM_12,"Integration,Analytics",41.144593,30.68721841,Other,Integration,1,0,0,0,45
InsightlySoft,chat,2025-06-16 23:01:37,1,4,2,Pro,1279.18,48,2,AM_5,"Security,Analytics",62.17439388,27.33760401,Other,Security,0,0,0,0,55.2
InsightlySoft,email,2025-07-07 21:01:37,0,1,2,Basic,2785.53,4,0,AM_18,Security,55.97564946,32.55953234,How-To,Integration,0,0,0,0,46.3
GlobalFinance Corp,web_form,2025-07-10 23:01:37,2,3,5,Basic,787.88,14,1,AM_0,Collaboration,44.70011946,34.62796634,Bug,Collaboration,0,0,0,0,51.2
InsightlySoft,email,2025-07-07 19:01:37,2,3,2,Enterprise,1212.8,16,1,AM_12,"Security,Billing",44.82383397,46.29327287,Other,Collaboration,0,1,0,1,56.5
InsightlySoft,email,2025-07-06 3:01:37,1,3,1,Basic,287.73,15,0,AM_4,"Billing,Security",39.1335876,23.31395453,Feature Request,Integration,1,0,0,0,39.7
InsightlySoft,web_form,2025-07-03 0:01:37,1,3,5,Basic,5756.3,34,2,AM_0,Integration,39.68529923,27.7031376,Bug,Security,0,0,0,0,45.3
InsightlySoft,email,2025-07-12 1:01:37,0,4,7,Enterprise,1645.41,13,2,AM_2,Analytics,50.00971647,45.63821277,Other,Collaboration,0,0,0,1,66.3
GlobalFinance Corp,web_form,2025-06-23 6:01:37,2,4,2,Basic,471,17,3,AM_2,Security,64.40720089,26.0052205,How-To,Security,0,1,0,1,75.9
GlobalFinance Corp,chat,2025-07-08 5:01:37,1,3,3,Basic,666.04,28,1,AM_14,Analytics,44.85170116,21.00528384,Feature Request,Integration,1,0,0,0,48.8
GlobalFinance Corp,email,2025-07-02 0:01:37,1,3,4,Pro,965.44,52,2,AM_14,Security,48.31003618,54.83615492,Bug,Integration,0,0,0,0,50.2
GlobalFinance Corp,chat,2025-06-28 7:01:37,1,4,7,Enterprise,782.02,10,0,AM_3,Analytics,40.7072462,27.00105296,Feature Request,Integration,0,1,0,1,59.4
InsightlySoft,chat,2025-07-11 16:01:37,2,3,6,Pro,2099.35,47,0,AM_7,"Integration,Analytics",47.05143363,34.6687928,Performance,Collaboration,1,0,0,0,55.9
GlobalFinance Corp,email,2025-07-06 23:01:37,1,2,1,Enterprise,7068.53,17,0,AM_2,Billing,51.4224662,34.21574814,Other,Analytics,0,0,0,1,65.3
InsightlySoft,web_form,2025-06-20 20:01:37,2,3,6,Basic,609.71,8,4,AM_7,"Integration,Analytics,Security",66.97338733,47.06462867,How-To,Analytics,0,0,0,0,54.8
InsightlySoft,email,2025-06-30 17:01:37,0,3,2,Basic,1812.37,2,2,AM_11,Collaboration,59.73785101,36.63601619,Performance,Analytics,0,0,0,0,68.3
InsightlySoft,chat,2025-06-16 14:01:37,1,2,2,Pro,3271.3,56,0,AM_17,Billing,59.73530118,38.53128502,How-To,Collaboration,1,0,0,0,69.2
InsightlySoft,chat,2025-06-21 2:01:37,1,3,7,Pro,609.27,58,1,AM_12,"Billing,Integration",43.46647412,41.92711168,Other,Security,0,0,0,0,29.5
InsightlySoft,web_form,2025-06-18 19:01:37,1,3,4,Pro,501.68,1,0,AM_7,"Collaboration,Billing",38.85653752,42.73450493,Performance,Analytics,1,0,1,1,63.1
GlobalFinance Corp,email,2025-07-04 18:01:37,2,4,6,Pro,506.54,55,0,AM_16,Security,48.00462758,43.47825784,Bug,Analytics,0,1,0,1,44.8
GlobalFinance Corp,chat,2025-06-22 13:01:37,1,7,1,Enterprise,6410.8,55,2,AM_8,Integration,41.92047792,46.94528491,Performance,Billing,0,0,0,1,51.4
GlobalFinance Corp,chat,2025-07-08 21:01:37,0,3,3,Pro,3726.74,5,2,AM_6,"Integration,Security,Collaboration",43.58080151,30.54614224,Bug,Integration,2,0,0,0,50.6
GlobalFinance Corp,chat,2025-07-03 17:01:37,1,4,5,Enterprise,1230.09,35,3,AM_14,"Collaboration,Analytics",50.75920252,28.34806481,Bug,Analytics,1,0,0,1,57.6
InsightlySoft,web_form,2025-07-08 23:01:37,3,3,3,Pro,6985.59,22,1,AM_15,"Security,Collaboration",54.4122264,32.23268785,How-To,Analytics,0,0,0,0,52.2
GlobalFinance Corp,chat,2025-06-25 15:01:37,1,4,4,Basic,9207.86,43,2,AM_19,Analytics,60.04553845,29.92525146,Feature Request,Security,0,0,0,1,84.5
InsightlySoft,chat,2025-07-11 20:01:37,0,4,6,Basic,1523.86,16,1,AM_7,Analytics,53.14135353,42.3729361,Feature Request,Integration,0,0,0,0,58.4
GlobalFinance Corp,email,2025-06-28 17:01:37,1,2,7,Pro,2142.79,53,0,AM_15,"Analytics,Billing,Integration",49.48648885,19.50592213,Bug,Collaboration,0,1,0,1,60
InsightlySoft,email,2025-06-18 12:01:37,1,3,4,Pro,1329.9,9,1,AM_18,"Integration,Collaboration,Analytics",39.85789811,46.42494048,Other,Collaboration,1,0,0,0,47.3
InsightlySoft,chat,2025-07-06 12:01:37,1,3,1,Enterprise,774.59,36,2,AM_15,"Billing,Security,Integration",60.10837159,39.78511445,Feature Request,Billing,1,0,0,1,58.9
GlobalFinance Corp,chat,2025-07-06 5:01:37,1,1,1,Pro,4542.52,9,2,AM_13,"Integration,Collaboration,Security",55.80262805,22.6527986,Feature Request,Security,1,0,0,0,56.6
InsightlySoft,email,2025-06-21 2:01:37,0,1,7,Pro,3141.44,14,0,AM_15,"Analytics,Integration,Billing",43.74499625,36.27648667,Other,Security,1,0,0,0,37.7
InsightlySoft,web_form,2025-06-16 3:01:37,0,2,2,Enterprise,1371.34,10,0,AM_0,Analytics,56.4955526,38.67168684,How-To,Integration,2,0,0,1,61.5
GlobalFinance Corp,web_form,2025-06-18 2:01:37,0,2,4,Pro,43.45,22,0,AM_17,Integration,49.11832081,43.11885516,Bug,Security,0,0,1,1,70
InsightlySoft,web_form,2025-06-26 19:01:37,1,4,5,Basic,4327.62,16,0,AM_17,"Security,Integration",59.34110805,35.57779991,Performance,Billing,1,0,0,0,64.4
GlobalFinance Corp,web_form,2025-07-01 5:01:37,0,2,3,Pro,1946.65,41,1,AM_0,"Security,Analytics",45.62088853,35.9917461,Performance,Integration,0,0,0,0,42.7
GlobalFinance Corp,web_form,2025-06-26 8:01:37,1,2,5,Basic,227.68,3,1,AM_16,"Billing,Analytics",45.98264221,35.00839995,Bug,Security,0,1,1,1,62.9
GlobalFinance Corp,web_form,2025-07-02 18:01:37,0,3,4,Pro,398.89,28,1,AM_19,Billing,32.13123838,45.08633163,How-To,Security,0,0,0,0,32.4
InsightlySoft,web_form,2025-07-05 8:01:37,0,2,7,Pro,2969.63,30,3,AM_6,"Billing,Collaboration",43.40321341,51.09638152,Performance,Analytics,0,0,0,0,33.5
InsightlySoft,web_form,2025-07-12 2:01:37,2,1,7,Enterprise,2371.17,29,2,AM_5,"Integration,Collaboration",64.64839997,38.39149851,Feature Request,Analytics,2,0,0,1,70.9
InsightlySoft,email,2025-06-21 10:01:37,1,3,7,Pro,825.2,1,1,AM_12,"Billing,Integration,Analytics",74.69208283,31.28895195,How-To,Billing,0,0,0,0,91
GlobalFinance Corp,web_form,2025-06-15 0:01:37,0,2,1,Pro,452.05,28,1,AM_6,"Billing,Security,Integration",52.46319361,39.05906503,Other,Analytics,0,0,0,0,43.8
InsightlySoft,web_form,2025-06-24 0:01:37,2,2,3,Basic,6481.55,22,1,AM_7,"Security,Billing",43.07065918,51.04596445,Bug,Security,1,1,0,1,50
GlobalFinance Corp,web_form,2025-07-12 6:01:37,1,2,7,Pro,434.62,32,0,AM_11,"Integration,Billing,Collaboration",45.2602307,36.0714798,Performance,Analytics,0,0,0,0,51.3
GlobalFinance Corp,chat,2025-06-28 5:01:37,0,5,7,Enterprise,268.71,52,2,AM_15,"Collaboration,Analytics",47.52595223,30.35905351,Bug,Security,0,0,0,1,50.4
InsightlySoft,email,2025-07-04 1:01:37,0,2,6,Basic,2902.29,11,2,AM_2,"Integration,Security,Analytics",44.69679487,48.81593119,Other,Integration,1,0,0,0,36.9
GlobalFinance Corp,email,2025-06-20 17:01:37,0,2,6,Basic,873.27,26,0,AM_6,Integration,55.90649833,37.87162611,Performance,Analytics,1,0,0,0,51.1
InsightlySoft,email,2025-07-04 19:01:37,2,3,6,Pro,3206.58,31,4,AM_5,Billing,34.25274892,36.82605062,Bug,Billing,0,0,0,0,25.9
InsightlySoft,web_form,2025-07-13 4:01:37,4,3,1,Basic,2014.73,20,0,AM_12,Billing,48.31773132,24.16413823,Other,Collaboration,1,0,1,1,64.6
InsightlySoft,web_form,2025-07-13 17:01:37,4,4,1,Enterprise,711.91,20,0,AM_13,"Security,Collaboration",66.32173142,36.93143342,Feature Request,Security,0,0,0,1,71.8
InsightlySoft,chat,2025-06-27 16:01:37,1,3,6,Basic,216.55,33,1,AM_12,"Billing,Security",58.44979865,42.99448487,Other,Billing,0,0,0,0,68.1
InsightlySoft,email,2025-06-25 13:01:37,0,4,4,Pro,219.81,5,1,AM_7,"Analytics,Security",68.46421547,32.01082046,How-To,Security,0,0,0,0,64.6
GlobalFinance Corp,web_form,2025-06-20 23:01:37,0,3,6,Pro,2644.66,41,1,AM_18,"Integration,Billing,Analytics",46.69780565,34.15503632,How-To,Security,2,0,1,1,68.9
GlobalFinance Corp,email,2025-06-27 9:01:37,1,1,6,Basic,4259.49,3,0,AM_13,"Integration,Analytics",41.60319098,36.33024476,Other,Integration,0,0,0,0,36.2
GlobalFinance Corp,chat,2025-06-29 21:01:37,1,3,1,Enterprise,3510.26,44,2,AM_4,"Analytics,Integration",51.1832043,36.58404524,Feature Request,Security,0,1,0,1,67
InsightlySoft,chat,2025-06-28 19:01:37,1,3,7,Pro,2695.74,50,2,AM_17,Security,40.37152685,37.63548621,Bug,Collaboration,0,0,1,1,44.6
InsightlySoft,chat,2025-07-08 4:01:37,2,1,3,Basic,710.69,34,2,AM_3,"Collaboration,Integration",42.8600664,49.99781305,Bug,Collaboration,0,0,0,0,35.7
InsightlySoft,email,2025-06-21 1:01:37,1,3,7,Enterprise,5936.91,31,3,AM_0,"Integration,Collaboration,Billing",45.90959111,32.21879654,Feature Request,Collaboration,0,0,0,1,65.6
GlobalFinance Corp,web_form,2025-06-26 17:01:37,2,2,5,Pro,2973.41,42,0,AM_0,Collaboration,60.27518297,30.72966093,Performance,Billing,0,0,0,1,75.4
InsightlySoft,web_form,2025-07-12 18:01:37,1,0,7,Pro,3554.46,7,3,AM_8,Integration,57.40881401,29.49975301,Other,Integration,0,0,0,0,69.3
GlobalFinance Corp,chat,2025-07-01 2:01:37,2,0,3,Enterprise,760.16,30,0,AM_18,"Collaboration,Analytics,Integration",53.14689436,33.42884901,How-To,Billing,0,0,0,1,84
GlobalFinance Corp,web_form,2025-06-26 17:01:37,3,2,5,Basic,909.37,54,1,AM_0,"Analytics,Collaboration",49.04934295,27.30999545,How-To,Billing,0,0,0,0,60.8
InsightlySoft,chat,2025-06-26 19:01:37,1,4,5,Pro,7143.25,18,1,AM_14,Integration,65.6661739,34.22382116,How-To,Collaboration,0,0,0,1,69
InsightlySoft,email,2025-07-12 10:01:37,0,2,7,Pro,1939.21,16,0,AM_12,Integration,52.41450196,42.45204737,Bug,Billing,1,0,0,0,44.8
GlobalFinance Corp,chat,2025-06-20 17:01:37,0,4,6,Enterprise,2421.25,13,0,AM_6,"Billing,Integration",38.83968367,44.08112253,Bug,Security,2,0,0,1,58.4
InsightlySoft,email,2025-07-03 14:01:37,1,1,5,Basic,352.18,33,0,AM_13,"Security,Billing,Analytics",49.7482202,27.58737871,Feature Request,Analytics,0,0,0,0,43.8
GlobalFinance Corp,chat,2025-07-11 21:01:37,1,3,6,Enterprise,1505.47,7,0,AM_1,"Security,Collaboration",38.60337884,33.02829293,Performance,Security,1,0,0,1,67
InsightlySoft,web_form,2025-06-19 17:01:37,0,3,5,Pro,6542.06,30,2,AM_12,"Billing,Security,Analytics",42.82042835,40.2943615,Other,Billing,1,0,0,0,35
InsightlySoft,web_form,2025-06-26 1:01:37,2,0,5,Basic,6912.29,11,0,AM_7,"Billing,Collaboration",61.83891997,31.18549173,How-To,Integration,1,1,0,1,72.1
GlobalFinance Corp,chat,2025-07-04 1:01:37,2,1,6,Basic,3929.7,6,0,AM_11,Security,51.10364411,43.59492051,Feature Request,Security,0,0,1,1,74.2
InsightlySoft,web_form,2025-06-16 18:01:37,1,4,2,Basic,2366.58,21,1,AM_12,"Collaboration,Billing",49.15710331,34.59928548,Performance,Billing,0,0,1,1,49.1
GlobalFinance Corp,web_form,2025-06-24 8:01:37,1,3,3,Pro,8013.23,32,0,AM_2,"Collaboration,Security",50.68538051,22.91213084,Bug,Integration,2,1,0,1,81.1
InsightlySoft,web_form,2025-06-17 23:01:37,0,1,3,Basic,6163.45,5,2,AM_18,Integration,47.27346388,38.97192135,How-To,Collaboration,0,0,0,0,52.2
GlobalFinance Corp,email,2025-07-12 17:01:37,1,1,7,Enterprise,5619.26,42,0,AM_11,Collaboration,26.90919001,42.27202412,Other,Analytics,1,0,0,1,48.3
GlobalFinance Corp,web_form,2025-06-17 7:01:37,0,4,3,Basic,6406.32,29,1,AM_1,"Billing,Security,Integration",55.43102979,29.03712816,How-To,Billing,2,0,0,0,63.5
InsightlySoft,email,2025-07-01 14:01:37,1,3,3,Basic,1811.23,35,1,AM_19,"Security,Collaboration,Integration",54.74112804,31.88202816,How-To,Security,1,0,0,0,48.8
GlobalFinance Corp,chat,2025-06-27 13:01:37,2,6,6,Enterprise,2236.42,59,0,AM_17,"Collaboration,Analytics",49.83814453,31.0656118,Other,Analytics,0,0,0,1,69.3
InsightlySoft,web_form,2025-06-26 16:01:37,1,5,5,Basic,1655.01,47,0,AM_15,"Billing,Analytics",41.12248832,38.47153505,Feature Request,Collaboration,1,0,1,1,50.8
InsightlySoft,web_form,2025-07-14 16:01:37,3,3,2,Pro,4041.99,12,1,AM_8,Collaboration,65.82824668,29.5007405,Other,Collaboration,0,0,0,0,68.2
InsightlySoft,web_form,2025-07-08 17:01:37,0,3,3,Basic,2688.93,37,2,AM_16,Analytics,43.24700815,34.59498355,Other,Analytics,2,0,1,1,56.6
GlobalFinance Corp,chat,2025-06-29 12:01:37,2,2,1,Basic,216.74,46,1,AM_17,"Billing,Integration",40.07885825,27.50246192,Bug,Billing,1,0,1,1,58.9
GlobalFinance Corp,email,2025-06-27 6:01:37,0,2,6,Basic,440.63,44,1,AM_18,"Security,Collaboration",49.03535814,34.29021432,Feature Request,Billing,0,0,0,0,50.2
InsightlySoft,email,2025-06-20 21:01:37,1,1,6,Enterprise,640.78,22,1,AM_6,"Billing,Analytics",55.10102542,35.57854218,Feature Request,Integration,0,0,0,1,76.9
InsightlySoft,web_form,2025-06-21 9:01:37,1,0,7,Basic,3331.03,11,0,AM_3,"Security,Integration,Analytics",52.99522563,32.07754551,Performance,Integration,0,0,0,0,56.6
GlobalFinance Corp,chat,2025-06-26 6:01:37,0,6,5,Pro,348.94,23,2,AM_7,"Integration,Security",53.7454307,22.05809791,Performance,Billing,0,0,0,0,54.8
InsightlySoft,chat,2025-06-26 16:01:37,1,1,5,Pro,2334.94,55,5,AM_0,Integration,59.90259638,51.55884624,Bug,Security,0,0,0,0,56.2
InsightlySoft,chat,2025-06-17 23:01:37,0,4,3,Basic,5513.44,45,1,AM_9,"Billing,Collaboration",50.95647583,39.04355279,Bug,Collaboration,2,0,1,1,67.4
GlobalFinance Corp,chat,2025-06-21 15:01:37,1,4,7,Enterprise,8841.66,10,1,AM_3,Security,61.47366323,30.99294534,Performance,Integration,0,0,0,1,62.7
InsightlySoft,chat,2025-07-12 9:01:37,0,1,7,Basic,1677.07,42,4,AM_16,Analytics,53.03725292,38.80920865,Performance,Analytics,0,0,1,1,50.8
GlobalFinance Corp,email,2025-06-21 8:01:37,0,5,7,Enterprise,2287.04,24,4,AM_6,"Analytics,Billing,Collaboration",47.22265163,42.35150394,Feature Request,Analytics,1,0,0,1,63.8
InsightlySoft,email,2025-07-07 8:01:37,3,2,2,Enterprise,5342.96,53,3,AM_0,Collaboration,43.61872036,39.77053306,Performance,Billing,0,0,0,1,54.5
GlobalFinance Corp,email,2025-07-02 13:01:37,1,4,4,Basic,8234.54,46,1,AM_15,"Billing,Collaboration,Security",61.92517831,41.68748447,Other,Analytics,0,0,1,1,56.7
InsightlySoft,web_form,2025-07-12 20:01:37,3,1,7,Basic,1482.21,52,0,AM_9,"Security,Billing",54.60465982,44.29310121,How-To,Analytics,0,1,0,1,68.1
InsightlySoft,chat,2025-07-07 16:01:37,1,3,2,Basic,1306.51,16,0,AM_10,Collaboration,44.77297454,29.50277981,Other,Billing,0,1,0,1,47.1
GlobalFinance Corp,web_form,2025-07-03 11:01:37,1,8,5,Pro,1798.12,12,2,AM_5,"Security,Collaboration",43.69007627,33.42291591,Performance,Security,1,1,0,1,51.6
InsightlySoft,chat,2025-06-27 9:01:37,0,4,6,Pro,878.3,55,3,AM_0,"Collaboration,Integration",37.80908773,36.63035726,How-To,Billing,0,0,0,0,30.3
GlobalFinance Corp,email,2025-07-08 23:01:37,1,0,3,Enterprise,5891.15,50,0,AM_8,Security,65.01152882,39.22883532,Bug,Collaboration,1,0,0,1,88.5
InsightlySoft,web_form,2025-07-04 11:01:37,0,4,6,Basic,1149.05,32,2,AM_10,"Integration,Billing",52.84274264,38.49331297,Performance,Integration,0,0,0,0,57.9
GlobalFinance Corp,email,2025-07-08 14:01:37,3,6,3,Pro,1790.55,24,1,AM_5,Collaboration,62.73808991,19.1133242,Performance,Security,0,1,0,1,79.2
GlobalFinance Corp,chat,2025-07-05 4:01:37,0,2,7,Pro,1156.83,4,0,AM_18,Collaboration,69.09488544,58.74322573,Bug,Security,0,0,0,0,72.7
GlobalFinance Corp,chat,2025-06-18 5:01:37,1,4,4,Pro,379.82,42,0,AM_12,"Integration,Collaboration",66.77596421,49.35713172,Performance,Analytics,0,0,0,1,88
GlobalFinance Corp,chat,2025-06-15 10:01:37,2,1,1,Basic,2799.15,33,2,AM_16,Security,43.99299717,31.56076189,How-To,Integration,0,0,0,0,41.9
InsightlySoft,email,2025-06-29 4:01:37,0,1,1,Basic,2657.36,18,0,AM_13,"Collaboration,Security,Integration",77.08385593,41.38827077,Bug,Integration,0,0,0,0,94
InsightlySoft,chat,2025-07-11 10:01:37,1,2,6,Basic,1048.25,47,2,AM_19,"Security,Integration,Billing",55.7422162,30.40299371,Bug,Security,0,0,0,0,59.8
GlobalFinance Corp,email,2025-06-19 12:01:37,1,2,5,Basic,95.7,17,2,AM_3,"Security,Collaboration",36.45802259,27.83243063,Feature Request,Collaboration,1,0,0,0,43.1
GlobalFinance Corp,web_form,2025-07-12 1:01:37,1,4,7,Basic,8281.82,21,0,AM_6,Billing,50.59631286,28.88875865,Performance,Collaboration,0,0,1,1,66.2
GlobalFinance Corp,chat,2025-07-11 2:01:37,2,3,6,Pro,1318.06,1,4,AM_14,"Security,Billing",49.17459714,32.19519637,Feature Request,Analytics,0,0,1,1,57.4
InsightlySoft,chat,2025-07-11 2:01:37,1,1,6,Basic,2321.48,59,0,AM_9,"Security,Collaboration",52.39111455,39.61265111,How-To,Analytics,0,0,1,1,58.3
InsightlySoft,chat,2025-06-15 1:01:37,2,5,1,Enterprise,465.57,46,3,AM_4,Analytics,51.09240492,40.01692078,How-To,Collaboration,0,0,0,1,66.9
InsightlySoft,web_form,2025-07-06 6:01:37,1,6,1,Basic,867.72,44,2,AM_12,"Collaboration,Security",54.34197976,34.30895627,Bug,Integration,1,0,0,0,56.3
InsightlySoft,chat,2025-06-28 20:01:37,0,3,7,Pro,1714.13,25,1,AM_14,Integration,41.07991756,23.14642435,Feature Request,Collaboration,1,0,0,0,52.1
GlobalFinance Corp,email,2025-06-19 17:01:37,2,3,5,Pro,2478.28,59,1,AM_2,Analytics,51.29109047,39.54716885,Performance,Security,1,0,0,0,53.4
GlobalFinance Corp,email,2025-06-24 22:01:37,1,3,3,Basic,5772.74,31,0,AM_18,"Analytics,Security",43.85972301,47.15672348,How-To,Billing,0,0,0,0,42.2
GlobalFinance Corp,chat,2025-06-20 21:01:37,0,5,6,Basic,1029.22,43,0,AM_2,"Analytics,Billing,Collaboration",50.08169698,34.23881209,Feature Request,Billing,0,0,0,0,49.3
InsightlySoft,chat,2025-06-19 12:01:37,1,2,5,Basic,6162.04,20,1,AM_18,"Integration,Collaboration,Security",46.42164476,35.47523574,Bug,Billing,0,0,0,0,31.4
InsightlySoft,web_form,2025-06-22 7:01:37,1,3,1,Pro,1839.93,26,0,AM_11,"Security,Integration,Analytics",43.9859369,52.75974887,Other,Integration,0,0,0,0,46.8
InsightlySoft,web_form,2025-07-05 20:01:37,0,4,7,Pro,1700.48,19,1,AM_13,Analytics,55.64843004,42.98748584,Bug,Collaboration,0,1,0,1,60
GlobalFinance Corp,web_form,2025-07-11 16:01:37,1,3,6,Enterprise,1514.6,30,3,AM_7,"Security,Collaboration",53.16387891,28.48985976,Bug,Security,0,0,0,1,67.2
GlobalFinance Corp,chat,2025-07-12 5:01:37,1,3,7,Basic,6519.36,25,1,AM_17,Billing,52.35069434,27.10622149,Feature Request,Security,0,0,0,0,61.6
InsightlySoft,web_form,2025-06-15 16:01:37,0,3,1,Enterprise,867.12,36,1,AM_3,"Billing,Integration",43.68724114,26.17865909,Other,Analytics,0,0,0,1,49
GlobalFinance Corp,web_form,2025-06-22 3:01:37,3,0,1,Pro,5842.38,49,0,AM_10,Analytics,53.89605503,39.0353562,Performance,Integration,0,0,0,0,58.3
InsightlySoft,email,2025-07-05 15:01:37,0,0,7,Basic,279.98,18,0,AM_16,"Collaboration,Analytics",47.74929686,48.82451393,Bug,Security,0,0,1,1,55.5
InsightlySoft,web_form,2025-07-14 6:01:37,2,3,2,Basic,9325.23,4,1,AM_18,"Collaboration,Security,Integration",43.95491123,40.57964482,Bug,Analytics,1,0,0,1,47
GlobalFinance Corp,email,2025-06-27 11:01:37,1,6,6,Basic,2097.59,27,0,AM_3,"Billing,Integration,Analytics",58.11400476,28.31063479,Other,Integration,0,0,0,0,61.6
InsightlySoft,email,2025-07-13 10:01:37,2,6,1,Pro,20451.56,33,0,AM_5,"Billing,Analytics,Collaboration",56.26144018,42.84610717,Performance,Security,0,1,0,1,75.4
GlobalFinance Corp,web_form,2025-07-08 2:01:37,0,2,3,Enterprise,2808.97,6,1,AM_1,"Security,Billing,Analytics",17.99866707,29.64126042,Bug,Collaboration,1,0,0,1,34.5
InsightlySoft,email,2025-07-04 21:01:37,0,5,6,Basic,375.34,7,0,AM_6,"Billing,Security",26.64833159,55.972226,Bug,Security,2,0,1,1,34.5
GlobalFinance Corp,chat,2025-07-07 5:01:37,0,2,2,Basic,188.47,1,2,AM_18,"Billing,Analytics",63.72174442,31.52487476,Feature Request,Integration,0,0,1,1,83.2
GlobalFinance Corp,chat,2025-06-21 12:01:37,1,3,7,Basic,644.85,38,1,AM_13,"Security,Integration,Collaboration",35.52661733,27.45801679,Feature Request,Analytics,1,0,0,0,43
GlobalFinance Corp,web_form,2025-06-30 13:01:37,0,0,2,Basic,1640.13,35,1,AM_15,"Collaboration,Security",34.88180113,38.44214871,How-To,Integration,1,0,0,0,36.7
InsightlySoft,chat,2025-06-25 16:01:37,1,2,4,Enterprise,4125.35,23,2,AM_7,Integration,46.57463862,43.11942276,Feature Request,Billing,1,0,0,1,66.4
InsightlySoft,email,2025-07-11 10:01:37,0,4,6,Basic,2.15,16,1,AM_17,"Collaboration,Analytics",50.64521007,38.91805675,Performance,Security,0,0,0,0,47.2
GlobalFinance Corp,chat,2025-06-17 19:01:37,0,3,3,Basic,892.58,59,0,AM_8,"Collaboration,Analytics",43.1595204,38.6080072,How-To,Billing,0,0,1,1,46.4
GlobalFinance Corp,web_form,2025-06-25 1:01:37,0,6,4,Enterprise,2657.07,34,0,AM_3,Security,17.48101998,41.41100279,Feature Request,Collaboration,0,0,0,1,28
InsightlySoft,web_form,2025-06-16 19:01:37,2,4,2,Basic,1060.97,34,0,AM_13,"Security,Integration,Analytics",49.55616401,36.67706069,Other,Analytics,0,0,0,0,43.8
InsightlySoft,email,2025-06-14 23:01:37,1,4,7,Basic,1324.57,31,0,AM_19,Analytics,66.02033248,39.23094898,Feature Request,Collaboration,0,0,1,1,86.1
InsightlySoft,web_form,2025-07-10 2:01:37,1,5,5,Pro,1073.3,43,4,AM_17,"Analytics,Collaboration,Security",34.24242412,42.40192229,Feature Request,Integration,1,0,0,0,30.7
GlobalFinance Corp,chat,2025-07-02 14:01:37,0,5,4,Pro,9184.52,31,1,AM_19,Integration,64.48594161,26.20256284,Feature Request,Security,1,0,0,1,86.1
InsightlySoft,web_form,2025-06-18 11:01:37,1,0,4,Pro,204.3,52,2,AM_4,"Analytics,Security,Integration",45.21309874,34.01836473,Bug,Analytics,0,0,0,0,43.7
InsightlySoft,email,2025-06-28 19:01:37,0,4,7,Pro,7142,11,2,AM_0,Collaboration,65.84173087,41.7445946,Other,Billing,0,0,0,1,69.3
GlobalFinance Corp,web_form,2025-07-14 1:01:37,1,2,2,Basic,1171.31,8,0,AM_5,"Analytics,Billing",54.23742079,23.85382283,How-To,Billing,1,0,0,0,56.3
InsightlySoft,chat,2025-06-24 5:01:37,0,3,3,Basic,849.26,51,0,AM_19,Integration,42.54278928,38.79828461,Bug,Integration,0,0,0,0,43.7
InsightlySoft,email,2025-06-30 23:01:37,0,5,2,Enterprise,6443.64,24,0,AM_3,Billing,54.30000591,32.12895467,Other,Billing,0,0,0,1,71.9
InsightlySoft,chat,2025-06-24 12:01:37,1,2,3,Basic,1015.18,23,2,AM_18,"Collaboration,Billing,Security",61.11748635,33.99898942,How-To,Integration,0,0,0,0,62
GlobalFinance Corp,email,2025-06-27 20:01:37,0,3,6,Enterprise,13142.12,32,2,AM_16,"Integration,Analytics,Billing",33.38900185,36.24468992,Feature Request,Analytics,0,0,0,1,44.1
GlobalFinance Corp,web_form,2025-07-09 21:01:37,1,2,4,Basic,2382.8,53,2,AM_5,"Security,Analytics",49.10005629,23.40709534,Bug,Collaboration,0,0,0,0,50.5
GlobalFinance Corp,email,2025-06-21 15:01:37,1,6,7,Enterprise,1940.92,15,2,AM_4,Integration,58.35165455,31.47432519,How-To,Security,3,0,0,1,78.2
GlobalFinance Corp,email,2025-07-09 23:01:37,0,1,4,Pro,11250.62,28,1,AM_5,"Analytics,Integration",44.57012118,46.50749663,Feature Request,Collaboration,0,0,0,1,66.2
GlobalFinance Corp,web_form,2025-06-21 21:01:37,1,2,7,Basic,771.52,20,1,AM_0,"Analytics,Collaboration,Security",34.84193092,20.30417582,Bug,Collaboration,0,0,0,0,43.2
GlobalFinance Corp,chat,2025-06-18 17:01:37,0,3,4,Basic,7189.68,14,2,AM_17,Integration,68.4866717,48.90040726,How-To,Security,0,0,0,1,70.8
GlobalFinance Corp,web_form,2025-06-21 23:01:37,1,4,7,Pro,2685.97,26,1,AM_14,"Security,Analytics",29.9386303,31.40769579,How-To,Analytics,1,0,0,0,32.6
InsightlySoft,email,2025-06-17 22:01:37,0,1,3,Pro,4219.1,58,0,AM_15,"Analytics,Integration",44.8557174,31.33686736,Bug,Integration,0,0,0,0,51.7
InsightlySoft,web_form,2025-06-30 18:01:37,1,2,2,Pro,2617.07,50,4,AM_8,"Collaboration,Integration,Billing",47.27898665,36.77362271,Bug,Billing,0,1,1,1,69.9
GlobalFinance Corp,email,2025-06-30 18:01:37,2,2,2,Basic,2892.1,57,0,AM_4,Security,68.94002008,47.52618741,How-To,Security,1,0,0,0,72.1
InsightlySoft,web_form,2025-07-08 15:01:37,1,2,3,Pro,504.98,52,2,AM_10,"Analytics,Integration,Collaboration",25.74989181,25.24930411,Performance,Collaboration,0,0,0,0,21.9
InsightlySoft,web_form,2025-07-09 16:01:37,0,3,4,Basic,493.43,37,0,AM_4,"Collaboration,Security,Billing",47.84702298,31.74851232,Feature Request,Security,0,0,0,0,55.2
GlobalFinance Corp,chat,2025-07-11 9:01:37,2,3,6,Basic,1518.3,2,1,AM_5,Collaboration,41.62347037,41.88410666,How-To,Analytics,0,0,1,1,61.3
InsightlySoft,email,2025-06-16 5:01:37,0,0,2,Basic,1275.73,34,1,AM_1,Collaboration,41.56157874,42.19118095,Bug,Security,0,0,0,0,42.5
InsightlySoft,chat,2025-06-17 0:01:37,0,5,3,Basic,3735.01,34,0,AM_9,"Integration,Billing,Security",63.64314351,50.45280893,How-To,Billing,0,0,0,0,55.9
InsightlySoft,email,2025-06-17 4:01:37,3,4,3,Enterprise,3848.62,58,0,AM_3,"Security,Collaboration,Integration",38.27616706,27.31683613,Bug,Collaboration,0,1,0,1,47.6
InsightlySoft,web_form,2025-06-29 3:01:37,1,4,1,Basic,2488.91,34,1,AM_13,Integration,35.43039472,26.56493028,Feature Request,Billing,0,0,0,0,30.7
InsightlySoft,email,2025-06-21 0:01:37,1,0,7,Basic,1542.54,9,1,AM_2,"Collaboration,Billing",36.23464322,42.65550644,Bug,Billing,0,0,0,0,36
GlobalFinance Corp,chat,2025-07-12 3:01:37,1,3,7,Pro,3388.54,44,1,AM_12,"Analytics,Billing",49.64318626,30.72438557,Bug,Billing,0,0,1,1,56
GlobalFinance Corp,chat,2025-06-23 18:01:37,1,4,2,Basic,3487.97,53,0,AM_14,Collaboration,47.74893524,39.55818421,Performance,Billing,0,0,0,0,51.8
GlobalFinance Corp,chat,2025-06-16 22:01:37,2,2,2,Enterprise,4968.05,59,1,AM_15,Billing,45.32232896,41.69287773,Bug,Security,0,0,0,1,65
InsightlySoft,email,2025-06-26 1:01:37,1,1,5,Basic,5009.64,54,1,AM_4,Security,42.66983334,22.8927661,Other,Security,0,0,0,0,46.8
GlobalFinance Corp,chat,2025-06-26 22:01:37,1,2,5,Enterprise,216.32,52,2,AM_9,"Analytics,Collaboration",62.20929754,50.69653134,Other,Collaboration,1,1,0,1,90
InsightlySoft,chat,2025-06-26 23:01:37,0,4,5,Basic,1405.46,50,0,AM_2,Analytics,28.30614726,38.84289828,Performance,Integration,0,0,0,0,25.8
InsightlySoft,chat,2025-06-27 5:01:37,1,3,6,Basic,1633.82,3,0,AM_15,"Collaboration,Security,Billing",60.10259118,31.34035959,Feature Request,Integration,1,0,1,1,68
InsightlySoft,web_form,2025-07-01 8:01:37,1,2,3,Pro,5630.48,30,0,AM_7,Collaboration,34.00867641,36.85768156,Feature Request,Billing,0,0,0,0,43.4
InsightlySoft,web_form,2025-06-16 10:01:37,1,2,2,Pro,2090.31,19,0,AM_15,Security,58.73953055,37.62539036,Bug,Analytics,1,1,0,1,55.5
GlobalFinance Corp,email,2025-07-07 20:01:37,0,3,2,Pro,2013.02,31,2,AM_4,"Billing,Collaboration,Analytics",56.10260193,38.03452422,Performance,Billing,0,0,0,0,51.5
GlobalFinance Corp,email,2025-06-19 21:01:37,1,2,5,Basic,2420.78,16,0,AM_10,Security,54.30918489,43.01757803,Performance,Analytics,1,0,0,0,58.2
InsightlySoft,chat,2025-06-17 17:01:37,2,3,3,Basic,408.2,43,3,AM_18,"Security,Analytics,Billing",47.09339853,31.46789854,Performance,Analytics,0,0,1,1,60.8
GlobalFinance Corp,web_form,2025-06-25 13:01:37,2,1,4,Pro,2499.27,59,1,AM_15,"Billing,Security",43.709932,37.33045141,Other,Billing,0,1,0,1,62
InsightlySoft,chat,2025-06-25 15:01:37,2,5,4,Basic,2405.86,58,2,AM_13,"Integration,Analytics",49.89508226,33.56246904,Feature Request,Collaboration,3,0,0,0,63.6
GlobalFinance Corp,chat,2025-07-06 21:01:37,0,1,1,Basic,4212.46,56,1,AM_10,Collaboration,59.25862218,38.80194938,Other,Analytics,0,0,0,0,68.3
GlobalFinance Corp,web_form,2025-06-25 10:01:37,0,3,4,Enterprise,3016.62,24,1,AM_13,"Collaboration,Analytics",44.81756489,37.28939928,Feature Request,Billing,0,0,0,1,81.3
InsightlySoft,web_form,2025-06-28 23:01:37,0,3,7,Pro,9305.28,15,1,AM_15,Security,42.87586202,19.75962857,How-To,Billing,0,0,0,1,48.5
GlobalFinance Corp,web_form,2025-07-14 16:01:37,2,2,2,Enterprise,250.48,22,2,AM_17,Security,47.57106656,30.70995672,Bug,Billing,0,1,1,1,57.5
InsightlySoft,email,2025-06-19 0:01:37,2,2,5,Pro,4430.65,32,1,AM_2,"Billing,Security,Collaboration",45.40297088,21.58268445,How-To,Analytics,1,0,0,0,50.5
GlobalFinance Corp,email,2025-06-29 14:01:37,3,3,1,Basic,4176.97,11,1,AM_2,"Billing,Integration,Security",46.36961827,50.22600425,Bug,Security,0,0,0,0,32.5
InsightlySoft,chat,2025-07-11 18:01:37,1,4,6,Basic,941.44,29,0,AM_0,Security,64.55679555,43.39329592,Bug,Analytics,1,0,0,0,74.8
InsightlySoft,email,2025-06-26 23:01:37,2,3,5,Enterprise,3597.46,42,0,AM_11,"Analytics,Integration",40.27586753,25.93888217,Performance,Security,0,0,0,1,51
GlobalFinance Corp,web_form,2025-06-18 4:01:37,2,0,4,Basic,3230.45,59,2,AM_6,Integration,60.61298324,42.71809125,Other,Security,0,0,0,0,53.1
GlobalFinance Corp,web_form,2025-07-07 16:01:37,1,2,2,Pro,1064.48,24,0,AM_10,"Integration,Analytics",57.23808041,32.38163558,Other,Collaboration,1,0,0,0,49.4
InsightlySoft,email,2025-07-06 5:01:37,1,1,1,Basic,3859.7,19,3,AM_12,"Integration,Security,Analytics",33.58634726,37.40467177,Feature Request,Integration,0,0,0,0,31.9
GlobalFinance Corp,chat,2025-06-30 17:01:37,1,1,2,Pro,8005.87,55,1,AM_13,"Integration,Security",40.86540197,19.78561735,Performance,Billing,0,0,0,1,51.3
GlobalFinance Corp,chat,2025-06-25 2:01:37,0,3,4,Pro,1092.48,5,1,AM_11,Analytics,47.49600648,39.2993677,Other,Billing,0,0,0,0,52.7
InsightlySoft,email,2025-07-06 15:01:37,0,2,1,Pro,11748.49,46,2,AM_5,"Integration,Security",47.40207994,39.3313765,Feature Request,Analytics,0,0,0,1,65.8
InsightlySoft,chat,2025-06-16 20:01:37,3,2,2,Enterprise,761.92,41,0,AM_5,"Integration,Collaboration",42.66905083,21.64291926,Feature Request,Integration,2,0,1,1,67.1
GlobalFinance Corp,chat,2025-06-17 13:01:37,1,3,3,Basic,433.83,57,0,AM_6,Billing,58.13248214,46.29347587,Feature Request,Collaboration,0,0,0,0,62.4
InsightlySoft,chat,2025-07-03 7:01:37,1,2,5,Pro,240.54,53,1,AM_5,"Analytics,Security,Integration",50.02623205,45.25852771,Other,Billing,0,0,0,0,50.1
InsightlySoft,web_form,2025-07-14 11:01:37,2,3,2,Basic,721.19,38,0,AM_8,Analytics,48.72242173,37.53405655,Bug,Analytics,0,0,0,0,56.3
InsightlySoft,web_form,2025-06-21 4:01:37,0,3,7,Basic,1257.98,1,1,AM_16,"Analytics,Integration,Collaboration",60.96086845,32.84941832,Performance,Collaboration,1,0,0,1,80.4
GlobalFinance Corp,email,2025-06-19 2:01:37,1,2,5,Enterprise,3963.31,30,1,AM_16,"Security,Analytics",40.73396686,33.65306545,Performance,Integration,0,1,0,1,46.4
GlobalFinance Corp,web_form,2025-06-20 21:01:37,0,4,6,Basic,224.21,12,1,AM_14,"Collaboration,Security,Integration",42.23046723,49.17159427,Feature Request,Analytics,0,0,0,0,52.4
InsightlySoft,chat,2025-06-19 19:01:37,0,2,5,Pro,2123.35,46,3,AM_0,"Integration,Security",44.10646408,50.59281184,Feature Request,Collaboration,0,0,0,0,32.3
GlobalFinance Corp,web_form,2025-07-07 8:01:37,2,3,2,Enterprise,2194.06,4,0,AM_13,"Billing,Security,Integration",34.03781431,31.58456723,Feature Request,Integration,1,0,0,1,47.5
InsightlySoft,email,2025-07-04 16:01:37,0,2,6,Basic,776.09,15,2,AM_1,Integration,47.77990014,22.064215,Feature Request,Billing,0,0,0,0,46.6
GlobalFinance Corp,web_form,2025-07-06 7:01:37,1,2,1,Basic,139.57,17,0,AM_19,"Security,Billing",54.24883144,34.89149933,Feature Request,Integration,0,0,0,0,57.4
InsightlySoft,chat,2025-06-22 3:01:37,0,2,1,Basic,765.14,52,0,AM_6,Integration,35.33864157,46.24454043,Feature Request,Analytics,0,0,0,0,29
InsightlySoft,chat,2025-06-25 12:01:37,0,3,4,Basic,785.61,12,0,AM_12,Security,37.5104272,30.7572149,Performance,Billing,1,0,1,1,52.9
GlobalFinance Corp,email,2025-07-11 10:01:37,4,3,6,Basic,3494.48,1,0,AM_6,"Analytics,Security,Collaboration",48.41026563,27.69422912,Feature Request,Security,0,0,0,0,46.8
InsightlySoft,web_form,2025-06-22 23:01:37,0,3,1,Basic,798.86,13,0,AM_17,Integration,51.42685427,51.15481893,Bug,Analytics,0,0,0,0,59.7
GlobalFinance Corp,web_form,2025-06-27 9:01:37,0,2,6,Pro,1247.75,30,0,AM_5,"Collaboration,Integration,Analytics",45.51961766,24.33371594,How-To,Security,0,0,1,1,64.8
GlobalFinance Corp,web_form,2025-06-28 18:01:37,0,3,7,Pro,145.77,10,1,AM_18,"Security,Collaboration,Integration",44.0757229,47.25119172,Other,Integration,0,0,0,0,45.2
InsightlySoft,chat,2025-06-28 11:01:37,3,1,7,Enterprise,2934.07,36,1,AM_8,"Integration,Billing",61.49412941,36.29138306,Other,Collaboration,0,0,0,1,64.8
InsightlySoft,email,2025-06-16 2:01:37,2,4,2,Basic,1928.18,6,1,AM_9,Analytics,42.18172304,35.47325627,Performance,Billing,1,0,0,0,36.7
GlobalFinance Corp,web_form,2025-07-09 12:01:37,1,4,4,Basic,1269.22,9,1,AM_3,Analytics,63.13090858,39.51990673,Other,Analytics,0,0,0,0,73.9
InsightlySoft,chat,2025-06-24 4:01:37,0,2,3,Basic,3640.86,50,2,AM_11,Analytics,42.36078134,35.25825368,Feature Request,Billing,1,0,0,0,56
InsightlySoft,chat,2025-07-12 19:01:37,2,1,7,Basic,3438.26,2,0,AM_12,Billing,53.17911557,35.41486057,Bug,Integration,0,0,0,0,54.8
InsightlySoft,chat,2025-06-14 20:01:37,0,3,7,Enterprise,1192.08,6,1,AM_17,"Integration,Security,Billing",42.11736474,29.01406502,Performance,Integration,0,0,0,1,53.9
InsightlySoft,web_form,2025-06-24 22:01:37,3,3,3,Enterprise,3707.5,11,0,AM_12,"Collaboration,Security,Integration",43.7056013,33.10148048,Performance,Collaboration,0,0,0,1,56.3
InsightlySoft,web_form,2025-06-18 23:01:37,0,2,4,Basic,1284.1,26,0,AM_19,Integration,41.65724956,41.46407846,Bug,Collaboration,1,0,0,0,37.2
GlobalFinance Corp,web_form,2025-06-25 10:01:37,0,4,4,Basic,753.08,28,0,AM_17,"Integration,Security,Billing",55.28462105,26.43697149,Feature Request,Analytics,0,0,0,0,63.5
GlobalFinance Corp,web_form,2025-07-09 15:01:37,0,4,4,Basic,3817.07,13,0,AM_4,"Integration,Collaboration,Billing",64.29731677,42.98537212,Performance,Billing,1,0,0,1,92.4
InsightlySoft,web_form,2025-06-25 0:01:37,0,2,4,Basic,3906.14,38,1,AM_15,Analytics,49.0310049,34.53294077,Bug,Analytics,0,0,0,0,48.5
InsightlySoft,web_form,2025-07-09 4:01:37,0,4,4,Enterprise,6024.53,12,0,AM_9,"Billing,Analytics,Integration",37.52667403,26.41158138,Feature Request,Security,1,0,0,1,61.1
InsightlySoft,web_form,2025-06-18 23:01:37,1,3,4,Pro,2085.11,19,2,AM_13,Collaboration,54.27790449,34.99938497,Bug,Integration,0,0,0,0,56.7
GlobalFinance Corp,web_form,2025-06-21 8:01:37,1,1,7,Enterprise,793.38,18,0,AM_14,"Analytics,Security",62.7578167,39.36519495,Feature Request,Security,0,0,0,1,85.7
InsightlySoft,web_form,2025-06-19 11:01:37,1,4,5,Enterprise,5440.12,19,3,AM_10,"Integration,Analytics,Security",56.71576774,29.70313132,Other,Security,1,0,0,1,67.1
GlobalFinance Corp,chat,2025-07-13 19:01:37,1,0,1,Basic,575.9,28,1,AM_7,"Collaboration,Security",34.17004301,47.28692913,Bug,Billing,0,1,0,1,39.8
GlobalFinance Corp,web_form,2025-06-21 4:01:37,3,5,7,Basic,8371.7,12,1,AM_16,"Billing,Integration",41.89913828,43.2708088,Feature Request,Security,0,0,0,1,56.8
GlobalFinance Corp,email,2025-07-04 23:01:37,2,1,6,Basic,1098.68,32,2,AM_2,"Analytics,Security",39.85563134,41.07878471,How-To,Security,0,0,0,0,42.7
InsightlySoft,chat,2025-07-12 7:01:37,2,4,7,Pro,56.82,52,0,AM_0,"Security,Analytics,Billing",48.59073493,34.02685564,Other,Collaboration,0,0,0,0,43.8
GlobalFinance Corp,web_form,2025-07-07 22:01:37,3,2,2,Pro,620.21,13,0,AM_6,Integration,53.74287128,42.75052429,Performance,Analytics,0,0,1,1,69.5
InsightlySoft,email,2025-07-05 18:01:37,2,1,7,Basic,1607.36,52,2,AM_1,Analytics,59.14996765,45.23121711,Bug,Collaboration,0,0,0,0,61.9
GlobalFinance Corp,web_form,2025-07-07 3:01:37,1,5,2,Basic,170.31,23,3,AM_9,"Analytics,Security",52.00984645,31.16480687,Feature Request,Billing,0,0,0,0,55.6
InsightlySoft,email,2025-06-21 1:01:37,0,3,7,Basic,1580.46,36,1,AM_17,"Collaboration,Security",63.14725263,35.93176494,Performance,Analytics,0,0,0,1,63.5
GlobalFinance Corp,email,2025-06-17 9:01:37,0,2,3,Basic,680.26,58,0,AM_6,"Integration,Security",66.4920834,34.71028328,Performance,Analytics,0,1,0,1,74.2
InsightlySoft,email,2025-07-11 0:01:37,0,2,6,Enterprise,57.41,30,0,AM_4,"Collaboration,Integration",62.35310487,34.36701861,Performance,Integration,0,0,0,1,72.1
GlobalFinance Corp,email,2025-07-01 19:01:37,0,7,3,Pro,1065.77,22,1,AM_3,"Integration,Analytics,Billing",41.25825517,47.22365566,Performance,Integration,0,0,0,0,42.1
InsightlySoft,chat,2025-06-21 13:01:37,1,4,7,Pro,769.73,38,1,AM_13,"Security,Collaboration,Billing",54.97606008,45.54925919,Feature Request,Security,0,0,0,0,68.7
InsightlySoft,chat,2025-07-04 1:01:37,2,2,6,Basic,1632.94,45,0,AM_2,"Security,Integration",53.49985898,44.22221213,Feature Request,Analytics,1,0,0,0,76.6
InsightlySoft,email,2025-06-22 13:01:37,0,0,1,Enterprise,4269.07,42,1,AM_12,"Security,Collaboration,Analytics",66.94295532,40.79997386,How-To,Analytics,0,0,0,1,79.9
InsightlySoft,web_form,2025-06-22 13:01:37,3,2,1,Pro,2138.68,3,1,AM_2,"Collaboration,Analytics",79.37525566,36.3964322,How-To,Integration,0,0,0,0,78.5
GlobalFinance Corp,email,2025-07-12 14:01:37,5,1,7,Pro,4383.9,9,0,AM_7,Security,44.24765468,34.68502328,Feature Request,Security,1,1,0,1,52.6
GlobalFinance Corp,chat,2025-06-30 16:01:37,2,2,2,Basic,1231.49,15,2,AM_17,"Integration,Billing",50.37974492,39.5738754,Feature Request,Integration,0,1,0,1,59.5
InsightlySoft,web_form,2025-07-07 15:01:37,0,3,2,Enterprise,39.82,30,0,AM_18,"Collaboration,Integration,Security",49.48193983,23.50123272,How-To,Analytics,0,1,0,1,78.4
GlobalFinance Corp,chat,2025-07-11 23:01:37,1,3,6,Enterprise,7659.81,26,0,AM_3,Collaboration,60.47355599,43.15543517,Feature Request,Billing,0,0,0,1,83.4
InsightlySoft,chat,2025-06-18 17:01:37,0,3,4,Enterprise,1133.76,30,1,AM_9,"Billing,Collaboration,Analytics",47.28985573,43.73518363,Bug,Integration,0,0,0,1,61.7
InsightlySoft,web_form,2025-07-02 6:01:37,0,4,4,Pro,2245.2,5,1,AM_2,"Integration,Analytics,Billing",55.4736852,28.6387947,Bug,Collaboration,0,0,0,0,64.2
GlobalFinance Corp,email,2025-06-16 18:01:37,1,1,2,Basic,1900.19,58,2,AM_11,"Analytics,Collaboration,Integration",48.95971893,25.20946727,Bug,Integration,0,0,0,0,48.3
InsightlySoft,email,2025-07-05 2:01:37,0,4,7,Basic,2624.62,31,1,AM_5,Security,33.49070648,40.38725712,Bug,Analytics,0,0,0,0,30.1
InsightlySoft,email,2025-07-11 22:01:37,0,4,6,Basic,6487.53,57,1,AM_18,"Analytics,Billing",48.41380109,23.7515804,Performance,Security,0,0,0,0,38.8
GlobalFinance Corp,email,2025-06-23 16:01:37,1,2,2,Basic,6057.74,58,2,AM_3,Integration,50.75859554,38.40726154,Bug,Analytics,0,0,0,0,60.8
InsightlySoft,web_form,2025-07-13 14:01:37,0,4,1,Basic,11894.73,22,1,AM_2,Security,51.40024578,29.85584666,How-To,Security,0,0,0,1,64.5
InsightlySoft,web_form,2025-06-18 14:01:37,1,6,4,Basic,2254.68,54,0,AM_17,"Security,Collaboration,Integration",59.13310778,24.67649406,Performance,Analytics,1,0,0,0,49.5
InsightlySoft,web_form,2025-07-12 15:01:37,0,6,7,Enterprise,7671.05,41,0,AM_7,Analytics,44.67908996,41.82046373,How-To,Collaboration,1,0,0,1,50.3
InsightlySoft,chat,2025-06-15 21:01:37,0,2,1,Pro,1975.95,58,0,AM_1,Collaboration,38.32023626,47.27538701,Other,Collaboration,1,0,0,0,24.6
GlobalFinance Corp,web_form,2025-07-03 22:01:37,0,2,5,Pro,136.26,15,4,AM_6,"Collaboration,Security,Integration",63.12762303,32.87826237,Other,Security,1,0,0,0,69
GlobalFinance Corp,email,2025-06-20 3:01:37,2,0,6,Basic,474.16,45,0,AM_10,"Analytics,Integration",44.33694542,42.68949987,Feature Request,Collaboration,0,1,0,1,43.5
GlobalFinance Corp,chat,2025-06-18 22:01:37,0,3,4,Basic,1219.33,53,0,AM_5,Security,50.86093153,29.90386838,Performance,Billing,0,0,0,0,42.9
InsightlySoft,email,2025-06-20 8:01:37,1,1,6,Basic,3877.95,35,1,AM_18,"Analytics,Integration,Collaboration",49.61513498,43.15840804,Bug,Billing,0,0,1,1,70.5
InsightlySoft,email,2025-06-16 3:01:37,0,5,2,Pro,254.62,19,3,AM_2,"Billing,Integration",33.73023414,32.12920695,Other,Collaboration,0,0,1,1,49.6
GlobalFinance Corp,web_form,2025-07-07 2:01:37,1,5,2,Basic,1346.15,34,3,AM_12,"Analytics,Billing",63.62219901,47.46293535,Performance,Integration,0,0,0,1,68.1
InsightlySoft,web_form,2025-07-13 19:01:37,0,3,1,Basic,12112.94,18,0,AM_19,"Integration,Collaboration",51.96638616,18.0315795,Bug,Collaboration,0,0,0,1,74.4
InsightlySoft,email,2025-07-09 9:01:37,2,2,4,Basic,4620.86,14,0,AM_1,"Integration,Billing",55.19822077,31.84134349,Other,Security,0,1,0,1,60.5
InsightlySoft,email,2025-07-02 15:01:37,3,3,4,Pro,2545.87,22,0,AM_4,Collaboration,61.68940709,33.11387133,Feature Request,Collaboration,0,0,1,1,69
InsightlySoft,chat,2025-06-23 21:01:37,1,4,2,Basic,191.28,24,1,AM_14,Analytics,47.71385631,23.44208852,How-To,Collaboration,0,1,1,1,61
GlobalFinance Corp,web_form,2025-07-07 0:01:37,1,2,2,Basic,44.18,13,0,AM_9,"Collaboration,Integration,Billing",55.06307483,41.69319266,Feature Request,Security,1,0,1,1,51.6
GlobalFinance Corp,chat,2025-06-24 19:01:37,0,3,3,Pro,333.63,59,0,AM_5,Analytics,50.85643285,35.65655437,Other,Billing,1,0,0,0,45.4
GlobalFinance Corp,chat,2025-06-20 23:01:37,1,2,6,Pro,1188.61,56,0,AM_13,Integration,57.08268569,42.22781455,How-To,Integration,0,0,0,0,41.9
InsightlySoft,chat,2025-06-24 6:01:37,1,2,3,Basic,2797.21,8,0,AM_0,Billing,45.49024869,30.08970282,Other,Analytics,0,0,0,0,49
GlobalFinance Corp,email,2025-06-23 9:01:37,1,1,2,Pro,660,42,1,AM_8,"Collaboration,Billing",64.94681092,27.21317449,Other,Integration,0,0,0,0,61.9
GlobalFinance Corp,chat,2025-06-17 23:01:37,0,1,3,Basic,157.52,55,0,AM_9,Collaboration,37.84254283,31.58115818,Bug,Analytics,0,0,0,0,40.8
InsightlySoft,chat,2025-07-11 23:01:37,2,5,6,Enterprise,285.73,2,0,AM_10,"Analytics,Security,Billing",62.99316953,26.36549139,Performance,Collaboration,0,0,0,1,68.1
InsightlySoft,email,2025-06-25 7:01:37,0,2,4,Pro,1669.54,42,2,AM_18,Security,63.82078819,33.35595117,How-To,Billing,0,0,0,0,74.2
GlobalFinance Corp,web_form,2025-07-02 21:01:37,1,5,4,Pro,4450.09,27,1,AM_8,"Integration,Billing",52.33909458,46.73277412,Feature Request,Collaboration,1,1,0,1,58.4
GlobalFinance Corp,web_form,2025-06-19 17:01:37,2,2,5,Basic,5162.58,34,1,AM_11,"Analytics,Integration,Security",48.50275709,38.18619215,How-To,Analytics,0,0,0,0,48
GlobalFinance Corp,chat,2025-06-27 9:01:37,0,1,6,Pro,1031.92,29,1,AM_19,"Analytics,Integration",62.90950414,41.31879957,Performance,Billing,0,0,0,1,93.9
GlobalFinance Corp,email,2025-07-10 14:01:37,0,5,5,Enterprise,3266.92,26,1,AM_5,Integration,58.60312206,32.44586073,Performance,Analytics,1,0,0,1,75.4
InsightlySoft,web_form,2025-07-06 21:01:37,0,4,1,Pro,1496.25,23,1,AM_15,"Integration,Collaboration,Billing",40.87062575,28.50371549,Performance,Collaboration,1,0,0,0,38
GlobalFinance Corp,chat,2025-06-28 14:01:37,3,3,7,Pro,10782.09,36,1,AM_12,"Collaboration,Analytics",54.71171242,37.51503001,Bug,Analytics,0,0,0,1,65.4
GlobalFinance Corp,chat,2025-07-04 17:01:37,0,1,6,Basic,1557.38,54,2,AM_5,"Billing,Security",46.69901954,36.41621547,Other,Billing,0,1,1,1,55.2
InsightlySoft,email,2025-06-27 9:01:37,1,6,6,Basic,1512.06,9,1,AM_12,"Billing,Analytics",53.46645029,44.71065648,Feature Request,Integration,0,0,1,1,61.4
GlobalFinance Corp,chat,2025-07-07 10:01:37,1,2,2,Pro,2088.86,21,1,AM_14,Integration,55.18564857,46.11052763,Feature Request,Collaboration,0,0,0,0,51.1
InsightlySoft,web_form,2025-06-28 15:01:37,2,3,7,Basic,77.5,42,3,AM_17,Security,41.14702977,43.62983284,Feature Request,Analytics,0,0,0,0,36.8
InsightlySoft,email,2025-06-25 3:01:37,0,0,4,Basic,1623.48,36,0,AM_15,"Billing,Analytics,Collaboration",35.07904274,52.72258898,How-To,Analytics,0,0,1,1,34.9
InsightlySoft,web_form,2025-07-05 1:01:37,1,3,7,Basic,5293.16,3,0,AM_8,"Integration,Analytics",43.35218379,36.49673083,Bug,Integration,1,0,0,0,46.3
GlobalFinance Corp,web_form,2025-06-17 3:01:37,2,4,3,Basic,2840.88,7,1,AM_17,"Collaboration,Billing",61.64878748,41.09883571,Bug,Billing,0,0,0,0,65.7
GlobalFinance Corp,web_form,2025-06-25 22:01:37,1,4,4,Pro,10462.33,23,1,AM_9,"Billing,Security,Analytics",50.4329916,45.76907712,Feature Request,Security,0,0,0,1,56.8
InsightlySoft,chat,2025-07-03 5:01:37,0,4,5,Pro,1181.9,32,0,AM_11,"Billing,Analytics",61.90126761,42.67920774,Feature Request,Security,0,0,1,1,92.8
GlobalFinance Corp,chat,2025-07-05 5:01:37,0,0,7,Pro,528.51,23,0,AM_4,Integration,66.80394335,44.00793411,Performance,Security,1,1,0,1,73.1
GlobalFinance Corp,web_form,2025-07-07 15:01:37,2,4,2,Pro,4165.81,16,2,AM_1,Security,50.50046289,36.57232205,How-To,Collaboration,0,0,0,0,59.5
InsightlySoft,web_form,2025-07-05 21:01:37,0,5,7,Pro,133.92,5,0,AM_8,"Analytics,Integration,Billing",54.06099662,35.47817715,Performance,Security,1,0,0,0,51.1
InsightlySoft,email,2025-07-03 0:01:37,3,3,5,Pro,521.47,13,1,AM_17,"Billing,Integration",57.59753077,33.62235569,Other,Security,0,1,0,1,76.8
GlobalFinance Corp,email,2025-07-13 1:01:37,2,2,1,Basic,2121.43,10,0,AM_0,Billing,28.81459405,34.43565058,Performance,Integration,0,0,0,0,25.7
InsightlySoft,chat,2025-07-09 16:01:37,1,3,4,Enterprise,4201.65,56,2,AM_13,Billing,42.72234124,36.37929085,Other,Security,0,0,0,1,63.1
GlobalFinance Corp,chat,2025-07-05 7:01:37,1,5,7,Pro,2756.16,59,0,AM_2,"Security,Integration",48.72748157,30.65308548,Other,Analytics,2,0,0,0,43.4
GlobalFinance Corp,email,2025-07-02 12:01:37,0,0,4,Pro,15831.18,2,0,AM_10,"Billing,Integration,Security",60.10145236,27.06986695,Performance,Integration,0,1,0,1,85.9
GlobalFinance Corp,web_form,2025-06-19 18:01:37,3,4,5,Basic,3192.11,16,1,AM_17,Billing,34.60417527,26.79325969,Feature Request,Analytics,0,0,0,0,31.2
GlobalFinance Corp,chat,2025-07-03 15:01:37,1,1,5,Basic,3872.6,52,0,AM_1,Integration,56.69596082,46.25880609,Performance,Collaboration,0,0,0,0,44.2
InsightlySoft,web_form,2025-06-22 5:01:37,0,6,1,Enterprise,15306.28,1,3,AM_16,"Billing,Integration",43.90968454,32.60262585,Other,Integration,0,0,0,1,56.7
InsightlySoft,email,2025-06-25 23:01:37,1,3,4,Enterprise,2692.87,6,2,AM_2,"Security,Integration,Billing",54.60655668,40.81879288,Bug,Analytics,1,0,0,1,63.9
InsightlySoft,chat,2025-06-26 1:01:37,1,4,5,Enterprise,3761.78,54,0,AM_6,Collaboration,45.37758356,34.81954136,Other,Analytics,2,0,0,1,58.7
InsightlySoft,chat,2025-07-12 5:01:37,2,1,7,Enterprise,1062.87,19,0,AM_2,"Collaboration,Integration",46.52526863,46.61388056,How-To,Billing,0,0,0,1,60.1
GlobalFinance Corp,email,2025-06-23 20:01:37,4,4,2,Basic,2308.5,33,1,AM_14,Integration,44.26902741,25.96680385,Bug,Billing,0,0,0,0,55.6
GlobalFinance Corp,chat,2025-07-08 15:01:37,0,6,3,Basic,7289.63,28,0,AM_3,Integration,45.43263364,34.58905373,Performance,Billing,0,1,0,1,61.8
InsightlySoft,email,2025-06-16 4:01:37,0,2,2,Enterprise,5758.55,5,0,AM_14,Collaboration,61.3300976,31.87135844,Other,Billing,0,0,1,1,69.8
GlobalFinance Corp,chat,2025-06-30 20:01:37,0,6,2,Basic,1097.09,12,2,AM_2,Analytics,38.79807696,35.94272099,Bug,Security,1,0,0,0,39.7
GlobalFinance Corp,email,2025-07-08 20:01:37,0,4,3,Basic,1325.85,30,0,AM_10,"Integration,Collaboration,Billing",35.22553528,43.29521462,Feature Request,Collaboration,0,0,0,0,20
GlobalFinance Corp,chat,2025-07-12 22:01:37,1,4,7,Enterprise,5619.69,17,1,AM_2,"Integration,Billing,Security",37.25845143,35.19121521,Performance,Security,0,0,0,1,49.3
InsightlySoft,web_form,2025-07-08 18:01:37,0,3,3,Pro,1005.05,19,2,AM_19,"Integration,Security",43.85328196,31.18421057,Other,Collaboration,1,0,0,0,49.4
InsightlySoft,web_form,2025-06-30 21:01:37,0,3,2,Basic,6557.55,40,0,AM_17,Analytics,47.89664146,35.9786007,How-To,Integration,0,0,1,1,59.9
InsightlySoft,web_form,2025-06-24 1:01:37,2,2,3,Pro,4458.6,42,0,AM_13,"Collaboration,Integration,Analytics",50.82781591,33.47172038,Feature Request,Collaboration,0,0,1,1,50.5
GlobalFinance Corp,chat,2025-06-28 6:01:37,1,3,7,Enterprise,495.89,25,3,AM_8,"Security,Collaboration,Billing",47.94848654,39.71651385,How-To,Security,0,1,0,1,73.4
InsightlySoft,chat,2025-07-12 11:01:37,2,3,7,Pro,3816.38,35,2,AM_14,"Integration,Billing",42.79395801,15.58495363,Bug,Integration,1,0,0,0,48.6
InsightlySoft,web_form,2025-07-01 23:01:37,2,3,3,Pro,5393.22,9,1,AM_7,"Collaboration,Security",68.72662007,33.2177108,How-To,Integration,0,0,0,0,79.3
InsightlySoft,web_form,2025-06-27 3:01:37,1,2,6,Enterprise,467.66,32,0,AM_7,"Integration,Billing",55.14478819,36.45371765,Other,Integration,1,0,0,1,78
InsightlySoft,email,2025-06-27 9:01:37,0,2,6,Pro,1833.87,39,2,AM_7,"Integration,Security,Billing",41.4409942,42.28363323,Other,Billing,0,0,0,0,39.2
InsightlySoft,email,2025-06-16 17:01:37,0,5,2,Basic,5955.19,56,2,AM_13,Billing,48.99752607,43.19500714,How-To,Security,0,1,0,1,69.1
InsightlySoft,email,2025-07-01 5:01:37,0,1,3,Basic,664.37,38,2,AM_5,"Billing,Analytics",59.8821878,30.6143634,Bug,Billing,0,0,0,0,69.9
GlobalFinance Corp,web_form,2025-06-15 4:01:37,0,2,1,Basic,1788.55,15,1,AM_12,"Billing,Analytics,Collaboration",43.61174869,32.6240376,Other,Analytics,0,0,0,0,48
GlobalFinance Corp,web_form,2025-06-16 19:01:37,1,6,2,Basic,2846.21,45,2,AM_6,"Analytics,Collaboration",46.88239432,22.52425718,Other,Integration,0,0,0,0,45.2
InsightlySoft,web_form,2025-07-11 10:01:37,1,4,6,Basic,306.94,46,2,AM_14,Billing,44.78146296,36.90434617,How-To,Integration,0,0,0,0,39.4
InsightlySoft,email,2025-07-13 11:01:37,6,1,1,Basic,714.98,37,3,AM_9,"Security,Analytics",60.5240819,55.90637324,How-To,Integration,1,0,0,0,54.5
GlobalFinance Corp,chat,2025-07-10 2:01:37,0,3,5,Basic,1886.18,26,2,AM_11,"Integration,Billing,Security",53.31092959,37.52676344,Bug,Security,1,0,0,0,60.2
GlobalFinance Corp,web_form,2025-06-21 12:01:37,1,3,7,Basic,1403.69,56,1,AM_4,"Security,Integration,Analytics",42.54058885,30.47028067,Feature Request,Integration,1,0,0,0,36.5
InsightlySoft,chat,2025-06-14 21:01:37,0,2,7,Basic,1178.13,31,0,AM_2,"Billing,Security",70.51833003,37.36962999,Performance,Security,2,0,0,1,93
InsightlySoft,chat,2025-06-21 6:01:37,0,1,7,Basic,80.16,30,0,AM_4,"Security,Analytics",39.16801596,19.61912468,Performance,Analytics,0,0,0,0,34.4
InsightlySoft,chat,2025-06-17 16:01:37,2,4,3,Basic,7890.56,2,1,AM_11,Analytics,48.91228627,42.02260863,Performance,Analytics,0,0,0,1,48.5
InsightlySoft,email,2025-06-25 2:01:37,5,5,4,Basic,6153.68,7,1,AM_2,"Billing,Security",61.14682317,46.50715612,How-To,Analytics,0,0,0,0,73.4
GlobalFinance Corp,chat,2025-07-11 16:01:37,0,2,6,Basic,1495.8,30,3,AM_0,"Billing,Collaboration",47.92939183,34.30446055,Other,Billing,0,0,0,0,47
InsightlySoft,web_form,2025-06-21 17:01:37,3,1,7,Pro,600.39,33,1,AM_16,Analytics,45.84857939,29.34906117,Other,Integration,0,0,0,0,47.1
InsightlySoft,email,2025-06-24 19:01:37,0,4,3,Basic,214.64,48,0,AM_9,Integration,53.48007842,32.52036692,Feature Request,Analytics,1,0,0,0,58.2
InsightlySoft,web_form,2025-06-20 5:01:37,1,3,6,Pro,394.39,39,0,AM_5,Integration,50.76410167,33.00284786,Other,Collaboration,0,0,0,0,56.3
InsightlySoft,web_form,2025-06-28 15:01:37,0,5,7,Pro,2764.08,47,0,AM_19,Analytics,40.85006834,40.09150106,How-To,Security,1,1,0,1,46.7
GlobalFinance Corp,email,2025-06-15 15:01:37,0,2,1,Basic,3971.84,38,1,AM_12,"Integration,Billing,Analytics",56.20220203,38.13053728,Bug,Collaboration,0,0,0,0,60.5
GlobalFinance Corp,web_form,2025-06-21 6:01:37,0,1,7,Basic,510.31,20,1,AM_14,"Analytics,Security",40.89254804,35.25630377,Bug,Analytics,0,0,0,0,34.1
GlobalFinance Corp,web_form,2025-06-26 17:01:37,1,2,5,Basic,359.02,19,0,AM_1,"Collaboration,Billing,Analytics",35.2783685,36.00962818,Performance,Billing,0,0,0,0,38.5
InsightlySoft,email,2025-06-27 14:01:37,0,1,6,Enterprise,3524.01,9,0,AM_1,"Analytics,Collaboration",51.22393057,30.79778829,Performance,Billing,1,0,0,1,76.6
InsightlySoft,web_form,2025-06-25 7:01:37,1,7,4,Enterprise,2183.35,22,3,AM_16,"Integration,Billing,Collaboration",40.59558104,40.89492373,Bug,Collaboration,0,0,0,1,52.7
GlobalFinance Corp,chat,2025-06-19 19:01:37,0,2,5,Basic,1394.87,32,0,AM_18,"Billing,Integration,Analytics",49.68611357,36.11138923,Performance,Analytics,0,0,1,1,70.1
InsightlySoft,web_form,2025-06-18 21:01:37,0,6,4,Basic,3872.72,30,1,AM_0,"Analytics,Security",53.23567023,23.49637266,Performance,Integration,1,0,0,0,72.4
InsightlySoft,chat,2025-07-04 10:01:37,0,3,6,Basic,1824.64,6,1,AM_4,"Analytics,Collaboration,Integration",51.28263715,41.85629511,Feature Request,Security,2,0,0,0,49.8
GlobalFinance Corp,web_form,2025-06-20 13:01:37,0,1,6,Basic,1877.15,17,1,AM_19,Collaboration,80.71019656,33.6293129,Bug,Security,1,0,1,1,111.8
GlobalFinance Corp,email,2025-07-09 18:01:37,0,4,4,Pro,47.6,37,1,AM_15,"Billing,Security,Integration",64.129833,32.7267272,Feature Request,Billing,0,1,1,1,63.1
GlobalFinance Corp,email,2025-07-11 23:01:37,1,7,6,Enterprise,1139.43,15,1,AM_4,"Analytics,Security,Integration",55.09279488,50.54378063,Performance,Collaboration,0,0,1,1,68.4
GlobalFinance Corp,web_form,2025-06-20 21:01:37,0,0,6,Enterprise,15.14,7,0,AM_9,"Analytics,Integration",54.51767285,39.34082554,Other,Analytics,0,0,0,1,54.3
InsightlySoft,email,2025-07-01 3:01:37,1,5,3,Pro,7725.04,14,1,AM_9,"Billing,Integration,Collaboration",57.69492699,41.34958616,Performance,Analytics,0,0,1,1,80.9
InsightlySoft,web_form,2025-06-15 11:01:37,2,3,1,Basic,1044.16,20,2,AM_0,"Billing,Security,Integration",49.61444495,31.27952179,Performance,Integration,0,0,1,1,58.6
GlobalFinance Corp,email,2025-06-25 4:01:37,1,5,4,Basic,597.26,30,3,AM_8,"Billing,Collaboration,Analytics",48.73276046,31.29002866,Feature Request,Integration,0,0,1,1,57.6
InsightlySoft,chat,2025-06-24 5:01:37,0,3,3,Pro,285.89,18,1,AM_17,"Integration,Security,Billing",49.13189955,47.4134177,How-To,Analytics,0,1,0,1,60
GlobalFinance Corp,web_form,2025-06-15 13:01:37,1,2,1,Pro,143.28,57,3,AM_6,"Integration,Security,Billing",44.93919312,55.77633625,How-To,Analytics,0,0,0,0,57.2
GlobalFinance Corp,chat,2025-06-17 3:01:37,2,3,3,Basic,6514.91,22,0,AM_18,"Collaboration,Integration",69.93346108,43.55859877,Other,Security,3,0,0,0,77.5
InsightlySoft,chat,2025-07-02 20:01:37,1,2,4,Basic,553.62,25,1,AM_15,Integration,39.60345278,15.70083321,Performance,Collaboration,0,0,0,0,47.8
GlobalFinance Corp,web_form,2025-06-19 10:01:37,3,5,5,Pro,2882.96,24,1,AM_5,Security,59.35280665,30.01913695,How-To,Security,0,0,1,1,55.9
InsightlySoft,chat,2025-07-01 18:01:37,1,3,3,Pro,3159.93,31,5,AM_9,"Integration,Security",57.85235037,35.50453869,Other,Integration,2,0,0,0,64.3
InsightlySoft,web_form,2025-07-01 21:01:37,0,4,3,Basic,1146.17,49,0,AM_4,"Integration,Security,Collaboration",56.68445888,34.76595302,Performance,Billing,1,0,0,0,58.6
InsightlySoft,chat,2025-07-10 17:01:37,1,2,5,Pro,5373.71,18,2,AM_12,"Integration,Billing,Analytics",50.3537066,34.74560674,Bug,Analytics,2,0,0,0,47.5
InsightlySoft,web_form,2025-07-10 1:01:37,1,1,5,Basic,722.51,34,2,AM_11,"Billing,Integration",40.86404565,24.60615937,Other,Analytics,0,1,0,1,48.7
GlobalFinance Corp,web_form,2025-06-18 5:01:37,1,5,4,Basic,222.42,18,1,AM_16,Analytics,54.35213517,51.38083149,How-To,Collaboration,0,0,0,0,48.3
InsightlySoft,email,2025-06-25 18:01:37,0,4,4,Enterprise,213.01,14,1,AM_1,"Integration,Security,Billing",54.34969533,40.49076334,Performance,Integration,0,1,0,1,52.2
GlobalFinance Corp,web_form,2025-06-25 11:01:37,0,5,4,Pro,1071.85,4,1,AM_4,"Billing,Collaboration",73.47234761,29.89294477,Other,Analytics,0,0,0,0,64.7
GlobalFinance Corp,web_form,2025-07-09 6:01:37,1,5,4,Basic,1866.65,7,1,AM_9,"Billing,Analytics,Integration",56.42208331,31.35930887,Feature Request,Security,1,0,0,0,58.8
GlobalFinance Corp,chat,2025-07-09 17:01:37,1,3,4,Pro,2977.6,7,2,AM_0,Security,52.82408358,40.8504155,Other,Collaboration,0,0,0,0,58.2
GlobalFinance Corp,web_form,2025-07-06 13:01:37,0,5,1,Basic,3913.68,1,2,AM_11,"Billing,Analytics,Security",50.11809798,33.9698824,How-To,Analytics,0,0,0,0,38.3
InsightlySoft,email,2025-06-24 16:01:37,0,2,3,Basic,590.57,40,3,AM_13,Analytics,46.00594748,37.03632703,Performance,Billing,1,0,0,0,39.1
InsightlySoft,chat,2025-06-18 8:01:37,1,1,4,Basic,3455.31,52,0,AM_7,"Integration,Collaboration,Security",52.57542003,39.40502079,Bug,Integration,0,0,0,0,54.7
GlobalFinance Corp,chat,2025-07-13 3:01:37,1,3,1,Enterprise,604.66,24,2,AM_16,"Integration,Security",56.14204339,31.90517931,Bug,Collaboration,0,0,0,1,59.2
GlobalFinance Corp,email,2025-06-21 4:01:37,2,6,7,Basic,17626.96,32,3,AM_10,Integration,42.36766996,49.83715878,Other,Security,0,0,0,1,59.7
InsightlySoft,chat,2025-06-23 10:01:37,1,4,2,Pro,9587.53,10,1,AM_19,"Billing,Collaboration,Integration",45.2298605,17.20072721,Feature Request,Integration,1,1,0,1,50.9
GlobalFinance Corp,chat,2025-06-25 0:01:37,0,1,4,Basic,324.12,9,0,AM_1,Security,41.12684776,29.79372063,Bug,Analytics,0,0,0,0,39.1
InsightlySoft,chat,2025-07-08 1:01:37,0,6,3,Basic,3193.68,39,4,AM_4,"Billing,Analytics",54.77488576,42.51951282,Feature Request,Billing,0,0,0,0,59.3
GlobalFinance Corp,chat,2025-07-02 17:01:37,0,3,4,Enterprise,7007.4,3,1,AM_17,"Integration,Security,Collaboration",61.14797688,30.51713956,Other,Security,1,1,0,1,89.9
InsightlySoft,email,2025-07-06 10:01:37,1,2,1,Basic,252.44,44,3,AM_8,"Collaboration,Analytics",22.83534174,34.71035889,Performance,Integration,0,0,0,0,22.5
GlobalFinance Corp,email,2025-06-22 18:01:37,0,0,1,Basic,397.1,35,1,AM_8,Analytics,46.65535494,45.96356247,Performance,Analytics,2,0,0,0,55.9
GlobalFinance Corp,chat,2025-06-16 5:01:37,0,4,2,Basic,1278.52,5,0,AM_9,"Analytics,Security,Integration",67.84998654,39.81526697,Bug,Collaboration,0,0,0,0,72.4
InsightlySoft,chat,2025-06-23 19:01:37,0,1,2,Basic,301.88,7,0,AM_3,"Security,Collaboration",57.35433809,36.96739144,Bug,Analytics,0,0,0,0,63.7
GlobalFinance Corp,email,2025-07-04 10:01:37,0,4,6,Pro,6503.96,12,1,AM_16,Billing,53.7946126,45.36327854,Bug,Collaboration,0,1,0,1,62.3
GlobalFinance Corp,email,2025-06-28 19:01:37,1,2,7,Pro,6251.43,23,1,AM_11,"Collaboration,Billing,Integration",37.96615312,31.42624569,Bug,Collaboration,0,0,0,0,46.8
InsightlySoft,email,2025-07-05 16:01:37,1,6,7,Pro,8910.94,25,0,AM_2,"Billing,Analytics",58.66258954,39.4725841,Other,Analytics,1,0,0,1,62.1
GlobalFinance Corp,chat,2025-07-11 3:01:37,2,2,6,Pro,688.21,17,3,AM_3,Billing,49.21857274,40.10953596,Feature Request,Billing,0,0,0,0,48.2
InsightlySoft,chat,2025-07-11 8:01:37,2,2,6,Basic,139.24,14,0,AM_6,"Integration,Analytics,Billing",57.50074519,26.68577906,How-To,Collaboration,0,0,1,1,71
InsightlySoft,web_form,2025-07-12 4:01:37,2,6,7,Basic,1764.35,35,0,AM_10,"Collaboration,Integration",72.36456357,29.18050962,Other,Collaboration,0,0,1,1,68.3
GlobalFinance Corp,email,2025-06-23 22:01:37,2,5,2,Enterprise,6374.65,1,1,AM_3,"Security,Analytics,Integration",36.75867938,22.30921561,Bug,Analytics,0,0,1,1,49.5
GlobalFinance Corp,chat,2025-07-13 0:01:37,3,1,1,Pro,3052.04,22,0,AM_19,"Billing,Security,Integration",64.34460634,38.16729206,Bug,Collaboration,2,0,0,0,66.1
GlobalFinance Corp,email,2025-07-14 6:01:37,1,4,2,Basic,19161.79,28,1,AM_5,"Collaboration,Analytics",46.92492444,45.93977231,Bug,Security,0,0,0,1,69.4
GlobalFinance Corp,chat,2025-06-17 23:01:37,1,1,3,Basic,7083.4,58,1,AM_0,"Security,Analytics,Collaboration",62.28511608,29.61776662,How-To,Integration,0,0,0,1,73.6
GlobalFinance Corp,email,2025-07-09 23:01:37,0,4,4,Pro,1496.45,23,0,AM_0,"Analytics,Billing",43.90448304,17.16566986,Feature Request,Analytics,2,0,0,0,39.1
GlobalFinance Corp,chat,2025-07-05 16:01:37,1,3,7,Basic,121.01,18,1,AM_5,"Security,Billing,Collaboration",39.99847886,35.60318147,Bug,Security,0,0,0,0,48.3
GlobalFinance Corp,web_form,2025-06-17 17:01:37,2,3,3,Enterprise,15.55,46,0,AM_0,Collaboration,57.32927673,45.59597921,Performance,Collaboration,1,0,0,1,69.6
InsightlySoft,web_form,2025-07-10 8:01:37,0,3,5,Basic,3100.21,57,3,AM_14,"Security,Integration",33.16997649,33.17844208,Bug,Collaboration,0,0,0,0,32.9
GlobalFinance Corp,email,2025-06-15 23:01:37,1,1,1,Enterprise,7422.47,45,2,AM_0,"Collaboration,Integration",42.10820824,40.18769222,How-To,Collaboration,0,0,1,1,50.1
InsightlySoft,chat,2025-06-22 18:01:37,2,3,1,Pro,1762.2,44,0,AM_5,Security,42.1275835,18.28378451,How-To,Integration,0,0,1,1,55.6
GlobalFinance Corp,chat,2025-06-25 2:01:37,0,2,4,Enterprise,6221.38,37,2,AM_8,"Security,Analytics",42.98863734,40.56633857,How-To,Billing,0,0,0,1,56.7
GlobalFinance Corp,email,2025-06-28 15:01:37,1,3,7,Basic,2509.26,3,0,AM_5,"Integration,Security,Billing",55.96643291,48.23632062,How-To,Analytics,0,1,0,1,69.8
InsightlySoft,chat,2025-07-05 8:01:37,0,3,7,Basic,309.49,14,0,AM_16,"Integration,Security",55.00440572,50.79462546,Other,Security,0,0,0,0,72.4
GlobalFinance Corp,email,2025-06-24 17:01:37,0,1,3,Pro,4803.15,39,1,AM_17,"Billing,Collaboration,Integration",48.62296946,43.95532452,Bug,Billing,0,0,0,0,41.5
GlobalFinance Corp,chat,2025-06-27 18:01:37,2,3,6,Basic,2035.33,7,2,AM_19,"Analytics,Security,Billing",41.96336578,56.42586199,Performance,Analytics,1,0,1,1,59.3
InsightlySoft,email,2025-06-25 17:01:37,2,4,4,Enterprise,157.24,17,0,AM_0,"Integration,Analytics",47.9862801,42.95738807,Other,Collaboration,1,1,1,1,69.5
GlobalFinance Corp,chat,2025-06-17 13:01:37,3,3,3,Basic,5055.78,6,1,AM_15,"Billing,Analytics",36.77310214,35.22744765,Feature Request,Collaboration,1,0,0,0,44.3
GlobalFinance Corp,email,2025-06-15 3:01:37,3,4,1,Pro,4252.17,47,1,AM_15,"Security,Analytics",36.7132709,32.26097608,Other,Security,0,0,1,1,49.9
GlobalFinance Corp,chat,2025-06-18 18:01:37,0,4,4,Enterprise,1833.53,19,2,AM_0,Analytics,42.24390253,22.86332427,Bug,Billing,0,0,0,1,55.6
InsightlySoft,web_form,2025-06-18 3:01:37,1,2,4,Basic,58.97,15,2,AM_6,"Billing,Security",34.84002673,30.89493163,Other,Collaboration,0,0,0,0,35.3
GlobalFinance Corp,chat,2025-07-13 21:01:37,1,2,1,Enterprise,1278.24,39,2,AM_13,"Analytics,Collaboration",50.69867133,27.21109587,How-To,Integration,0,0,0,1,65.8
GlobalFinance Corp,email,2025-06-17 7:01:37,1,0,3,Basic,1712.53,5,2,AM_14,"Analytics,Collaboration,Security",55.23452598,42.34231512,Other,Analytics,2,0,0,0,66.7
GlobalFinance Corp,web_form,2025-06-19 17:01:37,2,2,5,Pro,542.1,15,1,AM_5,"Integration,Analytics",49.40581253,26.61960942,How-To,Security,0,0,0,0,32.1
GlobalFinance Corp,chat,2025-07-06 7:01:37,1,4,1,Pro,526.29,52,1,AM_16,Billing,38.18382984,27.75889984,Other,Integration,1,0,0,0,39.6
InsightlySoft,web_form,2025-06-27 9:01:37,0,3,6,Basic,548.1,45,1,AM_16,"Collaboration,Billing,Integration",44.68770945,43.66338356,Feature Request,Security,1,0,0,0,53.8
InsightlySoft,chat,2025-06-27 10:01:37,0,2,6,Basic,1388.86,26,1,AM_5,"Integration,Analytics,Security",58.48962352,31.70629786,Bug,Analytics,0,0,1,1,75.2
GlobalFinance Corp,web_form,2025-06-26 2:01:37,0,6,5,Basic,5103.74,39,1,AM_12,"Analytics,Security",61.00154176,42.79854479,Bug,Billing,0,0,0,0,62.9
GlobalFinance Corp,email,2025-06-23 10:01:37,1,1,2,Basic,4273.33,45,1,AM_10,"Billing,Integration,Analytics",37.19187724,50.06826593,Other,Integration,0,0,0,0,35.4
InsightlySoft,chat,2025-07-11 5:01:37,1,2,6,Basic,30.5,13,1,AM_18,"Billing,Integration,Analytics",53.70938661,28.58599368,How-To,Collaboration,0,0,0,0,49.1
InsightlySoft,chat,2025-07-07 19:01:37,1,6,2,Basic,29.07,31,0,AM_9,"Analytics,Collaboration",41.04985072,38.51111503,Feature Request,Security,0,0,0,0,46.2
GlobalFinance Corp,email,2025-06-28 18:01:37,2,1,7,Basic,242.64,13,1,AM_1,"Collaboration,Analytics",61.11654643,59.34875248,How-To,Billing,0,0,0,0,63.2
InsightlySoft,web_form,2025-06-25 6:01:37,0,2,4,Basic,1885.35,23,0,AM_19,Security,61.66230501,41.28556013,Bug,Analytics,0,0,0,0,60.9
GlobalFinance Corp,email,2025-07-11 18:01:37,1,5,6,Enterprise,6591.49,40,4,AM_7,Security,24.37023053,43.48655314,How-To,Collaboration,2,0,0,1,30.3
InsightlySoft,email,2025-06-23 1:01:37,0,3,2,Pro,603.62,32,0,AM_14,"Analytics,Collaboration",39.85849423,35.0372986,Feature Request,Security,0,0,0,0,49.7
InsightlySoft,web_form,2025-06-25 1:01:37,1,7,4,Basic,1943.35,37,1,AM_8,"Security,Collaboration,Billing",53.44215488,37.48138459,Feature Request,Billing,0,0,0,0,51.5
InsightlySoft,email,2025-07-04 0:01:37,1,2,6,Pro,124.8,4,0,AM_12,Analytics,26.97690675,42.27270855,How-To,Analytics,0,0,0,0,20.2
InsightlySoft,chat,2025-07-03 7:01:37,0,2,5,Pro,61.61,17,2,AM_14,Security,63.96729484,26.61023898,Performance,Billing,0,1,0,1,62.7
GlobalFinance Corp,chat,2025-07-13 22:01:37,0,1,1,Basic,22.53,20,2,AM_14,"Security,Analytics",53.19324646,25.27100398,Feature Request,Analytics,0,0,0,0,48.3
InsightlySoft,chat,2025-06-24 8:01:37,0,0,3,Enterprise,4003.17,46,1,AM_0,"Billing,Collaboration,Analytics",33.64435804,39.22322257,Feature Request,Collaboration,1,1,0,1,41.3
InsightlySoft,email,2025-06-24 8:01:37,2,2,3,Pro,72.34,11,0,AM_4,Collaboration,59.11273105,34.12451686,Performance,Integration,0,0,0,0,66.2
GlobalFinance Corp,chat,2025-07-01 4:01:37,2,2,3,Enterprise,959.85,42,1,AM_14,"Integration,Security",59.19071435,25.42673072,Bug,Security,0,0,0,1,57.6
InsightlySoft,chat,2025-06-22 17:01:37,1,4,1,Pro,3107.32,33,2,AM_13,"Billing,Analytics",54.90701543,23.61908503,Other,Integration,2,1,0,1,79.5
InsightlySoft,chat,2025-07-11 1:01:37,1,1,6,Pro,2892.12,39,1,AM_5,"Security,Collaboration,Integration",53.45693802,44.28036086,Other,Collaboration,0,0,0,0,51.4
GlobalFinance Corp,chat,2025-06-24 12:01:37,0,6,3,Basic,170.17,6,2,AM_5,"Integration,Billing",57.56393152,35.7130149,Other,Integration,0,0,0,0,58.8
InsightlySoft,chat,2025-06-15 6:01:37,0,3,1,Basic,889.83,39,1,AM_19,"Analytics,Collaboration",37.90741074,32.60060174,Other,Security,0,0,0,0,40.9
GlobalFinance Corp,chat,2025-06-30 4:01:37,2,6,2,Pro,3059.31,56,1,AM_4,"Analytics,Integration",50.69616703,35.83390366,Bug,Collaboration,0,0,0,0,43.8
GlobalFinance Corp,email,2025-07-11 6:01:37,0,5,6,Basic,1493.95,47,2,AM_8,Integration,40.71362051,36.29518064,Performance,Security,0,0,0,0,42.4
GlobalFinance Corp,chat,2025-06-28 15:01:37,3,1,7,Basic,1881.08,38,2,AM_19,"Integration,Billing,Security",59.93903113,34.30565802,Feature Request,Integration,0,0,0,0,54.4
GlobalFinance Corp,chat,2025-07-11 3:01:37,1,3,6,Basic,696.12,18,2,AM_19,"Collaboration,Security",48.35249875,22.82554481,Bug,Billing,0,1,0,1,49.5
InsightlySoft,web_form,2025-07-01 23:01:37,0,5,3,Basic,115.47,2,1,AM_6,"Analytics,Security",25.96951474,39.09632396,Other,Billing,0,0,0,0,25.3
GlobalFinance Corp,email,2025-07-08 8:01:37,0,1,3,Basic,1270.29,41,0,AM_15,"Integration,Analytics,Security",33.28351241,28.10900028,How-To,Security,0,1,0,1,39.2
InsightlySoft,email,2025-06-26 10:01:37,1,4,5,Basic,3446.41,38,1,AM_16,Security,47.8313668,32.77070968,Other,Billing,0,1,0,1,54.3
InsightlySoft,email,2025-07-03 18:01:37,1,3,5,Pro,4364.1,54,3,AM_7,"Security,Billing,Collaboration",42.5760499,39.58640415,Bug,Security,0,0,0,0,45.5
InsightlySoft,email,2025-06-27 5:01:37,0,1,6,Basic,2693.36,17,1,AM_17,Billing,42.98198696,42.21642348,Bug,Integration,1,0,1,1,51.1
InsightlySoft,chat,2025-06-24 5:01:37,1,2,3,Basic,1498.67,24,1,AM_19,"Collaboration,Analytics",40.48181211,38.54314619,Feature Request,Analytics,1,0,0,0,49.8
InsightlySoft,chat,2025-06-18 9:01:37,0,3,4,Basic,2624.98,30,2,AM_12,"Integration,Analytics,Security",39.68296586,36.946828,How-To,Collaboration,0,0,0,0,31
InsightlySoft,web_form,2025-06-27 15:01:37,1,2,6,Pro,3662.22,43,0,AM_13,Billing,51.72740685,43.21671721,Other,Integration,2,0,0,0,57.4
InsightlySoft,web_form,2025-07-07 13:01:37,4,3,2,Pro,4222.82,24,1,AM_3,"Analytics,Integration,Collaboration",55.51077428,39.44847021,How-To,Analytics,0,0,0,0,43.2
InsightlySoft,email,2025-07-14 14:01:37,1,3,2,Basic,297.76,4,1,AM_9,"Billing,Integration",50.63645193,28.46691101,Performance,Integration,0,0,0,0,53.3
InsightlySoft,web_form,2025-06-18 2:01:37,0,3,4,Basic,4873.41,7,0,AM_9,Billing,54.64235712,43.12890032,Performance,Analytics,0,0,0,0,75.9
InsightlySoft,web_form,2025-06-25 2:01:37,0,3,4,Pro,196.74,15,1,AM_5,"Analytics,Billing",48.6310792,42.58227593,Feature Request,Security,0,0,0,0,36.5
GlobalFinance Corp,email,2025-07-10 4:01:37,0,2,5,Enterprise,6131.24,57,0,AM_6,"Security,Analytics,Collaboration",32.54368814,37.34098308,How-To,Collaboration,0,0,0,1,49.4
GlobalFinance Corp,email,2025-07-13 5:01:37,1,1,1,Basic,1493.93,30,0,AM_6,"Integration,Collaboration",62.97197052,41.05267089,Bug,Security,0,0,0,0,68.5
GlobalFinance Corp,web_form,2025-06-20 11:01:37,1,1,6,Pro,2375.07,59,2,AM_3,"Billing,Integration,Analytics",62.31868706,37.96936419,Other,Collaboration,0,0,0,0,72.9
InsightlySoft,chat,2025-07-13 11:01:37,2,4,1,Basic,1027.4,29,2,AM_18,"Billing,Integration,Security",54.23266783,9.838273661,Bug,Analytics,0,0,0,0,54.8
GlobalFinance Corp,web_form,2025-06-28 21:01:37,1,2,7,Basic,1668.85,49,2,AM_19,"Security,Analytics",35.67709632,32.80467088,Performance,Billing,0,0,1,1,50.8
GlobalFinance Corp,web_form,2025-07-03 14:01:37,0,1,5,Pro,5596.74,44,3,AM_8,Collaboration,33.26193556,34.71202171,How-To,Billing,0,1,0,1,46.3
GlobalFinance Corp,chat,2025-07-14 7:01:37,2,2,2,Basic,1051.64,45,0,AM_18,"Security,Billing,Collaboration",40.64716838,34.49866887,Feature Request,Billing,0,0,0,0,33.1
InsightlySoft,chat,2025-06-30 10:01:37,0,4,2,Pro,2491.58,53,3,AM_15,"Security,Billing,Integration",69.51427909,32.05474917,How-To,Billing,0,0,0,0,84.2
InsightlySoft,email,2025-06-22 2:01:37,0,1,1,Basic,3124.53,13,2,AM_2,Analytics,51.73217253,35.75968514,Performance,Integration,0,0,0,0,57.1
InsightlySoft,email,2025-06-21 1:01:37,2,4,7,Pro,474.91,40,0,AM_4,Collaboration,48.20882077,42.14199681,Bug,Integration,0,0,0,0,57.1
InsightlySoft,web_form,2025-07-07 20:01:37,2,3,2,Basic,4512.75,39,1,AM_4,Analytics,49.25881294,37.97072872,How-To,Billing,1,0,0,0,51
GlobalFinance Corp,chat,2025-06-15 14:01:37,3,3,1,Basic,20933.12,29,2,AM_5,"Collaboration,Billing",44.11696708,34.58630672,How-To,Security,1,0,0,1,67.7
GlobalFinance Corp,email,2025-06-30 12:01:37,2,2,2,Basic,505.47,26,0,AM_8,Billing,47.40337154,20.56257826,Other,Analytics,0,1,0,1,73.2
GlobalFinance Corp,web_form,2025-06-24 16:01:37,0,1,3,Basic,4381.56,36,1,AM_8,"Analytics,Collaboration,Security",48.95646859,44.50100838,Feature Request,Billing,1,0,0,0,62.7
GlobalFinance Corp,chat,2025-07-13 23:01:37,1,3,1,Basic,477.24,35,1,AM_11,"Security,Analytics,Billing",42.23795767,32.22084608,Feature Request,Security,0,0,0,0,54
InsightlySoft,web_form,2025-06-18 14:01:37,1,0,4,Basic,9002.61,49,3,AM_15,"Security,Analytics",35.8884255,49.84627367,Other,Security,0,0,0,1,53.4
InsightlySoft,email,2025-07-07 2:01:37,0,2,2,Basic,1587.91,48,1,AM_15,"Integration,Analytics",49.08711637,29.00530048,Other,Security,0,0,0,0,66.2
InsightlySoft,email,2025-06-22 1:01:37,0,4,1,Pro,11723.64,19,1,AM_4,"Billing,Collaboration,Integration",40.31935328,41.71199422,Performance,Integration,0,0,0,1,54.6
GlobalFinance Corp,chat,2025-07-14 8:01:37,0,1,2,Pro,211,2,0,AM_0,"Collaboration,Integration,Analytics",58.81185522,34.94802503,Bug,Collaboration,0,0,0,0,50.3
InsightlySoft,web_form,2025-06-20 2:01:37,0,0,6,Basic,4695.99,53,1,AM_2,"Analytics,Collaboration,Billing",52.91636506,26.57931069,Other,Integration,0,0,0,0,62.8
InsightlySoft,chat,2025-07-06 18:01:37,1,0,1,Basic,1923.82,14,1,AM_5,"Integration,Billing",46.94545138,43.52899426,Performance,Billing,1,0,0,0,46.7
GlobalFinance Corp,email,2025-07-01 10:01:37,2,4,3,Pro,1025.33,16,1,AM_7,"Security,Integration,Billing",40.8310233,23.0830727,Bug,Billing,0,0,0,0,36.7
GlobalFinance Corp,email,2025-06-15 12:01:37,1,1,1,Enterprise,4133.65,49,2,AM_15,"Collaboration,Analytics,Billing",54.81365959,37.35634299,How-To,Billing,0,0,0,1,68
InsightlySoft,web_form,2025-06-20 14:01:37,1,3,6,Basic,3026.28,36,0,AM_5,"Collaboration,Analytics",55.2175743,36.97558611,Other,Analytics,0,0,0,0,50
InsightlySoft,web_form,2025-06-24 23:01:37,0,4,3,Basic,6995.58,40,0,AM_13,"Collaboration,Integration,Security",43.4349884,30.1566477,Feature Request,Analytics,0,0,0,0,39.7
InsightlySoft,web_form,2025-06-18 5:01:37,0,1,4,Pro,858.29,41,0,AM_9,"Security,Billing,Collaboration",51.57269208,45.61989726,Feature Request,Collaboration,0,0,1,1,71.7
InsightlySoft,chat,2025-06-26 23:01:37,0,3,5,Basic,8427.53,31,0,AM_3,Security,39.41981681,37.84098013,How-To,Integration,0,0,0,1,43.1
InsightlySoft,web_form,2025-07-12 7:01:37,1,2,7,Basic,3080.56,48,1,AM_11,"Collaboration,Analytics,Integration",49.64495974,50.00565611,How-To,Security,0,0,0,0,54.2
InsightlySoft,web_form,2025-06-26 14:01:37,4,3,5,Pro,1795.88,48,1,AM_6,Collaboration,39.82083932,38.21113099,How-To,Integration,0,0,0,0,39.7
GlobalFinance Corp,email,2025-07-10 17:01:37,1,2,5,Basic,163.78,49,1,AM_6,"Analytics,Billing",43.10897767,40.34016528,Performance,Billing,1,0,0,0,44.8
GlobalFinance Corp,email,2025-06-24 2:01:37,3,2,3,Basic,4346.76,35,0,AM_15,"Billing,Analytics",56.63207238,18.92205994,How-To,Collaboration,1,0,1,1,71.3
GlobalFinance Corp,web_form,2025-06-17 5:01:37,1,2,3,Pro,5864.28,22,1,AM_0,Collaboration,59.8140407,41.5473922,Performance,Analytics,1,0,0,0,48.8
InsightlySoft,web_form,2025-07-03 4:01:37,0,2,5,Basic,4975.64,21,0,AM_15,"Billing,Analytics,Collaboration",34.08455281,39.61765807,Other,Collaboration,0,0,0,0,27.2
GlobalFinance Corp,email,2025-07-03 17:01:37,1,4,5,Pro,3991.63,28,0,AM_2,Analytics,46.4613011,31.9660854,Other,Security,0,0,0,0,53.5
InsightlySoft,web_form,2025-07-14 9:01:37,1,3,2,Enterprise,10461.36,17,0,AM_14,"Security,Integration",54.77707516,30.15707075,Performance,Collaboration,0,0,0,1,54
InsightlySoft,chat,2025-06-25 17:01:37,2,2,4,Pro,5673.47,50,1,AM_5,"Integration,Security,Analytics",37.56626923,34.24172993,Bug,Collaboration,1,1,0,1,52.4
GlobalFinance Corp,chat,2025-07-03 9:01:37,2,3,5,Pro,7888.23,18,1,AM_12,"Collaboration,Analytics,Integration",44.03011618,42.90827916,Bug,Collaboration,0,0,0,1,64
InsightlySoft,chat,2025-07-14 10:01:37,1,4,2,Pro,3933.32,32,0,AM_19,"Collaboration,Integration",53.46035439,26.71521432,Other,Billing,0,0,0,0,52.4
InsightlySoft,web_form,2025-07-06 2:01:37,0,4,1,Enterprise,5147.85,23,1,AM_7,Collaboration,42.61082717,25.65320524,Other,Security,0,0,0,1,48.6
GlobalFinance Corp,email,2025-06-18 5:01:37,1,3,4,Basic,1023.92,6,2,AM_11,Billing,34.70146313,42.44406695,Bug,Analytics,0,0,0,0,42.4
GlobalFinance Corp,web_form,2025-07-09 15:01:37,2,5,4,Basic,3316,29,0,AM_13,"Security,Analytics",44.65169149,32.75202957,Bug,Integration,0,0,0,0,49.5
GlobalFinance Corp,web_form,2025-07-13 9:01:37,0,0,1,Enterprise,690.27,6,1,AM_15,"Analytics,Collaboration,Security",45.888336,34.85431494,Performance,Analytics,1,0,0,1,51.9
InsightlySoft,email,2025-06-23 9:01:37,1,1,2,Pro,215.36,33,2,AM_13,"Integration,Analytics",63.57050372,35.00845572,Bug,Collaboration,0,0,0,0,45.7
GlobalFinance Corp,email,2025-07-06 6:01:37,1,2,1,Basic,2597.19,48,1,AM_15,"Analytics,Integration,Billing",71.54593034,38.60022591,Feature Request,Collaboration,0,0,0,0,60.8
GlobalFinance Corp,email,2025-06-23 4:01:37,1,4,2,Enterprise,4582.32,32,0,AM_5,Collaboration,51.36036526,46.01840565,Bug,Integration,0,0,0,1,53.3
InsightlySoft,chat,2025-06-23 5:01:37,0,3,2,Basic,259.15,17,5,AM_3,Collaboration,48.94981223,27.49498053,Bug,Security,0,0,0,0,49.1
GlobalFinance Corp,web_form,2025-06-26 7:01:37,0,4,5,Pro,600.05,4,1,AM_19,Analytics,36.89065567,39.43733386,Feature Request,Collaboration,1,0,0,0,40.5
GlobalFinance Corp,email,2025-06-20 2:01:37,0,2,6,Enterprise,292.73,48,0,AM_18,Collaboration,34.036026,35.80980135,How-To,Billing,0,0,0,1,43.3
GlobalFinance Corp,web_form,2025-06-16 1:01:37,0,0,2,Pro,3016.82,58,1,AM_7,"Integration,Security",59.61737854,38.46454373,Feature Request,Billing,0,0,0,0,64
InsightlySoft,chat,2025-06-30 15:01:37,0,1,2,Pro,248.52,31,1,AM_3,Billing,33.28206619,53.89359373,Other,Analytics,0,0,0,0,37.7
InsightlySoft,chat,2025-06-26 12:01:37,2,4,5,Pro,293.82,22,1,AM_2,"Billing,Analytics",54.60534845,26.14297025,Other,Billing,1,0,0,0,62.8
InsightlySoft,email,2025-06-26 5:01:37,3,2,5,Enterprise,920.26,27,1,AM_12,"Integration,Analytics",71.86262952,40.86138393,Other,Analytics,1,0,0,1,89.9
InsightlySoft,email,2025-07-09 2:01:37,1,3,4,Enterprise,945.1,54,1,AM_3,"Integration,Analytics",37.7806015,44.79861331,How-To,Collaboration,0,0,0,1,47
GlobalFinance Corp,web_form,2025-06-28 15:01:37,0,6,7,Basic,2445.97,21,1,AM_10,"Billing,Collaboration,Integration",28.83620686,27.99090313,How-To,Billing,0,0,1,1,41
InsightlySoft,email,2025-07-13 17:01:37,2,3,1,Basic,98.15,20,2,AM_15,Billing,52.80151016,34.03894108,Other,Billing,0,0,0,0,41.9
InsightlySoft,web_form,2025-06-23 16:01:37,1,2,2,Pro,2866.22,34,1,AM_14,"Collaboration,Security,Billing",60.85600362,31.86469593,Bug,Integration,1,0,1,1,80
GlobalFinance Corp,email,2025-07-01 5:01:37,0,2,3,Enterprise,1591.6,23,1,AM_1,"Integration,Analytics,Security",38.0975601,47.25845437,Performance,Analytics,0,0,1,1,44.9
GlobalFinance Corp,web_form,2025-06-15 19:01:37,0,2,1,Basic,590.72,44,1,AM_14,"Billing,Analytics",57.59364385,36.03032777,Performance,Integration,0,0,0,0,56.8
GlobalFinance Corp,web_form,2025-06-16 10:01:37,3,5,2,Enterprise,3178.29,16,0,AM_5,Analytics,60.47558285,23.17101063,How-To,Security,0,0,0,1,77.1
InsightlySoft,web_form,2025-06-30 16:01:37,1,3,2,Pro,1199.97,6,1,AM_14,"Security,Integration",51.82223217,54.19837223,How-To,Integration,0,1,0,1,59.5
InsightlySoft,web_form,2025-06-16 0:01:37,0,1,2,Basic,5271.89,16,3,AM_12,Billing,44.02214232,49.32719791,Performance,Billing,1,0,0,0,40.7
InsightlySoft,chat,2025-07-10 19:01:37,1,5,5,Pro,13649.91,7,0,AM_2,"Integration,Collaboration,Security",56.07451088,43.46331951,Bug,Billing,2,0,0,1,74.1
GlobalFinance Corp,web_form,2025-06-22 1:01:37,0,3,1,Basic,4529.17,14,0,AM_18,"Integration,Analytics,Billing",42.78110757,34.30582615,Bug,Security,0,0,0,0,45.8
GlobalFinance Corp,email,2025-06-18 19:01:37,1,3,4,Basic,4075.92,3,2,AM_11,"Integration,Analytics",47.5483745,27.20628132,How-To,Analytics,2,0,0,0,44.1
InsightlySoft,chat,2025-07-08 16:01:37,0,2,3,Enterprise,1316.23,33,0,AM_11,Integration,44.35919565,33.98011594,Bug,Analytics,1,0,0,1,71.9
GlobalFinance Corp,chat,2025-07-05 3:01:37,0,2,7,Basic,2294.61,49,2,AM_16,"Security,Billing",50.8100705,43.42643047,Performance,Analytics,0,0,0,0,65
GlobalFinance Corp,web_form,2025-06-24 3:01:37,0,4,3,Enterprise,162.36,52,0,AM_7,"Security,Analytics",49.76230861,34.46901213,How-To,Security,0,0,0,1,53.6
GlobalFinance Corp,chat,2025-07-13 4:01:37,0,3,1,Basic,3898.54,36,0,AM_12,"Integration,Security,Analytics",47.74176773,31.53110722,Feature Request,Collaboration,1,0,1,1,52.4
InsightlySoft,web_form,2025-06-27 1:01:37,0,6,6,Basic,3372.16,39,2,AM_11,"Collaboration,Billing",45.57904838,24.18177362,How-To,Collaboration,1,0,0,0,55
GlobalFinance Corp,email,2025-06-17 19:01:37,1,0,3,Basic,941.47,29,3,AM_15,"Billing,Security",53.94977562,28.63098705,Other,Security,0,0,0,0,58.6
GlobalFinance Corp,web_form,2025-06-26 13:01:37,1,3,5,Enterprise,2291.59,39,0,AM_10,Integration,40.70605333,24.94271158,Bug,Integration,0,0,0,1,43.9
InsightlySoft,chat,2025-06-29 10:01:37,1,4,1,Basic,3411.88,4,2,AM_19,Security,39.88908922,36.95914995,Bug,Security,0,0,0,0,42.8
InsightlySoft,email,2025-06-30 9:01:37,0,2,2,Pro,1376.09,39,0,AM_8,Collaboration,59.35942192,42.48466298,Performance,Collaboration,0,0,0,0,61.3
GlobalFinance Corp,web_form,2025-07-08 2:01:37,1,2,3,Basic,3879.59,40,1,AM_18,"Analytics,Security",57.29620703,25.79476567,How-To,Collaboration,1,0,0,0,37.5
GlobalFinance Corp,email,2025-06-21 20:01:37,0,2,7,Basic,4779.4,41,4,AM_19,Analytics,41.07814841,22.67674786,Performance,Integration,2,0,0,0,50.2
InsightlySoft,email,2025-06-17 4:01:37,0,2,3,Basic,759.02,22,0,AM_7,"Billing,Security",40.45262673,36.06074635,How-To,Billing,1,0,0,0,46.3
InsightlySoft,chat,2025-06-22 5:01:37,1,1,1,Basic,1075.4,15,1,AM_12,Billing,41.01596573,34.16874389,How-To,Billing,0,0,0,0,34.7
GlobalFinance Corp,email,2025-07-08 18:01:37,2,5,3,Basic,1540.3,4,1,AM_1,Analytics,29.54116461,38.70395162,Feature Request,Billing,0,0,0,0,23.7
GlobalFinance Corp,chat,2025-06-20 6:01:37,1,2,6,Pro,806.3,58,2,AM_18,Security,57.44665636,24.00286199,Bug,Analytics,0,0,0,0,52
GlobalFinance Corp,email,2025-06-17 9:01:37,0,2,3,Basic,4483.08,18,2,AM_12,"Integration,Analytics",51.60937757,45.08089678,Other,Collaboration,0,0,0,0,38.7
GlobalFinance Corp,web_form,2025-06-20 18:01:37,0,1,6,Basic,2544.79,57,0,AM_18,"Billing,Integration,Analytics",39.02661889,39.33966477,Other,Security,0,0,0,0,31.1
InsightlySoft,email,2025-06-30 9:01:37,0,6,2,Basic,1434.61,44,0,AM_10,"Security,Integration,Analytics",55.07597864,45.05078872,Bug,Integration,0,0,1,1,72.5
GlobalFinance Corp,web_form,2025-07-03 13:01:37,0,2,5,Basic,48.58,23,0,AM_1,"Integration,Security",56.84387195,32.27624824,Performance,Collaboration,0,0,1,1,62.1
GlobalFinance Corp,web_form,2025-06-15 18:01:37,0,2,1,Pro,1183,38,1,AM_7,"Collaboration,Analytics",47.4987586,44.1325874,Other,Billing,1,0,0,0,48.3
InsightlySoft,email,2025-07-03 14:01:37,0,3,5,Basic,5432.86,4,0,AM_6,"Analytics,Collaboration,Billing",52.52213684,31.46002123,Feature Request,Integration,0,0,0,0,34.6
GlobalFinance Corp,web_form,2025-07-07 17:01:37,3,5,2,Basic,4082.01,4,0,AM_0,"Security,Integration",52.30884011,43.79453682,Feature Request,Security,0,0,0,0,53.7
InsightlySoft,email,2025-07-13 9:01:37,1,1,1,Pro,209.27,18,1,AM_13,Analytics,47.85521794,31.73503328,Feature Request,Collaboration,0,0,0,0,58.1
GlobalFinance Corp,email,2025-06-29 1:01:37,0,6,1,Basic,4850.07,1,2,AM_7,"Integration,Collaboration,Analytics",48.29430032,20.72700955,Other,Security,0,0,0,0,40.8
GlobalFinance Corp,web_form,2025-07-05 20:01:37,0,5,7,Basic,591.9,32,0,AM_0,"Collaboration,Integration",51.65913578,42.72883289,Feature Request,Collaboration,1,0,1,1,53.1
InsightlySoft,web_form,2025-06-21 8:01:37,2,6,7,Pro,13040.83,21,0,AM_16,"Security,Integration",50.06861022,31.06287935,Feature Request,Collaboration,0,0,0,1,53.3
InsightlySoft,chat,2025-06-26 10:01:37,0,5,5,Enterprise,6087.32,38,0,AM_3,"Security,Collaboration,Integration",43.59302174,43.58114713,Performance,Billing,0,0,0,1,52.5
GlobalFinance Corp,web_form,2025-06-24 6:01:37,1,3,3,Pro,7334.54,26,0,AM_5,"Collaboration,Security",42.48550928,22.99785398,Bug,Integration,0,0,0,1,48
GlobalFinance Corp,chat,2025-06-28 9:01:37,0,3,7,Basic,4401.87,41,0,AM_0,"Billing,Collaboration,Integration",63.97026527,21.80244382,Other,Billing,0,0,0,0,59.4
GlobalFinance Corp,web_form,2025-06-24 9:01:37,0,2,3,Basic,3721.67,49,1,AM_2,"Analytics,Collaboration",44.23942112,32.7301381,Bug,Collaboration,0,0,0,0,37
InsightlySoft,email,2025-07-13 13:01:37,1,3,1,Basic,840.88,21,2,AM_1,"Security,Analytics",35.18901755,36.1122951,Feature Request,Billing,0,0,0,0,34
GlobalFinance Corp,web_form,2025-07-13 3:01:37,0,6,1,Enterprise,2648.56,43,3,AM_16,"Billing,Analytics,Collaboration",59.78817752,22.08586485,Performance,Collaboration,0,0,0,1,73.1
InsightlySoft,email,2025-06-19 6:01:37,0,5,5,Pro,3576.38,29,1,AM_8,"Security,Billing,Collaboration",47.57476531,31.10359384,Bug,Billing,0,0,0,0,29.8
InsightlySoft,email,2025-07-07 13:01:37,2,2,2,Basic,1019.4,53,1,AM_7,Analytics,47.25355112,26.82790868,How-To,Collaboration,0,0,1,1,57.6
GlobalFinance Corp,email,2025-07-14 1:01:37,4,1,2,Basic,1524.03,41,1,AM_18,"Integration,Billing",47.43521724,36.73552947,Other,Analytics,0,0,0,0,57.3
InsightlySoft,chat,2025-07-12 10:01:37,1,7,7,Basic,8815.24,43,0,AM_14,"Analytics,Security",60.55543923,53.82183741,Feature Request,Analytics,1,0,0,1,73.1
GlobalFinance Corp,web_form,2025-07-05 8:01:37,2,4,7,Enterprise,1572.53,32,0,AM_5,"Analytics,Security,Billing",38.26789004,32.49818324,Feature Request,Security,1,0,0,1,45.8
GlobalFinance Corp,email,2025-06-21 12:01:37,4,2,7,Pro,1136.68,59,2,AM_5,Collaboration,58.97980651,30.88811504,How-To,Collaboration,0,1,1,1,80.7
GlobalFinance Corp,email,2025-07-11 23:01:37,3,3,6,Enterprise,340.22,4,0,AM_7,"Security,Collaboration,Integration",51.32095534,37.00226992,Feature Request,Billing,0,0,0,1,63.7
GlobalFinance Corp,chat,2025-07-06 13:01:37,1,5,1,Basic,1252.65,13,2,AM_2,"Analytics,Collaboration",57.19198535,51.68412797,Bug,Collaboration,1,0,0,0,51.9
GlobalFinance Corp,web_form,2025-06-17 12:01:37,0,2,3,Enterprise,2841.36,51,0,AM_11,"Billing,Collaboration,Analytics",43.45808588,27.11103002,Feature Request,Billing,0,0,0,1,46.5
InsightlySoft,web_form,2025-07-13 19:01:37,2,2,1,Basic,479.56,35,1,AM_19,"Security,Billing",74.82915465,36.34769224,Bug,Security,0,1,0,1,87.3
InsightlySoft,chat,2025-06-19 12:01:37,0,3,5,Basic,2788.79,54,1,AM_7,"Integration,Security",46.88539516,55.96253589,Bug,Collaboration,0,0,1,1,57.3
GlobalFinance Corp,chat,2025-07-04 21:01:37,3,5,6,Basic,4055.05,27,1,AM_10,"Security,Integration,Analytics",47.38080927,30.49322172,Other,Security,1,0,0,0,51.5
GlobalFinance Corp,web_form,2025-06-21 4:01:37,0,3,7,Enterprise,4386.21,1,1,AM_14,"Collaboration,Security",38.89986204,31.88843482,Other,Billing,0,0,0,1,49.3
InsightlySoft,chat,2025-07-09 0:01:37,0,3,4,Basic,12561.07,49,1,AM_12,"Billing,Analytics",46.71897143,43.43431874,Other,Integration,0,0,0,1,60.8
InsightlySoft,web_form,2025-06-25 1:01:37,0,2,4,Basic,1710.46,49,0,AM_12,Integration,39.40452096,50.43124575,Other,Billing,0,0,0,0,47.8
InsightlySoft,web_form,2025-06-21 17:01:37,1,4,7,Pro,98.91,39,1,AM_13,Collaboration,69.644218,51.51346806,How-To,Security,0,0,0,0,77.4
InsightlySoft,email,2025-06-19 8:01:37,1,7,5,Enterprise,5786.65,14,1,AM_8,"Collaboration,Analytics",30.01860239,34.81484921,How-To,Collaboration,0,0,1,1,48.2
GlobalFinance Corp,email,2025-06-15 19:01:37,2,1,1,Enterprise,261.63,37,1,AM_2,"Collaboration,Billing",24.78927781,28.45827141,Performance,Collaboration,0,0,0,1,30.1
GlobalFinance Corp,web_form,2025-06-18 2:01:37,1,3,4,Basic,5934.06,30,3,AM_11,"Billing,Collaboration",42.41432701,31.00894617,Bug,Security,0,0,1,1,54.5
InsightlySoft,web_form,2025-07-05 5:01:37,0,3,7,Enterprise,12171.22,14,1,AM_8,Security,51.6679919,27.25451803,Performance,Collaboration,1,0,0,1,70.9
GlobalFinance Corp,web_form,2025-07-01 13:01:37,1,3,3,Pro,7119.76,11,3,AM_11,"Analytics,Collaboration",61.56287151,36.61624228,How-To,Analytics,0,1,0,1,62.6
InsightlySoft,web_form,2025-06-19 20:01:37,2,2,5,Enterprise,9973.58,31,0,AM_10,Security,49.35755018,41.32954935,Performance,Integration,0,0,1,1,64.4
GlobalFinance Corp,web_form,2025-06-19 6:01:37,0,1,5,Enterprise,70.84,57,1,AM_18,Analytics,44.67503908,37.56689684,Bug,Security,0,0,1,1,56.5
InsightlySoft,web_form,2025-06-21 9:01:37,2,4,7,Basic,34.3,28,0,AM_8,"Security,Integration",48.06923915,32.06108029,Other,Integration,0,0,0,0,53.2
GlobalFinance Corp,chat,2025-07-06 9:01:37,2,4,1,Basic,708.3,27,2,AM_4,Security,55.72376065,43.56795168,Feature Request,Security,0,0,0,0,42.7
InsightlySoft,web_form,2025-07-04 0:01:37,0,6,6,Pro,4809.06,3,0,AM_9,"Analytics,Billing",36.30291587,40.2692094,How-To,Integration,0,0,1,1,46.3
InsightlySoft,chat,2025-06-24 18:01:37,2,3,3,Enterprise,281,6,1,AM_8,"Integration,Collaboration,Billing",57.85174429,39.86412142,Bug,Billing,0,0,0,1,64.5
GlobalFinance Corp,chat,2025-07-07 8:01:37,2,3,2,Basic,4117.39,39,1,AM_0,"Collaboration,Security,Billing",29.37065864,42.40637013,Feature Request,Security,0,0,1,1,37.3
InsightlySoft,web_form,2025-07-09 15:01:37,2,3,4,Basic,37.92,19,3,AM_12,"Collaboration,Billing,Security",45.55062783,38.56407114,How-To,Collaboration,0,0,0,0,47.4
GlobalFinance Corp,web_form,2025-06-30 12:01:37,0,3,2,Pro,3940.24,41,0,AM_19,"Analytics,Collaboration,Integration",47.01371922,35.08013168,Bug,Integration,1,0,0,0,44.1
GlobalFinance Corp,chat,2025-07-07 15:01:37,1,6,2,Pro,863.32,34,0,AM_11,"Integration,Billing",33.72784477,26.2841182,How-To,Billing,0,0,0,0,38.6
InsightlySoft,chat,2025-06-17 18:01:37,1,5,3,Enterprise,1741.81,28,2,AM_10,"Collaboration,Integration,Billing",48.34156715,33.58425048,Bug,Billing,0,0,0,1,55.5
GlobalFinance Corp,web_form,2025-07-12 7:01:37,1,5,7,Pro,11252.96,12,0,AM_8,"Analytics,Billing",43.61992282,29.80448083,How-To,Billing,1,0,0,1,54.7
GlobalFinance Corp,web_form,2025-06-15 9:01:37,2,3,1,Basic,2407.11,39,1,AM_14,"Billing,Integration",50.42644495,50.09633619,How-To,Collaboration,1,0,0,0,54.2
GlobalFinance Corp,chat,2025-06-25 9:01:37,2,4,4,Enterprise,232.66,10,2,AM_12,"Collaboration,Billing",50.88319977,49.29446096,Other,Billing,0,0,0,1,60.9
GlobalFinance Corp,chat,2025-07-03 22:01:37,1,2,5,Pro,6193.82,52,1,AM_11,"Collaboration,Analytics",51.71828565,47.48403075,Bug,Integration,1,0,0,0,45
GlobalFinance Corp,chat,2025-06-29 5:01:37,1,1,1,Pro,1173.21,47,0,AM_13,"Integration,Billing",42.92481885,32.77259795,Performance,Collaboration,0,0,1,1,58.1
InsightlySoft,email,2025-07-10 19:01:37,0,1,5,Enterprise,2640.99,25,2,AM_8,Analytics,49.51821305,35.032604,Feature Request,Security,0,0,0,1,63.1
GlobalFinance Corp,chat,2025-07-09 13:01:37,1,3,4,Pro,3732.01,23,0,AM_9,"Analytics,Billing,Security",60.11545167,30.86799499,How-To,Collaboration,0,0,1,1,78.9
GlobalFinance Corp,email,2025-07-13 1:01:37,1,0,1,Basic,4508.66,56,0,AM_5,Analytics,55.96940293,26.40397368,Other,Security,0,0,0,0,48.7
GlobalFinance Corp,web_form,2025-07-04 4:01:37,1,4,6,Basic,1699.52,59,1,AM_18,Security,51.03013296,42.66761613,Performance,Security,0,0,0,0,53.1
GlobalFinance Corp,web_form,2025-07-14 11:01:37,1,2,2,Enterprise,4449.57,26,0,AM_9,"Billing,Collaboration,Analytics",38.33601285,30.11911094,How-To,Security,0,0,0,1,52.4
GlobalFinance Corp,chat,2025-06-25 3:01:37,2,6,4,Basic,372.93,19,0,AM_14,"Collaboration,Analytics",22.08102815,33.84586712,Bug,Security,0,0,0,0,30.9
InsightlySoft,web_form,2025-06-23 11:01:37,2,4,2,Basic,2237.55,38,1,AM_7,"Billing,Analytics",28.1246736,33.04700135,Feature Request,Collaboration,3,0,0,0,41.1
GlobalFinance Corp,web_form,2025-06-20 13:01:37,1,2,6,Enterprise,66.39,20,0,AM_17,"Collaboration,Billing,Integration",54.39474919,51.15697095,Performance,Analytics,1,1,0,1,57.9
InsightlySoft,web_form,2025-07-11 21:01:37,0,5,6,Basic,1564,45,0,AM_1,"Integration,Collaboration,Analytics",39.97344553,36.40440072,Feature Request,Analytics,0,0,0,0,49.2
InsightlySoft,web_form,2025-07-11 9:01:37,4,1,6,Basic,1361.29,52,0,AM_3,"Analytics,Billing,Collaboration",35.20275471,42.82509062,How-To,Billing,0,1,0,1,57.4
InsightlySoft,email,2025-06-22 4:01:37,0,7,1,Basic,11468.28,44,1,AM_8,Analytics,41.45481136,33.17306998,Other,Integration,0,0,0,1,55
InsightlySoft,email,2025-06-20 9:01:37,1,2,6,Enterprise,1521.74,18,0,AM_15,Analytics,46.63732811,30.57889104,Performance,Integration,0,0,0,1,46.8
GlobalFinance Corp,chat,2025-07-03 20:01:37,0,1,5,Pro,7128.44,48,1,AM_4,"Billing,Security,Collaboration",48.84244429,39.21897272,How-To,Integration,0,0,0,1,64.4
InsightlySoft,chat,2025-07-11 1:01:37,2,5,6,Basic,1714.38,11,4,AM_18,"Collaboration,Security,Integration",40.66610779,44.31053733,How-To,Billing,0,0,0,0,39.5
InsightlySoft,chat,2025-07-06 2:01:37,2,3,1,Enterprise,2286.77,58,1,AM_14,"Integration,Analytics,Collaboration",57.14927104,31.85892602,Feature Request,Integration,0,0,0,1,63.8
GlobalFinance Corp,web_form,2025-07-05 21:01:37,1,1,7,Basic,1295.66,25,1,AM_14,"Collaboration,Analytics,Integration",45.81627033,41.3536726,Other,Collaboration,1,1,1,1,53.4
GlobalFinance Corp,web_form,2025-07-03 16:01:37,3,6,5,Basic,3065.08,43,2,AM_11,Security,45.4753174,33.84948688,Performance,Analytics,0,0,0,0,40.9
GlobalFinance Corp,email,2025-07-02 13:01:37,0,5,4,Basic,4031.09,1,1,AM_15,"Collaboration,Integration,Security",38.7541375,22.4818378,Feature Request,Security,1,0,1,1,61.6
InsightlySoft,email,2025-07-06 3:01:37,0,4,1,Pro,4697.12,32,1,AM_10,"Collaboration,Integration,Billing",67.4906648,29.7081367,Feature Request,Integration,0,0,1,1,69
GlobalFinance Corp,chat,2025-06-30 21:01:37,1,4,2,Pro,3551.92,33,3,AM_6,"Billing,Analytics,Integration",46.35021467,35.7681379,How-To,Billing,0,0,1,1,47
GlobalFinance Corp,email,2025-07-11 13:01:37,1,3,6,Basic,1201.2,7,2,AM_15,"Analytics,Billing,Collaboration",53.43000575,37.93872927,How-To,Billing,0,1,0,1,68.3
InsightlySoft,email,2025-07-02 18:01:37,1,4,4,Pro,1204.1,31,2,AM_9,"Security,Billing",49.73098957,40.9265652,How-To,Collaboration,0,0,0,0,59.2
GlobalFinance Corp,email,2025-07-12 19:01:37,1,2,7,Basic,1282.71,26,0,AM_17,"Analytics,Integration",60.4380252,47.93615778,Bug,Security,0,0,0,0,67.5
GlobalFinance Corp,email,2025-06-18 20:01:37,0,3,4,Enterprise,115.7,7,1,AM_15,"Collaboration,Security,Billing",39.51799435,36.01211533,Performance,Security,0,0,1,1,47.4
GlobalFinance Corp,email,2025-07-06 10:01:37,2,0,1,Basic,8596.85,36,0,AM_0,Analytics,53.25672303,24.47173096,Performance,Billing,0,0,0,1,67.9
GlobalFinance Corp,chat,2025-06-26 23:01:37,0,3,5,Pro,653.44,46,1,AM_4,"Integration,Security",44.84992304,37.72203813,Other,Integration,0,0,0,0,40.8
InsightlySoft,chat,2025-07-06 0:01:37,1,3,1,Pro,520.24,24,1,AM_6,Collaboration,49.89291798,32.51392742,Bug,Collaboration,1,0,0,0,54.9
GlobalFinance Corp,email,2025-06-27 6:01:37,1,2,6,Pro,2411.26,5,4,AM_17,"Collaboration,Integration",44.54669474,27.55250045,Other,Collaboration,0,0,0,0,40.2
GlobalFinance Corp,chat,2025-07-08 8:01:37,0,3,3,Basic,145.73,22,3,AM_5,"Billing,Collaboration",67.14021287,36.42372426,Other,Security,1,0,0,0,61.2
InsightlySoft,web_form,2025-06-23 0:01:37,1,3,2,Basic,5457.58,44,1,AM_16,"Integration,Security,Billing",46.87613468,41.5292948,Bug,Collaboration,0,0,0,0,46.4
GlobalFinance Corp,email,2025-06-27 11:01:37,1,1,6,Enterprise,6267.28,36,2,AM_11,"Integration,Collaboration,Analytics",32.44388721,40.84299898,Bug,Analytics,0,0,0,1,39
InsightlySoft,web_form,2025-06-30 1:01:37,1,1,2,Basic,1521.55,3,0,AM_11,"Integration,Security,Analytics",46.706429,29.02306686,Bug,Security,0,1,0,1,48
GlobalFinance Corp,chat,2025-07-08 5:01:37,2,1,3,Pro,10665.01,50,2,AM_0,Analytics,49.33252381,45.54362066,Other,Billing,0,0,0,1,77.8
InsightlySoft,chat,2025-07-03 21:01:37,4,2,5,Basic,1175.83,56,1,AM_1,Collaboration,49.30949796,40.55493609,Performance,Collaboration,1,0,0,0,59.5
InsightlySoft,web_form,2025-07-11 13:01:37,0,2,6,Basic,904.27,59,1,AM_17,Security,35.27474758,49.08106988,Other,Security,0,0,0,0,45.9
InsightlySoft,chat,2025-06-24 10:01:37,1,1,3,Pro,13723.69,37,0,AM_13,"Collaboration,Security,Billing",36.15982282,52.6041395,Feature Request,Integration,0,0,0,1,43.3
InsightlySoft,email,2025-07-09 7:01:37,1,3,4,Basic,864.27,58,1,AM_9,"Analytics,Collaboration",66.58435879,40.8982578,How-To,Integration,0,0,0,0,59.5
GlobalFinance Corp,web_form,2025-06-20 15:01:37,2,3,6,Enterprise,1762.32,38,0,AM_13,"Billing,Security",45.74072825,45.58873259,Performance,Analytics,0,0,0,1,52.7
InsightlySoft,email,2025-06-25 19:01:37,2,0,4,Enterprise,2839.23,46,0,AM_2,"Collaboration,Integration",46.78056159,40.16983084,Feature Request,Billing,0,0,1,1,75
GlobalFinance Corp,web_form,2025-07-07 23:01:37,1,2,2,Enterprise,1168.17,6,0,AM_12,"Collaboration,Billing,Security",68.88909011,23.65096255,Performance,Integration,0,0,0,1,82.8
InsightlySoft,chat,2025-07-14 3:01:37,1,2,2,Pro,1454.58,52,2,AM_18,"Security,Integration",56.02143666,17.24149071,Feature Request,Security,0,0,0,0,41.1
InsightlySoft,web_form,2025-07-05 2:01:37,2,6,7,Basic,3827.04,25,0,AM_4,"Integration,Billing",47.65868458,31.58186282,How-To,Collaboration,0,0,0,0,42.2
InsightlySoft,web_form,2025-07-06 15:01:37,1,4,1,Pro,3851.49,23,0,AM_18,Collaboration,50.35792337,39.24282312,How-To,Integration,0,0,0,0,56.7
GlobalFinance Corp,email,2025-06-22 4:01:37,2,2,1,Pro,4883.09,12,1,AM_4,Collaboration,67.95230293,24.0593299,Performance,Integration,0,0,0,1,88.1
InsightlySoft,chat,2025-06-29 19:01:37,1,5,1,Basic,2702,28,1,AM_12,"Billing,Integration,Analytics",41.66641888,35.93213938,Other,Analytics,0,0,0,0,47.3
GlobalFinance Corp,email,2025-06-30 23:01:37,1,2,2,Enterprise,797.86,58,1,AM_14,"Analytics,Integration",56.34624982,42.5122939,Feature Request,Collaboration,1,0,0,1,58.8
GlobalFinance Corp,chat,2025-06-26 23:01:37,0,5,5,Pro,1215.39,44,0,AM_5,"Security,Collaboration,Integration",54.81306962,23.39716633,How-To,Collaboration,0,0,0,0,66
GlobalFinance Corp,email,2025-06-24 1:01:37,1,3,3,Pro,6929.03,40,1,AM_11,Security,48.60293549,43.91324439,Feature Request,Integration,0,0,0,0,46
GlobalFinance Corp,web_form,2025-06-24 12:01:37,0,2,3,Pro,3969.72,32,1,AM_15,"Security,Collaboration",42.53980712,38.10785144,Bug,Collaboration,1,0,0,0,48.6
GlobalFinance Corp,email,2025-06-26 1:01:37,1,2,5,Enterprise,276.44,55,1,AM_17,"Integration,Billing",52.02972167,35.92169554,Other,Billing,0,1,0,1,70.3
GlobalFinance Corp,chat,2025-06-27 13:01:37,1,4,6,Basic,4202.6,52,0,AM_14,Collaboration,47.97319609,25.89119271,Other,Billing,0,0,0,0,57.1
GlobalFinance Corp,chat,2025-07-01 0:01:37,2,3,3,Basic,1204.38,25,1,AM_15,"Billing,Integration",55.1898213,41.49233969,Performance,Integration,0,0,0,0,43
GlobalFinance Corp,web_form,2025-07-08 15:01:37,0,4,3,Pro,70.5,34,2,AM_13,"Billing,Analytics,Security",31.61178717,37.26099668,Feature Request,Integration,1,0,0,0,35.2
GlobalFinance Corp,chat,2025-07-03 23:01:37,2,7,5,Pro,1983.39,30,0,AM_15,"Integration,Security",79.83105916,19.01940817,Feature Request,Billing,0,0,0,0,95.9
InsightlySoft,email,2025-07-02 14:01:37,1,4,4,Enterprise,6446.92,37,0,AM_2,Security,53.94449953,37.7502283,How-To,Collaboration,0,0,1,1,65
InsightlySoft,web_form,2025-07-08 19:01:37,1,5,3,Basic,1762.85,18,1,AM_1,Analytics,52.83916562,28.34756478,Bug,Analytics,0,1,0,1,70.5
InsightlySoft,chat,2025-06-18 15:01:37,0,1,4,Enterprise,13475.58,56,2,AM_9,"Collaboration,Security,Billing",68.55224397,30.39718167,Bug,Analytics,0,0,0,1,97.6
InsightlySoft,chat,2025-06-29 13:01:37,1,2,1,Pro,588.32,57,0,AM_13,"Collaboration,Billing,Security",41.75162059,36.80842698,Feature Request,Analytics,0,0,1,1,41.5
InsightlySoft,email,2025-07-11 0:01:37,2,4,6,Pro,1296.49,35,2,AM_16,Analytics,41.05436986,39.6312088,How-To,Collaboration,0,0,0,0,39.8
GlobalFinance Corp,email,2025-06-14 18:01:37,0,0,7,Basic,50.28,48,1,AM_16,"Billing,Collaboration,Security",44.73383758,44.5110617,Other,Analytics,0,0,1,1,60.2
GlobalFinance Corp,web_form,2025-07-07 22:01:37,3,3,2,Pro,155,37,2,AM_17,Integration,69.72310285,29.17774743,Performance,Billing,0,0,1,1,81.1
GlobalFinance Corp,chat,2025-06-24 17:01:37,0,1,3,Pro,1312.34,41,1,AM_2,"Billing,Collaboration,Integration",47.07392008,36.270792,Other,Collaboration,1,0,0,0,50.8
GlobalFinance Corp,email,2025-07-11 6:01:37,3,2,6,Basic,2254.8,6,1,AM_14,Billing,75.57803791,21.13117438,Bug,Billing,0,0,0,0,59.6
GlobalFinance Corp,web_form,2025-07-11 13:01:37,0,2,6,Pro,811.86,19,2,AM_11,"Billing,Collaboration,Analytics",42.67542639,39.13857086,Bug,Collaboration,0,0,0,0,34.8
GlobalFinance Corp,chat,2025-06-16 17:01:37,2,3,2,Basic,546.22,22,1,AM_15,"Analytics,Integration,Security",21.80771209,32.82654855,Feature Request,Analytics,1,0,0,0,25.7
GlobalFinance Corp,chat,2025-06-23 5:01:37,0,3,2,Pro,1637.67,57,3,AM_5,"Integration,Billing,Analytics",31.17752967,40.22571535,Bug,Analytics,0,0,0,0,31.8
InsightlySoft,web_form,2025-06-24 13:01:37,1,3,3,Pro,561.43,32,1,AM_13,"Billing,Collaboration,Security",53.89873144,34.51814853,How-To,Integration,1,0,0,0,59.8
InsightlySoft,web_form,2025-06-20 4:01:37,1,3,6,Pro,2990.04,27,3,AM_17,"Billing,Collaboration",54.47771666,31.69677591,Other,Security,0,0,0,0,68.5
InsightlySoft,email,2025-06-19 15:01:37,1,2,5,Basic,9322.61,59,0,AM_19,Analytics,51.62719479,33.89426571,Feature Request,Billing,0,0,0,1,58.9
InsightlySoft,chat,2025-06-19 19:01:37,1,3,5,Basic,4928.11,16,0,AM_2,Analytics,37.70936812,18.42600563,How-To,Analytics,0,0,1,1,52.1
GlobalFinance Corp,chat,2025-07-10 10:01:37,1,1,5,Enterprise,727.03,26,2,AM_16,"Billing,Integration",36.06487363,41.86995212,How-To,Collaboration,0,0,0,1,47.6
GlobalFinance Corp,chat,2025-06-25 22:01:37,3,3,4,Basic,9056.1,39,1,AM_19,"Billing,Analytics,Collaboration",33.54427519,42.44456917,Performance,Integration,0,0,0,1,51.5
GlobalFinance Corp,web_form,2025-06-24 11:01:37,4,3,3,Enterprise,4172.45,4,0,AM_5,"Integration,Security,Billing",44.8578321,42.65053374,Bug,Billing,0,0,0,1,40.4
InsightlySoft,email,2025-06-30 15:01:37,1,5,2,Basic,505.16,16,1,AM_6,Analytics,51.49091801,35.14202358,Bug,Analytics,0,1,1,1,47.8
GlobalFinance Corp,chat,2025-06-16 3:01:37,0,6,2,Pro,2598.44,52,1,AM_5,Integration,60.84733362,45.13202819,How-To,Integration,0,0,0,0,62.7
GlobalFinance Corp,web_form,2025-06-21 4:01:37,0,1,7,Basic,10186.72,49,0,AM_11,Analytics,57.42886806,30.33412458,Feature Request,Analytics,0,0,0,1,70.6
GlobalFinance Corp,chat,2025-06-24 20:01:37,0,2,3,Basic,305.29,19,2,AM_16,"Collaboration,Security",49.81285094,28.08834273,How-To,Analytics,0,0,0,0,64.5
InsightlySoft,email,2025-06-19 11:01:37,3,5,5,Enterprise,948.27,28,1,AM_5,Collaboration,74.84425932,41.7122865,How-To,Analytics,0,0,0,1,101.3
GlobalFinance Corp,chat,2025-07-05 11:01:37,1,3,7,Basic,1405.65,57,0,AM_14,"Integration,Analytics",48.52684948,31.56599997,Bug,Integration,0,1,0,1,72.5
InsightlySoft,email,2025-07-14 9:01:37,1,3,2,Basic,368.52,17,0,AM_4,"Integration,Collaboration",25.41227806,49.16265319,Other,Security,1,0,0,0,19.4
InsightlySoft,email,2025-07-12 13:01:37,2,3,7,Pro,1066.8,45,1,AM_14,Collaboration,34.68681816,45.41483938,Bug,Analytics,0,0,0,0,26.4
InsightlySoft,chat,2025-07-11 13:01:37,1,0,6,Enterprise,3536.14,2,0,AM_10,Integration,49.1074174,36.34019772,Performance,Billing,0,0,0,1,59.2
InsightlySoft,chat,2025-06-14 20:01:37,1,0,7,Basic,1945.89,2,1,AM_8,Integration,34.65322141,26.45354976,Performance,Integration,0,0,1,1,52.9
GlobalFinance Corp,email,2025-06-23 19:01:37,2,1,2,Enterprise,1639.74,24,1,AM_3,"Analytics,Integration,Security",61.18079008,30.42568029,Feature Request,Analytics,0,0,0,1,63.7
InsightlySoft,web_form,2025-07-01 14:01:37,1,3,3,Pro,1696.58,54,2,AM_2,"Billing,Analytics,Security",50.33279712,34.49364395,Other,Integration,0,0,0,0,53.1
InsightlySoft,email,2025-06-18 18:01:37,1,4,4,Basic,4277.01,55,0,AM_12,"Security,Collaboration,Billing",61.47832531,57.17656869,How-To,Billing,0,0,0,0,72.6
GlobalFinance Corp,chat,2025-07-07 21:01:37,0,3,2,Basic,14226.72,27,3,AM_5,Security,50.78103826,37.92578781,Other,Billing,0,0,0,1,61.1
GlobalFinance Corp,chat,2025-07-03 3:01:37,0,2,5,Basic,2664.9,4,1,AM_0,"Billing,Integration",23.7695123,41.6573984,Bug,Collaboration,0,0,0,0,20.9
InsightlySoft,web_form,2025-07-13 15:01:37,1,3,1,Pro,4177.54,48,0,AM_9,"Analytics,Security",63.15238013,29.32691325,Bug,Collaboration,0,1,0,1,63.5
GlobalFinance Corp,email,2025-07-11 20:01:37,2,1,6,Pro,1398.32,59,1,AM_4,"Analytics,Security,Billing",47.44072192,36.73372981,How-To,Security,1,0,0,0,41.7
InsightlySoft,email,2025-07-05 16:01:37,2,1,7,Basic,5912.09,36,3,AM_1,"Security,Billing",47.9504459,29.8504964,How-To,Collaboration,0,0,0,0,43.3
InsightlySoft,email,2025-06-29 13:01:37,0,1,1,Pro,1635.87,20,4,AM_18,"Integration,Collaboration,Security",52.77561127,31.35066814,Performance,Integration,0,0,0,0,55.5
InsightlySoft,chat,2025-06-15 13:01:37,1,3,1,Basic,8205.79,12,0,AM_15,"Security,Billing",46.63323421,21.70079614,Bug,Collaboration,0,0,0,1,59.4
InsightlySoft,email,2025-07-02 0:01:37,1,3,4,Basic,4081.93,54,0,AM_8,Billing,53.69216357,38.49022707,Bug,Integration,0,0,0,0,51.6
GlobalFinance Corp,web_form,2025-07-09 14:01:37,2,3,4,Enterprise,3687.29,28,2,AM_17,Security,50.38341716,41.76530707,Performance,Integration,0,0,0,1,71.2
InsightlySoft,chat,2025-07-13 23:01:37,1,5,1,Enterprise,1028.04,29,3,AM_16,"Analytics,Billing",47.57843556,24.15727707,Feature Request,Security,0,0,0,1,73.8
GlobalFinance Corp,chat,2025-07-04 1:01:37,3,5,6,Basic,4770.92,52,4,AM_6,"Analytics,Billing,Collaboration",33.70563386,26.51133631,Feature Request,Integration,0,0,0,0,29.3
GlobalFinance Corp,email,2025-07-02 10:01:37,0,5,4,Enterprise,333.74,46,2,AM_16,Collaboration,48.44435666,24.36719816,Performance,Collaboration,1,0,0,1,66.5
GlobalFinance Corp,web_form,2025-07-13 20:01:37,1,3,1,Enterprise,2316.73,33,1,AM_19,"Security,Analytics",46.83166597,36.06064652,Bug,Collaboration,0,1,0,1,58.8
GlobalFinance Corp,chat,2025-06-26 0:01:37,1,1,5,Basic,3988.35,49,1,AM_0,"Analytics,Collaboration,Integration",54.98944522,35.46786992,Bug,Analytics,0,0,0,0,42.6
InsightlySoft,chat,2025-06-21 18:01:37,3,2,7,Basic,6451.96,56,0,AM_7,"Collaboration,Analytics",56.01091607,42.86455195,Feature Request,Security,0,0,0,0,49.6
GlobalFinance Corp,email,2025-06-21 20:01:37,3,2,7,Pro,2529.49,18,1,AM_19,"Billing,Collaboration,Analytics",46.13471546,26.75138165,How-To,Billing,0,0,1,1,67.9
InsightlySoft,email,2025-07-12 18:01:37,1,0,7,Enterprise,896.52,12,0,AM_9,"Billing,Collaboration",44.94702583,33.01551038,How-To,Billing,0,0,0,1,56.1
GlobalFinance Corp,web_form,2025-06-15 19:01:37,1,2,1,Enterprise,5668.67,57,1,AM_5,"Analytics,Security",60.15817966,29.87377545,Performance,Analytics,0,0,0,1,63.7
GlobalFinance Corp,email,2025-06-20 7:01:37,1,2,6,Basic,4382.8,10,0,AM_8,Integration,55.31522093,41.2104955,How-To,Collaboration,0,0,0,0,48
InsightlySoft,web_form,2025-07-07 3:01:37,1,1,2,Basic,500.16,24,2,AM_0,"Collaboration,Integration,Security",41.51231979,35.84743469,Feature Request,Security,0,1,0,1,56
InsightlySoft,chat,2025-06-26 15:01:37,1,2,5,Basic,6176.27,47,1,AM_9,Integration,32.37642817,31.46905003,Other,Collaboration,0,0,0,0,27.7
InsightlySoft,web_form,2025-07-10 7:01:37,1,2,5,Basic,9647.43,17,0,AM_11,Security,66.1389128,29.61045127,Performance,Analytics,0,0,0,1,73.7
GlobalFinance Corp,web_form,2025-07-06 22:01:37,0,4,1,Basic,2314.85,58,4,AM_10,Integration,56.2067404,38.89757571,Bug,Billing,0,0,0,0,57.9
GlobalFinance Corp,web_form,2025-07-11 4:01:37,0,1,6,Pro,117.36,43,0,AM_4,"Analytics,Security",57.43490339,44.78571495,Other,Security,0,0,0,0,67.4
InsightlySoft,chat,2025-06-25 18:01:37,1,7,4,Basic,7417.07,32,0,AM_18,"Integration,Collaboration",36.7674051,38.6977204,Feature Request,Collaboration,0,0,0,1,53.3
InsightlySoft,email,2025-07-09 1:01:37,2,5,4,Basic,392.94,56,1,AM_9,Collaboration,56.10989236,33.24409107,Bug,Integration,0,0,0,0,48.9
InsightlySoft,chat,2025-06-30 18:01:37,1,2,2,Enterprise,3008.18,25,4,AM_17,"Integration,Analytics,Collaboration",38.32025357,24.89442159,How-To,Integration,1,0,0,1,53.4
InsightlySoft,email,2025-06-19 11:01:37,1,1,5,Basic,1537.02,52,1,AM_8,"Collaboration,Security",58.68690299,46.2679399,Performance,Integration,0,0,1,1,66.2
GlobalFinance Corp,web_form,2025-06-25 5:01:37,0,2,4,Basic,14497.59,7,1,AM_2,Billing,46.76985497,35.96282119,How-To,Billing,0,0,1,1,63.1
InsightlySoft,web_form,2025-06-19 16:01:37,2,4,5,Pro,7472.7,20,0,AM_3,"Security,Billing",34.70224003,41.83801215,Performance,Integration,0,1,0,1,60.7
InsightlySoft,web_form,2025-06-20 23:01:37,1,1,6,Basic,4604.44,29,0,AM_5,Collaboration,49.88639004,41.88242623,Feature Request,Integration,1,0,0,0,51.7
InsightlySoft,web_form,2025-06-27 23:01:37,2,3,6,Pro,666.72,19,0,AM_1,"Collaboration,Security",53.25767487,44.09412805,Feature Request,Analytics,1,0,0,0,68.8
InsightlySoft,web_form,2025-06-22 6:01:37,0,8,1,Enterprise,3603.86,11,2,AM_4,Security,54.09708923,48.30299472,Bug,Analytics,0,0,0,1,70.6
GlobalFinance Corp,email,2025-07-11 18:01:37,0,2,6,Pro,2546.92,33,1,AM_19,"Analytics,Collaboration,Integration",48.53503603,17.50895185,Performance,Analytics,1,0,0,0,52.8
InsightlySoft,email,2025-07-13 18:01:37,1,3,1,Pro,436.28,50,0,AM_12,"Security,Integration,Collaboration",27.77414131,37.26045357,Other,Collaboration,1,0,0,0,21.1
GlobalFinance Corp,web_form,2025-06-18 18:01:37,2,2,4,Basic,4749.57,55,2,AM_0,"Collaboration,Billing,Security",62.70536841,45.39681078,How-To,Integration,0,0,0,0,72.1
InsightlySoft,chat,2025-06-24 13:01:37,1,2,3,Basic,271.27,54,1,AM_13,"Analytics,Security,Billing",54.21878566,36.35140073,Performance,Billing,0,0,0,0,57.8
InsightlySoft,chat,2025-07-12 10:01:37,2,4,7,Basic,1971.08,15,0,AM_19,"Collaboration,Security,Integration",48.61842605,38.16844168,Other,Integration,0,0,0,0,50
GlobalFinance Corp,web_form,2025-07-05 11:01:37,1,9,7,Enterprise,1668.32,31,1,AM_10,Analytics,60.86141586,36.31520856,How-To,Integration,0,0,0,1,73.4
InsightlySoft,email,2025-06-18 10:01:37,0,3,4,Pro,4922.75,13,0,AM_1,"Integration,Collaboration",34.92192586,34.52480464,Feature Request,Collaboration,0,0,1,1,56.1
GlobalFinance Corp,chat,2025-07-07 7:01:37,1,5,2,Basic,1673.58,56,1,AM_14,Billing,44.37667389,27.03863292,Feature Request,Analytics,0,0,0,0,40.3
GlobalFinance Corp,chat,2025-06-26 16:01:37,1,3,5,Pro,3555.56,59,1,AM_6,"Billing,Security,Integration",58.09765975,31.74656056,Bug,Integration,0,0,0,0,66.1
InsightlySoft,chat,2025-06-26 0:01:37,1,1,5,Basic,1951.76,48,0,AM_4,Integration,69.76760185,26.54975589,Feature Request,Security,1,0,1,1,72.8
GlobalFinance Corp,web_form,2025-06-24 6:01:37,2,2,3,Pro,2616.97,19,2,AM_11,Security,43.4249402,40.44616494,Feature Request,Security,0,0,0,0,43.2
GlobalFinance Corp,chat,2025-07-06 21:01:37,0,2,1,Basic,827.42,6,1,AM_16,Collaboration,30.2394856,39.96687661,Feature Request,Analytics,0,0,0,0,36.5
GlobalFinance Corp,chat,2025-06-20 16:01:37,1,5,6,Pro,678.64,28,0,AM_15,Security,55.3270771,35.53300419,Performance,Analytics,1,0,0,0,64.2
GlobalFinance Corp,chat,2025-06-27 6:01:37,0,5,6,Pro,3712.73,22,0,AM_16,"Security,Analytics,Collaboration",61.81760396,17.07209043,Bug,Integration,0,0,1,1,82.8
GlobalFinance Corp,chat,2025-07-04 9:01:37,0,2,6,Basic,391.46,28,1,AM_6,Analytics,30.3541557,33.12844837,Performance,Security,0,0,0,0,23.7
GlobalFinance Corp,email,2025-06-20 6:01:37,3,2,6,Enterprise,580.7,16,0,AM_0,Collaboration,46.5848777,26.77317139,Other,Billing,0,0,1,1,64.1
GlobalFinance Corp,web_form,2025-06-17 17:01:37,3,6,3,Basic,8487.93,50,0,AM_1,Integration,59.2390655,27.54430488,Feature Request,Billing,0,0,0,1,70.8
GlobalFinance Corp,web_form,2025-07-07 22:01:37,0,2,2,Basic,876.39,33,1,AM_19,"Collaboration,Integration,Security",62.79117455,37.88454498,Other,Security,2,0,0,0,71.5
InsightlySoft,email,2025-07-04 3:01:37,1,6,6,Pro,1171.56,50,0,AM_4,Integration,32.25385086,43.13511812,Other,Analytics,0,0,0,0,38.5
InsightlySoft,email,2025-06-24 22:01:37,0,3,3,Enterprise,3008.77,41,1,AM_0,"Billing,Collaboration",45.48481399,46.70345389,Performance,Collaboration,0,0,0,1,47.7
GlobalFinance Corp,web_form,2025-06-27 9:01:37,0,2,6,Basic,1741.35,45,0,AM_12,"Billing,Analytics,Collaboration",42.9797042,38.6369981,Feature Request,Collaboration,0,0,0,0,36.1
InsightlySoft,chat,2025-07-07 16:01:37,2,3,2,Enterprise,2456.13,48,1,AM_0,"Collaboration,Billing,Security",37.83679326,47.50969852,Performance,Billing,0,0,0,1,54.7
GlobalFinance Corp,chat,2025-07-01 13:01:37,3,2,3,Pro,468.53,54,1,AM_18,Integration,50.06874467,25.57302941,How-To,Analytics,0,1,0,1,52.1
GlobalFinance Corp,web_form,2025-07-07 12:01:37,0,5,2,Pro,3347.96,51,1,AM_0,"Security,Billing,Analytics",51.33033225,29.06351975,How-To,Integration,0,0,0,0,52.8
InsightlySoft,chat,2025-06-25 4:01:37,1,1,4,Enterprise,510.88,26,4,AM_2,"Analytics,Integration",65.96839828,35.31636111,Feature Request,Security,1,0,0,1,79.7
GlobalFinance Corp,email,2025-06-30 9:01:37,1,4,2,Pro,4131.71,23,1,AM_4,"Analytics,Billing",23.73081317,41.18546344,Other,Billing,0,0,0,0,30.5
GlobalFinance Corp,chat,2025-06-26 5:01:37,1,4,5,Pro,2224.6,1,0,AM_18,"Integration,Billing",53.32542611,39.92863008,Performance,Collaboration,0,0,0,0,69.5
GlobalFinance Corp,chat,2025-07-14 0:01:37,0,5,2,Pro,5081.61,29,0,AM_11,"Analytics,Collaboration,Billing",40.03342315,42.02697478,Other,Collaboration,0,0,0,0,24.1
GlobalFinance Corp,chat,2025-07-11 20:01:37,1,4,6,Pro,568.7,8,0,AM_7,"Billing,Security,Integration",36.24913842,37.38909935,How-To,Integration,0,0,0,0,42.4
InsightlySoft,web_form,2025-06-30 16:01:37,1,3,2,Basic,1422.23,42,1,AM_4,"Security,Collaboration",45.29233936,36.46086415,Performance,Integration,0,0,0,0,50.1
GlobalFinance Corp,email,2025-06-18 14:01:37,1,3,4,Pro,5628.66,39,2,AM_14,"Collaboration,Integration,Analytics",50.84128623,49.12072084,Performance,Collaboration,0,0,0,0,60.7
GlobalFinance Corp,chat,2025-06-20 2:01:37,1,2,6,Pro,4809.06,3,1,AM_10,"Collaboration,Integration,Security",42.13815001,39.68532858,Performance,Analytics,0,0,0,0,41.8
GlobalFinance Corp,web_form,2025-06-22 19:01:37,2,1,1,Pro,10122.55,13,1,AM_14,"Collaboration,Integration,Security",45.35612653,37.1761217,Feature Request,Collaboration,0,0,0,1,52.5
InsightlySoft,chat,2025-06-16 2:01:37,2,2,2,Basic,752.93,20,3,AM_4,"Collaboration,Analytics,Billing",47.90416976,36.52507907,Feature Request,Security,0,0,0,0,54.8
GlobalFinance Corp,email,2025-06-25 18:01:37,2,5,4,Pro,2323.25,43,0,AM_5,"Analytics,Billing,Collaboration",52.19549519,29.91535809,Feature Request,Analytics,0,0,0,0,55.7
InsightlySoft,chat,2025-07-03 13:01:37,0,4,5,Basic,54.14,55,5,AM_3,Analytics,59.39693852,41.92158238,Performance,Integration,0,0,0,0,51
InsightlySoft,email,2025-06-18 11:01:37,2,2,4,Enterprise,10077.4,52,3,AM_4,"Security,Analytics,Integration",46.01854158,27.0210869,Other,Integration,0,0,0,1,53.6
GlobalFinance Corp,chat,2025-07-06 22:01:37,2,3,1,Basic,577.58,5,0,AM_12,Billing,48.99935902,21.5947641,Bug,Integration,0,0,0,0,53.9
GlobalFinance Corp,email,2025-06-21 1:01:37,0,2,7,Pro,7052.42,45,0,AM_11,Billing,48.35868812,50.05249323,Other,Security,0,1,0,1,45.2
InsightlySoft,chat,2025-06-15 3:01:37,0,6,1,Basic,3402.72,12,2,AM_5,"Security,Analytics",65.31092646,47.7865407,How-To,Integration,0,0,0,0,76.7
GlobalFinance Corp,email,2025-06-22 17:01:37,3,4,1,Pro,8286.66,48,2,AM_4,"Security,Collaboration,Billing",52.85537432,39.57352126,How-To,Analytics,1,0,0,1,66.2
InsightlySoft,chat,2025-06-26 16:01:37,2,6,5,Pro,855.97,17,0,AM_9,"Billing,Security,Integration",51.86609169,38.86042817,Feature Request,Integration,2,1,0,1,64.7
InsightlySoft,chat,2025-07-02 18:01:37,2,3,4,Pro,1270.11,14,0,AM_5,Integration,47.59698121,34.04120895,Bug,Integration,0,0,0,0,55.2
GlobalFinance Corp,web_form,2025-06-21 3:01:37,0,0,7,Basic,538.82,53,1,AM_8,Collaboration,48.2557603,32.45566031,Feature Request,Collaboration,0,0,0,0,42.2
GlobalFinance Corp,web_form,2025-06-23 23:01:37,2,2,2,Enterprise,1646.8,26,0,AM_19,"Collaboration,Security",28.54652297,21.39010349,Other,Collaboration,2,0,1,1,43.6
InsightlySoft,email,2025-06-26 9:01:37,2,5,5,Basic,8840.8,30,1,AM_17,Billing,43.74724372,27.47259445,Feature Request,Security,0,0,0,1,55.8
InsightlySoft,chat,2025-07-02 3:01:37,1,4,4,Enterprise,2540.04,42,1,AM_3,Integration,53.31631165,28.48348974,How-To,Analytics,1,0,0,1,59.8
InsightlySoft,email,2025-07-11 3:01:37,0,2,6,Pro,1614.21,45,1,AM_12,"Security,Collaboration,Billing",48.09692603,36.47733027,How-To,Analytics,1,0,0,0,53.6
InsightlySoft,web_form,2025-06-26 12:01:37,1,1,5,Basic,1178.53,32,0,AM_3,"Integration,Collaboration,Security",46.34562506,49.92289585,Feature Request,Collaboration,0,1,0,1,73.8
GlobalFinance Corp,email,2025-06-22 5:01:37,3,4,1,Pro,2636.71,30,2,AM_12,Collaboration,62.26037554,23.70766589,Other,Analytics,0,1,0,1,78.8
GlobalFinance Corp,email,2025-07-13 20:01:37,0,6,1,Pro,3853.57,12,0,AM_10,"Analytics,Billing",51.96118193,40.86819913,Performance,Integration,1,0,0,0,52
GlobalFinance Corp,web_form,2025-06-21 10:01:37,1,8,7,Pro,1566.61,36,0,AM_10,"Billing,Analytics",36.21308686,41.55083398,Other,Security,0,0,1,1,54.8
GlobalFinance Corp,chat,2025-06-23 5:01:37,3,2,2,Basic,787.6,19,1,AM_18,"Security,Integration,Collaboration",32.21856841,22.54136855,Feature Request,Collaboration,0,0,0,0,36.4
GlobalFinance Corp,email,2025-06-16 15:01:37,1,1,2,Enterprise,2638.46,44,0,AM_0,"Billing,Security",57.48892427,24.40834379,Other,Integration,1,0,0,1,86.1
InsightlySoft,web_form,2025-06-23 19:01:37,0,3,2,Pro,1365.05,25,2,AM_13,Billing,39.00576156,37.94894928,How-To,Collaboration,1,0,0,0,35.9
GlobalFinance Corp,chat,2025-06-15 0:01:37,1,2,1,Basic,15514.75,33,1,AM_12,"Collaboration,Billing,Security",50.74017249,38.37286846,Bug,Collaboration,1,0,0,1,77.1
GlobalFinance Corp,web_form,2025-06-25 7:01:37,1,4,4,Pro,1745.06,42,0,AM_6,"Security,Billing,Integration",55.97957813,45.90703499,How-To,Security,0,0,0,0,70.9
GlobalFinance Corp,email,2025-07-10 13:01:37,0,2,5,Basic,1710.08,21,2,AM_0,Billing,50.69541293,39.73678164,How-To,Security,0,0,1,1,65.8
GlobalFinance Corp,chat,2025-06-20 11:01:37,1,6,6,Basic,5487.77,58,1,AM_12,"Integration,Security,Billing",63.79908889,26.42107243,Performance,Collaboration,0,1,0,1,80.7
GlobalFinance Corp,chat,2025-06-16 15:01:37,0,2,2,Basic,867.12,2,4,AM_4,"Billing,Analytics,Collaboration",46.33180517,36.06927626,Feature Request,Integration,1,0,0,0,54.2
InsightlySoft,web_form,2025-06-16 5:01:37,0,0,2,Enterprise,204.79,37,0,AM_7,"Analytics,Billing",51.0561672,30.23773457,Performance,Billing,0,0,1,1,52.9
InsightlySoft,web_form,2025-07-08 21:01:37,0,4,3,Basic,5768.73,21,2,AM_13,"Analytics,Billing,Integration",43.7966256,19.49770472,Performance,Integration,0,0,1,1,53.5
InsightlySoft,web_form,2025-07-09 0:01:37,1,3,4,Pro,2667.78,26,0,AM_1,"Billing,Collaboration",45.19828351,41.77487905,Feature Request,Analytics,0,0,0,0,55.8
GlobalFinance Corp,chat,2025-06-20 16:01:37,1,3,6,Basic,903.95,32,1,AM_18,"Integration,Security",56.02244662,40.68930807,Other,Collaboration,1,0,1,1,71
InsightlySoft,chat,2025-06-15 4:01:37,2,1,1,Basic,1259.11,27,2,AM_3,"Collaboration,Integration,Security",57.25492476,34.69005542,Bug,Collaboration,0,0,0,0,66.2
InsightlySoft,email,2025-07-05 6:01:37,2,5,7,Basic,1663.55,17,0,AM_1,"Integration,Analytics,Billing",32.4606809,49.54412317,Performance,Security,0,0,1,1,46.2
GlobalFinance Corp,chat,2025-07-03 1:01:37,1,4,5,Enterprise,3421.97,4,2,AM_3,Integration,40.27081676,25.95701151,Performance,Analytics,0,0,0,1,67.5
GlobalFinance Corp,email,2025-06-16 6:01:37,1,2,2,Basic,1894.36,39,1,AM_5,"Billing,Collaboration,Integration",50.10251934,44.03995396,Other,Billing,1,0,0,0,55.7
GlobalFinance Corp,web_form,2025-06-26 19:01:37,0,4,5,Basic,1511.65,15,1,AM_17,"Integration,Analytics,Collaboration",53.8647121,30.06194582,Feature Request,Billing,0,0,0,0,45.8
InsightlySoft,web_form,2025-07-13 2:01:37,0,4,1,Basic,4548.75,33,4,AM_0,"Billing,Analytics,Integration",35.76857323,39.84781742,How-To,Security,1,0,0,0,40.4
InsightlySoft,chat,2025-06-23 3:01:37,0,2,2,Basic,223.68,14,0,AM_12,"Integration,Collaboration,Security",42.46416815,43.69590713,Other,Billing,0,0,1,1,68.9
GlobalFinance Corp,web_form,2025-06-16 4:01:37,0,4,2,Enterprise,3171.29,26,0,AM_14,Security,53.40593659,29.2224321,How-To,Collaboration,0,0,0,1,59.6
GlobalFinance Corp,web_form,2025-06-17 3:01:37,0,3,3,Enterprise,1787.64,47,2,AM_8,"Analytics,Security,Integration",55.23536111,31.11110439,Bug,Billing,2,0,0,1,62.8
InsightlySoft,chat,2025-07-05 23:01:37,2,3,7,Basic,1223.24,2,0,AM_1,"Billing,Integration,Security",51.94372493,38.98309484,Performance,Billing,0,0,0,0,59.6
InsightlySoft,email,2025-07-02 4:01:37,0,1,4,Basic,7875.64,20,1,AM_13,"Billing,Analytics,Collaboration",46.40729648,27.67968978,Bug,Integration,1,0,0,1,58.9
GlobalFinance Corp,chat,2025-07-11 4:01:37,2,4,6,Pro,4514.28,26,1,AM_3,"Collaboration,Billing",38.00398949,41.01595836,How-To,Billing,0,1,0,1,43.5
GlobalFinance Corp,email,2025-06-28 5:01:37,3,3,7,Basic,742.53,2,2,AM_18,Billing,44.26303559,36.61315504,How-To,Integration,1,0,0,0,40.1
InsightlySoft,chat,2025-07-04 5:01:37,2,2,6,Enterprise,3169.56,48,2,AM_19,"Integration,Billing",58.12585676,38.81410866,How-To,Analytics,0,0,0,1,66.7
GlobalFinance Corp,chat,2025-06-22 13:01:37,2,3,1,Basic,5182.75,2,0,AM_4,"Integration,Billing,Collaboration",57.16416337,30.00897442,Performance,Integration,0,1,0,1,68
InsightlySoft,web_form,2025-06-28 21:01:37,0,3,7,Basic,13623.65,48,1,AM_8,"Billing,Integration,Analytics",39.3981929,29.5945896,Feature Request,Analytics,0,0,0,1,58.1
InsightlySoft,chat,2025-06-26 6:01:37,1,2,5,Basic,3596.21,17,1,AM_19,Billing,63.93037213,24.76918039,Feature Request,Security,0,0,0,0,57.8
InsightlySoft,chat,2025-07-13 9:01:37,2,4,1,Enterprise,3520.24,18,1,AM_19,"Analytics,Integration",40.33856167,38.17804568,Performance,Collaboration,1,0,0,1,55.7
InsightlySoft,email,2025-07-03 22:01:37,1,0,5,Basic,2850.26,51,0,AM_16,"Security,Analytics",49.50379483,26.33096928,Feature Request,Security,0,0,0,0,50.9
GlobalFinance Corp,web_form,2025-07-05 0:01:37,0,1,7,Basic,122.47,48,0,AM_15,"Integration,Security,Collaboration",37.5006259,33.41879242,Feature Request,Security,2,0,0,0,47.8
GlobalFinance Corp,email,2025-06-23 7:01:37,1,4,2,Basic,2638.84,4,1,AM_16,"Integration,Billing",64.9349413,42.1480097,Performance,Security,1,0,0,1,87
InsightlySoft,email,2025-07-01 22:01:37,1,2,3,Basic,4905,17,3,AM_19,"Billing,Collaboration",56.49617457,50.93476512,Feature Request,Analytics,0,0,0,0,49
InsightlySoft,web_form,2025-07-11 20:01:37,2,5,6,Basic,1509.66,33,2,AM_19,"Collaboration,Analytics,Security",49.87179258,38.71013302,Feature Request,Billing,0,0,0,0,64.1
InsightlySoft,web_form,2025-06-25 20:01:37,0,3,4,Basic,2652.77,23,0,AM_6,"Security,Analytics,Collaboration",43.76728092,36.74621889,Other,Integration,0,0,0,0,36.4
InsightlySoft,web_form,2025-06-26 11:01:37,2,6,5,Enterprise,7830.93,53,1,AM_0,"Billing,Analytics",69.75939193,25.28374554,Bug,Security,0,0,0,1,83.5
InsightlySoft,chat,2025-06-29 14:01:37,1,3,1,Basic,566.35,13,0,AM_11,"Analytics,Billing,Collaboration",53.20295543,32.20737371,Bug,Security,0,0,0,0,47.4
GlobalFinance Corp,web_form,2025-06-24 17:01:37,1,3,3,Basic,987.5,7,0,AM_19,Analytics,68.39112966,32.54209118,Bug,Billing,1,1,0,1,94.5
GlobalFinance Corp,web_form,2025-07-08 18:01:37,2,3,3,Enterprise,350.67,58,1,AM_16,"Collaboration,Integration,Security",49.50204745,39.17668891,Other,Security,0,0,0,1,56.9
GlobalFinance Corp,web_form,2025-07-13 18:01:37,0,2,1,Enterprise,2080.91,41,1,AM_14,"Analytics,Integration",49.79790029,33.36766767,Bug,Analytics,2,0,0,1,56.7
GlobalFinance Corp,email,2025-06-27 1:01:37,3,3,6,Pro,5491.18,46,1,AM_5,"Security,Billing",56.36651693,52.55371402,How-To,Analytics,0,1,0,1,73.4
InsightlySoft,email,2025-07-07 11:01:37,0,1,2,Pro,1713.94,1,1,AM_12,"Security,Billing,Integration",49.91291236,40.0072612,Bug,Billing,0,0,0,0,64.2
InsightlySoft,chat,2025-07-01 5:01:37,1,5,3,Enterprise,217.2,40,1,AM_11,Security,50.68749151,41.87891088,Performance,Analytics,0,0,0,1,61.6
InsightlySoft,email,2025-06-16 19:01:37,0,2,2,Basic,917.69,42,0,AM_2,"Collaboration,Billing,Security",51.81761121,40.00696914,Bug,Security,1,0,0,0,61.4
InsightlySoft,chat,2025-06-30 6:01:37,1,0,2,Pro,6613.83,31,0,AM_7,Billing,56.74807219,28.05458584,How-To,Security,0,0,0,0,47.3
InsightlySoft,email,2025-07-14 0:01:37,0,9,2,Basic,2446.11,36,0,AM_15,Analytics,40.2908836,31.47108346,Bug,Collaboration,1,0,0,0,32.5
GlobalFinance Corp,web_form,2025-07-12 22:01:37,1,3,7,Basic,7362.71,25,1,AM_14,Integration,48.33322233,32.12592452,Feature Request,Collaboration,0,0,0,1,45
InsightlySoft,email,2025-07-08 7:01:37,0,5,3,Basic,5395.23,45,0,AM_6,Integration,42.99992663,45.52387054,How-To,Billing,0,1,0,1,67.2
GlobalFinance Corp,chat,2025-06-29 1:01:37,0,1,1,Pro,1604.8,50,2,AM_15,Billing,54.49072326,44.03111254,Performance,Security,0,0,0,0,51.8
GlobalFinance Corp,email,2025-06-28 0:01:37,0,4,7,Enterprise,3011.63,41,1,AM_10,Collaboration,48.22570778,38.55508912,Feature Request,Security,1,0,0,1,53.2
GlobalFinance Corp,web_form,2025-07-05 9:01:37,2,4,7,Pro,3275.73,40,0,AM_3,"Security,Analytics",42.51637393,37.85688322,Feature Request,Integration,0,0,0,0,56.5
GlobalFinance Corp,chat,2025-07-05 17:01:37,1,3,7,Basic,4120.7,30,2,AM_15,Billing,62.44558799,41.39328345,Other,Analytics,0,0,1,1,75.9
InsightlySoft,web_form,2025-06-21 2:01:37,0,4,7,Pro,1214.75,38,1,AM_3,Collaboration,59.82876914,24.01768474,Feature Request,Billing,1,0,0,0,76.8
GlobalFinance Corp,web_form,2025-07-13 11:01:37,0,2,1,Pro,1023.2,21,0,AM_10,"Security,Integration",59.86514046,37.08254543,Bug,Billing,0,0,0,0,55.7
GlobalFinance Corp,chat,2025-07-12 7:01:37,2,3,7,Pro,3461.63,19,2,AM_15,Integration,61.0995988,24.03498341,Feature Request,Analytics,0,1,0,1,72.5
GlobalFinance Corp,web_form,2025-06-30 1:01:37,1,5,2,Pro,5123.7,16,1,AM_15,"Analytics,Collaboration",53.88789107,34.01795787,Feature Request,Integration,0,0,1,1,76.7
InsightlySoft,web_form,2025-06-26 5:01:37,1,2,5,Basic,1604.57,33,2,AM_6,Analytics,54.73667553,43.2218886,Other,Collaboration,0,1,0,1,70.6
InsightlySoft,email,2025-07-04 23:01:37,2,3,6,Pro,1161.71,47,0,AM_5,"Analytics,Security",46.28894837,28.33505067,Bug,Integration,0,0,1,1,58
InsightlySoft,web_form,2025-07-10 7:01:37,3,2,5,Basic,5238.12,6,1,AM_9,"Integration,Security,Billing",61.47015576,46.55629104,Bug,Collaboration,0,0,0,0,57.9
GlobalFinance Corp,web_form,2025-07-06 19:01:37,0,4,1,Pro,3484.18,42,1,AM_18,"Integration,Analytics",49.7810109,41.87563832,Feature Request,Collaboration,1,1,0,1,65
GlobalFinance Corp,web_form,2025-06-22 16:01:37,2,1,1,Enterprise,1262.73,37,1,AM_19,"Security,Integration,Analytics",42.42151154,36.39060694,Performance,Integration,0,0,0,1,59.4
InsightlySoft,web_form,2025-06-16 11:01:37,1,1,2,Basic,2262.94,8,3,AM_14,"Analytics,Collaboration",52.39164628,35.91925469,Performance,Billing,1,0,0,0,53.2
GlobalFinance Corp,chat,2025-06-20 11:01:37,1,3,6,Basic,9722.02,1,0,AM_3,"Integration,Collaboration,Analytics",44.46020023,28.19191423,Bug,Security,1,0,0,1,54.2
InsightlySoft,email,2025-06-21 4:01:37,0,2,7,Enterprise,4157.34,13,1,AM_5,"Security,Analytics,Collaboration",57.31518369,26.77958917,Performance,Billing,0,0,0,1,63.9
InsightlySoft,web_form,2025-07-04 13:01:37,0,3,6,Enterprise,751.79,26,2,AM_18,"Collaboration,Analytics",55.76641894,28.87676643,Bug,Security,1,0,0,1,56.2
GlobalFinance Corp,web_form,2025-07-11 14:01:37,3,5,6,Basic,1048.8,16,1,AM_19,Security,56.76306168,31.41372415,Bug,Billing,0,0,0,0,54.6
GlobalFinance Corp,chat,2025-06-21 23:01:37,2,2,7,Basic,924.56,49,0,AM_11,"Billing,Collaboration,Analytics",33.93357661,38.84211253,How-To,Integration,0,0,0,0,53.1
GlobalFinance Corp,web_form,2025-07-03 15:01:37,0,1,5,Basic,5658.52,39,2,AM_5,"Collaboration,Security",30.66259557,28.50622532,Bug,Integration,1,0,0,0,31.4
GlobalFinance Corp,chat,2025-07-01 13:01:37,0,4,3,Basic,3076.8,47,0,AM_12,"Billing,Integration,Collaboration",50.10281366,32.81578174,How-To,Integration,0,0,0,0,52.1
InsightlySoft,email,2025-07-09 17:01:37,0,3,4,Enterprise,8440.1,56,2,AM_4,"Collaboration,Security",50.13908487,42.37563928,Feature Request,Security,0,0,0,1,52.8
InsightlySoft,email,2025-07-13 17:01:37,1,6,1,Basic,286.01,46,0,AM_13,"Integration,Collaboration,Billing",61.36866094,25.05135783,Other,Billing,0,0,0,0,66
InsightlySoft,web_form,2025-06-26 18:01:37,1,3,5,Pro,160.21,58,0,AM_13,"Collaboration,Billing",42.03177453,25.39455595,Bug,Collaboration,0,0,0,0,46.9
InsightlySoft,web_form,2025-07-08 2:01:37,0,4,3,Enterprise,3382.9,28,1,AM_16,Integration,38.52416859,34.45064001,Feature Request,Billing,0,0,0,1,43.8
InsightlySoft,web_form,2025-06-19 22:01:37,1,1,5,Basic,930.29,49,2,AM_3,"Analytics,Billing,Collaboration",40.72740342,36.64990211,Bug,Billing,0,0,0,0,39.5
GlobalFinance Corp,chat,2025-07-10 0:01:37,1,6,5,Basic,3410.55,57,0,AM_7,Analytics,37.42091408,35.98221255,Bug,Analytics,1,0,0,0,40.3
InsightlySoft,web_form,2025-06-23 20:01:37,3,4,2,Enterprise,3856.31,23,0,AM_0,"Security,Billing",43.20962953,45.79704312,Other,Billing,0,0,0,1,41.1
InsightlySoft,web_form,2025-07-07 20:01:37,1,4,2,Pro,1089.29,7,0,AM_11,Security,36.40778902,28.95884663,How-To,Collaboration,1,0,0,0,36.7
InsightlySoft,email,2025-06-15 11:01:37,2,4,1,Basic,9151.71,24,0,AM_12,Security,48.98136406,25.86328696,Bug,Billing,1,0,0,1,65.6
GlobalFinance Corp,web_form,2025-07-07 11:01:37,0,4,2,Pro,4471.51,46,0,AM_19,"Billing,Integration",48.41447496,20.39909351,Bug,Analytics,0,1,0,1,63.5
GlobalFinance Corp,email,2025-07-14 17:01:37,1,1,2,Enterprise,1373.54,8,0,AM_4,"Collaboration,Integration",41.2590083,33.78927846,How-To,Analytics,0,0,0,1,57.7
GlobalFinance Corp,web_form,2025-07-11 4:01:37,1,2,6,Basic,1593.69,45,1,AM_6,Integration,38.25193475,38.79992797,Performance,Collaboration,0,0,0,0,36.6
GlobalFinance Corp,email,2025-06-20 20:01:37,1,5,6,Basic,3774.99,1,1,AM_2,"Integration,Security",36.87808134,39.19926833,Other,Billing,0,0,0,0,34.2
InsightlySoft,web_form,2025-07-01 10:01:37,2,2,3,Basic,1087.38,4,0,AM_18,"Analytics,Integration",24.29612268,34.4883878,Other,Integration,0,0,0,0,20.6
InsightlySoft,email,2025-06-28 1:01:37,0,5,7,Enterprise,1050.27,43,2,AM_6,"Billing,Analytics",41.08331477,32.96545827,Bug,Integration,0,0,0,1,60.8
GlobalFinance Corp,chat,2025-06-28 20:01:37,0,2,7,Basic,2941.76,41,3,AM_16,Billing,43.37798775,37.39203836,Other,Analytics,2,0,1,1,50.1
GlobalFinance Corp,email,2025-06-14 20:01:37,1,0,7,Basic,434.36,19,0,AM_12,"Billing,Analytics,Integration",27.82096038,37.66896098,Performance,Collaboration,0,0,1,1,28.8
InsightlySoft,email,2025-06-19 1:01:37,0,3,5,Basic,15036.12,22,0,AM_18,Billing,62.01470442,28.06125527,Bug,Integration,2,0,0,1,83
InsightlySoft,email,2025-07-01 12:01:37,2,4,3,Enterprise,1015.82,36,0,AM_12,"Collaboration,Security,Integration",57.19306389,40.72986715,How-To,Analytics,0,0,0,1,70.7
GlobalFinance Corp,web_form,2025-07-04 8:01:37,0,1,6,Basic,1447.27,1,0,AM_7,"Analytics,Collaboration,Security",46.28385863,40.82595069,How-To,Analytics,0,0,0,0,49.3
GlobalFinance Corp,web_form,2025-06-22 21:01:37,2,1,1,Pro,761.83,19,1,AM_7,"Security,Integration,Analytics",27.51390103,23.38557186,Bug,Billing,1,0,0,0,22.7
GlobalFinance Corp,web_form,2025-06-16 15:01:37,1,4,2,Basic,3094.23,51,1,AM_12,"Analytics,Collaboration,Integration",59.27277955,32.07846017,How-To,Collaboration,0,0,0,0,67.4
GlobalFinance Corp,chat,2025-06-21 15:01:37,4,3,7,Pro,187.19,29,0,AM_1,Integration,43.44693346,27.20616085,How-To,Integration,0,0,0,0,47.7
InsightlySoft,chat,2025-06-18 19:01:37,0,3,4,Pro,7885.31,19,0,AM_2,Collaboration,32.30006487,34.64551005,Bug,Billing,0,0,1,1,52.2
InsightlySoft,email,2025-06-14 21:01:37,1,3,7,Basic,1087.15,43,2,AM_12,Integration,35.51107547,30.56728993,Feature Request,Security,0,0,1,1,40.7
InsightlySoft,chat,2025-07-04 2:01:37,1,2,6,Basic,7867.35,6,0,AM_16,"Integration,Analytics,Billing",42.73140336,37.39163505,Other,Collaboration,0,0,0,1,60.1
GlobalFinance Corp,email,2025-07-01 23:01:37,0,2,3,Basic,877.24,25,2,AM_5,Billing,38.48569298,26.79438098,Other,Analytics,1,0,0,0,34.1
GlobalFinance Corp,email,2025-07-08 18:01:37,1,3,3,Basic,2163.33,39,0,AM_2,Analytics,41.48415614,39.13841609,Feature Request,Billing,0,0,0,0,30.2
InsightlySoft,email,2025-06-17 8:01:37,2,2,3,Pro,3564.02,23,0,AM_0,"Billing,Collaboration,Security",28.18841233,54.60670975,How-To,Integration,0,0,0,0,22.9
InsightlySoft,chat,2025-06-28 11:01:37,0,4,7,Basic,2845.1,1,1,AM_14,"Collaboration,Security,Billing",62.27544482,38.36917784,Other,Analytics,0,0,0,0,54.4
InsightlySoft,web_form,2025-06-16 14:01:37,0,2,2,Pro,2155.35,15,2,AM_7,"Security,Integration",57.64458838,46.12012766,Performance,Analytics,1,0,1,1,84.7
InsightlySoft,chat,2025-07-07 17:01:37,0,3,2,Basic,4661.05,25,1,AM_11,"Collaboration,Analytics",40.33864313,34.35274049,Feature Request,Integration,2,0,0,0,53.5
GlobalFinance Corp,email,2025-07-02 8:01:37,0,1,4,Basic,1907.43,4,0,AM_6,Security,56.61240969,27.63749276,How-To,Security,1,0,0,0,43.3
InsightlySoft,email,2025-07-05 1:01:37,1,4,7,Basic,1215.68,45,1,AM_15,Integration,43.31038701,32.96276054,Performance,Collaboration,2,0,0,0,51.3
InsightlySoft,chat,2025-07-03 11:01:37,0,2,5,Basic,3803.86,56,0,AM_7,Security,48.29065359,40.30091092,Feature Request,Collaboration,0,0,0,0,43.1
InsightlySoft,email,2025-07-12 6:01:37,0,4,7,Basic,8306.82,44,0,AM_8,Billing,36.0210588,35.66509217,How-To,Analytics,1,0,0,1,49.7
InsightlySoft,email,2025-07-02 10:01:37,0,3,4,Pro,2759.28,1,1,AM_7,"Integration,Security,Billing",53.26424178,33.11997668,Bug,Billing,0,0,0,0,57.1
InsightlySoft,chat,2025-06-25 7:01:37,3,4,4,Basic,984.3,40,0,AM_5,"Billing,Integration,Security",56.08890448,41.79585384,How-To,Security,0,0,0,0,52
InsightlySoft,chat,2025-07-04 23:01:37,1,5,6,Enterprise,4316.67,57,1,AM_0,"Billing,Collaboration",50.22756048,35.1560439,Performance,Security,1,0,0,1,59.7
InsightlySoft,chat,2025-06-16 13:01:37,0,5,2,Enterprise,4305.51,21,0,AM_15,"Billing,Security,Analytics",42.71873235,23.0064834,Other,Analytics,0,0,1,1,49.1
GlobalFinance Corp,email,2025-06-15 8:01:37,1,3,1,Enterprise,931.27,55,0,AM_0,"Collaboration,Integration,Billing",28.06605154,40.66858732,Feature Request,Billing,0,0,1,1,39.7
GlobalFinance Corp,email,2025-07-05 0:01:37,1,2,7,Enterprise,1456.6,43,0,AM_12,Collaboration,56.61942793,37.69752924,Bug,Integration,0,0,0,1,66.3
GlobalFinance Corp,web_form,2025-06-29 10:01:37,1,2,1,Enterprise,455.77,10,1,AM_10,"Billing,Integration",45.97695863,44.88355706,Feature Request,Integration,1,0,0,1,56.2
GlobalFinance Corp,web_form,2025-06-15 19:01:37,1,1,1,Basic,249.06,2,2,AM_10,"Analytics,Security,Integration",40.21758137,38.99521154,How-To,Analytics,0,0,1,1,48.7
InsightlySoft,chat,2025-07-05 2:01:37,1,3,7,Basic,4940.84,17,2,AM_18,"Billing,Analytics,Integration",41.80158353,31.0570501,Bug,Billing,1,0,0,0,52.6
GlobalFinance Corp,web_form,2025-06-24 7:01:37,0,3,3,Pro,1398.4,13,0,AM_18,"Billing,Integration",50.7772187,38.43221398,Other,Security,0,0,0,0,54.3
GlobalFinance Corp,email,2025-06-18 23:01:37,2,1,4,Basic,990.98,27,1,AM_10,Analytics,35.78627702,34.90659395,Feature Request,Security,0,0,0,0,51.2
InsightlySoft,web_form,2025-06-23 19:01:37,3,0,2,Enterprise,887.51,54,0,AM_14,Integration,52.25104987,37.42573726,Feature Request,Security,0,0,0,1,71.3
InsightlySoft,email,2025-06-20 2:01:37,2,2,6,Basic,233.25,41,1,AM_9,Billing,45.46830499,44.34023034,Performance,Collaboration,0,0,0,0,47
GlobalFinance Corp,chat,2025-06-28 21:01:37,1,1,7,Pro,12571.79,48,1,AM_19,"Integration,Collaboration,Security",40.87144207,32.73135502,How-To,Security,1,0,0,1,45
GlobalFinance Corp,chat,2025-06-15 18:01:37,0,5,1,Pro,1372.07,28,0,AM_15,"Security,Collaboration,Billing",40.05269904,33.64686044,Performance,Integration,0,0,0,0,30.7
InsightlySoft,email,2025-06-26 22:01:37,2,4,5,Enterprise,538.28,49,1,AM_2,"Integration,Billing",51.50082516,16.89906101,Bug,Billing,0,0,0,1,56.9
GlobalFinance Corp,web_form,2025-06-15 17:01:37,0,3,1,Pro,5988.4,10,0,AM_1,"Security,Integration,Analytics",23.20439393,49.30572946,Feature Request,Security,0,0,1,1,29.3
InsightlySoft,chat,2025-06-17 20:01:37,1,6,3,Basic,3852.51,49,0,AM_13,Security,41.58205274,35.8932698,Bug,Analytics,1,0,0,0,50.5
InsightlySoft,chat,2025-06-29 14:01:37,2,5,1,Basic,3259.64,52,2,AM_14,Security,54.45302885,31.04840754,Other,Analytics,0,0,0,0,58.5
InsightlySoft,web_form,2025-07-06 8:01:37,0,3,1,Enterprise,1058.11,10,0,AM_7,"Collaboration,Analytics,Security",46.94424405,43.5238603,Other,Integration,0,0,0,1,70.6
InsightlySoft,web_form,2025-07-08 16:01:37,2,6,3,Enterprise,1610.78,54,4,AM_0,"Analytics,Collaboration,Billing",60.12485368,46.21829558,Performance,Security,0,0,0,1,77.5
GlobalFinance Corp,email,2025-06-18 3:01:37,0,4,4,Enterprise,5518.2,46,1,AM_13,Integration,49.35916283,23.7224685,Performance,Integration,0,0,1,1,58.2
InsightlySoft,web_form,2025-06-25 17:01:37,1,1,4,Pro,3064.1,47,1,AM_13,"Collaboration,Integration,Analytics",41.39330557,31.29893472,Performance,Integration,0,0,0,0,33.8
InsightlySoft,web_form,2025-07-09 3:01:37,1,5,4,Basic,1272.35,9,0,AM_18,"Analytics,Billing,Integration",45.59526926,38.1397949,Feature Request,Integration,0,0,0,0,39.9
GlobalFinance Corp,web_form,2025-06-18 16:01:37,0,8,4,Pro,347.17,34,0,AM_7,"Security,Analytics",49.44508534,27.06861416,Other,Collaboration,0,1,0,1,61.9
InsightlySoft,email,2025-07-03 18:01:37,0,2,5,Enterprise,6915.88,46,0,AM_8,"Collaboration,Security",39.9004995,31.30436011,Other,Security,2,0,1,1,45.1
GlobalFinance Corp,email,2025-07-12 2:01:37,0,2,7,Basic,9339.32,53,1,AM_14,"Integration,Security,Collaboration",54.08208333,25.74169968,Performance,Analytics,0,0,0,1,77.3
GlobalFinance Corp,chat,2025-06-24 7:01:37,0,4,3,Basic,3806.01,39,1,AM_11,Integration,66.18509622,36.24304884,Other,Collaboration,1,0,0,0,64.9
GlobalFinance Corp,email,2025-06-17 19:01:37,1,4,3,Basic,3527.05,4,2,AM_17,Analytics,36.32919114,28.05988532,Feature Request,Integration,1,0,0,0,35.2
InsightlySoft,chat,2025-07-13 1:01:37,1,1,1,Pro,2314.69,45,2,AM_0,"Billing,Integration,Collaboration",54.24655059,55.60329245,How-To,Analytics,0,0,0,0,50.2
GlobalFinance Corp,web_form,2025-07-02 10:01:37,2,0,4,Pro,10674.65,54,0,AM_14,"Analytics,Security,Billing",40.23854821,49.69246038,Feature Request,Integration,0,0,0,1,43.8
GlobalFinance Corp,chat,2025-07-14 15:01:37,1,3,2,Pro,3553.99,54,0,AM_0,"Integration,Collaboration",41.13528989,27.16821676,Bug,Collaboration,0,0,1,1,42.7
InsightlySoft,chat,2025-06-15 8:01:37,2,2,1,Basic,239.51,4,1,AM_0,Security,44.24268995,21.75428837,Bug,Billing,1,0,0,0,50.5
GlobalFinance Corp,web_form,2025-07-10 4:01:37,0,6,5,Basic,288.64,4,0,AM_1,Collaboration,42.03404734,24.16641711,Performance,Integration,0,0,0,0,47.2
GlobalFinance Corp,chat,2025-07-05 13:01:37,0,2,7,Pro,9937.29,41,1,AM_3,"Security,Integration",54.41888443,32.09299847,Bug,Integration,0,0,1,1,66.7
GlobalFinance Corp,email,2025-06-29 8:01:37,1,2,1,Enterprise,8608.86,11,2,AM_16,Integration,48.48513126,37.33366768,Performance,Analytics,0,0,0,1,65.2
GlobalFinance Corp,email,2025-06-29 10:01:37,1,3,1,Basic,2448.22,1,2,AM_1,"Security,Billing",46.07957915,25.27235201,How-To,Analytics,0,0,0,0,36.5
GlobalFinance Corp,email,2025-06-26 14:01:37,0,4,5,Basic,722.93,45,2,AM_6,Security,51.5522654,33.62210572,Feature Request,Integration,1,0,1,1,64.4
InsightlySoft,email,2025-07-14 14:01:37,0,4,2,Pro,2627.65,21,2,AM_9,"Analytics,Billing,Collaboration",52.14960694,34.05482743,Other,Security,0,0,0,0,48.3
GlobalFinance Corp,chat,2025-07-04 14:01:37,0,1,6,Basic,4325.98,59,0,AM_9,"Billing,Collaboration",47.79532542,26.21274094,Bug,Analytics,0,0,1,1,50.6
GlobalFinance Corp,chat,2025-07-07 20:01:37,1,2,2,Basic,24.95,25,1,AM_12,"Analytics,Billing",58.01464515,47.03468272,How-To,Billing,0,0,0,0,55
InsightlySoft,web_form,2025-07-13 16:01:37,1,8,1,Pro,5191.64,9,0,AM_4,Analytics,48.97569793,38.48732219,Feature Request,Billing,0,0,0,0,50.5
InsightlySoft,chat,2025-06-28 7:01:37,0,3,7,Pro,1875.33,25,2,AM_6,"Billing,Collaboration",69.12704409,39.6094883,How-To,Integration,0,0,1,1,95.2
InsightlySoft,chat,2025-06-25 0:01:37,1,3,4,Basic,1866.19,18,1,AM_13,"Integration,Collaboration",38.86179233,55.38174984,Feature Request,Analytics,0,0,0,0,35.8
GlobalFinance Corp,chat,2025-07-14 1:01:37,1,3,2,Enterprise,1709.11,7,0,AM_17,Integration,33.00459468,27.21684067,Bug,Billing,0,0,0,1,44.9
InsightlySoft,web_form,2025-07-10 22:01:37,1,2,5,Basic,3531.47,46,2,AM_18,"Integration,Security,Collaboration",49.91323513,43.35883127,Performance,Collaboration,0,0,0,0,54.8
GlobalFinance Corp,email,2025-06-24 15:01:37,2,2,3,Basic,705.12,26,0,AM_19,Analytics,57.11754225,49.35213668,Feature Request,Billing,0,0,0,0,44
GlobalFinance Corp,chat,2025-06-22 3:01:37,1,2,1,Basic,2799.25,56,0,AM_9,Billing,44.6086577,48.12344266,Feature Request,Analytics,2,0,0,0,52.5
InsightlySoft,web_form,2025-07-06 5:01:37,0,1,1,Pro,135.3,49,1,AM_7,Integration,39.7845016,41.17298935,How-To,Integration,0,0,0,0,29.5
InsightlySoft,web_form,2025-06-23 20:01:37,3,5,2,Enterprise,5003.58,18,1,AM_1,"Collaboration,Analytics",48.05220365,21.91975419,Bug,Billing,0,0,1,1,43.5
GlobalFinance Corp,web_form,2025-06-28 2:01:37,1,6,7,Basic,5069.4,1,1,AM_13,"Analytics,Billing,Integration",45.48123989,38.69260732,How-To,Integration,0,0,0,0,52.8
InsightlySoft,email,2025-07-06 3:01:37,0,3,1,Basic,1121.38,9,1,AM_1,"Security,Integration",46.11286954,31.42048805,Performance,Collaboration,0,0,0,0,43.2
GlobalFinance Corp,chat,2025-06-18 23:01:37,3,6,4,Basic,334.2,10,1,AM_11,Collaboration,40.21155221,37.78592395,Other,Billing,0,0,1,1,52.6
InsightlySoft,web_form,2025-07-08 16:01:37,0,2,3,Basic,4131.99,48,3,AM_16,"Collaboration,Security",42.82535823,44.23609882,How-To,Integration,0,0,1,1,54.5
InsightlySoft,email,2025-07-10 13:01:37,3,3,5,Pro,1905.85,11,2,AM_17,"Analytics,Collaboration,Billing",57.57314602,38.73556762,Other,Billing,1,0,0,0,58.5
InsightlySoft,web_form,2025-07-04 17:01:37,1,2,6,Pro,7769.48,32,0,AM_16,Billing,60.72710751,26.92741379,How-To,Billing,0,0,0,1,61
GlobalFinance Corp,web_form,2025-07-07 23:01:37,0,3,2,Basic,1308.47,21,1,AM_14,"Analytics,Integration,Billing",46.3571274,24.88284369,Feature Request,Analytics,0,0,1,1,62
InsightlySoft,web_form,2025-07-07 13:01:37,1,5,2,Enterprise,5526.17,36,1,AM_2,Collaboration,37.10147235,29.71265243,Performance,Analytics,2,0,0,1,50.5
GlobalFinance Corp,web_form,2025-06-23 20:01:37,0,3,2,Pro,76.95,56,2,AM_18,Analytics,37.95017345,35.2016669,Other,Security,0,0,0,0,38.5
GlobalFinance Corp,web_form,2025-06-21 23:01:37,0,3,7,Basic,4445.69,32,1,AM_10,Billing,35.39583539,46.95308238,Other,Analytics,0,0,0,0,38
GlobalFinance Corp,email,2025-07-02 22:01:37,1,3,4,Basic,3401.94,19,0,AM_17,"Security,Integration,Collaboration",56.97282432,38.12276412,How-To,Analytics,1,0,0,0,65.3
GlobalFinance Corp,chat,2025-06-29 19:01:37,1,5,1,Basic,2241.34,8,0,AM_2,Billing,49.70998706,35.01191501,Performance,Security,0,0,0,0,45.6
InsightlySoft,chat,2025-06-28 21:01:37,0,4,7,Pro,7238.07,35,2,AM_17,"Analytics,Security",46.0567081,34.36237853,How-To,Security,0,0,0,1,65.2
GlobalFinance Corp,chat,2025-06-22 13:01:37,2,3,1,Pro,8542.52,22,0,AM_3,Billing,56.87711857,34.46767136,Other,Billing,0,0,0,1,77.9
GlobalFinance Corp,chat,2025-07-07 23:01:37,1,1,2,Pro,7964.32,4,1,AM_8,Analytics,52.10542146,42.76139964,Performance,Billing,0,0,0,1,64
InsightlySoft,email,2025-06-19 9:01:37,0,4,5,Basic,2732.44,29,0,AM_5,Integration,23.6073615,27.57942913,How-To,Billing,0,0,0,0,25.4
GlobalFinance Corp,email,2025-07-01 23:01:37,0,1,3,Basic,2198.14,31,2,AM_6,"Security,Billing",40.7971009,45.12286645,Feature Request,Analytics,0,0,0,0,46.7
InsightlySoft,email,2025-06-30 15:01:37,0,7,2,Enterprise,939.91,8,1,AM_0,"Collaboration,Integration",47.57453076,41.95090648,Performance,Integration,1,0,0,1,71.9
GlobalFinance Corp,web_form,2025-07-12 11:01:37,4,5,7,Enterprise,530.46,55,1,AM_2,"Collaboration,Security,Integration",65.72461561,33.86239103,Feature Request,Integration,0,0,0,1,89
InsightlySoft,web_form,2025-06-30 21:01:37,4,4,2,Enterprise,2443.2,12,1,AM_14,Collaboration,64.47307023,57.86169572,Performance,Analytics,0,0,0,1,72.4
GlobalFinance Corp,web_form,2025-07-09 11:01:37,0,7,4,Enterprise,482.26,5,0,AM_1,"Integration,Billing,Collaboration",25.98032366,44.21559916,Other,Collaboration,0,0,0,1,41.9
InsightlySoft,chat,2025-06-15 9:01:37,3,4,1,Basic,566.65,30,0,AM_8,"Billing,Analytics,Collaboration",35.28946448,34.50627675,Performance,Billing,1,0,0,0,42.1
GlobalFinance Corp,web_form,2025-07-04 15:01:37,1,7,6,Basic,1323.63,35,1,AM_7,Collaboration,49.44752986,42.13397459,Feature Request,Analytics,0,1,0,1,68.2
GlobalFinance Corp,chat,2025-06-19 18:01:37,0,4,5,Enterprise,620.14,37,0,AM_18,Analytics,54.30194259,33.5481919,How-To,Collaboration,1,0,0,1,77.3
InsightlySoft,web_form,2025-06-27 17:01:37,1,3,6,Enterprise,2089.83,4,0,AM_13,"Analytics,Integration",41.41586827,30.02471462,Other,Billing,0,0,0,1,50
InsightlySoft,chat,2025-06-23 19:01:37,0,1,2,Basic,3269.7,56,0,AM_9,"Collaboration,Analytics",53.17529334,32.08611003,Feature Request,Security,0,0,0,0,50.2
InsightlySoft,web_form,2025-06-19 14:01:37,1,3,5,Basic,3591,43,4,AM_10,"Collaboration,Billing,Security",41.35977611,35.94622707,Bug,Analytics,0,0,0,0,34.8
InsightlySoft,web_form,2025-07-02 3:01:37,1,1,4,Basic,2282.85,21,2,AM_7,Collaboration,42.07639661,22.48106339,Performance,Collaboration,0,0,0,0,50
GlobalFinance Corp,email,2025-06-25 10:01:37,0,4,4,Pro,2213.17,58,0,AM_3,"Security,Collaboration,Integration",36.84805324,24.75864844,Bug,Integration,0,0,1,1,44.8
GlobalFinance Corp,web_form,2025-07-04 23:01:37,0,3,6,Pro,1931.99,58,2,AM_7,"Security,Integration",34.32040117,39.18196951,Feature Request,Analytics,1,0,0,0,20.3
InsightlySoft,web_form,2025-06-15 18:01:37,0,3,1,Pro,844.17,16,1,AM_9,"Integration,Security,Collaboration",42.94686527,32.88574862,Bug,Integration,0,0,0,0,38.9
GlobalFinance Corp,email,2025-07-13 4:01:37,0,3,1,Basic,3186.06,53,1,AM_14,Security,59.30051511,51.82246117,Feature Request,Collaboration,0,0,1,1,67.2
InsightlySoft,chat,2025-07-08 23:01:37,2,2,3,Basic,3210.33,18,2,AM_12,"Integration,Analytics,Billing",52.80890595,41.36026925,Other,Analytics,0,0,0,0,53.6
InsightlySoft,email,2025-07-06 15:01:37,0,4,1,Basic,886.36,57,0,AM_4,"Security,Integration,Billing",50.70586395,39.51528812,How-To,Analytics,0,0,0,0,65.3
GlobalFinance Corp,email,2025-06-22 19:01:37,1,6,1,Basic,3617.61,31,1,AM_14,Analytics,45.15379969,39.83048442,How-To,Analytics,0,0,0,0,46.9
GlobalFinance Corp,chat,2025-06-17 19:01:37,2,1,3,Enterprise,5855.9,38,1,AM_2,Analytics,52.22627064,34.55539128,Performance,Analytics,1,0,1,1,66.7
GlobalFinance Corp,web_form,2025-07-14 17:01:37,0,6,2,Basic,2709.45,59,4,AM_2,Billing,43.26252114,41.8177604,Other,Security,0,0,0,0,41.6
GlobalFinance Corp,chat,2025-06-21 9:01:37,1,7,7,Basic,375.12,32,1,AM_12,"Security,Billing",39.98290186,35.5792542,Bug,Analytics,0,0,0,0,30.4
GlobalFinance Corp,web_form,2025-07-10 18:01:37,0,2,5,Pro,1189.19,48,0,AM_8,"Security,Billing,Analytics",53.30980374,38.68649304,Other,Collaboration,0,0,1,1,60.4
GlobalFinance Corp,web_form,2025-06-15 1:01:37,0,3,1,Basic,292.14,33,1,AM_1,"Collaboration,Analytics,Security",42.32273668,34.17752162,Bug,Collaboration,0,0,0,0,41.8
GlobalFinance Corp,chat,2025-06-27 13:01:37,2,1,6,Enterprise,1078.74,19,0,AM_14,Billing,37.32135833,45.50110744,Other,Security,0,0,0,1,43.7
InsightlySoft,email,2025-06-22 8:01:37,1,2,1,Basic,714.56,20,1,AM_17,Analytics,52.31734724,29.69714163,How-To,Analytics,0,0,0,0,43
InsightlySoft,chat,2025-06-26 21:01:37,1,2,5,Enterprise,2426.54,48,0,AM_7,"Integration,Collaboration",34.42052101,19.33943581,Performance,Analytics,1,0,0,1,48.5
InsightlySoft,web_form,2025-07-04 23:01:37,2,3,6,Enterprise,1652.57,10,0,AM_2,Billing,51.88735102,32.09582578,How-To,Billing,0,0,0,1,67.9
InsightlySoft,chat,2025-06-30 5:01:37,0,3,2,Basic,3847.79,26,1,AM_0,"Collaboration,Security",52.06117613,48.20895261,How-To,Billing,1,1,1,1,67.5
InsightlySoft,chat,2025-06-24 17:01:37,0,4,3,Basic,1353.16,46,1,AM_6,"Billing,Security",35.1313041,42.68179056,Other,Integration,1,0,0,0,27.1
GlobalFinance Corp,web_form,2025-06-28 6:01:37,0,0,7,Basic,504.26,18,1,AM_5,"Integration,Security",35.81324463,45.4623282,Bug,Security,0,0,0,0,39.6
InsightlySoft,email,2025-06-30 3:01:37,1,2,2,Basic,807.66,45,1,AM_0,Analytics,61.04959304,37.09283767,Other,Billing,0,0,0,0,75.1
InsightlySoft,chat,2025-06-27 10:01:37,1,3,6,Basic,2367.54,59,0,AM_8,"Billing,Integration,Analytics",54.21971323,37.10820951,Bug,Collaboration,0,0,0,0,45.2
InsightlySoft,web_form,2025-07-12 15:01:37,1,4,7,Enterprise,1792.72,45,2,AM_10,Billing,52.85839033,31.08686752,Feature Request,Collaboration,0,0,0,1,56.9
InsightlySoft,web_form,2025-07-11 9:01:37,1,1,6,Basic,130.63,58,0,AM_4,"Security,Analytics,Billing",50.16266321,31.46718197,Performance,Collaboration,0,0,0,0,61.7
InsightlySoft,chat,2025-07-13 6:01:37,0,1,1,Basic,706.96,15,2,AM_2,Collaboration,55.14273221,36.24839863,Bug,Security,0,0,0,0,68.2
InsightlySoft,email,2025-07-11 23:01:37,1,3,6,Basic,1056.07,36,0,AM_8,"Collaboration,Security",55.14251673,36.17290773,Feature Request,Collaboration,1,0,0,0,60.5
InsightlySoft,chat,2025-06-18 1:01:37,2,3,4,Pro,3876.88,18,0,AM_6,"Billing,Integration,Analytics",39.95166923,35.20610364,Performance,Billing,0,0,1,1,48.5
GlobalFinance Corp,email,2025-06-16 23:01:37,0,3,2,Enterprise,3932.75,31,2,AM_19,Analytics,46.09921004,38.40655804,Bug,Billing,0,0,0,1,64.5
GlobalFinance Corp,email,2025-06-18 19:01:37,3,4,4,Basic,3591.86,15,0,AM_12,Analytics,43.61642239,32.5765354,How-To,Integration,0,0,0,0,45.9
InsightlySoft,email,2025-06-16 10:01:37,1,2,2,Basic,5118.86,38,3,AM_0,"Billing,Security,Integration",53.73406243,39.21406798,Performance,Integration,1,0,0,0,62.7
GlobalFinance Corp,email,2025-06-24 17:01:37,1,4,3,Basic,6211.56,29,0,AM_19,"Security,Billing",49.68862612,46.49716416,Performance,Security,1,0,1,1,61.3
GlobalFinance Corp,chat,2025-06-25 6:01:37,0,5,4,Basic,221.29,42,2,AM_2,"Security,Billing",60.65014769,52.1800803,Other,Integration,0,0,0,0,76.7
GlobalFinance Corp,web_form,2025-07-08 20:01:37,1,5,3,Pro,2038.07,15,0,AM_5,"Billing,Analytics,Security",50.78725242,30.39555493,Performance,Security,1,0,1,1,70.8
GlobalFinance Corp,web_form,2025-06-29 22:01:37,3,5,1,Basic,483.89,57,0,AM_10,Analytics,48.36756465,45.76023578,Other,Analytics,0,0,0,0,40.2
InsightlySoft,web_form,2025-06-15 5:01:37,0,1,1,Enterprise,1311.15,1,0,AM_16,"Billing,Analytics",56.15999404,42.3437044,Feature Request,Integration,0,0,0,1,66.2
GlobalFinance Corp,web_form,2025-06-25 3:01:37,0,1,4,Basic,3264.77,37,1,AM_14,Collaboration,56.25803993,45.7325119,Performance,Security,0,0,0,0,48.6
GlobalFinance Corp,web_form,2025-06-18 21:01:37,0,1,4,Enterprise,2761.34,41,3,AM_3,"Billing,Integration",60.22588842,52.08773084,Bug,Billing,0,0,0,1,59.2
GlobalFinance Corp,web_form,2025-06-20 3:01:37,2,5,6,Basic,412.82,59,0,AM_0,Analytics,50.04633736,48.17165723,Performance,Integration,0,0,1,1,80
InsightlySoft,chat,2025-06-16 17:01:37,2,5,2,Enterprise,4245.09,23,0,AM_0,"Billing,Security",68.54677287,26.16951135,Performance,Integration,1,0,0,1,90.7
InsightlySoft,email,2025-06-26 11:01:37,0,5,5,Enterprise,4639.63,46,0,AM_5,Analytics,57.24993398,36.66369253,Bug,Security,0,0,0,1,58.7
InsightlySoft,web_form,2025-06-22 15:01:37,1,1,1,Enterprise,449.62,11,2,AM_8,Collaboration,68.95678245,29.65571097,Performance,Analytics,1,0,0,1,90.8
InsightlySoft,chat,2025-07-09 11:01:37,1,2,4,Enterprise,2868.68,38,1,AM_13,"Integration,Security",48.85607836,38.05265786,Other,Integration,0,0,0,1,50.9
InsightlySoft,web_form,2025-07-06 5:01:37,0,3,1,Basic,8713.8,16,1,AM_13,"Collaboration,Security",70.68633714,52.57327435,Bug,Security,0,0,1,1,80.1
InsightlySoft,web_form,2025-07-13 13:01:37,2,3,1,Basic,295.95,55,2,AM_6,Integration,55.15105456,41.71636022,How-To,Analytics,0,0,0,0,47.6
InsightlySoft,email,2025-06-26 5:01:37,1,3,5,Pro,539.56,30,0,AM_5,"Collaboration,Analytics,Billing",37.75077538,36.93973024,Performance,Security,0,0,0,0,40.8
GlobalFinance Corp,email,2025-06-14 19:01:37,0,3,7,Enterprise,4351.21,29,0,AM_18,Billing,38.47726247,30.06959085,Performance,Analytics,0,0,0,1,38.4
GlobalFinance Corp,email,2025-06-25 10:01:37,1,1,4,Basic,1232.6,41,2,AM_2,"Collaboration,Integration,Billing",45.03341662,33.52708592,Other,Collaboration,0,0,1,1,62.8
GlobalFinance Corp,web_form,2025-07-03 2:01:37,1,2,5,Enterprise,9341.63,3,1,AM_4,"Analytics,Billing",44.91396926,45.06143844,Bug,Integration,0,0,1,1,57.7
InsightlySoft,web_form,2025-07-08 11:01:37,0,1,3,Pro,2937.4,40,0,AM_5,"Security,Billing,Collaboration",51.40243863,29.57805973,Performance,Collaboration,0,0,0,0,46.3
InsightlySoft,web_form,2025-07-04 18:01:37,1,3,6,Basic,1980.3,17,1,AM_7,Analytics,65.58460102,48.28071183,Other,Security,0,0,0,0,68.4
InsightlySoft,email,2025-07-03 16:01:37,3,6,5,Basic,1235.94,26,1,AM_12,"Analytics,Security",51.23742541,42.63110785,How-To,Collaboration,0,0,0,0,54.3
InsightlySoft,chat,2025-06-15 20:01:37,0,4,1,Basic,819.86,54,0,AM_12,"Collaboration,Billing",37.93409685,26.79325852,How-To,Analytics,0,1,0,1,47
InsightlySoft,web_form,2025-07-10 9:01:37,2,5,5,Basic,3149.64,9,0,AM_0,"Billing,Integration,Analytics",52.3839006,47.80075035,Other,Billing,0,0,0,0,50.3
GlobalFinance Corp,web_form,2025-06-26 17:01:37,2,3,5,Pro,2689.68,17,3,AM_18,"Integration,Security",43.97848106,25.43557454,Bug,Collaboration,0,0,0,0,47.1
GlobalFinance Corp,web_form,2025-06-24 1:01:37,1,1,3,Basic,1329.09,37,1,AM_8,"Collaboration,Integration,Billing",44.49716004,23.12550463,Performance,Security,0,0,0,0,46
InsightlySoft,chat,2025-06-26 10:01:37,0,2,5,Pro,7494.95,56,0,AM_3,Collaboration,46.13825415,41.19035511,Other,Integration,0,0,0,1,50.5
InsightlySoft,web_form,2025-06-16 5:01:37,1,5,2,Pro,4303.98,31,2,AM_4,"Billing,Security",44.32805201,43.71666551,Other,Collaboration,0,0,0,0,44.6
InsightlySoft,chat,2025-07-08 4:01:37,0,7,3,Enterprise,903.59,58,3,AM_16,Integration,35.0462935,33.60596285,Other,Collaboration,0,0,1,1,52.4
InsightlySoft,web_form,2025-07-07 14:01:37,0,5,2,Pro,8613.44,31,1,AM_6,"Security,Billing,Collaboration",48.95606733,29.94018976,Feature Request,Billing,1,1,0,1,57.3
GlobalFinance Corp,chat,2025-06-24 4:01:37,1,3,3,Pro,4226.1,11,2,AM_17,"Integration,Analytics,Billing",65.40831519,34.45063296,How-To,Security,0,0,0,0,77.6
InsightlySoft,web_form,2025-07-01 19:01:37,1,4,3,Enterprise,6822.19,38,1,AM_12,Analytics,56.00609981,38.53740198,Feature Request,Collaboration,1,0,0,1,67.9
InsightlySoft,email,2025-06-27 23:01:37,1,2,6,Basic,439.31,22,0,AM_0,"Billing,Analytics,Security",36.10819771,36.95137871,Other,Integration,0,0,0,0,35.1
InsightlySoft,email,2025-06-16 21:01:37,1,3,2,Basic,100.66,46,3,AM_13,"Collaboration,Analytics,Billing",22.68847825,30.36462122,How-To,Analytics,0,0,1,1,33.7
InsightlySoft,email,2025-06-16 14:01:37,4,4,2,Enterprise,2037.25,3,2,AM_13,Integration,51.30090246,26.11789676,Performance,Integration,0,0,0,1,68.2
GlobalFinance Corp,email,2025-06-17 7:01:37,2,1,3,Basic,1783.45,56,2,AM_12,Billing,53.78060858,33.07386348,Performance,Collaboration,0,0,0,0,44.9
InsightlySoft,web_form,2025-06-17 0:01:37,3,4,3,Basic,6116.14,49,1,AM_17,"Security,Billing",53.75787967,28.05393994,Feature Request,Collaboration,1,0,0,0,66.7
InsightlySoft,email,2025-06-25 11:01:37,3,4,4,Basic,566.75,28,1,AM_7,"Billing,Security",49.12784327,39.54777298,Feature Request,Billing,0,0,0,0,41.2
GlobalFinance Corp,chat,2025-06-29 11:01:37,2,1,1,Basic,71.59,32,1,AM_0,Billing,37.64398568,45.21301142,How-To,Security,1,0,0,0,44.4
GlobalFinance Corp,email,2025-06-21 20:01:37,1,0,7,Pro,2260.27,4,2,AM_14,"Collaboration,Analytics",64.62537971,31.35487596,Performance,Billing,1,0,0,1,80.3
GlobalFinance Corp,email,2025-06-17 23:01:37,2,2,3,Basic,586.46,40,3,AM_16,"Collaboration,Analytics,Integration",46.74536026,43.42381077,Feature Request,Integration,0,0,1,1,53.9
InsightlySoft,email,2025-07-04 3:01:37,1,3,6,Basic,152.33,38,0,AM_16,"Security,Integration",42.80646675,48.7723055,Other,Security,0,0,0,0,44.2
InsightlySoft,web_form,2025-07-06 2:01:37,0,4,1,Enterprise,67.37,11,0,AM_1,"Integration,Billing",52.93974522,30.34098265,Other,Billing,0,0,0,1,64.2
GlobalFinance Corp,email,2025-06-26 0:01:37,3,3,5,Pro,460.97,57,2,AM_13,"Security,Billing,Integration",42.95322259,38.82398748,Feature Request,Collaboration,0,0,0,0,49.8
GlobalFinance Corp,chat,2025-07-10 19:01:37,2,3,5,Pro,1414.13,1,0,AM_0,Integration,36.67238502,36.15950621,Bug,Security,0,0,0,0,31.3
GlobalFinance Corp,email,2025-06-24 20:01:37,0,2,3,Basic,6461.68,47,2,AM_1,"Collaboration,Integration,Billing",43.12978894,26.97412353,Feature Request,Analytics,0,0,0,0,49.4
GlobalFinance Corp,email,2025-06-16 7:01:37,0,3,2,Basic,4288.54,16,1,AM_6,"Integration,Analytics",50.42344098,36.0074616,Bug,Analytics,0,0,0,0,51.1
GlobalFinance Corp,email,2025-07-06 20:01:37,1,4,1,Basic,2266.14,34,0,AM_0,"Security,Collaboration,Integration",61.09035818,32.44312205,Performance,Integration,0,0,0,1,79.4
GlobalFinance Corp,chat,2025-06-15 3:01:37,0,6,1,Pro,1688.17,45,1,AM_9,Security,29.95718813,31.63569881,Feature Request,Billing,0,0,0,0,27.7
InsightlySoft,email,2025-06-24 14:01:37,2,3,3,Pro,1825.31,32,0,AM_17,"Integration,Analytics",52.24031666,34.03125443,Performance,Integration,1,0,0,0,45.6
InsightlySoft,chat,2025-06-22 10:01:37,1,5,1,Pro,6479.21,44,1,AM_2,Billing,56.4090723,31.8493411,Feature Request,Analytics,0,0,0,0,59.7
InsightlySoft,chat,2025-06-27 3:01:37,1,3,6,Enterprise,3868.93,46,0,AM_17,Integration,52.07024377,46.58986267,Feature Request,Collaboration,0,0,0,1,49.1
GlobalFinance Corp,email,2025-06-18 2:01:37,1,3,4,Basic,566.27,33,1,AM_18,"Analytics,Security,Integration",54.35150646,19.39401817,Other,Collaboration,0,0,1,1,62.4
GlobalFinance Corp,chat,2025-06-19 13:01:37,0,2,5,Basic,8426.86,11,1,AM_12,Analytics,62.13533809,28.59407103,Other,Collaboration,1,0,0,1,68.5
GlobalFinance Corp,web_form,2025-07-09 5:01:37,2,3,4,Pro,4447.29,36,0,AM_1,"Security,Billing,Analytics",57.42235461,35.35238076,Bug,Collaboration,1,0,0,0,39.6
GlobalFinance Corp,email,2025-07-12 11:01:37,3,2,7,Pro,104.26,13,0,AM_2,"Integration,Analytics,Billing",44.03031646,29.27268991,Performance,Collaboration,1,1,0,1,46.6
GlobalFinance Corp,email,2025-06-23 12:01:37,1,2,2,Basic,2093.01,57,2,AM_3,"Analytics,Collaboration",57.56549206,41.47928266,How-To,Analytics,1,0,0,0,61.8
GlobalFinance Corp,chat,2025-06-16 20:01:37,0,5,2,Basic,3173.41,20,2,AM_16,Security,49.62314253,38.24723631,Bug,Security,0,0,0,0,35.1
InsightlySoft,chat,2025-06-22 5:01:37,1,4,1,Enterprise,188.78,25,3,AM_7,Security,55.8416106,34.87674778,Feature Request,Collaboration,1,0,0,1,75.7
InsightlySoft,email,2025-06-27 16:01:37,1,0,6,Pro,1306.51,6,1,AM_7,Integration,35.50685772,36.70432426,Feature Request,Security,1,0,0,0,44.9
GlobalFinance Corp,web_form,2025-07-05 23:01:37,0,2,7,Basic,3134.95,37,0,AM_2,Security,46.25426926,35.57401199,Other,Collaboration,2,1,0,1,61.3
InsightlySoft,chat,2025-06-17 0:01:37,0,4,3,Enterprise,5079.89,26,2,AM_14,Analytics,54.03364768,27.67360436,Bug,Integration,0,0,0,1,68.1
GlobalFinance Corp,chat,2025-07-02 13:01:37,2,5,4,Basic,11334.82,4,2,AM_10,"Collaboration,Security,Analytics",46.73088192,41.04361525,Feature Request,Billing,0,0,0,1,61.2
InsightlySoft,web_form,2025-07-09 23:01:37,1,2,4,Enterprise,389.06,45,1,AM_8,"Security,Collaboration",53.3256565,26.44506008,Performance,Security,0,0,0,1,57.4
GlobalFinance Corp,web_form,2025-06-16 20:01:37,1,2,2,Basic,3002.3,26,1,AM_10,"Collaboration,Analytics",61.42641785,36.78559122,How-To,Billing,0,0,0,0,67.6
GlobalFinance Corp,email,2025-07-03 23:01:37,1,4,5,Pro,6698.89,18,0,AM_5,Integration,45.26991772,37.84391464,How-To,Analytics,1,0,0,0,56.8
InsightlySoft,web_form,2025-07-09 16:01:37,1,3,4,Pro,3786.05,13,1,AM_9,"Analytics,Integration,Billing",56.84883171,32.41288923,Performance,Integration,0,0,0,0,62.6
InsightlySoft,email,2025-07-02 7:01:37,3,4,4,Pro,3002.28,8,0,AM_9,"Analytics,Collaboration,Integration",37.71749135,31.58633877,Bug,Collaboration,1,0,0,0,49
GlobalFinance Corp,web_form,2025-06-28 21:01:37,0,2,7,Basic,724.01,51,1,AM_17,Analytics,55.59265623,31.63715555,Bug,Collaboration,0,0,1,1,71.6
GlobalFinance Corp,chat,2025-06-21 9:01:37,1,4,7,Pro,5067.02,47,2,AM_12,"Security,Billing",31.67539519,22.76626379,How-To,Analytics,0,0,0,0,40.7
InsightlySoft,email,2025-06-23 21:01:37,0,2,2,Basic,2479.98,33,1,AM_16,Collaboration,49.9693577,50.43954958,How-To,Security,2,0,0,0,35.2
InsightlySoft,email,2025-07-02 9:01:37,0,0,4,Basic,354.38,43,1,AM_3,"Integration,Billing,Collaboration",49.64977624,41.60442069,Performance,Collaboration,0,0,0,0,49.4
GlobalFinance Corp,email,2025-06-29 16:01:37,1,3,1,Basic,8228.01,16,1,AM_17,Security,65.20945543,37.46092268,How-To,Security,0,1,0,1,63.1
InsightlySoft,web_form,2025-06-20 5:01:37,2,3,6,Pro,13367.86,42,2,AM_0,Collaboration,43.14318672,30.39193913,Performance,Collaboration,1,0,0,1,56
GlobalFinance Corp,chat,2025-06-25 11:01:37,1,5,4,Basic,2314.45,39,2,AM_17,Collaboration,28.04288753,35.11527016,Performance,Security,0,0,1,1,40.6
GlobalFinance Corp,email,2025-06-26 12:01:37,2,6,5,Basic,4494.75,31,0,AM_6,"Collaboration,Analytics,Security",53.24929069,32.30204014,Other,Billing,0,0,0,0,58.4
GlobalFinance Corp,email,2025-07-09 11:01:37,0,2,4,Basic,2626.26,40,2,AM_4,"Security,Integration",37.87558544,49.13864045,Other,Security,0,0,0,0,38.2
GlobalFinance Corp,email,2025-07-06 13:01:37,3,10,1,Basic,1645.61,23,1,AM_15,Security,48.60575605,21.06334916,Feature Request,Analytics,0,0,0,0,60.7
InsightlySoft,email,2025-07-05 13:01:37,0,3,7,Pro,1578.37,52,1,AM_4,"Collaboration,Security",41.3995837,24.53685551,Performance,Collaboration,0,0,1,1,45.3
InsightlySoft,chat,2025-07-10 23:01:37,1,1,5,Pro,9999.02,16,0,AM_9,"Security,Collaboration",45.93762539,23.10212627,Performance,Integration,0,0,0,1,55.2
InsightlySoft,web_form,2025-06-27 15:01:37,0,5,6,Basic,1380.33,56,2,AM_15,"Integration,Security,Collaboration",26.53240783,42.167392,Feature Request,Security,0,0,0,0,28.5
InsightlySoft,chat,2025-07-14 10:01:37,3,3,2,Enterprise,2022.71,10,3,AM_3,Collaboration,30.69950304,30.35558447,Other,Integration,0,0,0,1,38.6
InsightlySoft,email,2025-06-22 2:01:37,0,2,1,Pro,857.02,36,2,AM_0,Analytics,51.8192955,40.02581066,Performance,Security,0,0,0,0,54.7
InsightlySoft,chat,2025-06-25 6:01:37,2,2,4,Enterprise,876.2,31,4,AM_7,"Integration,Billing",46.54925317,35.74864882,Bug,Billing,0,0,1,1,49.5
InsightlySoft,email,2025-07-01 10:01:37,1,6,3,Pro,1321.23,44,0,AM_0,"Collaboration,Security",36.55207453,43.92884407,How-To,Integration,0,0,0,0,27
GlobalFinance Corp,web_form,2025-06-28 8:01:37,2,1,7,Basic,7761.92,32,3,AM_2,"Analytics,Integration",42.47669076,43.23670361,How-To,Analytics,0,0,0,1,54.9
InsightlySoft,web_form,2025-07-03 13:01:37,0,2,5,Pro,1515.22,21,0,AM_17,"Security,Analytics,Integration",52.9078207,37.39818472,Feature Request,Integration,1,0,0,0,50.3
InsightlySoft,web_form,2025-07-06 19:01:37,2,5,1,Basic,2410.83,16,1,AM_1,"Integration,Collaboration,Billing",45.22254963,43.24252407,Other,Security,0,0,0,0,51.1
GlobalFinance Corp,email,2025-06-16 15:01:37,1,2,2,Pro,2367.35,56,0,AM_4,"Integration,Analytics",52.3464734,27.04360258,How-To,Analytics,1,0,0,0,60
InsightlySoft,chat,2025-07-12 5:01:37,1,4,7,Enterprise,2625.1,29,1,AM_10,"Security,Analytics,Billing",39.24208295,18.34374924,Feature Request,Billing,0,1,1,1,49.2
InsightlySoft,web_form,2025-06-26 12:01:37,1,3,5,Basic,5145.12,50,0,AM_13,"Integration,Billing,Collaboration",53.48613579,39.32270816,Feature Request,Integration,2,0,1,1,74.1
GlobalFinance Corp,email,2025-07-03 18:01:37,1,3,5,Basic,6944.02,48,1,AM_17,"Billing,Analytics,Integration",45.61013297,35.51945618,Other,Analytics,0,0,0,0,53.6
InsightlySoft,email,2025-07-10 19:01:37,0,3,5,Basic,702.41,45,1,AM_9,Analytics,51.81878711,29.65481504,Other,Integration,0,0,0,0,58.9
InsightlySoft,chat,2025-06-21 17:01:37,0,1,7,Basic,5907.94,16,0,AM_6,"Analytics,Security,Billing",50.91726875,34.11635523,Bug,Billing,3,0,1,1,70.3
InsightlySoft,web_form,2025-06-25 4:01:37,2,1,4,Pro,2380.28,58,0,AM_7,"Collaboration,Integration",43.9609996,21.63118383,Feature Request,Billing,1,0,0,0,48.3
GlobalFinance Corp,email,2025-06-17 5:01:37,0,4,3,Basic,7749.66,15,1,AM_19,Security,44.44856894,30.39441665,Feature Request,Billing,1,0,0,1,68.5
InsightlySoft,chat,2025-06-14 22:01:37,2,4,7,Basic,7436.41,8,0,AM_16,"Collaboration,Analytics",46.48522327,47.09995121,Bug,Billing,0,0,0,1,52.2
InsightlySoft,web_form,2025-06-23 8:01:37,1,2,2,Pro,1480.1,15,1,AM_6,"Collaboration,Analytics,Integration",54.82919326,42.58848388,Performance,Analytics,0,0,0,0,52.1
GlobalFinance Corp,chat,2025-06-16 0:01:37,0,4,2,Pro,3165.6,21,2,AM_15,"Integration,Collaboration",65.27728652,43.00148785,Other,Analytics,0,1,1,1,80.9
InsightlySoft,chat,2025-07-06 16:01:37,0,2,1,Pro,6153.41,21,1,AM_16,"Security,Analytics",40.11041036,33.23823387,Bug,Billing,0,0,0,0,36.4
GlobalFinance Corp,email,2025-06-24 16:01:37,1,2,3,Basic,1456.98,7,2,AM_3,"Security,Collaboration,Analytics",57.66830321,40.91854449,How-To,Security,1,0,0,0,57.7
GlobalFinance Corp,email,2025-06-30 18:01:37,3,3,2,Pro,134.44,52,1,AM_3,"Integration,Security",45.35741852,47.84369974,Feature Request,Analytics,1,1,0,1,61.4
InsightlySoft,email,2025-06-26 15:01:37,0,3,5,Basic,1337.96,19,1,AM_0,"Collaboration,Billing,Security",46.96231067,43.98933032,Feature Request,Billing,0,0,0,0,47
GlobalFinance Corp,chat,2025-07-06 14:01:37,1,2,1,Basic,1364.3,22,0,AM_2,"Integration,Analytics,Billing",50.84436493,42.04321261,Other,Analytics,0,0,0,0,39.1
GlobalFinance Corp,email,2025-07-04 9:01:37,2,2,6,Basic,4931.24,46,1,AM_11,"Collaboration,Analytics,Integration",43.47245391,16.71947491,Performance,Integration,0,0,0,0,22.3
InsightlySoft,chat,2025-06-24 0:01:37,1,2,3,Pro,1111.55,38,1,AM_16,"Security,Collaboration",44.41320417,41.10313651,Performance,Security,0,0,0,0,41.2
GlobalFinance Corp,chat,2025-07-05 22:01:37,0,1,7,Basic,6732.49,13,1,AM_15,"Billing,Analytics",66.71117386,33.99823779,Other,Billing,1,0,0,0,80.7
GlobalFinance Corp,email,2025-06-17 1:01:37,1,2,3,Basic,2386.48,26,3,AM_13,"Integration,Billing",48.84317466,28.1179364,Other,Security,0,0,0,0,57.6
InsightlySoft,web_form,2025-06-16 20:01:37,1,3,2,Pro,2646.79,44,0,AM_2,Analytics,52.95717761,41.12543226,Performance,Analytics,1,0,0,0,45.3
InsightlySoft,web_form,2025-06-25 8:01:37,1,1,4,Basic,4935.31,22,1,AM_18,"Collaboration,Integration",66.19845284,36.57330589,Other,Analytics,1,1,1,1,73.2
InsightlySoft,web_form,2025-06-17 15:01:37,1,3,3,Enterprise,433.6,7,1,AM_18,"Analytics,Billing,Integration",65.88891314,39.70344369,Performance,Integration,0,0,0,1,77.2
GlobalFinance Corp,chat,2025-07-05 13:01:37,1,1,7,Enterprise,54.31,52,1,AM_15,"Integration,Billing,Security",46.23606549,31.02613966,Bug,Billing,0,0,0,1,55.5
InsightlySoft,chat,2025-07-03 9:01:37,1,1,5,Pro,174.84,35,2,AM_3,Analytics,40.24288381,24.8217395,Feature Request,Billing,0,0,0,0,40.1
GlobalFinance Corp,chat,2025-07-08 8:01:37,1,3,3,Pro,93.43,3,0,AM_16,Security,37.25706134,51.76662278,Other,Collaboration,0,0,1,1,59.8
GlobalFinance Corp,email,2025-07-04 9:01:37,1,4,6,Pro,3610.87,35,1,AM_18,Security,36.23350342,26.99714286,How-To,Integration,0,0,0,0,26.2
GlobalFinance Corp,chat,2025-07-03 3:01:37,2,7,5,Basic,843,47,0,AM_11,Billing,43.7251086,31.37272424,How-To,Security,0,0,0,0,46.8
GlobalFinance Corp,email,2025-06-26 10:01:37,2,2,5,Pro,5843.6,16,0,AM_0,"Analytics,Billing",36.98263412,43.05048835,How-To,Billing,0,1,1,1,50.8
GlobalFinance Corp,email,2025-07-03 6:01:37,2,3,5,Pro,6433.54,45,0,AM_18,"Collaboration,Billing",47.36019062,47.12255454,Performance,Collaboration,0,0,1,1,70.8
GlobalFinance Corp,web_form,2025-06-23 8:01:37,1,2,2,Pro,1320.57,16,1,AM_18,"Billing,Collaboration,Integration",40.83366742,37.80781933,Bug,Security,0,1,0,1,62
GlobalFinance Corp,web_form,2025-07-11 2:01:37,0,4,6,Enterprise,650.09,2,2,AM_19,"Billing,Integration",44.63102496,43.24617035,Bug,Analytics,0,0,1,1,54.1
InsightlySoft,web_form,2025-06-18 0:01:37,3,1,4,Enterprise,2072.32,38,2,AM_11,Billing,47.00272456,40.11005009,Other,Analytics,0,0,0,1,60.4
InsightlySoft,email,2025-06-23 17:01:37,2,3,2,Basic,5075.34,17,0,AM_11,Collaboration,44.80328476,28.57728072,Bug,Integration,0,0,0,0,51.5
GlobalFinance Corp,email,2025-06-20 4:01:37,2,6,6,Pro,3464.52,38,0,AM_16,Security,37.4821655,26.85800891,How-To,Analytics,0,0,0,0,33.4
GlobalFinance Corp,email,2025-07-04 17:01:37,1,1,6,Pro,78.24,24,1,AM_4,Security,51.55168313,44.03876679,Bug,Analytics,0,0,0,0,39.8
InsightlySoft,chat,2025-06-17 13:01:37,3,4,3,Enterprise,21.53,22,2,AM_3,"Analytics,Collaboration",60.30685188,41.06569106,Other,Collaboration,0,0,0,1,75.3
GlobalFinance Corp,email,2025-06-16 15:01:37,1,3,2,Basic,362.45,50,2,AM_4,"Security,Analytics,Collaboration",60.06764595,58.10393219,Feature Request,Security,0,0,0,0,64.4
InsightlySoft,web_form,2025-07-04 22:01:37,2,3,6,Pro,1231.92,23,0,AM_5,"Integration,Security,Collaboration",56.57308002,29.39273449,How-To,Security,1,0,0,0,58.5
InsightlySoft,web_form,2025-07-09 10:01:37,2,2,4,Basic,2309.32,44,2,AM_2,"Analytics,Collaboration",45.27722785,36.18782553,Performance,Collaboration,0,0,0,0,41.2
InsightlySoft,email,2025-06-23 19:01:37,0,3,2,Basic,5104.41,19,1,AM_14,Security,41.6826895,36.8812454,How-To,Security,0,0,0,0,44.9
GlobalFinance Corp,email,2025-07-06 10:01:37,1,4,1,Basic,462.23,57,0,AM_2,"Analytics,Security",55.05502941,24.83814601,Other,Security,0,0,0,0,57.1
GlobalFinance Corp,web_form,2025-06-22 3:01:37,0,1,1,Enterprise,496.32,44,3,AM_12,"Analytics,Collaboration",51.2711182,31.68229659,How-To,Integration,0,0,0,1,72.4
InsightlySoft,email,2025-06-23 20:01:37,1,3,2,Pro,5977.16,59,0,AM_4,"Billing,Analytics,Integration",55.05482662,40.04590179,Bug,Billing,0,0,0,0,48.7
InsightlySoft,web_form,2025-06-17 16:01:37,1,4,3,Pro,7732.05,56,0,AM_8,"Billing,Integration",66.46896681,39.96131459,Other,Security,0,0,0,1,60.2
InsightlySoft,chat,2025-06-24 6:01:37,1,4,3,Basic,2404.13,22,0,AM_14,Analytics,47.77838438,30.88220277,Other,Security,0,0,0,0,50
InsightlySoft,web_form,2025-07-13 21:01:37,0,3,1,Pro,4609.85,17,0,AM_1,"Security,Billing",40.43153657,34.77754856,Feature Request,Security,1,0,1,1,45.4
InsightlySoft,chat,2025-07-05 0:01:37,3,2,7,Enterprise,1258.71,2,1,AM_8,"Billing,Analytics,Integration",42.71416111,51.64232613,How-To,Analytics,0,0,0,1,53.4
GlobalFinance Corp,email,2025-06-15 0:01:37,4,4,1,Basic,8771.18,14,1,AM_14,"Analytics,Security,Billing",49.40450903,35.68659813,How-To,Collaboration,0,0,0,1,58.8
InsightlySoft,email,2025-06-17 23:01:37,1,6,3,Enterprise,7057.86,28,0,AM_2,"Security,Integration,Analytics",42.28370939,30.84166439,How-To,Integration,0,0,1,1,65.9
GlobalFinance Corp,chat,2025-06-27 10:01:37,0,3,6,Basic,5683.47,13,0,AM_6,"Analytics,Security",55.46789247,52.6843176,Other,Analytics,0,0,0,0,39.3
InsightlySoft,email,2025-07-08 14:01:37,3,7,3,Enterprise,39.2,56,2,AM_7,Collaboration,55.00890963,38.58612554,Bug,Collaboration,0,0,0,1,55.3
GlobalFinance Corp,chat,2025-07-13 13:01:37,0,3,1,Pro,2222.59,38,1,AM_12,Billing,60.89218339,29.1553932,Feature Request,Integration,0,0,0,0,64.2
GlobalFinance Corp,email,2025-06-29 17:01:37,0,2,1,Basic,81.07,17,2,AM_14,Analytics,60.96845515,44.39514669,Feature Request,Analytics,0,0,0,0,56.9
GlobalFinance Corp,web_form,2025-07-01 22:01:37,1,2,3,Basic,3394.45,9,0,AM_5,"Analytics,Billing,Collaboration",22.76481753,27.61880753,Performance,Integration,0,1,1,1,39.5
GlobalFinance Corp,email,2025-07-08 0:01:37,1,5,3,Basic,607.98,40,1,AM_12,"Security,Integration,Collaboration",40.15067007,28.82318794,Feature Request,Security,1,1,0,1,52.6
GlobalFinance Corp,web_form,2025-07-12 5:01:37,1,4,7,Basic,3060.62,14,2,AM_6,"Billing,Collaboration,Analytics",49.09165317,31.87671975,How-To,Analytics,0,0,0,0,46.5
GlobalFinance Corp,web_form,2025-07-09 13:01:37,2,1,4,Pro,309.28,2,1,AM_16,Billing,36.80224533,28.97332403,Performance,Analytics,0,0,0,0,28.7
InsightlySoft,chat,2025-06-25 18:01:37,2,3,4,Basic,4239.35,42,1,AM_14,"Analytics,Billing,Integration",47.42638817,29.79282286,Performance,Billing,1,0,1,1,62.2
GlobalFinance Corp,email,2025-07-11 19:01:37,1,1,6,Enterprise,3888.79,21,0,AM_4,"Collaboration,Integration,Analytics",40.26288122,27.15345241,Bug,Security,0,0,0,1,44.2
InsightlySoft,chat,2025-06-25 8:01:37,2,5,4,Pro,13.86,35,1,AM_9,"Security,Collaboration",43.85920907,36.81635127,Feature Request,Security,0,0,1,1,58.9
GlobalFinance Corp,email,2025-07-04 15:01:37,0,4,6,Enterprise,4711.42,30,2,AM_11,"Billing,Integration,Security",64.73366765,26.07006328,Feature Request,Analytics,0,1,0,1,67.9
GlobalFinance Corp,web_form,2025-06-24 8:01:37,1,0,3,Pro,536.62,17,0,AM_18,"Billing,Integration,Collaboration",60.30740957,25.19834673,How-To,Analytics,0,0,0,0,49.6
InsightlySoft,web_form,2025-07-05 13:01:37,1,2,7,Basic,347.21,39,3,AM_17,Collaboration,48.29789679,39.67026376,Bug,Collaboration,0,0,1,1,48.8
GlobalFinance Corp,email,2025-06-25 1:01:37,1,2,4,Basic,2080.93,25,0,AM_3,Billing,39.21938718,34.21064257,Other,Billing,1,0,0,0,37.5
InsightlySoft,email,2025-06-22 13:01:37,0,3,1,Pro,2675.46,44,3,AM_12,"Analytics,Integration",51.45615114,36.01378448,Other,Analytics,0,0,0,0,46.6
InsightlySoft,chat,2025-06-24 4:01:37,0,6,3,Pro,326.45,59,0,AM_2,Integration,26.61436014,33.92729177,Other,Integration,0,0,0,0,27.2
InsightlySoft,email,2025-07-11 8:01:37,3,3,6,Enterprise,1090.45,39,1,AM_5,Billing,54.78043151,53.74318382,Performance,Collaboration,0,0,0,1,54.8
InsightlySoft,email,2025-06-23 0:01:37,0,3,2,Basic,1571.71,35,1,AM_5,"Collaboration,Security,Analytics",53.84300262,36.15294083,Other,Analytics,0,0,1,1,67.2
GlobalFinance Corp,email,2025-07-14 6:01:37,0,3,2,Pro,8626.71,6,1,AM_3,"Integration,Analytics",36.42337341,34.53970645,How-To,Security,2,0,0,1,53.1
GlobalFinance Corp,chat,2025-07-03 19:01:37,2,3,5,Pro,868.34,3,0,AM_3,"Integration,Analytics,Security",61.56973733,39.00704454,Other,Billing,1,0,0,0,61.7
InsightlySoft,email,2025-06-17 9:01:37,0,2,3,Pro,905.29,36,0,AM_12,"Analytics,Integration,Security",42.23838318,38.58539839,Feature Request,Collaboration,0,0,1,1,63.4
GlobalFinance Corp,web_form,2025-06-26 1:01:37,0,1,5,Basic,3231.1,48,2,AM_9,"Security,Collaboration",39.03543889,43.71612153,Bug,Integration,0,0,0,0,50.2
GlobalFinance Corp,chat,2025-07-06 18:01:37,0,1,1,Basic,3896.53,47,0,AM_9,Integration,49.95945563,37.3798757,Bug,Collaboration,0,0,0,0,61.5
InsightlySoft,chat,2025-07-10 0:01:37,5,2,5,Enterprise,32.64,1,0,AM_10,"Collaboration,Analytics",35.01710337,39.36636567,Feature Request,Billing,0,0,0,1,41.4
GlobalFinance Corp,web_form,2025-07-13 16:01:37,0,1,1,Enterprise,431.72,34,0,AM_12,"Collaboration,Integration,Billing",39.55837426,42.14740832,Bug,Billing,0,0,0,1,43.3
InsightlySoft,web_form,2025-06-23 23:01:37,1,4,2,Pro,1328.06,1,0,AM_9,"Security,Collaboration",51.70357628,44.64904582,Bug,Collaboration,0,0,0,0,45.5
InsightlySoft,web_form,2025-06-23 14:01:37,0,5,2,Enterprise,2999.11,26,1,AM_10,Billing,43.68198184,32.38071956,Feature Request,Integration,0,0,0,1,60.7
GlobalFinance Corp,email,2025-06-22 1:01:37,0,5,1,Enterprise,432.02,18,1,AM_17,"Analytics,Collaboration",62.31857264,24.15023065,How-To,Collaboration,0,1,0,1,73.1
GlobalFinance Corp,web_form,2025-07-12 4:01:37,1,2,7,Pro,1324.59,36,2,AM_6,"Analytics,Collaboration,Security",32.64318142,22.73074703,Performance,Security,0,0,1,1,39.5
GlobalFinance Corp,email,2025-07-05 5:01:37,0,4,7,Pro,250.81,6,2,AM_8,"Security,Billing,Integration",49.14713434,40.0674821,Other,Collaboration,1,0,0,0,48.3
InsightlySoft,chat,2025-06-19 11:01:37,2,2,5,Pro,2539.69,11,0,AM_12,"Integration,Billing,Analytics",58.18957814,37.69265142,Feature Request,Analytics,0,0,0,0,51.7
InsightlySoft,chat,2025-07-13 7:01:37,1,4,1,Basic,1667.29,44,1,AM_9,"Security,Collaboration,Analytics",56.12325411,25.41565251,Feature Request,Analytics,0,0,0,0,59.8
GlobalFinance Corp,web_form,2025-06-15 9:01:37,0,4,1,Pro,4654.66,40,3,AM_17,Integration,41.23950502,36.00064858,Bug,Integration,0,0,0,0,45
GlobalFinance Corp,email,2025-06-25 18:01:37,1,7,4,Pro,2559.16,30,0,AM_14,"Collaboration,Security",66.42610207,32.52046053,Other,Analytics,0,1,0,1,84.7
GlobalFinance Corp,web_form,2025-06-20 6:01:37,4,2,6,Basic,3228.56,14,1,AM_4,"Analytics,Security",29.45594457,29.7090994,Performance,Analytics,0,0,0,0,26
GlobalFinance Corp,web_form,2025-06-23 20:01:37,0,2,2,Enterprise,3336.54,10,0,AM_14,"Integration,Collaboration",47.75124476,21.28195041,Performance,Collaboration,0,0,0,1,78
InsightlySoft,email,2025-06-19 23:01:37,1,9,5,Basic,2671.93,57,0,AM_10,Integration,57.32606505,32.91979151,Feature Request,Collaboration,1,0,0,0,66.6
GlobalFinance Corp,web_form,2025-07-13 17:01:37,0,4,1,Basic,48.67,31,2,AM_5,"Integration,Analytics",60.27537048,38.8909164,How-To,Billing,0,0,0,0,58.1
InsightlySoft,chat,2025-06-21 1:01:37,0,5,7,Basic,5352.43,58,3,AM_0,"Security,Analytics",39.0763104,50.36358637,How-To,Analytics,0,0,0,0,43
InsightlySoft,web_form,2025-07-13 10:01:37,1,1,1,Pro,7455.91,55,0,AM_13,Collaboration,49.53443026,25.17511959,Feature Request,Analytics,1,0,0,1,60
GlobalFinance Corp,email,2025-07-14 6:01:37,0,0,2,Basic,2292.26,36,0,AM_14,"Integration,Collaboration,Billing",56.02982332,32.47718734,How-To,Billing,1,0,0,0,44.9
GlobalFinance Corp,email,2025-07-01 11:01:37,2,4,3,Basic,356.89,15,2,AM_6,"Analytics,Integration,Security",46.3538544,48.9757222,Other,Billing,1,0,0,0,52.4
GlobalFinance Corp,chat,2025-06-19 14:01:37,1,3,5,Basic,3190.04,30,2,AM_14,Analytics,36.12164036,43.85659316,How-To,Integration,1,1,1,1,46.8
InsightlySoft,email,2025-07-14 17:01:37,0,1,2,Basic,1356.4,48,2,AM_15,Integration,30.86294048,42.49652003,Other,Billing,0,0,0,0,29.2
GlobalFinance Corp,email,2025-06-26 15:01:37,0,6,5,Basic,228.31,14,1,AM_4,"Billing,Security,Collaboration",41.4833157,36.00680927,How-To,Billing,0,0,0,0,42.5
GlobalFinance Corp,chat,2025-07-09 2:01:37,2,1,4,Basic,5776.7,47,0,AM_19,Billing,42.49746656,42.58222627,Performance,Analytics,0,0,0,0,40.4
InsightlySoft,web_form,2025-07-06 14:01:37,0,0,1,Basic,3731.4,23,3,AM_18,"Security,Billing",40.43445242,29.53704375,Feature Request,Security,0,1,0,1,55.4
GlobalFinance Corp,chat,2025-07-09 5:01:37,3,1,4,Basic,4901.58,17,0,AM_18,"Analytics,Integration",66.65315422,28.3222117,Other,Integration,0,1,1,1,83.9
InsightlySoft,web_form,2025-07-11 4:01:37,0,1,6,Pro,4770.77,27,1,AM_17,Collaboration,53.57751176,23.26326326,Performance,Integration,0,0,1,1,74.5
GlobalFinance Corp,chat,2025-06-24 22:01:37,2,6,3,Basic,1328,44,0,AM_5,"Security,Collaboration,Analytics",45.14745867,35.54676998,Feature Request,Collaboration,0,0,0,0,36.8
InsightlySoft,web_form,2025-07-01 6:01:37,1,3,3,Basic,1974.57,13,0,AM_8,"Integration,Analytics",45.79535397,41.20552638,Performance,Integration,0,1,0,1,72.5
GlobalFinance Corp,chat,2025-07-07 6:01:37,1,2,2,Basic,798.37,14,1,AM_2,"Security,Collaboration,Integration",46.39659477,39.03935771,Other,Billing,1,0,0,0,56
GlobalFinance Corp,web_form,2025-06-23 6:01:37,0,7,2,Basic,4218.22,26,2,AM_16,"Integration,Analytics",53.95750376,49.73667472,How-To,Integration,0,0,0,0,38.7
InsightlySoft,chat,2025-06-18 4:01:37,1,4,4,Enterprise,2226.77,43,1,AM_9,"Security,Analytics,Collaboration",37.22240501,29.93739807,Feature Request,Integration,0,0,0,1,44.8
InsightlySoft,web_form,2025-07-07 11:01:37,3,2,2,Basic,3149.51,11,0,AM_15,Billing,38.44105054,44.76041155,Performance,Collaboration,1,0,0,0,35.1
GlobalFinance Corp,chat,2025-07-13 21:01:37,1,2,1,Enterprise,1323.07,38,1,AM_0,"Analytics,Integration",47.74434589,37.0786548,How-To,Collaboration,0,0,0,1,59.2
InsightlySoft,email,2025-07-10 9:01:37,2,3,5,Basic,3410.65,1,2,AM_3,"Billing,Security",20.42173914,44.3098828,Bug,Integration,0,0,0,0,28.3
InsightlySoft,web_form,2025-06-20 16:01:37,0,1,6,Basic,3336.96,24,0,AM_0,"Collaboration,Security",39.9254176,35.62579889,Other,Analytics,0,0,1,1,55.4
InsightlySoft,chat,2025-06-26 7:01:37,3,1,5,Enterprise,4411.1,20,1,AM_17,Billing,56.9749399,35.84536163,Other,Billing,0,0,0,1,77.5
InsightlySoft,web_form,2025-07-12 17:01:37,1,2,7,Enterprise,506.81,8,0,AM_19,Billing,55.88279751,38.06589219,How-To,Billing,0,0,1,1,64
GlobalFinance Corp,web_form,2025-06-22 18:01:37,2,3,1,Basic,2931.85,8,0,AM_3,"Security,Integration,Collaboration",31.911271,36.22335751,How-To,Billing,0,0,0,0,29.9
GlobalFinance Corp,chat,2025-07-08 17:01:37,0,3,3,Basic,6347.73,30,2,AM_10,"Security,Billing,Integration",46.89436212,47.54144883,Feature Request,Collaboration,1,0,0,0,35
InsightlySoft,web_form,2025-06-30 14:01:37,1,6,2,Pro,296.68,18,0,AM_3,"Billing,Analytics,Integration",34.77172218,18.79769763,Performance,Billing,0,0,0,0,48
InsightlySoft,chat,2025-06-30 0:01:37,2,8,2,Pro,9713.16,54,0,AM_18,"Security,Integration",40.36516075,30.73400991,Bug,Analytics,1,0,0,1,49.2
InsightlySoft,email,2025-07-11 15:01:37,2,2,6,Enterprise,698.76,13,1,AM_3,"Integration,Collaboration,Billing",41.70487939,30.99968834,Feature Request,Billing,0,0,0,1,57.9
InsightlySoft,web_form,2025-06-20 16:01:37,0,2,6,Basic,8272.34,58,2,AM_4,"Billing,Analytics,Collaboration",54.54973338,43.58656781,Feature Request,Collaboration,0,0,0,1,77
GlobalFinance Corp,email,2025-06-18 5:01:37,3,2,4,Basic,6075.31,46,1,AM_12,"Billing,Integration",57.34927902,32.113863,Bug,Analytics,0,0,0,0,54.2
GlobalFinance Corp,web_form,2025-07-01 11:01:37,0,1,3,Pro,4411.48,47,0,AM_3,"Collaboration,Billing,Integration",42.87050991,35.62522957,Other,Integration,0,1,0,1,47.7
InsightlySoft,web_form,2025-07-11 3:01:37,0,3,6,Basic,705.02,36,0,AM_9,"Billing,Security",32.871071,33.08246743,Feature Request,Security,0,0,0,0,37.1
InsightlySoft,web_form,2025-06-21 17:01:37,0,1,7,Basic,731.72,19,0,AM_17,"Security,Analytics",29.93593464,41.50864362,Other,Analytics,0,0,0,0,28.4
InsightlySoft,chat,2025-06-15 16:01:37,1,4,1,Basic,900.5,13,1,AM_2,"Analytics,Integration,Collaboration",59.28310235,34.9962728,Performance,Collaboration,0,0,0,0,69.4
GlobalFinance Corp,email,2025-07-13 0:01:37,1,4,1,Basic,4989.41,41,0,AM_18,"Analytics,Security,Billing",45.12540869,42.88212644,How-To,Analytics,0,0,0,0,45.3
InsightlySoft,web_form,2025-07-10 21:01:37,2,4,5,Enterprise,623.62,48,0,AM_4,"Billing,Collaboration,Analytics",45.81643344,43.88295199,Performance,Analytics,0,0,1,1,51.8
GlobalFinance Corp,chat,2025-06-15 17:01:37,1,2,1,Basic,2608.51,26,1,AM_10,Security,36.43856425,51.62689584,How-To,Collaboration,0,0,0,0,34.3
InsightlySoft,web_form,2025-06-23 15:01:37,0,1,2,Enterprise,4508.88,9,2,AM_1,"Integration,Analytics,Billing",57.10728943,42.9410654,Feature Request,Security,0,0,0,1,71.9
GlobalFinance Corp,chat,2025-06-22 17:01:37,1,2,1,Pro,1852.06,34,0,AM_17,Security,54.02443183,39.86012769,How-To,Integration,0,0,0,0,52.3
InsightlySoft,web_form,2025-07-03 17:01:37,2,2,5,Enterprise,5511.77,53,1,AM_10,"Security,Integration",43.61143799,50.58745191,Bug,Collaboration,0,0,0,1,63.2
GlobalFinance Corp,email,2025-06-18 16:01:37,0,5,4,Basic,2477.31,31,2,AM_11,"Integration,Collaboration",38.61979074,45.0833134,Bug,Integration,1,0,0,0,44.5
InsightlySoft,email,2025-07-02 14:01:37,1,3,4,Enterprise,2712.53,58,1,AM_15,"Collaboration,Security,Billing",49.73487834,36.73008298,Performance,Integration,0,1,0,1,47.5
InsightlySoft,web_form,2025-06-25 10:01:37,2,2,4,Pro,3388.3,42,1,AM_1,"Billing,Analytics,Collaboration",29.3673515,33.60807262,Bug,Billing,0,0,0,0,29.1
InsightlySoft,chat,2025-06-21 10:01:37,3,6,7,Basic,5612,7,1,AM_15,"Billing,Security,Integration",52.80306951,45.73214411,Performance,Analytics,0,0,0,0,48.3
GlobalFinance Corp,web_form,2025-07-10 17:01:37,2,4,5,Basic,13.93,9,2,AM_15,Billing,44.86977212,32.9219936,Other,Security,1,0,0,0,45.9
InsightlySoft,chat,2025-07-10 19:01:37,1,4,5,Enterprise,1495.48,40,0,AM_3,"Integration,Collaboration",49.75666544,39.35606065,Other,Integration,0,0,0,1,64.6
GlobalFinance Corp,web_form,2025-07-01 4:01:37,0,2,3,Pro,9889.82,26,0,AM_7,Security,47.56040825,23.50345888,Performance,Integration,0,0,0,1,50.9
GlobalFinance Corp,chat,2025-07-11 16:01:37,4,1,6,Basic,311.66,52,1,AM_3,"Collaboration,Security,Billing",56.42754658,34.56241665,Performance,Analytics,0,0,0,0,59.2
InsightlySoft,email,2025-06-30 18:01:37,0,2,2,Pro,797.56,51,1,AM_10,Collaboration,57.06390235,47.51747563,Performance,Billing,1,0,0,0,67.1
InsightlySoft,web_form,2025-07-11 22:01:37,1,5,6,Basic,2538.41,33,2,AM_7,"Integration,Security",58.37584927,27.68885706,How-To,Billing,0,0,0,0,61.6
InsightlySoft,email,2025-07-11 13:01:37,1,3,6,Enterprise,5853.25,33,1,AM_11,"Integration,Security,Billing",48.96898782,42.14221314,Bug,Security,1,0,0,1,67.7
GlobalFinance Corp,email,2025-07-06 2:01:37,0,4,1,Pro,306.77,57,0,AM_3,Analytics,47.17975132,18.61281818,How-To,Billing,0,1,0,1,65.5
InsightlySoft,web_form,2025-07-05 13:01:37,0,1,7,Basic,12.12,52,3,AM_6,"Analytics,Security",41.21211085,46.12430012,How-To,Security,0,0,0,0,46.7
GlobalFinance Corp,web_form,2025-07-03 20:01:37,2,4,5,Basic,3484.87,40,2,AM_12,"Integration,Analytics,Security",42.13638536,29.66172183,How-To,Security,0,0,0,0,49.8
GlobalFinance Corp,chat,2025-06-27 16:01:37,1,5,6,Basic,2728.71,4,0,AM_10,"Analytics,Billing,Security",51.4889839,33.25896077,Other,Integration,0,0,0,0,50.5
InsightlySoft,chat,2025-06-30 23:01:37,0,3,2,Enterprise,948.49,28,1,AM_9,"Collaboration,Security,Analytics",48.14863194,47.30326026,Other,Security,0,1,0,1,66.4
InsightlySoft,email,2025-06-30 10:01:37,0,1,2,Pro,9482.88,54,3,AM_8,"Integration,Analytics,Billing",60.15072025,32.98668004,How-To,Collaboration,1,0,1,1,67.4
InsightlySoft,chat,2025-07-11 16:01:37,1,3,6,Pro,2457.15,4,0,AM_5,Security,45.64342453,43.48899325,Feature Request,Security,0,0,0,0,34.4
InsightlySoft,chat,2025-06-18 5:01:37,0,2,4,Basic,3266.7,47,0,AM_16,Analytics,33.60542529,41.63287885,How-To,Security,0,0,0,0,39.7
InsightlySoft,web_form,2025-06-15 14:01:37,1,5,1,Basic,1428.22,34,0,AM_12,"Integration,Security,Billing",49.46438811,45.8518784,Feature Request,Collaboration,2,0,0,0,50.7
InsightlySoft,chat,2025-07-04 4:01:37,0,3,6,Enterprise,7637.34,49,0,AM_5,"Collaboration,Security,Billing",57.26318887,43.86734551,Feature Request,Analytics,0,0,0,1,69.9
GlobalFinance Corp,email,2025-06-30 22:01:37,1,2,2,Basic,969.21,40,1,AM_16,Billing,53.11820359,35.10954898,Bug,Billing,0,0,0,0,64.5
GlobalFinance Corp,chat,2025-06-28 4:01:37,0,3,7,Basic,4144.37,48,1,AM_12,Billing,52.7214841,45.43039619,Performance,Billing,0,0,0,0,61.5
GlobalFinance Corp,email,2025-06-30 9:01:37,1,1,2,Basic,372.16,6,0,AM_14,"Analytics,Billing,Security",58.09441007,38.00297754,How-To,Billing,1,0,1,1,62.7
InsightlySoft,web_form,2025-06-20 10:01:37,1,1,6,Pro,2315.19,33,1,AM_15,"Integration,Security,Collaboration",50.09456565,37.91899375,How-To,Analytics,1,0,0,0,43.5
GlobalFinance Corp,email,2025-06-16 22:01:37,1,4,2,Basic,2586.75,5,2,AM_6,Analytics,31.52996943,49.7460488,How-To,Collaboration,0,1,0,1,38.2
GlobalFinance Corp,chat,2025-06-25 19:01:37,1,5,4,Basic,626.07,19,1,AM_12,Security,56.42039446,38.74573885,Performance,Billing,0,0,0,0,45.1
GlobalFinance Corp,web_form,2025-07-09 23:01:37,1,1,4,Pro,1173.7,18,1,AM_5,Analytics,50.79898044,34.94354754,Feature Request,Billing,0,0,0,0,44.3
GlobalFinance Corp,chat,2025-07-01 17:01:37,0,3,3,Pro,590.59,3,1,AM_7,Integration,46.73686754,49.36172183,How-To,Security,1,0,0,0,50.5
GlobalFinance Corp,web_form,2025-07-05 6:01:37,1,3,7,Basic,5593.5,34,1,AM_9,"Integration,Billing,Collaboration",35.74580361,36.34341288,How-To,Analytics,1,0,1,1,66
InsightlySoft,web_form,2025-07-04 13:01:37,1,2,6,Basic,3211.73,58,2,AM_9,Billing,40.00440712,27.28772074,Performance,Billing,0,0,0,0,33.2
InsightlySoft,chat,2025-06-22 20:01:37,1,2,1,Pro,1774.12,2,1,AM_0,"Analytics,Integration,Billing",29.54349106,23.51974368,Other,Analytics,0,0,0,0,19.5
GlobalFinance Corp,chat,2025-06-22 18:01:37,1,4,1,Enterprise,2435.66,1,1,AM_11,Analytics,42.6198573,35.05121154,Performance,Billing,0,0,1,1,50.5
GlobalFinance Corp,web_form,2025-06-26 23:01:37,3,4,5,Basic,1264.97,35,0,AM_7,Integration,41.96522921,32.17113205,Performance,Billing,0,0,0,0,23.9
GlobalFinance Corp,web_form,2025-07-13 0:01:37,1,1,1,Basic,1679.73,51,0,AM_7,"Analytics,Integration",46.74866933,44.31317982,Other,Billing,1,1,1,1,42.8
InsightlySoft,chat,2025-06-25 9:01:37,0,2,4,Basic,2897.8,4,2,AM_6,"Collaboration,Security",63.61577239,31.61078781,Bug,Collaboration,0,0,0,0,67.7
InsightlySoft,email,2025-06-18 20:01:37,1,3,4,Basic,712.79,35,0,AM_6,"Security,Collaboration",57.56129085,25.72028508,Performance,Security,0,0,0,0,52
GlobalFinance Corp,chat,2025-07-03 4:01:37,1,0,5,Basic,431.94,8,1,AM_14,Collaboration,48.34030953,36.04938003,Performance,Collaboration,0,0,0,0,32.7
InsightlySoft,web_form,2025-07-13 23:01:37,3,1,1,Pro,8671.9,44,1,AM_11,"Billing,Security",40.43753136,23.22606735,How-To,Analytics,2,0,0,1,44.7
InsightlySoft,chat,2025-07-12 0:01:37,2,7,7,Pro,810.92,29,0,AM_15,"Security,Integration",36.482318,36.43611988,Feature Request,Security,1,0,0,0,38.3
GlobalFinance Corp,email,2025-07-07 19:01:37,0,3,2,Pro,2050.92,36,2,AM_15,"Integration,Collaboration,Analytics",58.6817365,36.25704893,Feature Request,Integration,0,0,0,0,60.4
InsightlySoft,chat,2025-06-20 9:01:37,0,2,6,Basic,4300.44,14,1,AM_1,"Billing,Security",35.16193599,33.21348173,Performance,Collaboration,0,0,0,0,32.8
InsightlySoft,web_form,2025-06-27 23:01:37,2,7,6,Pro,2436.36,42,1,AM_13,"Analytics,Security",36.31381905,25.78625729,Feature Request,Security,0,0,0,0,36.3
GlobalFinance Corp,chat,2025-06-27 17:01:37,1,4,6,Basic,3022.54,49,1,AM_15,"Analytics,Billing,Security",73.64753863,30.5396454,How-To,Billing,2,0,0,0,61.2
InsightlySoft,web_form,2025-07-10 2:01:37,2,1,5,Basic,535.35,30,2,AM_13,Integration,46.01366269,34.56255514,Performance,Billing,0,0,0,0,47.8
InsightlySoft,web_form,2025-07-03 8:01:37,0,3,5,Pro,1507.23,50,1,AM_5,"Analytics,Security",68.74909286,25.82561744,Performance,Collaboration,2,0,1,1,81.5
GlobalFinance Corp,chat,2025-06-27 19:01:37,0,2,6,Basic,3515.84,7,0,AM_17,"Collaboration,Security,Billing",44.45723459,38.9473774,Performance,Security,0,0,1,1,58.1
InsightlySoft,web_form,2025-06-29 5:01:37,0,3,1,Basic,706.36,13,0,AM_9,"Billing,Analytics,Security",60.47105385,40.22041249,How-To,Collaboration,1,1,1,1,75.9
InsightlySoft,web_form,2025-06-19 21:01:37,0,11,5,Pro,1982.37,22,0,AM_14,"Billing,Collaboration",50.67483455,36.69388586,Feature Request,Integration,1,0,1,1,57.8
GlobalFinance Corp,email,2025-06-17 15:01:37,1,4,3,Pro,2669.31,57,2,AM_17,"Security,Billing,Collaboration",41.02433444,29.82346628,Performance,Analytics,1,1,0,1,54.7
GlobalFinance Corp,email,2025-07-13 3:01:37,0,1,1,Basic,4672.43,45,2,AM_8,"Integration,Collaboration",39.06757404,34.01979526,Other,Collaboration,1,0,0,0,42.3
GlobalFinance Corp,email,2025-07-10 9:01:37,0,2,5,Basic,731.35,54,0,AM_15,Analytics,25.75364427,47.87256455,Performance,Analytics,1,1,0,1,28.7
InsightlySoft,email,2025-07-01 6:01:37,2,3,3,Pro,11462.7,2,0,AM_15,"Analytics,Collaboration",38.00714282,40.65080155,Feature Request,Security,0,0,0,1,58.2
GlobalFinance Corp,web_form,2025-06-27 12:01:37,0,2,6,Enterprise,10272.75,8,3,AM_1,Analytics,54.86184433,34.69510825,Bug,Integration,2,0,0,1,67.4
InsightlySoft,chat,2025-06-26 21:01:37,1,2,5,Enterprise,37.11,57,1,AM_14,"Billing,Security,Integration",47.23449881,41.53808758,Bug,Collaboration,0,1,0,1,64.1
GlobalFinance Corp,web_form,2025-06-18 7:01:37,0,2,4,Enterprise,1376.49,21,2,AM_18,"Integration,Collaboration,Security",42.28703746,18.46584586,Bug,Security,0,0,0,1,44
InsightlySoft,web_form,2025-07-12 5:01:37,4,2,7,Basic,210.75,54,1,AM_10,Integration,46.81555231,56.11920352,Other,Collaboration,0,0,1,1,71.3
GlobalFinance Corp,web_form,2025-06-19 6:01:37,0,2,5,Basic,1144.86,20,1,AM_7,"Analytics,Security",57.49068999,26.28817357,Bug,Billing,1,0,0,0,65.1
GlobalFinance Corp,chat,2025-07-01 23:01:37,1,7,3,Basic,2802.32,11,0,AM_9,"Security,Integration",34.13907902,38.19026484,How-To,Security,1,0,0,0,28.4
GlobalFinance Corp,email,2025-06-30 0:01:37,1,3,2,Basic,2815.12,34,1,AM_5,"Security,Analytics",51.42038019,28.71441044,How-To,Integration,0,0,1,1,62.7
GlobalFinance Corp,web_form,2025-06-28 9:01:37,1,0,7,Basic,304.98,44,1,AM_18,"Billing,Analytics,Collaboration",32.98976622,27.28490868,Bug,Security,1,0,0,0,33.7
InsightlySoft,web_form,2025-07-06 6:01:37,1,5,1,Pro,3391.41,5,1,AM_2,"Billing,Collaboration,Analytics",20.1247655,44.31360923,Bug,Integration,0,0,0,0,23.9
GlobalFinance Corp,email,2025-07-04 0:01:37,0,2,6,Basic,5619.02,53,4,AM_17,Billing,41.80504602,34.99955194,Feature Request,Billing,1,0,0,0,49.5
GlobalFinance Corp,web_form,2025-06-24 12:01:37,0,4,3,Basic,2992.21,48,0,AM_7,"Security,Collaboration",43.11965592,37.33850472,How-To,Billing,0,0,0,0,38.4
InsightlySoft,chat,2025-06-23 5:01:37,2,2,2,Pro,1113.04,30,0,AM_8,"Integration,Security,Analytics",44.66197,38.45466455,Feature Request,Analytics,1,0,0,0,49.2
GlobalFinance Corp,web_form,2025-06-26 4:01:37,0,3,5,Basic,7.49,33,1,AM_4,"Analytics,Integration,Collaboration",46.91605593,40.79697852,Feature Request,Analytics,0,0,0,0,42.9
InsightlySoft,web_form,2025-06-15 5:01:37,1,3,1,Basic,3135.86,12,3,AM_4,"Billing,Integration,Collaboration",53.20395686,40.19370593,Bug,Billing,2,0,0,0,53.6
GlobalFinance Corp,email,2025-07-07 6:01:37,0,8,2,Pro,3397.32,5,2,AM_14,Collaboration,40.49732291,42.96924628,Feature Request,Billing,0,0,0,0,50.2
GlobalFinance Corp,web_form,2025-06-30 12:01:37,0,5,2,Basic,3700.71,1,0,AM_1,"Collaboration,Security,Analytics",34.57345114,21.23708687,Bug,Analytics,0,0,0,0,22
GlobalFinance Corp,web_form,2025-07-09 5:01:37,1,7,4,Pro,120.16,35,2,AM_12,Integration,58.69523362,29.72616181,Bug,Analytics,0,0,0,0,64.4
InsightlySoft,chat,2025-06-26 7:01:37,0,3,5,Enterprise,2179.79,59,0,AM_11,Billing,60.58426608,28.75338218,Performance,Analytics,0,0,0,1,63.4
GlobalFinance Corp,email,2025-07-04 5:01:37,1,2,6,Basic,1600.4,25,1,AM_2,Billing,49.9546607,44.40403575,How-To,Security,0,0,0,0,49
GlobalFinance Corp,email,2025-07-03 17:01:37,1,4,5,Pro,4374.64,4,1,AM_4,"Integration,Analytics",52.49295382,42.05448459,Other,Billing,0,0,0,0,47.5
GlobalFinance Corp,chat,2025-07-10 21:01:37,1,4,5,Basic,3847.85,9,2,AM_17,"Integration,Analytics",57.87039771,41.2701234,How-To,Collaboration,0,0,0,0,63
InsightlySoft,web_form,2025-06-17 4:01:37,0,3,3,Enterprise,9027.11,54,0,AM_10,"Analytics,Security,Collaboration",57.97055616,28.61066874,Other,Integration,0,0,0,1,72
InsightlySoft,email,2025-06-27 15:01:37,2,3,6,Basic,6833.97,49,0,AM_15,"Security,Integration",35.83271992,26.40707335,Performance,Integration,0,1,0,1,39.9
GlobalFinance Corp,email,2025-07-09 0:01:37,0,0,4,Enterprise,2449.38,44,0,AM_8,"Collaboration,Analytics",45.54083627,22.69531803,Performance,Integration,0,0,0,1,55.6
InsightlySoft,web_form,2025-07-06 2:01:37,0,3,1,Pro,11808.01,51,2,AM_8,"Collaboration,Security,Integration",31.26821294,38.7577564,How-To,Integration,0,0,1,1,38.6
GlobalFinance Corp,web_form,2025-06-18 5:01:37,2,1,4,Pro,488.31,3,1,AM_11,Billing,50.65170042,23.76211061,Performance,Analytics,0,1,0,1,65.8
GlobalFinance Corp,email,2025-06-20 21:01:37,3,1,6,Enterprise,21.55,30,3,AM_10,Security,53.91508871,41.96147065,Performance,Analytics,0,0,0,1,54.9
GlobalFinance Corp,web_form,2025-07-01 23:01:37,0,3,3,Basic,342.31,20,1,AM_0,"Integration,Collaboration,Billing",34.17779642,30.49013974,Bug,Billing,1,0,0,0,37.6
GlobalFinance Corp,email,2025-07-03 16:01:37,0,2,5,Basic,1316.04,10,1,AM_5,"Integration,Analytics,Security",54.50370644,31.86131274,Performance,Analytics,0,1,0,1,59.8
GlobalFinance Corp,web_form,2025-06-17 20:01:37,3,3,3,Pro,4222.67,20,1,AM_12,"Collaboration,Security",57.43087354,33.61605575,Feature Request,Integration,0,0,0,0,73.3
GlobalFinance Corp,web_form,2025-07-01 12:01:37,0,3,3,Enterprise,1448.98,40,1,AM_1,Collaboration,62.90307714,25.95189325,Performance,Security,0,0,0,1,77.4
GlobalFinance Corp,chat,2025-07-10 1:01:37,0,1,5,Pro,4550.6,3,0,AM_17,"Integration,Analytics",46.38981734,43.24336942,Other,Security,0,0,0,0,51.1
InsightlySoft,web_form,2025-06-29 0:01:37,1,3,1,Enterprise,4073.52,11,1,AM_15,Integration,52.74123046,26.9376069,How-To,Collaboration,0,0,0,1,67.4
InsightlySoft,chat,2025-06-25 20:01:37,0,3,4,Pro,4744.74,15,0,AM_9,Security,61.1827751,33.81946343,Other,Billing,0,0,0,0,56.2
InsightlySoft,web_form,2025-07-06 19:01:37,1,4,1,Enterprise,622.08,52,2,AM_16,"Integration,Collaboration",36.15084799,44.07534859,Bug,Security,0,0,0,1,56.1
InsightlySoft,email,2025-06-26 10:01:37,1,1,5,Pro,2177.22,28,0,AM_15,Security,46.5746873,20.52809879,Performance,Security,0,0,0,0,49.6
InsightlySoft,email,2025-07-06 23:01:37,3,1,1,Basic,3741.6,44,1,AM_16,Analytics,35.08392786,25.15608434,Feature Request,Security,0,0,0,0,45.7
InsightlySoft,web_form,2025-06-29 11:01:37,4,2,1,Pro,1002.96,35,1,AM_14,Billing,48.43574257,31.8385752,Bug,Integration,0,0,0,0,55.6
InsightlySoft,web_form,2025-07-11 1:01:37,0,2,6,Basic,5460.97,7,1,AM_2,"Analytics,Collaboration",45.70591597,35.54476173,How-To,Integration,0,0,0,0,55.9
GlobalFinance Corp,email,2025-07-06 23:01:37,0,2,1,Basic,4533.02,54,0,AM_2,"Collaboration,Security",41.58339956,40.4413378,Performance,Collaboration,0,0,0,0,51.5
GlobalFinance Corp,web_form,2025-07-09 6:01:37,2,3,4,Pro,383.08,33,1,AM_8,"Security,Billing,Integration",54.15115451,36.90985469,How-To,Analytics,1,0,0,0,44.2
GlobalFinance Corp,chat,2025-06-18 7:01:37,0,0,4,Basic,737.27,42,3,AM_4,Analytics,40.38214283,39.60428687,Bug,Analytics,1,0,0,0,33.2
GlobalFinance Corp,chat,2025-06-21 10:01:37,1,6,7,Basic,812.96,49,3,AM_16,Billing,44.01004008,38.8454669,Feature Request,Analytics,0,0,0,0,46.3
InsightlySoft,chat,2025-06-29 2:01:37,1,2,1,Basic,6322.94,38,0,AM_17,Security,59.16993445,40.32709544,How-To,Security,1,0,1,1,72.9
InsightlySoft,chat,2025-06-15 23:01:37,1,5,1,Basic,620.06,19,2,AM_15,"Billing,Integration",68.18222462,25.06461919,Performance,Analytics,0,0,0,1,96.7
GlobalFinance Corp,chat,2025-06-15 22:01:37,0,0,1,Pro,2919.35,57,1,AM_19,Billing,62.31270741,31.8377525,Other,Analytics,0,0,0,0,59.2
GlobalFinance Corp,web_form,2025-07-10 15:01:37,2,2,5,Basic,201.34,44,0,AM_8,"Collaboration,Analytics",50.6256341,34.76601896,Other,Integration,0,0,0,0,55.8
InsightlySoft,web_form,2025-07-13 8:01:37,1,5,1,Pro,2412.27,29,2,AM_14,"Collaboration,Integration",55.34096614,37.40933214,How-To,Integration,0,0,0,0,55.3
GlobalFinance Corp,chat,2025-06-20 12:01:37,2,4,6,Basic,456.84,2,2,AM_8,"Collaboration,Security",50.93987014,33.57953104,Feature Request,Analytics,1,0,0,0,52.9
GlobalFinance Corp,web_form,2025-07-07 15:01:37,1,2,2,Basic,2570.5,44,1,AM_12,"Analytics,Integration",27.76153129,33.98424511,Bug,Integration,0,1,0,1,49.1
GlobalFinance Corp,web_form,2025-06-29 12:01:37,3,2,1,Basic,1375.63,19,1,AM_0,"Integration,Security,Analytics",31.82075393,31.98460415,Performance,Integration,0,0,0,0,47.2
GlobalFinance Corp,chat,2025-07-12 7:01:37,0,3,7,Basic,2791.8,9,1,AM_15,"Billing,Analytics",45.15454461,35.73934538,How-To,Security,1,0,0,0,51
InsightlySoft,web_form,2025-07-07 5:01:37,0,1,2,Pro,1504.82,6,0,AM_8,"Analytics,Billing,Integration",67.21105814,54.14735705,Performance,Collaboration,0,0,0,1,79.8
GlobalFinance Corp,web_form,2025-07-13 23:01:37,1,3,1,Basic,5778.52,17,0,AM_12,"Billing,Integration",36.08348319,36.53179913,Feature Request,Integration,0,0,0,0,37
GlobalFinance Corp,web_form,2025-07-05 8:01:37,2,6,7,Basic,4243.81,2,4,AM_13,"Integration,Security",55.29394871,27.01688767,Other,Collaboration,0,0,0,0,59.2
InsightlySoft,chat,2025-06-25 1:01:37,0,2,4,Basic,5587.23,39,0,AM_10,Billing,35.51843374,43.65553383,Bug,Billing,0,0,0,0,43
InsightlySoft,web_form,2025-07-10 19:01:37,0,3,5,Pro,753.29,6,0,AM_0,"Analytics,Billing",57.11669416,21.80610307,Other,Analytics,0,0,0,0,57
GlobalFinance Corp,email,2025-07-02 9:01:37,0,1,4,Pro,483.38,14,1,AM_13,Security,53.58516626,38.14750728,Bug,Collaboration,1,1,0,1,76.7
InsightlySoft,email,2025-06-20 1:01:37,0,0,6,Pro,2444.82,49,0,AM_19,"Security,Analytics",35.36798573,36.16888474,Other,Collaboration,0,0,0,0,29.1
GlobalFinance Corp,chat,2025-07-07 11:01:37,1,2,2,Basic,6186.77,26,0,AM_17,"Integration,Billing,Security",49.16065887,48.69934903,How-To,Billing,0,0,0,0,49
GlobalFinance Corp,email,2025-07-05 12:01:37,0,3,7,Pro,351.71,18,0,AM_0,"Security,Integration,Analytics",54.54944076,37.93119426,Feature Request,Analytics,0,0,0,0,55.2
InsightlySoft,chat,2025-06-19 3:01:37,1,6,5,Basic,799.28,6,0,AM_0,"Billing,Security,Integration",50.30101812,47.96561971,Other,Analytics,0,0,1,1,56.1
GlobalFinance Corp,email,2025-07-12 12:01:37,1,1,7,Enterprise,4111.24,12,0,AM_16,"Analytics,Billing",59.93700858,36.14683192,Feature Request,Analytics,0,0,0,1,75.3
GlobalFinance Corp,email,2025-06-15 19:01:37,2,2,1,Pro,1878.49,38,1,AM_1,Collaboration,55.17172896,39.17747319,Other,Integration,0,0,0,0,54
GlobalFinance Corp,email,2025-06-27 23:01:37,2,4,6,Basic,2774.96,22,3,AM_15,"Billing,Security",66.47528965,31.09523497,Performance,Security,0,0,0,1,67.8
GlobalFinance Corp,chat,2025-07-01 12:01:37,0,3,3,Pro,2687.66,14,2,AM_4,Collaboration,63.84335143,32.87294463,Other,Security,1,0,1,1,91.7
InsightlySoft,chat,2025-06-30 5:01:37,1,6,2,Basic,1594.9,13,2,AM_4,"Security,Collaboration,Analytics",52.99065373,40.93184014,Bug,Integration,0,0,0,0,59.1
InsightlySoft,web_form,2025-06-26 7:01:37,1,2,5,Basic,3669.49,9,3,AM_6,Analytics,56.24733299,45.68743835,Performance,Analytics,1,0,0,0,64.5
GlobalFinance Corp,chat,2025-06-20 14:01:37,0,4,6,Pro,5737.09,50,0,AM_3,"Integration,Collaboration,Security",45.88190107,21.92214165,How-To,Billing,0,1,0,1,63
InsightlySoft,email,2025-06-22 6:01:37,0,6,1,Basic,7149.99,42,3,AM_0,Integration,52.16551551,52.6070923,How-To,Integration,0,0,0,1,58.5
GlobalFinance Corp,email,2025-07-03 0:01:37,0,2,5,Basic,142.57,32,0,AM_17,Billing,54.7201033,39.61692099,How-To,Integration,0,0,0,0,49.8
GlobalFinance Corp,chat,2025-06-29 18:01:37,0,3,1,Basic,2419.66,10,2,AM_9,Analytics,42.54513692,33.28620079,Feature Request,Collaboration,0,0,0,0,46.9
GlobalFinance Corp,chat,2025-06-18 11:01:37,0,1,4,Enterprise,123.63,27,1,AM_6,"Integration,Billing,Collaboration",63.3050821,39.76625985,How-To,Integration,0,0,1,1,78.3
GlobalFinance Corp,chat,2025-06-17 20:01:37,0,6,3,Enterprise,6935.79,14,0,AM_10,"Collaboration,Integration,Analytics",44.1864352,31.61217778,Other,Analytics,0,0,0,1,57.6
GlobalFinance Corp,web_form,2025-06-18 1:01:37,0,4,4,Basic,1682.5,9,1,AM_0,"Billing,Analytics,Collaboration",51.06713513,41.99205917,Performance,Integration,0,0,0,0,49.4
InsightlySoft,email,2025-07-14 10:01:37,1,2,2,Basic,6923.56,9,1,AM_5,"Collaboration,Integration,Billing",46.18234031,41.51559574,Bug,Security,0,0,0,0,41.6
GlobalFinance Corp,web_form,2025-06-21 7:01:37,0,4,7,Basic,623.6,26,1,AM_4,Integration,62.70513916,37.02788422,How-To,Security,0,0,0,0,53.7
InsightlySoft,web_form,2025-06-24 7:01:37,0,4,3,Basic,531.54,57,0,AM_12,"Security,Collaboration,Analytics",34.22517825,28.7338269,Bug,Integration,0,0,0,0,23.9
InsightlySoft,email,2025-06-30 13:01:37,3,2,2,Basic,7168.49,32,1,AM_16,"Integration,Billing",35.20973279,36.20542419,Feature Request,Billing,0,0,0,1,57.7
GlobalFinance Corp,email,2025-06-25 2:01:37,1,5,4,Basic,8360.09,41,0,AM_17,Security,42.05857094,37.54313865,Feature Request,Collaboration,0,0,0,1,46.4
GlobalFinance Corp,chat,2025-06-16 3:01:37,0,2,2,Enterprise,4367.44,35,0,AM_6,"Billing,Security",44.22575528,43.18835669,Bug,Integration,0,0,0,1,57.6
GlobalFinance Corp,chat,2025-06-15 19:01:37,3,2,1,Pro,753.18,26,3,AM_5,"Billing,Integration,Collaboration",48.5495554,31.53482964,Other,Analytics,0,0,0,0,41.4
GlobalFinance Corp,web_form,2025-06-15 10:01:37,1,3,1,Basic,566.17,41,3,AM_6,Integration,35.22005249,33.19283398,Bug,Billing,0,0,0,0,26.7
GlobalFinance Corp,chat,2025-07-04 9:01:37,1,4,6,Basic,4135.13,45,1,AM_11,"Security,Billing,Integration",50.51754669,46.25204571,Performance,Analytics,1,0,0,0,58.4
InsightlySoft,chat,2025-07-04 23:01:37,1,2,6,Basic,3021.72,42,1,AM_5,Integration,35.04264645,49.61432293,How-To,Analytics,0,0,0,0,33.9
GlobalFinance Corp,email,2025-07-11 7:01:37,1,3,6,Basic,6168.97,57,0,AM_15,Billing,49.35551555,36.38747131,Other,Collaboration,0,0,0,0,59.4
GlobalFinance Corp,email,2025-07-10 21:01:37,1,5,5,Pro,972.26,3,0,AM_7,"Analytics,Billing,Security",59.90746144,45.88536613,Bug,Collaboration,0,0,0,0,63.8
InsightlySoft,chat,2025-06-28 8:01:37,0,4,7,Basic,1050.19,30,2,AM_14,"Analytics,Security,Billing",56.57903999,35.978832,Performance,Security,0,0,1,1,68.2
InsightlySoft,email,2025-07-03 14:01:37,1,2,5,Enterprise,3946.29,29,3,AM_8,Integration,44.5182734,26.65520939,Bug,Analytics,0,1,0,1,68.7
GlobalFinance Corp,chat,2025-06-27 9:01:37,1,4,6,Basic,935.39,20,0,AM_12,"Integration,Security",41.91559968,30.97805928,How-To,Integration,0,0,1,1,57.5
InsightlySoft,email,2025-06-18 10:01:37,1,2,4,Pro,1861.79,4,1,AM_11,Integration,73.69646569,30.41160704,Feature Request,Analytics,0,0,1,1,81.2
GlobalFinance Corp,email,2025-06-20 11:01:37,0,3,6,Enterprise,2202.8,14,1,AM_13,"Billing,Analytics,Integration",54.90305365,32.99325607,Bug,Security,0,0,0,1,56.5
InsightlySoft,email,2025-06-22 17:01:37,2,2,1,Basic,3318.58,45,0,AM_7,"Integration,Security,Billing",54.53714902,33.17678588,Performance,Analytics,0,0,1,1,69.7
InsightlySoft,email,2025-07-04 5:01:37,1,2,6,Pro,1266.54,52,2,AM_14,"Analytics,Security",58.11103456,52.9838084,Bug,Collaboration,0,1,0,1,79.5
GlobalFinance Corp,chat,2025-07-09 16:01:37,0,4,4,Basic,5862.91,39,1,AM_3,"Security,Billing",53.70516919,30.37084021,How-To,Security,0,0,0,0,59.8
InsightlySoft,web_form,2025-07-14 8:01:37,1,0,2,Basic,1544.14,21,2,AM_8,Billing,53.63148903,27.91197767,Performance,Billing,0,0,1,1,59.2
InsightlySoft,email,2025-07-01 14:01:37,1,1,3,Basic,126.76,7,0,AM_19,Collaboration,51.57051051,45.65410084,Feature Request,Analytics,1,0,0,0,39.6
InsightlySoft,chat,2025-07-03 9:01:37,2,6,5,Basic,208.06,6,1,AM_5,"Integration,Analytics",51.25684948,23.26285063,How-To,Analytics,1,0,0,0,57.5
InsightlySoft,chat,2025-07-02 0:01:37,0,3,4,Basic,10681.29,55,1,AM_5,Integration,45.23616157,38.18807426,Bug,Collaboration,1,0,0,1,58.2
InsightlySoft,email,2025-07-06 0:01:37,0,4,1,Basic,2918.92,40,0,AM_1,"Collaboration,Integration,Analytics",47.3089619,35.81900347,Other,Billing,1,0,0,0,58.1
InsightlySoft,web_form,2025-06-25 10:01:37,0,6,4,Enterprise,2025.5,6,1,AM_6,Integration,63.32044361,33.12012287,Bug,Analytics,0,0,0,1,80.3
GlobalFinance Corp,email,2025-06-15 2:01:37,2,4,1,Enterprise,6113.3,25,2,AM_0,Billing,56.58641666,29.26957961,Feature Request,Analytics,0,0,0,1,56.8
GlobalFinance Corp,chat,2025-06-14 21:01:37,1,3,7,Basic,3785.7,4,0,AM_8,"Billing,Security",39.87816097,27.4651347,Bug,Billing,1,0,0,0,39.3
InsightlySoft,web_form,2025-06-27 10:01:37,2,2,6,Basic,600.45,37,1,AM_4,"Analytics,Billing,Integration",57.38540975,40.90237364,Other,Collaboration,0,0,0,0,41.9
GlobalFinance Corp,chat,2025-07-05 18:01:37,0,6,7,Basic,21.96,57,1,AM_8,Billing,47.37224546,44.89065254,Feature Request,Integration,1,0,0,0,38.6
GlobalFinance Corp,email,2025-07-11 10:01:37,1,8,6,Basic,12073.95,25,0,AM_12,Integration,40.68460152,30.77813674,Feature Request,Billing,1,0,1,1,52.1
GlobalFinance Corp,web_form,2025-06-24 18:01:37,1,5,3,Basic,2976.41,18,0,AM_0,"Billing,Security,Integration",52.27203878,34.57122919,Bug,Collaboration,0,0,1,1,73.8
InsightlySoft,chat,2025-06-21 23:01:37,1,2,7,Pro,1944.95,34,0,AM_19,"Collaboration,Integration,Security",39.56406586,26.93696442,How-To,Analytics,0,1,0,1,59.8
GlobalFinance Corp,chat,2025-07-14 0:01:37,1,1,2,Basic,8682.57,25,1,AM_14,"Analytics,Integration,Billing",39.07073314,36.68857116,Feature Request,Billing,0,0,1,1,49.8
InsightlySoft,chat,2025-07-07 21:01:37,2,6,2,Basic,1382.34,22,1,AM_16,Collaboration,60.9300322,31.3614044,Performance,Collaboration,0,0,0,1,63.1
GlobalFinance Corp,email,2025-06-22 21:01:37,2,3,1,Pro,3846.37,56,5,AM_7,"Billing,Security",35.88565843,37.65126555,Feature Request,Analytics,0,0,1,1,58.9
InsightlySoft,web_form,2025-07-06 8:01:37,0,1,1,Basic,3327.03,46,2,AM_14,Security,50.11855545,35.11983856,Performance,Security,2,0,1,1,65.9
InsightlySoft,email,2025-06-30 8:01:37,0,2,2,Pro,3390.51,56,2,AM_18,Integration,56.9158283,25.94141392,How-To,Collaboration,1,0,0,0,52.8
GlobalFinance Corp,email,2025-06-29 12:01:37,3,1,1,Basic,3391.54,56,2,AM_10,"Integration,Collaboration,Security",39.90208849,36.86061557,Other,Collaboration,0,0,0,0,35.1
GlobalFinance Corp,email,2025-06-26 2:01:37,1,5,5,Pro,31.45,14,0,AM_7,"Analytics,Billing,Integration",59.12620836,35.497957,Performance,Collaboration,0,0,0,0,60
InsightlySoft,web_form,2025-06-23 9:01:37,1,3,2,Enterprise,5216.97,37,0,AM_5,Security,54.34731527,31.11601637,Performance,Analytics,0,0,0,1,65.7
GlobalFinance Corp,email,2025-07-01 11:01:37,2,2,3,Pro,7690.06,11,2,AM_5,"Security,Collaboration,Billing",82.55630917,42.7576004,Other,Integration,0,0,0,1,88.2
GlobalFinance Corp,email,2025-07-05 17:01:37,2,4,7,Pro,1789.96,27,4,AM_7,Integration,49.6946159,35.16900435,Feature Request,Integration,1,0,0,0,61
GlobalFinance Corp,email,2025-07-13 8:01:37,1,5,1,Basic,2466.24,26,2,AM_18,"Analytics,Security,Collaboration",66.97211602,39.16676404,Performance,Security,0,1,0,1,83.2
InsightlySoft,email,2025-07-03 16:01:37,2,3,5,Basic,1177.86,52,4,AM_19,"Analytics,Integration",36.19737213,50.15211049,Performance,Billing,1,0,1,1,43.2
InsightlySoft,chat,2025-06-18 2:01:37,1,2,4,Basic,4612.36,35,1,AM_8,Collaboration,40.3611899,51.11610547,Other,Security,0,0,1,1,57.2
GlobalFinance Corp,email,2025-07-11 10:01:37,0,6,6,Enterprise,4002.26,16,0,AM_19,Integration,59.3440196,26.02035087,Feature Request,Billing,0,0,1,1,54.2
GlobalFinance Corp,chat,2025-06-16 13:01:37,1,0,2,Pro,4023.97,52,0,AM_5,"Analytics,Security,Billing",42.72678433,41.8228661,Bug,Billing,0,0,1,1,57.6
GlobalFinance Corp,email,2025-06-27 13:01:37,1,2,6,Basic,3983.2,40,0,AM_4,Integration,43.60468477,34.54417894,Performance,Security,1,0,0,0,56.4
InsightlySoft,web_form,2025-07-04 6:01:37,1,6,6,Pro,739.79,20,3,AM_15,Billing,67.12073226,38.62215742,How-To,Security,0,0,0,0,67.3
InsightlySoft,chat,2025-07-14 6:01:37,1,3,2,Pro,358.12,15,0,AM_6,Security,55.09212931,45.31420906,Other,Collaboration,1,0,1,1,56.4
GlobalFinance Corp,chat,2025-06-28 1:01:37,0,4,7,Enterprise,1116.47,14,0,AM_0,"Integration,Billing,Security",53.75027255,41.77723267,Performance,Analytics,0,0,0,1,71.1
GlobalFinance Corp,chat,2025-07-03 0:01:37,0,1,5,Basic,2569.68,46,2,AM_9,"Integration,Billing,Collaboration",51.1976326,35.07765997,Feature Request,Integration,0,1,0,1,50.5
GlobalFinance Corp,chat,2025-07-10 2:01:37,2,4,5,Enterprise,1530.09,8,0,AM_18,Integration,52.17784934,44.17118904,How-To,Billing,0,0,0,1,71.1
GlobalFinance Corp,web_form,2025-06-29 0:01:37,5,2,1,Pro,860.03,24,2,AM_4,"Analytics,Collaboration",30.82080105,32.19112054,Bug,Billing,0,0,0,0,28
GlobalFinance Corp,email,2025-07-03 14:01:37,1,1,5,Basic,67.62,33,0,AM_19,"Security,Billing",49.96378538,37.94466452,How-To,Collaboration,1,0,0,0,52
GlobalFinance Corp,chat,2025-07-02 8:01:37,1,2,4,Basic,387.37,16,1,AM_18,Integration,41.35526357,41.73602151,Performance,Integration,0,0,0,0,38.8
InsightlySoft,web_form,2025-07-01 13:01:37,1,3,3,Basic,333.91,27,2,AM_18,"Collaboration,Security",58.47540621,42.23776191,How-To,Analytics,1,0,0,0,60.7
GlobalFinance Corp,chat,2025-06-21 0:01:37,1,3,7,Basic,9414.6,59,1,AM_8,Collaboration,41.22042463,22.44478577,Bug,Collaboration,0,0,1,1,66.2
InsightlySoft,email,2025-06-23 13:01:37,2,3,2,Pro,4526.4,28,0,AM_2,"Billing,Security,Collaboration",42.7308711,29.50403723,Feature Request,Analytics,0,0,0,0,53.3
GlobalFinance Corp,chat,2025-06-22 0:01:37,1,4,1,Basic,392.9,44,1,AM_8,"Integration,Security",34.64848773,29.88138549,Bug,Billing,1,0,0,0,34.2
GlobalFinance Corp,web_form,2025-06-29 13:01:37,2,3,1,Basic,1888.89,14,1,AM_18,"Security,Billing",54.59425455,34.20969625,Bug,Integration,0,0,1,1,78.3
InsightlySoft,email,2025-06-21 23:01:37,2,4,7,Basic,3188.17,9,0,AM_15,Integration,62.5480468,41.64450777,Other,Billing,0,0,0,0,72.3
InsightlySoft,web_form,2025-07-03 11:01:37,0,3,5,Pro,9735.16,46,0,AM_1,Billing,39.28964283,37.88325501,Other,Collaboration,0,0,0,1,44.3
InsightlySoft,email,2025-06-25 0:01:37,1,1,4,Enterprise,939.88,13,4,AM_7,"Integration,Security,Billing",41.56246637,42.98629228,Bug,Analytics,0,0,0,1,60.9
InsightlySoft,email,2025-06-22 9:01:37,1,1,1,Pro,919.77,51,2,AM_13,"Security,Billing",58.21152755,50.37907029,How-To,Analytics,0,0,0,0,61.7
GlobalFinance Corp,email,2025-07-05 0:01:37,2,1,7,Enterprise,2519.78,22,1,AM_5,"Integration,Analytics",47.59758318,36.16727711,How-To,Billing,1,0,0,1,57.5
InsightlySoft,chat,2025-07-12 7:01:37,2,4,7,Pro,5842.67,30,0,AM_11,"Analytics,Security",50.35220251,37.96193196,Bug,Collaboration,1,0,0,0,54.5
GlobalFinance Corp,web_form,2025-07-04 7:01:37,1,3,6,Pro,983.93,32,0,AM_0,"Integration,Collaboration",53.44495071,46.4492289,How-To,Integration,1,0,1,1,78.5
InsightlySoft,web_form,2025-07-11 4:01:37,3,7,6,Basic,403.42,16,1,AM_17,Billing,45.74947853,28.12872461,Feature Request,Security,1,0,0,0,41.4
GlobalFinance Corp,web_form,2025-06-28 12:01:37,2,7,7,Pro,928.27,51,0,AM_6,"Security,Integration,Billing",44.48093778,39.79623796,How-To,Collaboration,0,0,0,0,45.9
GlobalFinance Corp,email,2025-07-07 6:01:37,0,4,2,Basic,1788.43,25,1,AM_11,"Security,Billing",38.90271324,36.17230694,How-To,Integration,1,1,0,1,51.4
GlobalFinance Corp,chat,2025-06-14 19:01:37,0,4,7,Basic,1338.64,49,3,AM_11,"Billing,Analytics,Integration",37.91606822,24.25454239,Bug,Integration,1,0,0,0,23.4
GlobalFinance Corp,email,2025-07-08 13:01:37,0,3,3,Pro,5924.44,23,1,AM_5,Collaboration,29.1890078,43.79555714,How-To,Analytics,0,1,0,1,41.5
GlobalFinance Corp,web_form,2025-06-20 11:01:37,0,10,6,Pro,8591.24,37,0,AM_19,Billing,49.6371816,46.28150636,How-To,Security,0,0,0,1,64.5
GlobalFinance Corp,chat,2025-07-09 17:01:37,0,3,4,Basic,1426.62,28,2,AM_1,Integration,49.63229694,43.48297279,Other,Security,0,0,0,0,55.6
InsightlySoft,chat,2025-06-19 13:01:37,1,4,5,Basic,5201.97,3,1,AM_10,"Integration,Analytics,Security",52.66837611,30.04760137,Other,Security,0,0,0,0,42.9
GlobalFinance Corp,chat,2025-07-04 2:01:37,0,2,6,Basic,213.24,59,3,AM_15,"Analytics,Integration,Security",56.87324528,53.58150096,How-To,Billing,2,0,0,0,65.9
InsightlySoft,web_form,2025-07-01 21:01:37,0,5,3,Enterprise,2420.31,23,0,AM_0,"Collaboration,Analytics",50.29833571,44.05507917,How-To,Analytics,1,0,0,1,70
InsightlySoft,chat,2025-07-12 7:01:37,0,2,7,Basic,5346.09,33,0,AM_5,"Security,Integration,Billing",34.11029206,41.65261152,Bug,Collaboration,0,0,0,0,31.2
GlobalFinance Corp,chat,2025-07-11 21:01:37,0,3,6,Enterprise,1627.07,54,3,AM_9,"Analytics,Billing,Integration",41.14351493,43.48326774,Feature Request,Billing,0,1,1,1,56.9
InsightlySoft,email,2025-06-26 4:01:37,4,2,5,Enterprise,464.47,39,2,AM_8,"Integration,Billing",38.11012951,40.703107,Other,Billing,0,0,0,1,59.8
GlobalFinance Corp,email,2025-06-28 14:01:37,0,3,7,Pro,1002.6,25,0,AM_9,Security,38.38480851,33.91008365,Performance,Security,0,1,0,1,49.2
InsightlySoft,chat,2025-07-11 4:01:37,0,4,6,Pro,2031.28,25,1,AM_17,Analytics,53.66295228,39.75034515,How-To,Security,1,0,1,1,58.3
GlobalFinance Corp,chat,2025-07-05 7:01:37,1,2,7,Enterprise,5564.05,39,1,AM_17,"Billing,Integration,Security",48.68331059,41.30396904,Performance,Integration,1,0,1,1,75.8
InsightlySoft,email,2025-06-20 1:01:37,1,5,6,Basic,4142.1,21,2,AM_8,"Collaboration,Billing",39.13718688,36.76458375,Bug,Integration,0,0,0,0,46.3
GlobalFinance Corp,email,2025-06-18 16:01:37,0,3,4,Basic,261.83,55,1,AM_12,"Analytics,Collaboration,Billing",55.32816027,30.160869,Performance,Analytics,0,0,0,0,63.3
GlobalFinance Corp,email,2025-07-07 2:01:37,3,3,2,Enterprise,2370.01,59,0,AM_9,"Collaboration,Billing,Integration",45.9367057,37.68607506,Feature Request,Analytics,0,0,0,1,51.1
GlobalFinance Corp,web_form,2025-07-01 8:01:37,3,4,3,Basic,6175.41,31,0,AM_8,Security,40.60177085,43.79531657,Feature Request,Collaboration,1,0,0,0,46.7
GlobalFinance Corp,web_form,2025-07-01 12:01:37,2,4,3,Basic,2581.93,49,3,AM_3,"Billing,Analytics",52.13584437,35.9847268,Bug,Billing,0,0,0,0,54.3
InsightlySoft,email,2025-06-21 4:01:37,3,4,7,Basic,201.43,30,0,AM_14,"Integration,Analytics,Billing",61.75023363,44.93279193,Other,Security,0,1,1,1,79.7
GlobalFinance Corp,chat,2025-06-28 3:01:37,2,0,7,Basic,5196.86,39,2,AM_7,"Collaboration,Security,Analytics",41.66158817,33.74328634,How-To,Security,0,0,0,0,48.4
InsightlySoft,email,2025-06-15 5:01:37,0,2,1,Basic,7118.05,45,1,AM_1,"Analytics,Integration,Security",38.627853,35.79898791,Performance,Analytics,1,1,0,1,35.6
InsightlySoft,web_form,2025-07-02 13:01:37,1,6,4,Basic,1478.9,45,0,AM_3,Analytics,52.48485713,22.17508592,Bug,Integration,0,0,0,0,38.7
InsightlySoft,chat,2025-07-02 13:01:37,1,2,4,Basic,1113.79,42,0,AM_5,Billing,49.78159695,39.39905186,Feature Request,Collaboration,1,0,1,1,70.3
GlobalFinance Corp,web_form,2025-06-24 13:01:37,2,4,3,Pro,2351.52,52,0,AM_19,"Collaboration,Integration,Analytics",43.70923739,19.65462093,Feature Request,Billing,0,0,0,0,28.3
InsightlySoft,chat,2025-06-26 3:01:37,0,3,5,Enterprise,12422.06,34,1,AM_6,"Collaboration,Security",41.96473396,36.59110894,Bug,Analytics,2,0,0,1,54.3
InsightlySoft,web_form,2025-06-15 22:01:37,1,4,1,Basic,5450.57,38,3,AM_12,Security,49.49318189,38.71702023,Bug,Integration,1,1,0,1,63.4
InsightlySoft,chat,2025-06-27 14:01:37,0,3,6,Basic,4998.91,7,0,AM_4,"Analytics,Billing,Integration",36.37729393,36.26560013,Bug,Integration,0,1,0,1,50.9
GlobalFinance Corp,chat,2025-06-23 14:01:37,4,2,2,Basic,643.83,27,0,AM_3,Billing,43.89111515,25.56876567,Performance,Billing,1,0,0,0,48.9
GlobalFinance Corp,chat,2025-07-04 14:01:37,0,2,6,Enterprise,6766.11,13,1,AM_5,Analytics,41.06940769,42.66235767,Feature Request,Billing,0,0,0,1,58
InsightlySoft,chat,2025-06-27 6:01:37,0,1,6,Basic,2435.43,29,1,AM_4,"Billing,Security,Collaboration",38.8363552,48.7173643,Bug,Analytics,1,0,0,0,40.6
GlobalFinance Corp,web_form,2025-07-08 8:01:37,2,3,3,Basic,7462.36,23,3,AM_4,Integration,50.50403175,52.4386793,How-To,Billing,0,0,1,1,78.8
GlobalFinance Corp,web_form,2025-06-27 2:01:37,1,1,6,Basic,3164.17,8,1,AM_6,Security,66.54204152,36.18182798,Bug,Security,1,0,0,0,70.7
InsightlySoft,chat,2025-07-03 9:01:37,2,6,5,Pro,5390.32,21,0,AM_4,"Integration,Collaboration,Security",32.51936458,34.17817757,Bug,Integration,2,0,0,0,45.6
InsightlySoft,chat,2025-06-17 19:01:37,2,1,3,Basic,542.86,13,0,AM_3,Integration,56.65788586,26.18379232,Performance,Integration,0,0,0,0,61.7
GlobalFinance Corp,web_form,2025-06-23 2:01:37,2,0,2,Pro,3677.85,26,1,AM_8,"Integration,Security,Analytics",48.95492944,39.88570096,Other,Security,0,0,0,0,54.3
InsightlySoft,chat,2025-07-09 10:01:37,0,4,4,Pro,892.2,43,1,AM_4,"Analytics,Collaboration,Integration",8.554064723,48.23874517,Feature Request,Collaboration,0,0,1,1,11.8
GlobalFinance Corp,chat,2025-06-29 5:01:37,1,1,1,Pro,555.02,10,2,AM_1,"Billing,Security,Analytics",44.36460209,35.02359874,Bug,Collaboration,0,0,0,0,50.7
GlobalFinance Corp,chat,2025-06-21 2:01:37,2,4,7,Basic,2559.82,29,4,AM_16,Billing,82.29596363,43.05367375,Performance,Billing,1,0,0,1,111.7
GlobalFinance Corp,email,2025-06-18 4:01:37,1,1,4,Pro,2769.5,27,2,AM_18,"Collaboration,Billing",27.52192943,14.61682848,Other,Analytics,0,0,0,0,38
GlobalFinance Corp,chat,2025-07-08 3:01:37,3,3,3,Pro,2023.67,56,1,AM_6,"Billing,Security",59.86534121,28.27406892,Other,Collaboration,0,0,1,1,74.9
GlobalFinance Corp,email,2025-06-20 23:01:37,2,3,6,Basic,279.77,4,1,AM_16,Billing,52.1992284,40.51149453,Other,Analytics,0,1,0,1,64.6
GlobalFinance Corp,chat,2025-06-21 0:01:37,3,2,7,Pro,842.12,42,1,AM_16,Collaboration,38.97207687,23.86407056,Bug,Analytics,1,1,0,1,59
InsightlySoft,web_form,2025-06-17 14:01:37,0,4,3,Basic,805.41,31,0,AM_15,"Integration,Billing,Security",52.96558534,29.64955319,Bug,Collaboration,0,0,0,0,57.4
InsightlySoft,email,2025-07-07 10:01:37,1,5,2,Pro,1129.33,17,0,AM_7,"Integration,Analytics",52.25891243,30.40742712,Performance,Analytics,0,0,0,0,52.4
GlobalFinance Corp,email,2025-06-18 22:01:37,0,1,4,Basic,2967.11,8,0,AM_18,"Billing,Integration",47.37659238,40.37185158,Feature Request,Billing,0,0,0,0,43.3
GlobalFinance Corp,chat,2025-07-05 23:01:37,0,3,7,Pro,1728.69,52,1,AM_17,Security,44.87528459,37.20087255,Performance,Security,1,0,0,0,58.6
GlobalFinance Corp,chat,2025-06-26 3:01:37,0,6,5,Basic,10362.38,37,1,AM_12,"Security,Integration,Billing",44.0776555,31.63158089,Other,Security,0,0,0,1,44.3
InsightlySoft,email,2025-06-20 8:01:37,0,1,6,Basic,47.91,20,1,AM_13,Billing,50.99566817,31.90637913,How-To,Billing,0,0,0,0,46.5
GlobalFinance Corp,web_form,2025-07-07 19:01:37,1,3,2,Enterprise,729.67,47,4,AM_17,Analytics,53.20087939,27.67126945,Feature Request,Billing,0,0,0,1,74.3
InsightlySoft,web_form,2025-06-25 14:01:37,1,1,4,Basic,2555.78,55,1,AM_12,"Collaboration,Security",57.80371842,36.42348796,Performance,Integration,0,0,0,0,56.4
GlobalFinance Corp,chat,2025-06-29 21:01:37,1,3,1,Pro,6344.32,10,1,AM_9,Billing,46.40163474,39.9423685,Feature Request,Security,0,0,0,0,43.3
GlobalFinance Corp,web_form,2025-07-02 2:01:37,2,4,4,Enterprise,103.49,51,1,AM_13,"Security,Integration",51.59076284,42.52290694,How-To,Billing,1,0,0,1,68.9
InsightlySoft,web_form,2025-07-05 1:01:37,1,4,7,Basic,6452.45,50,2,AM_9,Security,35.10052918,49.70376315,Other,Collaboration,1,0,0,0,35.3
InsightlySoft,chat,2025-07-01 3:01:37,4,3,3,Pro,2123.4,58,0,AM_5,"Collaboration,Integration",30.65814898,40.54021547,Performance,Analytics,0,0,0,0,27.7
GlobalFinance Corp,web_form,2025-07-07 4:01:37,1,3,2,Basic,4618.1,44,1,AM_16,"Integration,Security",43.68193323,27.80489771,Feature Request,Billing,0,0,0,0,39.8
GlobalFinance Corp,chat,2025-06-18 8:01:37,1,3,4,Basic,8907.37,34,3,AM_16,"Security,Integration",36.39609974,40.38690999,Feature Request,Collaboration,0,1,0,1,44.4
GlobalFinance Corp,email,2025-06-30 20:01:37,2,1,2,Basic,727.76,39,2,AM_10,"Collaboration,Integration",47.91006245,24.76034811,Bug,Integration,0,1,0,1,64.6
InsightlySoft,chat,2025-06-14 23:01:37,0,2,7,Pro,2659.54,11,1,AM_18,"Integration,Collaboration,Security",52.12785968,34.7431563,Other,Security,1,0,0,0,48.1
InsightlySoft,email,2025-07-13 13:01:37,0,4,1,Basic,6453.95,47,1,AM_12,"Security,Billing",48.8455118,36.85098922,Performance,Collaboration,1,0,0,0,54
InsightlySoft,email,2025-06-15 0:01:37,1,2,1,Basic,5581.61,12,0,AM_11,"Billing,Collaboration,Integration",42.82890174,42.27796784,Other,Analytics,0,0,0,0,54.3
InsightlySoft,web_form,2025-07-10 21:01:37,3,5,5,Pro,2207.94,10,1,AM_11,"Integration,Collaboration,Security",39.5167322,41.90830707,Bug,Collaboration,0,0,0,0,47.1
InsightlySoft,web_form,2025-06-16 2:01:37,0,0,2,Basic,8956.89,13,0,AM_3,Integration,55.09349887,34.44891643,How-To,Integration,0,1,0,1,73.7
InsightlySoft,web_form,2025-07-01 0:01:37,3,3,3,Enterprise,3697.58,54,1,AM_15,"Integration,Billing",58.82820187,36.07499446,Other,Analytics,1,0,1,1,69.2
GlobalFinance Corp,chat,2025-07-07 2:01:37,1,2,2,Pro,2227.73,34,0,AM_0,Billing,48.09751259,43.38805378,Bug,Security,1,0,0,0,40.8
GlobalFinance Corp,web_form,2025-07-10 19:01:37,3,5,5,Enterprise,178.94,56,1,AM_19,Collaboration,40.31323873,26.99720705,How-To,Analytics,0,0,0,1,47.2
InsightlySoft,email,2025-06-17 17:01:37,0,6,3,Basic,2004.23,30,0,AM_13,"Analytics,Integration",55.50155767,45.28222529,Other,Collaboration,0,0,0,0,59.8
GlobalFinance Corp,web_form,2025-06-30 1:01:37,2,3,2,Basic,1644.03,15,2,AM_12,"Analytics,Security",35.51629131,39.83618697,How-To,Billing,0,0,0,0,37.3
GlobalFinance Corp,web_form,2025-07-03 17:01:37,1,1,5,Basic,1092.62,54,0,AM_6,Security,37.35984695,21.11285844,Performance,Billing,0,0,0,0,29.9
InsightlySoft,chat,2025-06-17 19:01:37,1,4,3,Enterprise,8588.4,8,0,AM_5,Collaboration,54.43896257,38.47493664,Feature Request,Analytics,0,0,0,1,81.3
GlobalFinance Corp,chat,2025-06-17 10:01:37,1,1,3,Pro,7798.93,38,0,AM_0,"Security,Integration",31.96309922,44.83001606,How-To,Analytics,0,1,0,1,36.3
InsightlySoft,email,2025-07-13 23:01:37,1,4,1,Enterprise,1234.23,36,3,AM_18,"Billing,Security,Analytics",35.25165243,52.16035895,Feature Request,Integration,0,0,0,1,39.6
InsightlySoft,chat,2025-06-17 20:01:37,0,1,3,Basic,1716.84,40,4,AM_0,"Collaboration,Billing,Security",60.07079148,31.96723238,Performance,Collaboration,0,0,0,1,73.5
GlobalFinance Corp,web_form,2025-06-18 16:01:37,1,4,4,Pro,4180.8,52,1,AM_14,Analytics,31.66080065,40.38720004,How-To,Analytics,0,0,0,0,25.6
InsightlySoft,chat,2025-06-23 23:01:37,4,1,2,Pro,5406.47,22,0,AM_11,"Collaboration,Billing,Integration",44.74962747,40.76814708,Feature Request,Billing,0,0,0,0,50.9
InsightlySoft,email,2025-07-08 23:01:37,0,5,3,Pro,349.87,5,1,AM_14,Billing,65.54021163,40.73915285,How-To,Security,0,1,0,1,68.5
InsightlySoft,web_form,2025-06-18 5:01:37,1,2,4,Basic,2024.71,32,0,AM_2,"Collaboration,Security",53.95530672,34.59233073,Bug,Collaboration,0,1,0,1,65.2
InsightlySoft,email,2025-06-14 22:01:37,1,5,7,Pro,7377.88,20,1,AM_9,Collaboration,37.68790947,35.73474562,How-To,Integration,1,0,0,1,52.6
InsightlySoft,chat,2025-06-20 21:01:37,1,2,6,Pro,3277.19,23,0,AM_0,"Analytics,Collaboration,Integration",51.52828732,33.38986614,How-To,Collaboration,0,0,1,1,68.4
InsightlySoft,chat,2025-06-22 21:01:37,1,3,1,Basic,2348.99,40,1,AM_0,"Analytics,Collaboration,Integration",52.23075808,38.19806217,Other,Billing,0,0,0,0,63.2
InsightlySoft,email,2025-07-04 3:01:37,0,2,6,Basic,3798.02,46,3,AM_15,"Integration,Billing,Collaboration",36.97723544,40.57009296,Other,Collaboration,0,0,0,0,31.6
InsightlySoft,web_form,2025-07-11 5:01:37,1,1,6,Basic,3249.09,54,2,AM_4,"Analytics,Billing",53.25581898,29.48425829,Performance,Integration,0,0,1,1,72.4
GlobalFinance Corp,chat,2025-06-25 16:01:37,2,7,4,Pro,8554.84,49,1,AM_4,"Analytics,Billing",61.24052841,39.86912012,Performance,Integration,0,1,0,1,83.3
GlobalFinance Corp,chat,2025-06-22 14:01:37,2,4,1,Pro,7313.03,55,0,AM_10,"Collaboration,Analytics",63.74018154,39.63410036,Performance,Security,0,0,0,1,75.3
GlobalFinance Corp,web_form,2025-06-21 8:01:37,1,3,7,Basic,1521.38,52,2,AM_10,"Integration,Collaboration,Billing",52.50352539,36.63861049,Feature Request,Collaboration,0,0,0,0,43.6
InsightlySoft,chat,2025-06-16 14:01:37,0,6,2,Basic,97.63,2,0,AM_11,"Analytics,Integration",56.15021868,30.82060479,Performance,Security,0,0,0,0,54.2
InsightlySoft,email,2025-07-10 22:01:37,0,1,5,Basic,1213.44,19,0,AM_17,"Billing,Security",38.97913795,27.35507329,Performance,Analytics,1,0,0,0,31.2
GlobalFinance Corp,chat,2025-06-19 18:01:37,1,3,5,Basic,680.29,26,4,AM_13,"Collaboration,Analytics",65.27004064,23.30533508,Other,Security,0,0,0,0,69.6
GlobalFinance Corp,chat,2025-07-11 21:01:37,1,5,6,Pro,423.14,36,1,AM_0,Analytics,39.19088937,25.90878183,How-To,Analytics,0,0,0,0,41.3
GlobalFinance Corp,web_form,2025-07-13 5:01:37,1,3,1,Enterprise,6566.26,14,2,AM_7,"Analytics,Security,Collaboration",41.2429534,25.49221618,Performance,Analytics,0,0,0,1,59.5
InsightlySoft,email,2025-07-08 22:01:37,0,3,3,Enterprise,3712.91,7,0,AM_2,"Analytics,Collaboration,Billing",43.80109543,41.02968205,Performance,Analytics,1,0,1,1,63.8
GlobalFinance Corp,web_form,2025-06-16 10:01:37,1,1,2,Enterprise,99.36,57,0,AM_17,"Billing,Integration,Analytics",42.74979523,15.72990103,How-To,Billing,0,0,0,1,51
GlobalFinance Corp,chat,2025-06-21 4:01:37,0,4,7,Basic,7567.97,16,0,AM_19,"Integration,Collaboration",36.34755863,37.15603909,Other,Integration,0,0,0,1,50.7
InsightlySoft,chat,2025-07-07 8:01:37,0,4,2,Basic,6999.42,10,3,AM_1,"Security,Collaboration",45.16908202,25.88356308,Other,Analytics,0,0,0,0,45.4
GlobalFinance Corp,web_form,2025-06-19 0:01:37,2,5,5,Pro,8950.78,43,1,AM_8,"Integration,Security",63.27771626,41.66392961,How-To,Collaboration,1,0,0,1,83
InsightlySoft,web_form,2025-07-09 1:01:37,0,2,4,Pro,5313.68,22,0,AM_18,Integration,41.69923225,49.15115118,Other,Billing,0,0,1,1,45.3
InsightlySoft,web_form,2025-07-06 20:01:37,1,2,1,Basic,246.49,26,2,AM_11,Billing,42.16959549,38.90661378,Other,Analytics,0,1,0,1,55.9
InsightlySoft,email,2025-06-18 2:01:37,3,2,4,Pro,2924.9,5,3,AM_10,Collaboration,62.10122207,43.05004992,Bug,Analytics,1,0,1,1,71.3
GlobalFinance Corp,chat,2025-06-30 12:01:37,3,3,2,Basic,260.23,57,1,AM_0,"Collaboration,Security",28.08136698,40.06947531,Feature Request,Integration,0,0,1,1,47.3
GlobalFinance Corp,web_form,2025-06-21 11:01:37,0,3,7,Enterprise,3748.96,12,2,AM_15,"Security,Collaboration",56.14470153,24.87523503,How-To,Billing,0,0,0,1,68.3
InsightlySoft,chat,2025-07-14 13:01:37,1,2,2,Enterprise,658.24,24,1,AM_0,"Integration,Analytics,Collaboration",45.83284915,42.17516451,Feature Request,Billing,0,0,0,1,61.2
GlobalFinance Corp,email,2025-07-04 1:01:37,3,2,6,Basic,8237.83,56,2,AM_19,Collaboration,52.89417026,39.95572657,How-To,Security,0,0,0,1,64.5
GlobalFinance Corp,email,2025-06-17 4:01:37,0,2,3,Basic,8162.09,24,4,AM_8,"Collaboration,Billing",51.04042524,39.83120838,Bug,Collaboration,0,0,0,1,73.5
GlobalFinance Corp,email,2025-07-04 15:01:37,1,5,6,Basic,2708.66,15,0,AM_4,Integration,61.88676971,36.92719565,How-To,Integration,0,0,0,0,58.5
GlobalFinance Corp,email,2025-06-14 18:01:37,1,2,7,Basic,4191.17,24,2,AM_4,Collaboration,36.67243959,31.61189028,How-To,Security,0,0,0,0,34.6
InsightlySoft,chat,2025-06-27 11:01:37,2,3,6,Basic,5859.03,24,1,AM_7,"Collaboration,Integration",34.60651375,38.20175134,How-To,Security,0,0,0,0,24.2
GlobalFinance Corp,email,2025-06-18 15:01:37,0,4,4,Enterprise,1478.69,42,3,AM_13,Collaboration,51.60558452,44.83795092,Bug,Collaboration,0,0,1,1,58.8
InsightlySoft,email,2025-06-15 7:01:37,3,2,1,Pro,2596.73,26,2,AM_3,Security,36.75230863,29.86705776,Other,Integration,0,0,0,0,35.8
InsightlySoft,web_form,2025-06-30 11:01:37,0,1,2,Pro,580.84,55,1,AM_11,"Collaboration,Analytics",56.12667168,34.92099052,Performance,Collaboration,0,0,0,0,64.4
GlobalFinance Corp,email,2025-06-16 8:01:37,0,5,2,Enterprise,12700.05,34,0,AM_1,"Billing,Integration",52.37343362,33.43754941,Feature Request,Integration,0,0,0,1,52.5
InsightlySoft,web_form,2025-06-28 23:01:37,0,4,7,Basic,7952.34,18,2,AM_5,Security,51.39340606,37.38720495,Feature Request,Analytics,0,0,1,1,55.9
GlobalFinance Corp,email,2025-06-20 0:01:37,2,4,6,Pro,1981.58,43,3,AM_13,"Integration,Collaboration,Analytics",41.27292161,42.09846208,Feature Request,Billing,0,0,0,0,23.7
GlobalFinance Corp,email,2025-06-17 0:01:37,0,3,3,Pro,2417.83,37,3,AM_12,"Integration,Collaboration,Billing",47.67444964,37.42981009,Performance,Analytics,0,0,0,0,47.8
InsightlySoft,web_form,2025-06-17 13:01:37,0,3,3,Enterprise,1721.81,6,2,AM_2,"Integration,Security,Collaboration",45.65291127,47.59902729,Other,Analytics,0,0,0,1,68.5
InsightlySoft,email,2025-07-08 16:01:37,2,6,3,Basic,4.99,45,1,AM_18,"Security,Integration",64.99223013,32.52715562,Bug,Analytics,0,0,0,0,67.7
InsightlySoft,chat,2025-07-01 7:01:37,1,1,3,Pro,784.09,25,0,AM_4,"Integration,Collaboration,Security",45.23232666,41.37080208,How-To,Collaboration,0,0,0,0,51.6
InsightlySoft,chat,2025-07-09 16:01:37,1,5,4,Enterprise,321.58,17,1,AM_17,"Security,Analytics",41.35414828,32.85230989,How-To,Integration,0,1,0,1,36.4
GlobalFinance Corp,email,2025-07-04 6:01:37,2,5,6,Pro,1169.8,59,0,AM_11,Integration,58.20873969,27.93653734,Other,Analytics,0,0,0,0,61.4
GlobalFinance Corp,chat,2025-07-01 19:01:37,0,5,3,Basic,808.49,16,1,AM_10,"Analytics,Security",38.55797984,47.74143462,Bug,Billing,0,0,0,0,42.7
GlobalFinance Corp,web_form,2025-06-19 17:01:37,1,6,5,Enterprise,4301.94,55,0,AM_3,"Security,Integration,Collaboration",66.24359691,34.31530028,How-To,Analytics,0,1,1,1,84.8
InsightlySoft,email,2025-06-24 23:01:37,2,2,3,Basic,2108.36,55,1,AM_11,"Integration,Security,Collaboration",32.08577782,29.89719938,Bug,Security,0,0,0,0,33.3
InsightlySoft,email,2025-06-21 0:01:37,0,3,7,Basic,5094.71,56,2,AM_18,"Security,Integration,Collaboration",65.90848359,32.36432075,Other,Security,0,0,1,1,91.2
InsightlySoft,web_form,2025-06-24 6:01:37,0,6,3,Basic,3029.32,29,0,AM_6,"Integration,Collaboration,Security",48.08773184,43.20339789,Other,Collaboration,0,0,1,1,56.6
GlobalFinance Corp,web_form,2025-06-20 19:01:37,1,1,6,Pro,3203.32,1,0,AM_9,"Integration,Security,Billing",43.90232714,45.84644362,Other,Billing,1,0,0,0,56.1
InsightlySoft,web_form,2025-06-30 7:01:37,1,2,2,Pro,6268.36,45,1,AM_18,Integration,65.4477272,47.56955224,How-To,Collaboration,0,0,0,0,72.9
GlobalFinance Corp,email,2025-06-24 11:01:37,4,4,3,Pro,5635.71,42,1,AM_0,Collaboration,45.39185066,32.88495585,Bug,Collaboration,0,0,0,0,29.6
InsightlySoft,web_form,2025-06-25 1:01:37,1,1,4,Basic,196.17,45,0,AM_15,Billing,37.66728269,34.78104388,Feature Request,Collaboration,0,0,0,0,39.1
GlobalFinance Corp,web_form,2025-06-28 20:01:37,0,2,7,Enterprise,2590.73,20,1,AM_3,Security,47.3929209,37.70930867,Feature Request,Analytics,0,0,0,1,68.9
GlobalFinance Corp,chat,2025-07-03 2:01:37,0,3,5,Basic,1598.65,26,0,AM_11,"Integration,Security",54.30906738,26.8840021,How-To,Integration,1,0,0,0,62.8
InsightlySoft,chat,2025-07-11 18:01:37,2,0,6,Enterprise,2746.15,21,0,AM_12,"Integration,Security,Billing",47.22516611,38.02654148,Performance,Integration,0,0,1,1,54.6
InsightlySoft,email,2025-06-23 1:01:37,3,3,2,Enterprise,5955.44,50,1,AM_2,"Integration,Collaboration,Billing",45.08024327,34.68386399,Performance,Billing,0,1,0,1,69
GlobalFinance Corp,chat,2025-06-29 12:01:37,1,2,1,Basic,36.36,50,2,AM_15,Analytics,44.87833661,49.33832931,Other,Analytics,0,0,0,0,41.3
GlobalFinance Corp,chat,2025-07-10 20:01:37,0,0,5,Basic,33.09,27,1,AM_1,Collaboration,53.81827112,32.64380738,Bug,Integration,1,0,0,0,56.1
InsightlySoft,web_form,2025-06-29 5:01:37,1,2,1,Basic,193.79,36,1,AM_8,Analytics,36.35896799,35.77401313,Feature Request,Security,1,0,0,0,25.2
InsightlySoft,web_form,2025-06-30 15:01:37,0,3,2,Pro,6235.57,35,1,AM_5,"Collaboration,Billing",52.49268754,49.88889964,Other,Collaboration,1,0,0,0,62.1
GlobalFinance Corp,chat,2025-06-26 13:01:37,3,0,5,Pro,1308.46,16,0,AM_9,"Billing,Analytics",63.25079265,30.48241328,How-To,Integration,1,0,0,0,56.7
InsightlySoft,chat,2025-06-30 18:01:37,1,2,2,Basic,1391.97,29,0,AM_16,Analytics,62.18577428,37.50932169,Performance,Collaboration,1,0,0,1,75.5
GlobalFinance Corp,chat,2025-06-17 2:01:37,0,3,3,Basic,1271.21,7,2,AM_4,"Security,Collaboration,Integration",62.7775024,41.54954876,How-To,Analytics,0,0,0,0,63
GlobalFinance Corp,email,2025-06-24 6:01:37,1,1,3,Pro,787.85,7,1,AM_11,"Collaboration,Analytics",39.33435886,32.08702767,Bug,Integration,0,0,1,1,44
InsightlySoft,email,2025-07-13 2:01:37,0,6,1,Basic,118.91,34,0,AM_7,Billing,64.75858669,42.99114211,Bug,Collaboration,0,0,0,0,64.5
InsightlySoft,email,2025-06-29 19:01:37,1,3,1,Pro,7109.82,48,3,AM_11,Integration,46.52964286,34.17069925,Bug,Integration,0,0,0,1,54.8
InsightlySoft,chat,2025-06-20 20:01:37,3,1,6,Pro,795.31,5,1,AM_11,Security,52.11972081,35.6590466,Performance,Integration,0,0,0,0,52.8
InsightlySoft,chat,2025-07-04 4:01:37,1,2,6,Basic,6731.26,53,1,AM_9,"Analytics,Integration,Security",48.14909501,21.81045464,Performance,Billing,0,0,0,0,51.6
InsightlySoft,email,2025-06-20 13:01:37,1,4,6,Pro,9351.09,8,5,AM_12,"Security,Integration",41.57154991,37.32980937,Other,Billing,0,0,0,1,55.4
GlobalFinance Corp,email,2025-06-28 4:01:37,0,1,7,Pro,2578.68,8,1,AM_0,"Integration,Billing,Analytics",49.58200215,29.87089175,How-To,Analytics,1,0,0,0,49.6
GlobalFinance Corp,chat,2025-07-07 16:01:37,1,5,2,Pro,1396.95,43,1,AM_1,"Billing,Security",55.90874029,28.85511468,Feature Request,Collaboration,1,0,0,0,50.9
InsightlySoft,web_form,2025-06-16 0:01:37,0,5,2,Basic,4354.7,29,2,AM_19,"Billing,Collaboration,Analytics",53.69238761,42.33584156,Feature Request,Billing,0,0,0,0,49.8
InsightlySoft,email,2025-06-15 13:01:37,1,1,1,Basic,77.13,52,0,AM_14,"Billing,Collaboration",52.00346722,39.58914818,Feature Request,Billing,1,0,0,0,49.2
InsightlySoft,chat,2025-06-23 11:01:37,0,2,2,Pro,7929.61,10,1,AM_9,"Collaboration,Integration,Billing",39.84612225,27.50246464,Performance,Analytics,0,0,0,1,56.1
GlobalFinance Corp,chat,2025-07-03 22:01:37,1,2,5,Basic,1572.32,1,1,AM_0,Collaboration,46.4716931,25.47336102,Other,Security,0,0,0,0,48.8
InsightlySoft,web_form,2025-06-20 10:01:37,2,4,6,Pro,1107.12,38,1,AM_19,"Analytics,Collaboration,Security",50.58792023,20.6804016,Bug,Security,0,0,0,0,41.8
InsightlySoft,chat,2025-06-25 15:01:37,1,2,4,Basic,407.24,28,0,AM_17,Analytics,32.00911249,45.84705039,Bug,Integration,0,0,0,0,31.6
GlobalFinance Corp,chat,2025-06-22 17:01:37,0,2,1,Basic,9314.65,7,0,AM_0,"Integration,Collaboration,Analytics",54.03057875,11.21594806,Other,Analytics,1,0,0,1,69.7
GlobalFinance Corp,email,2025-06-30 13:01:37,0,3,2,Basic,4998.5,17,0,AM_11,Billing,52.21532954,38.69747547,Performance,Collaboration,0,0,1,1,58.8
InsightlySoft,email,2025-07-12 9:01:37,1,6,7,Basic,3861.42,56,1,AM_7,Analytics,62.34065396,25.43486775,Feature Request,Billing,0,1,0,1,66.3
InsightlySoft,web_form,2025-07-05 16:01:37,1,2,7,Basic,8019.41,48,0,AM_8,"Security,Analytics,Collaboration",43.65942915,44.06808508,How-To,Security,0,1,1,1,60.1
InsightlySoft,web_form,2025-06-18 23:01:37,1,3,4,Basic,9643.99,46,1,AM_19,"Collaboration,Security,Integration",47.33719374,43.37413581,Performance,Billing,0,0,0,1,54.5
GlobalFinance Corp,chat,2025-06-16 5:01:37,2,3,2,Pro,937.76,57,2,AM_1,"Integration,Billing,Analytics",47.96523428,29.67402435,Feature Request,Integration,0,1,0,1,59.3
InsightlySoft,email,2025-06-25 10:01:37,0,3,4,Basic,4632.71,24,0,AM_15,"Billing,Collaboration,Analytics",54.84016909,31.31166853,Bug,Billing,1,0,0,0,62.5
InsightlySoft,web_form,2025-07-04 11:01:37,1,3,6,Basic,4369.91,35,0,AM_13,"Billing,Analytics,Security",43.56794436,35.10375614,Other,Analytics,1,0,0,0,41.6
InsightlySoft,web_form,2025-06-29 5:01:37,0,4,1,Basic,2444.7,9,1,AM_0,Integration,60.46777957,31.07197349,Other,Collaboration,0,0,0,0,44.4
GlobalFinance Corp,web_form,2025-06-27 9:01:37,0,1,6,Pro,489.06,42,0,AM_13,Security,45.76057552,43.57469774,Feature Request,Billing,0,0,0,0,51.4
GlobalFinance Corp,chat,2025-07-13 11:01:37,0,2,1,Pro,8457.56,3,1,AM_19,"Integration,Analytics",50.29964942,36.17151465,Performance,Collaboration,0,0,0,1,64.6
InsightlySoft,email,2025-06-29 10:01:37,1,0,1,Pro,1136.68,44,2,AM_16,"Security,Collaboration",40.85680417,43.60860842,Feature Request,Analytics,0,0,1,1,43.6
InsightlySoft,web_form,2025-06-21 11:01:37,1,2,7,Pro,2594.51,4,0,AM_5,"Integration,Analytics",36.4880401,34.41120845,Performance,Integration,0,0,0,0,38.9
GlobalFinance Corp,email,2025-06-17 20:01:37,2,6,3,Pro,58.71,32,1,AM_7,"Billing,Security,Collaboration",46.83401226,47.65248424,Bug,Analytics,0,1,1,1,62.4
GlobalFinance Corp,web_form,2025-07-10 6:01:37,3,4,5,Enterprise,1681.86,44,1,AM_17,"Billing,Integration,Analytics",39.45831831,23.71752976,Other,Security,1,0,0,1,54.5
GlobalFinance Corp,web_form,2025-06-20 10:01:37,2,3,6,Basic,2878.33,54,3,AM_7,"Integration,Analytics,Security",37.80527009,32.53368485,Performance,Integration,0,0,0,0,31.3
GlobalFinance Corp,email,2025-06-27 8:01:37,0,4,6,Basic,1438.76,55,2,AM_7,"Integration,Collaboration,Billing",47.6274739,41.37473083,Bug,Billing,0,0,0,0,47
GlobalFinance Corp,email,2025-06-18 22:01:37,0,2,4,Basic,1945.13,13,0,AM_1,Analytics,34.61798891,29.51912974,How-To,Collaboration,1,1,0,1,49.8
GlobalFinance Corp,email,2025-06-28 4:01:37,2,0,7,Pro,639.67,24,0,AM_15,Collaboration,44.77716157,26.73849429,Feature Request,Integration,0,0,0,0,35.4
GlobalFinance Corp,chat,2025-07-03 10:01:37,2,3,5,Basic,1293.37,7,1,AM_12,Collaboration,48.26521246,22.17280406,Performance,Integration,1,0,1,1,62.2
GlobalFinance Corp,web_form,2025-06-16 7:01:37,1,0,2,Basic,3855.16,19,0,AM_13,"Analytics,Billing",58.70766125,38.46570256,Feature Request,Security,1,0,0,0,65.5
GlobalFinance Corp,chat,2025-07-09 22:01:37,3,2,4,Basic,10491,59,0,AM_6,"Collaboration,Integration",46.62766255,43.41420556,Feature Request,Billing,0,0,0,1,44.1
InsightlySoft,email,2025-06-20 8:01:37,1,3,6,Pro,1897.78,27,1,AM_2,Integration,51.91155897,33.19881899,Other,Integration,0,0,0,0,50.7
InsightlySoft,web_form,2025-07-04 2:01:37,0,3,6,Basic,3475.53,50,1,AM_7,Security,35.29988038,40.7141786,Feature Request,Security,0,0,0,0,43.8
InsightlySoft,chat,2025-07-11 9:01:37,2,3,6,Enterprise,11212.7,27,1,AM_0,Security,35.51116793,51.39245573,How-To,Collaboration,0,0,0,1,48.5
GlobalFinance Corp,web_form,2025-07-09 10:01:37,0,6,4,Basic,4472.19,18,2,AM_16,Security,56.63112277,43.44782676,Other,Collaboration,0,0,1,1,66.9
InsightlySoft,chat,2025-07-04 23:01:37,1,2,6,Enterprise,30.55,30,1,AM_7,Analytics,40.96373268,42.54486049,Feature Request,Billing,0,0,0,1,69.1
GlobalFinance Corp,email,2025-06-21 17:01:37,1,5,7,Basic,8225.16,28,0,AM_5,"Integration,Collaboration",38.1327031,32.48175467,How-To,Billing,1,0,0,1,45.8
GlobalFinance Corp,chat,2025-07-07 5:01:37,2,6,2,Enterprise,6042.46,29,0,AM_18,"Billing,Integration,Collaboration",37.88728989,32.84800173,Performance,Billing,0,0,0,1,45.1
InsightlySoft,web_form,2025-07-08 5:01:37,0,4,3,Enterprise,948.71,9,0,AM_10,"Integration,Billing,Collaboration",44.57118932,38.87186552,Bug,Collaboration,0,0,0,1,53.4
GlobalFinance Corp,web_form,2025-06-25 20:01:37,2,3,4,Basic,601.03,39,1,AM_7,Integration,54.38356681,35.79038291,How-To,Analytics,1,0,0,0,68.1
InsightlySoft,web_form,2025-06-20 23:01:37,1,3,6,Basic,6884.57,39,0,AM_7,"Collaboration,Billing,Integration",26.16519688,39.77130654,Performance,Billing,1,0,0,0,30.3
InsightlySoft,web_form,2025-06-15 10:01:37,1,2,1,Pro,3500.91,21,0,AM_9,Collaboration,74.28167907,14.97389881,Performance,Analytics,0,0,0,1,92.1
InsightlySoft,email,2025-07-13 18:01:37,0,4,1,Basic,811.46,45,1,AM_9,Integration,48.65778351,31.28405968,Performance,Analytics,0,1,0,1,68.7
GlobalFinance Corp,chat,2025-06-25 1:01:37,1,6,4,Enterprise,3754.05,38,0,AM_12,"Integration,Security,Analytics",39.30682769,44.81583168,Bug,Billing,0,0,0,1,61.6
InsightlySoft,email,2025-06-28 2:01:37,4,3,7,Basic,2750.56,7,1,AM_2,"Collaboration,Billing,Integration",46.34437638,21.10011948,Feature Request,Analytics,0,1,0,1,53.3
GlobalFinance Corp,email,2025-06-20 2:01:37,1,3,6,Basic,1109.78,45,1,AM_16,"Collaboration,Billing,Analytics",38.2870279,29.87709045,Feature Request,Analytics,1,0,0,0,33.7
InsightlySoft,email,2025-07-09 4:01:37,0,2,4,Basic,2441.02,25,0,AM_14,Analytics,49.74070831,34.06560984,Feature Request,Analytics,1,0,1,1,63.6
InsightlySoft,web_form,2025-06-27 5:01:37,1,6,6,Basic,2247.68,26,2,AM_5,"Integration,Billing",39.93046239,21.40703105,How-To,Security,1,0,0,0,52
InsightlySoft,web_form,2025-07-05 21:01:37,3,2,7,Pro,2138.67,52,0,AM_16,Billing,49.38762155,40.6687922,Bug,Integration,0,0,0,0,51.9
GlobalFinance Corp,web_form,2025-06-24 16:01:37,1,3,3,Pro,2185.49,6,2,AM_0,"Analytics,Collaboration,Security",43.12721585,39.12557803,Other,Billing,0,0,0,0,45.2
GlobalFinance Corp,chat,2025-06-30 6:01:37,1,3,2,Pro,1.22,49,0,AM_2,Integration,53.87995602,20.11230244,Bug,Security,1,0,0,0,36.4
GlobalFinance Corp,web_form,2025-07-07 20:01:37,1,1,2,Enterprise,938.52,55,0,AM_7,"Integration,Collaboration",65.19419395,33.34743962,Other,Billing,0,1,0,1,70.7
InsightlySoft,chat,2025-06-30 6:01:37,0,1,2,Basic,1690.92,20,1,AM_7,"Analytics,Security",40.88329736,33.94048748,Performance,Integration,0,0,0,0,51.4
InsightlySoft,web_form,2025-06-28 4:01:37,1,2,7,Pro,408.33,18,1,AM_10,Billing,47.5056312,41.1664447,Feature Request,Analytics,1,0,0,0,53.6
GlobalFinance Corp,web_form,2025-06-20 11:01:37,1,1,6,Basic,4148.87,20,1,AM_15,Integration,54.62807143,41.86862744,Other,Security,1,1,0,1,67.1
GlobalFinance Corp,email,2025-06-26 15:01:37,0,5,5,Basic,5629.74,40,2,AM_0,"Collaboration,Billing",60.20740226,42.49144891,Feature Request,Billing,0,0,1,1,75.8
GlobalFinance Corp,email,2025-06-20 17:01:37,1,0,6,Basic,5107.49,18,0,AM_10,"Security,Integration,Billing",51.76417951,44.42684801,Bug,Analytics,0,0,1,1,52.3
GlobalFinance Corp,email,2025-07-05 13:01:37,1,3,7,Enterprise,1846.54,47,2,AM_16,"Collaboration,Security,Billing",40.49485968,37.66981451,Feature Request,Collaboration,1,0,0,1,57.7
GlobalFinance Corp,chat,2025-07-01 22:01:37,0,5,3,Pro,3520.35,1,1,AM_12,Collaboration,35.95569192,48.05561985,Feature Request,Security,0,1,0,1,37.5
GlobalFinance Corp,chat,2025-06-15 17:01:37,0,2,1,Pro,240.01,33,2,AM_1,"Integration,Security,Billing",50.70737847,40.66871907,How-To,Security,1,0,0,0,66.8
InsightlySoft,web_form,2025-06-14 19:01:37,0,3,7,Pro,667.17,39,1,AM_4,"Integration,Billing,Security",54.7210578,35.6654814,Other,Collaboration,0,1,0,1,72.7
GlobalFinance Corp,chat,2025-06-25 8:01:37,1,4,4,Basic,144.23,48,0,AM_11,Collaboration,53.19489454,49.91910334,How-To,Analytics,0,0,0,0,56.9
InsightlySoft,web_form,2025-07-10 15:01:37,1,3,5,Basic,10095.19,23,1,AM_14,"Integration,Analytics,Billing",54.47538437,29.99170258,Bug,Integration,1,0,1,1,63.4
InsightlySoft,chat,2025-07-04 16:01:37,0,2,6,Basic,2562.15,52,2,AM_6,"Integration,Billing",35.25556946,36.8521178,Performance,Collaboration,1,0,0,0,42.2
GlobalFinance Corp,chat,2025-07-08 4:01:37,1,4,3,Basic,577.99,14,0,AM_5,Analytics,42.2928167,37.70024292,Performance,Collaboration,0,0,0,0,48.2
GlobalFinance Corp,chat,2025-06-19 8:01:37,2,1,5,Pro,3688.34,28,3,AM_4,"Security,Analytics",46.4247818,40.17129189,Feature Request,Billing,0,0,0,0,40.1
InsightlySoft,email,2025-06-21 16:01:37,1,1,7,Pro,2014.91,21,2,AM_14,"Billing,Collaboration,Security",50.45671211,32.30097151,Performance,Security,0,0,0,0,52.7
GlobalFinance Corp,chat,2025-06-17 15:01:37,0,4,3,Basic,1708.85,44,1,AM_2,"Billing,Security",50.76775095,31.00760317,How-To,Integration,0,0,0,0,61.1
GlobalFinance Corp,email,2025-07-05 7:01:37,0,2,7,Basic,7341.21,37,1,AM_8,"Security,Billing",51.40269894,45.16533373,Feature Request,Integration,0,0,0,1,64.3
InsightlySoft,email,2025-06-27 3:01:37,1,4,6,Basic,3695.12,7,1,AM_16,"Collaboration,Integration",28.33697654,26.82269852,Feature Request,Integration,0,1,0,1,45.5
InsightlySoft,chat,2025-07-11 18:01:37,0,2,6,Pro,3519.93,12,3,AM_13,"Security,Analytics",34.7787947,45.77805791,Other,Security,0,0,0,0,29.1
InsightlySoft,web_form,2025-07-04 15:01:37,1,1,6,Pro,307.12,51,1,AM_6,"Billing,Analytics",48.5070413,35.33413286,Feature Request,Integration,0,0,0,0,37.5
GlobalFinance Corp,web_form,2025-06-22 16:01:37,0,3,1,Pro,289.63,37,0,AM_14,Integration,49.5272615,38.01020358,Performance,Billing,0,0,0,0,55.7
InsightlySoft,web_form,2025-06-20 5:01:37,0,2,6,Pro,3275.8,39,3,AM_6,Analytics,46.42811764,31.98765882,Other,Analytics,0,0,0,0,47.3
GlobalFinance Corp,chat,2025-07-12 21:01:37,1,2,7,Basic,510.55,28,0,AM_12,"Security,Billing",52.03154367,34.30387213,How-To,Billing,0,0,0,0,48.1
InsightlySoft,web_form,2025-06-25 2:01:37,2,4,4,Enterprise,1811.31,59,2,AM_13,"Integration,Security",54.57705919,44.08243068,Performance,Analytics,1,0,0,1,53.9
InsightlySoft,email,2025-06-29 7:01:37,0,6,1,Pro,2530.55,7,0,AM_10,"Security,Integration,Analytics",36.89712813,32.3645098,Performance,Security,0,0,0,0,41.3
InsightlySoft,web_form,2025-06-17 14:01:37,1,4,3,Basic,1473.51,45,1,AM_17,Analytics,30.72712731,21.88982126,Performance,Collaboration,0,0,0,0,36.3
GlobalFinance Corp,chat,2025-06-16 1:01:37,0,3,2,Pro,267,57,0,AM_12,Analytics,44.03174457,36.3900174,How-To,Collaboration,0,0,1,1,70.2
GlobalFinance Corp,web_form,2025-07-10 22:01:37,0,3,5,Enterprise,4080.14,52,2,AM_11,"Security,Collaboration,Analytics",54.67297654,30.05905845,Other,Integration,0,0,0,1,72.1
InsightlySoft,email,2025-07-13 20:01:37,0,3,1,Basic,6489.3,17,0,AM_1,"Integration,Billing,Analytics",50.55303518,28.57777196,Other,Integration,1,0,0,0,49.6
InsightlySoft,chat,2025-07-07 14:01:37,2,1,2,Enterprise,529.08,37,0,AM_9,Collaboration,45.16747843,30.71841957,Performance,Security,0,0,0,1,59.1
InsightlySoft,web_form,2025-06-19 14:01:37,2,0,5,Basic,5774.58,14,2,AM_10,"Integration,Billing,Analytics",60.30606388,53.21046011,Feature Request,Collaboration,0,0,1,1,80.8
GlobalFinance Corp,chat,2025-07-06 18:01:37,2,2,1,Pro,4663.37,43,1,AM_15,Security,69.26555006,34.53759057,Feature Request,Analytics,0,0,1,1,78.3
InsightlySoft,chat,2025-07-11 13:01:37,0,1,6,Basic,2489.38,52,0,AM_16,"Billing,Collaboration",55.2754854,32.12766692,Performance,Security,0,0,1,1,69.9
GlobalFinance Corp,chat,2025-07-03 1:01:37,0,3,5,Basic,2719.77,51,2,AM_13,Billing,63.77355544,42.77180175,Feature Request,Collaboration,0,0,0,0,50.9
InsightlySoft,web_form,2025-06-29 14:01:37,2,1,1,Enterprise,3162.94,55,0,AM_12,"Analytics,Security,Integration",32.99593723,40.35125453,How-To,Analytics,0,0,0,1,42.5
InsightlySoft,chat,2025-07-07 7:01:37,1,6,2,Basic,2231.82,57,1,AM_16,Analytics,49.26225648,45.28408763,Other,Integration,1,0,0,0,43.7
InsightlySoft,web_form,2025-07-04 20:01:37,1,2,6,Basic,5580.3,4,2,AM_4,"Analytics,Integration",42.72801719,47.62336186,How-To,Integration,0,0,0,0,36.1
InsightlySoft,email,2025-07-09 3:01:37,0,3,4,Pro,1927.92,22,1,AM_3,"Security,Integration",54.96520945,55.65449399,Performance,Collaboration,2,0,0,0,61.8
InsightlySoft,web_form,2025-07-03 2:01:37,3,3,5,Enterprise,2375.94,49,0,AM_10,Analytics,35.68341134,30.08201047,Feature Request,Analytics,1,0,0,1,43.1
InsightlySoft,email,2025-07-13 23:01:37,0,0,1,Basic,112.37,17,1,AM_16,"Security,Integration",47.63159974,43.83851694,Performance,Security,0,0,1,1,63.2
GlobalFinance Corp,web_form,2025-06-19 23:01:37,1,3,5,Basic,595.61,35,1,AM_2,"Analytics,Integration",41.69848251,30.29537738,How-To,Collaboration,0,0,0,0,43.5
InsightlySoft,chat,2025-06-29 7:01:37,1,3,1,Basic,7023.29,46,3,AM_1,Collaboration,56.0648743,34.50157346,Other,Collaboration,0,0,0,1,71.3
GlobalFinance Corp,web_form,2025-07-10 2:01:37,2,2,5,Enterprise,388.86,53,3,AM_0,"Analytics,Collaboration",43.00286326,40.2327533,Bug,Billing,0,0,1,1,57.2
InsightlySoft,chat,2025-06-16 14:01:37,1,3,2,Basic,7031.77,32,0,AM_17,Security,32.4285176,36.60742982,Performance,Billing,0,0,0,1,50.6
InsightlySoft,email,2025-06-16 10:01:37,1,1,2,Basic,3031.18,38,3,AM_15,"Collaboration,Analytics",52.66799251,38.84281286,Performance,Billing,0,0,0,0,54.7
GlobalFinance Corp,web_form,2025-07-05 13:01:37,2,3,7,Basic,7581.83,57,3,AM_10,"Billing,Integration,Security",56.60757206,34.56849442,Performance,Collaboration,0,0,0,1,74.1
InsightlySoft,chat,2025-07-02 2:01:37,1,3,4,Basic,5050.96,31,1,AM_6,Collaboration,39.11967564,28.79517037,Performance,Analytics,0,0,0,0,46.3
GlobalFinance Corp,email,2025-06-15 11:01:37,0,7,1,Basic,6013.75,25,1,AM_4,"Collaboration,Billing,Security",54.70407236,42.2054611,Other,Security,0,0,0,0,46.9
GlobalFinance Corp,email,2025-07-01 5:01:37,1,0,3,Enterprise,2229.43,10,1,AM_17,"Billing,Collaboration,Integration",49.03659743,26.5606072,Other,Security,0,0,0,1,67.7
InsightlySoft,web_form,2025-06-26 13:01:37,2,6,5,Pro,5234.03,59,0,AM_3,"Integration,Billing,Analytics",48.97504483,47.49205345,How-To,Integration,0,0,0,0,48.5
GlobalFinance Corp,email,2025-06-26 12:01:37,1,4,5,Enterprise,1851.49,49,1,AM_7,"Integration,Security",26.22240496,35.62969366,Bug,Collaboration,0,0,0,1,42.6
GlobalFinance Corp,chat,2025-07-07 16:01:37,2,4,2,Basic,135.53,2,1,AM_5,Billing,59.49083099,44.16142949,Performance,Billing,1,0,1,1,71.2
InsightlySoft,email,2025-06-29 3:01:37,2,3,1,Basic,3161.13,27,1,AM_0,Security,51.53773238,51.54293548,How-To,Security,0,0,0,0,50.2
GlobalFinance Corp,email,2025-06-21 13:01:37,3,7,7,Basic,3910.86,12,1,AM_6,"Collaboration,Analytics,Billing",50.77481762,37.6165292,Other,Analytics,0,0,0,0,49.6
InsightlySoft,chat,2025-06-28 21:01:37,1,3,7,Basic,321.25,56,0,AM_5,"Collaboration,Integration,Security",52.17821861,27.65300412,Feature Request,Analytics,1,0,1,1,75.3
InsightlySoft,email,2025-07-14 4:01:37,0,2,2,Enterprise,5076.94,53,1,AM_0,"Analytics,Billing",50.44644853,45.53522451,Other,Collaboration,1,0,0,1,67.6
InsightlySoft,email,2025-06-16 21:01:37,0,6,2,Enterprise,234.45,16,3,AM_6,Analytics,62.86369161,34.07207969,Other,Analytics,0,0,0,1,71.2
InsightlySoft,email,2025-06-23 22:01:37,2,2,2,Enterprise,1748.12,16,0,AM_13,Integration,59.0324701,26.55700085,Feature Request,Integration,1,0,0,1,80.1
GlobalFinance Corp,email,2025-06-17 20:01:37,3,2,3,Basic,2007.85,3,0,AM_5,"Billing,Security",43.48800903,43.61794661,Feature Request,Collaboration,0,1,0,1,60.6
InsightlySoft,chat,2025-06-28 11:01:37,1,5,7,Pro,112.35,25,1,AM_9,Analytics,75.39035475,40.93359048,How-To,Collaboration,1,0,0,0,82.1
InsightlySoft,email,2025-06-21 21:01:37,1,2,7,Pro,204.21,18,1,AM_17,"Billing,Analytics,Collaboration",55.70328034,37.40193108,Bug,Integration,1,0,0,0,66
GlobalFinance Corp,chat,2025-06-21 5:01:37,1,1,7,Enterprise,1797.03,39,0,AM_15,"Analytics,Security,Integration",67.50661236,29.47823558,Bug,Integration,0,0,0,1,91.8
InsightlySoft,email,2025-06-22 16:01:37,1,5,1,Pro,1118.66,42,4,AM_11,Integration,50.24662782,45.92889624,Other,Analytics,0,0,0,0,61.3
InsightlySoft,email,2025-06-24 6:01:37,0,0,3,Basic,5076.96,40,0,AM_10,"Collaboration,Billing,Security",49.19638191,44.42312372,Feature Request,Billing,0,0,0,0,51.4
GlobalFinance Corp,email,2025-06-21 20:01:37,0,3,7,Basic,1602.56,32,0,AM_7,Analytics,35.58929343,35.78571272,Other,Security,0,0,0,0,37.8
GlobalFinance Corp,email,2025-06-15 15:01:37,0,1,1,Pro,334.56,50,2,AM_14,Integration,30.26335552,48.87001765,Bug,Collaboration,1,0,0,0,34.8
GlobalFinance Corp,chat,2025-06-28 17:01:37,1,3,7,Pro,515.49,49,1,AM_11,"Security,Analytics",48.18949219,43.83388926,Bug,Collaboration,1,0,0,0,42.8
GlobalFinance Corp,chat,2025-07-06 14:01:37,1,3,1,Pro,3357.73,3,1,AM_6,"Integration,Collaboration",44.6007461,30.48508976,Performance,Security,0,0,0,0,46.9
GlobalFinance Corp,chat,2025-07-02 6:01:37,1,3,4,Enterprise,8991.12,8,0,AM_15,Integration,52.01039679,32.24877193,Bug,Analytics,0,0,0,1,66.9
GlobalFinance Corp,web_form,2025-06-21 23:01:37,0,2,7,Basic,6111.38,52,1,AM_3,"Collaboration,Integration,Security",41.15637242,38.8501767,Performance,Security,1,0,0,0,42.7
GlobalFinance Corp,email,2025-06-19 16:01:37,2,5,5,Basic,416.04,5,1,AM_0,"Billing,Analytics",55.21910898,34.6950146,Other,Billing,1,0,1,1,73.8
InsightlySoft,email,2025-07-01 22:01:37,1,6,3,Basic,49.51,57,3,AM_0,"Billing,Collaboration,Security",57.06152192,37.885306,How-To,Analytics,0,0,0,0,51.2
GlobalFinance Corp,chat,2025-07-04 6:01:37,2,5,6,Basic,80.38,20,2,AM_14,Security,65.37324554,27.90582596,Bug,Collaboration,0,0,0,0,53.6
GlobalFinance Corp,web_form,2025-07-14 10:01:37,1,2,2,Basic,2428.02,44,1,AM_13,"Security,Collaboration,Billing",71.68287208,30.48559656,Performance,Security,0,0,1,1,91.9
GlobalFinance Corp,email,2025-07-06 2:01:37,1,2,1,Basic,1996,25,0,AM_14,Integration,55.5389019,36.59981021,How-To,Security,0,0,0,0,49.2
InsightlySoft,chat,2025-07-09 7:01:37,1,7,4,Basic,40.46,6,1,AM_1,"Billing,Integration,Collaboration",68.19815908,38.04983833,How-To,Analytics,0,0,0,0,72.2
InsightlySoft,email,2025-06-15 5:01:37,1,3,1,Basic,176.46,28,0,AM_15,Integration,52.39743633,37.70666976,Other,Collaboration,0,0,0,0,50.6
GlobalFinance Corp,email,2025-06-17 12:01:37,0,4,3,Basic,24936.16,23,1,AM_4,"Security,Integration",50.7897609,25.74796732,Feature Request,Security,0,0,0,1,59.4
GlobalFinance Corp,chat,2025-06-19 10:01:37,1,2,5,Basic,10052.19,24,2,AM_10,"Collaboration,Analytics",38.14163038,37.28855798,How-To,Integration,0,0,0,1,42
GlobalFinance Corp,chat,2025-07-13 16:01:37,0,2,1,Enterprise,406.51,10,2,AM_10,"Collaboration,Analytics,Security",48.91407735,43.98656562,Other,Security,0,0,0,1,52
InsightlySoft,email,2025-06-18 19:01:37,0,2,4,Enterprise,537.74,10,1,AM_0,"Billing,Analytics,Collaboration",44.81037872,32.75749035,Feature Request,Security,0,0,0,1,40.8
InsightlySoft,email,2025-06-25 20:01:37,0,7,4,Pro,6912.65,33,1,AM_1,"Billing,Security",38.51538817,30.40868493,How-To,Billing,0,0,0,0,43.4
GlobalFinance Corp,chat,2025-06-18 7:01:37,3,0,4,Enterprise,2124.41,9,3,AM_0,"Billing,Analytics",32.53622789,32.49970862,Other,Billing,0,0,1,1,37.2
InsightlySoft,email,2025-07-07 0:01:37,2,8,2,Pro,9508.53,18,2,AM_2,Collaboration,47.79149573,33.42544763,Other,Security,0,0,0,1,61.8
GlobalFinance Corp,email,2025-06-24 14:01:37,1,5,3,Enterprise,2204.03,3,2,AM_19,"Security,Collaboration",36.98586167,45.45083494,Performance,Security,1,1,0,1,64.1
InsightlySoft,chat,2025-06-16 10:01:37,1,4,2,Pro,2582.74,33,1,AM_0,Billing,46.57133073,25.86551723,Other,Billing,0,0,0,0,36
InsightlySoft,email,2025-07-12 15:01:37,0,6,7,Basic,745.91,10,3,AM_16,"Integration,Collaboration",56.0309806,27.99241675,How-To,Integration,0,0,0,0,66.4
GlobalFinance Corp,email,2025-07-14 13:01:37,1,2,2,Enterprise,6264.26,27,2,AM_1,Billing,39.1036137,19.25905157,How-To,Collaboration,1,0,0,1,61.7
GlobalFinance Corp,web_form,2025-06-20 5:01:37,0,5,6,Basic,5228.95,35,1,AM_13,Analytics,35.65669215,45.44325854,Bug,Analytics,0,0,0,0,26.9
GlobalFinance Corp,chat,2025-07-08 2:01:37,1,3,3,Basic,1234.86,18,0,AM_19,Analytics,34.69857446,38.43794594,How-To,Security,0,0,0,0,34.3
GlobalFinance Corp,web_form,2025-07-06 2:01:37,1,2,1,Pro,2843.14,7,2,AM_1,"Analytics,Billing,Collaboration",41.29861169,26.08614161,Feature Request,Collaboration,0,0,0,0,40.5
InsightlySoft,web_form,2025-07-04 1:01:37,0,6,6,Enterprise,1253.11,7,0,AM_17,Billing,41.73494532,34.2446547,Bug,Security,0,0,0,1,45.2
InsightlySoft,web_form,2025-07-06 5:01:37,2,5,1,Basic,1870.69,22,2,AM_7,"Collaboration,Security",34.72689986,39.59627809,Other,Billing,1,0,0,0,35.4
InsightlySoft,email,2025-07-14 7:01:37,2,5,2,Pro,5763.24,10,1,AM_7,"Analytics,Security",57.4621999,40.73444691,Bug,Security,0,1,0,1,71.9
GlobalFinance Corp,email,2025-07-14 10:01:37,2,3,2,Basic,1610.6,27,1,AM_6,"Analytics,Security",53.65721303,44.10394309,Feature Request,Collaboration,0,0,0,0,48.9
InsightlySoft,web_form,2025-06-27 17:01:37,0,3,6,Enterprise,5508.37,45,2,AM_10,Collaboration,32.74740261,23.03956535,Bug,Analytics,1,0,0,1,54.9
GlobalFinance Corp,web_form,2025-07-13 10:01:37,0,3,1,Pro,9666.04,4,2,AM_19,"Integration,Billing,Security",37.41572174,44.48663434,Feature Request,Billing,0,1,0,1,49.6
InsightlySoft,web_form,2025-06-22 6:01:37,0,4,1,Basic,1615.33,12,0,AM_6,Collaboration,56.45153421,22.43675552,Other,Integration,0,0,0,0,50.9
GlobalFinance Corp,email,2025-06-14 20:01:37,0,3,7,Pro,6299.72,3,0,AM_6,"Billing,Collaboration,Analytics",34.90726282,43.77966246,Bug,Security,0,1,0,1,49.3
GlobalFinance Corp,web_form,2025-06-28 15:01:37,2,2,7,Basic,1087.15,55,1,AM_16,"Security,Collaboration,Integration",38.4432933,42.87057302,How-To,Analytics,0,0,0,0,38.3
InsightlySoft,web_form,2025-07-05 6:01:37,1,2,7,Basic,8.61,48,3,AM_14,"Analytics,Billing",45.90138213,55.13992476,How-To,Collaboration,0,0,0,0,39.6
GlobalFinance Corp,chat,2025-06-18 2:01:37,0,1,4,Pro,264.83,43,2,AM_6,"Integration,Analytics",40.37480592,32.80183594,Feature Request,Billing,0,0,0,0,37.7
GlobalFinance Corp,chat,2025-06-24 23:01:37,0,1,3,Pro,4007.96,3,0,AM_19,"Security,Integration",68.9257701,30.07668553,Feature Request,Analytics,1,0,0,0,72.1
InsightlySoft,email,2025-07-06 3:01:37,0,3,1,Basic,316.69,25,2,AM_16,Security,52.52697858,38.34476402,Feature Request,Integration,0,0,0,0,41.1
GlobalFinance Corp,chat,2025-07-01 12:01:37,1,5,3,Basic,8398.52,26,3,AM_18,"Collaboration,Integration",50.73143366,37.32635356,Other,Security,1,0,0,1,77.5
GlobalFinance Corp,chat,2025-06-21 13:01:37,2,2,7,Enterprise,6042.75,40,0,AM_13,"Collaboration,Billing",47.52949466,53.72644332,Feature Request,Billing,0,0,0,1,62.8
GlobalFinance Corp,chat,2025-06-19 1:01:37,0,3,5,Pro,2169.9,7,1,AM_19,Billing,56.65052998,24.72552441,How-To,Analytics,0,0,0,0,64.2
InsightlySoft,email,2025-06-30 6:01:37,3,5,2,Basic,2613.31,46,1,AM_4,Security,50.81584639,30.25068312,How-To,Collaboration,1,0,0,0,43.2
InsightlySoft,chat,2025-07-05 0:01:37,1,2,7,Basic,3555.93,34,1,AM_11,"Billing,Analytics,Collaboration",43.09575275,27.55003926,Feature Request,Collaboration,0,1,0,1,55.2
GlobalFinance Corp,email,2025-06-15 13:01:37,3,2,1,Basic,3944.78,10,1,AM_11,"Billing,Analytics,Collaboration",31.58556323,39.49720991,Performance,Integration,0,0,0,0,35.5
InsightlySoft,web_form,2025-07-12 22:01:37,1,3,7,Pro,2027.14,3,1,AM_1,Billing,41.65763479,32.31085722,Feature Request,Security,0,0,0,0,52.3
GlobalFinance Corp,chat,2025-07-08 20:01:37,0,3,3,Enterprise,1128.01,56,4,AM_3,Security,44.62952218,39.49392573,Performance,Integration,0,0,1,1,43.2
GlobalFinance Corp,email,2025-06-17 18:01:37,1,1,3,Basic,7231.85,28,2,AM_1,"Security,Integration,Billing",52.76707847,41.15311249,Bug,Analytics,0,0,0,1,58.3
GlobalFinance Corp,chat,2025-07-07 10:01:37,1,5,2,Pro,143.06,11,0,AM_4,"Security,Collaboration",57.30587503,40.40957404,Bug,Billing,1,0,0,0,45.5
GlobalFinance Corp,web_form,2025-06-17 12:01:37,1,5,3,Pro,1320.56,51,2,AM_19,"Collaboration,Security,Billing",47.99726834,35.52904379,How-To,Billing,0,0,0,0,57.8
GlobalFinance Corp,email,2025-06-26 1:01:37,0,1,5,Pro,3294.39,32,1,AM_1,"Analytics,Integration",48.84600096,41.6405332,Bug,Analytics,0,1,0,1,57
InsightlySoft,email,2025-06-20 2:01:37,0,4,6,Enterprise,6651.19,8,4,AM_12,"Billing,Integration,Collaboration",36.02510672,37.472324,Bug,Billing,0,0,0,1,52.7
GlobalFinance Corp,email,2025-07-11 8:01:37,1,5,6,Basic,231.37,20,0,AM_2,"Billing,Integration",39.41670718,32.38458624,Bug,Analytics,0,0,0,0,29.7
InsightlySoft,web_form,2025-07-09 3:01:37,1,3,4,Basic,3227.22,5,0,AM_14,"Collaboration,Billing,Analytics",29.91454939,32.0127945,Other,Integration,0,0,0,0,36.1
InsightlySoft,web_form,2025-06-14 19:01:37,0,1,7,Enterprise,2002.89,41,1,AM_18,"Security,Integration",41.85138019,33.87187495,Other,Security,0,0,0,1,42
GlobalFinance Corp,web_form,2025-07-07 9:01:37,1,5,2,Basic,3479.76,13,0,AM_15,"Billing,Collaboration,Security",51.2596461,47.85902508,Feature Request,Collaboration,0,0,0,0,46.6
GlobalFinance Corp,email,2025-06-28 19:01:37,2,5,7,Enterprise,1144.67,11,1,AM_13,Security,54.58138252,36.26188439,Performance,Collaboration,0,0,0,1,58.6
InsightlySoft,web_form,2025-07-04 15:01:37,1,4,6,Pro,3720.89,58,0,AM_3,"Analytics,Security,Billing",41.26091645,36.83490376,How-To,Collaboration,1,0,0,0,46.4
InsightlySoft,chat,2025-06-21 3:01:37,0,3,7,Basic,596.31,34,0,AM_16,Analytics,58.6596622,35.36660319,Other,Billing,0,0,0,0,69.7
InsightlySoft,web_form,2025-07-08 21:01:37,1,3,3,Basic,4480.3,44,0,AM_11,"Security,Integration,Billing",62.69705093,27.92613456,Other,Integration,0,0,1,1,79.5
GlobalFinance Corp,email,2025-06-25 17:01:37,0,3,4,Basic,4151.08,3,1,AM_1,Billing,56.6743255,22.87286767,How-To,Integration,1,0,0,0,74.3
InsightlySoft,chat,2025-06-26 10:01:37,2,2,5,Pro,8800.34,15,1,AM_19,"Collaboration,Security,Integration",59.90741035,38.82282969,Other,Collaboration,2,0,0,1,79
GlobalFinance Corp,web_form,2025-07-12 10:01:37,3,2,7,Basic,570.66,33,1,AM_13,"Integration,Analytics,Billing",38.79429992,28.79916659,How-To,Integration,0,1,1,1,54.8
GlobalFinance Corp,chat,2025-06-22 19:01:37,1,4,1,Pro,3840.39,56,2,AM_2,Billing,33.60632472,39.68376983,Feature Request,Analytics,2,0,0,0,41.3
GlobalFinance Corp,chat,2025-06-15 17:01:37,4,1,1,Basic,1168.7,43,1,AM_15,Collaboration,57.15891078,35.96361122,Feature Request,Collaboration,1,0,0,0,61.3
InsightlySoft,email,2025-06-27 7:01:37,0,2,6,Enterprise,993.26,57,0,AM_7,Integration,61.79959098,44.30162642,Bug,Collaboration,0,0,0,1,58.8
GlobalFinance Corp,chat,2025-07-11 2:01:37,0,3,6,Enterprise,1540.47,10,1,AM_11,"Analytics,Security",64.65696714,42.35718794,How-To,Security,0,1,0,1,85.3
GlobalFinance Corp,chat,2025-06-19 9:01:37,1,0,5,Pro,1007.26,57,1,AM_8,"Security,Collaboration,Billing",31.29155316,41.1019977,How-To,Collaboration,0,0,0,0,34.1
GlobalFinance Corp,email,2025-06-17 10:01:37,1,2,3,Enterprise,855.83,3,0,AM_0,"Security,Integration",48.51425607,28.7844178,Feature Request,Billing,2,0,1,1,61
GlobalFinance Corp,email,2025-07-14 10:01:37,3,2,2,Basic,4388.04,46,0,AM_0,"Security,Collaboration",36.68565083,19.19452506,Other,Analytics,0,0,0,0,43.3
GlobalFinance Corp,email,2025-06-24 21:01:37,0,2,3,Basic,3606.96,53,1,AM_8,"Integration,Billing",46.23705676,46.02984326,How-To,Integration,0,0,0,0,55.6
InsightlySoft,chat,2025-07-05 19:01:37,2,4,7,Basic,347.44,48,2,AM_14,"Security,Integration",56.48746557,36.6370194,How-To,Billing,0,0,0,0,46.5
GlobalFinance Corp,chat,2025-06-16 5:01:37,0,3,2,Basic,2464.18,41,1,AM_9,Collaboration,51.73339335,35.10646801,Other,Analytics,0,0,0,0,55.8
GlobalFinance Corp,chat,2025-06-21 18:01:37,0,1,7,Basic,1205.93,14,1,AM_16,Collaboration,33.32275307,34.09842399,Feature Request,Security,0,0,0,0,31.7
InsightlySoft,email,2025-06-24 1:01:37,3,5,3,Enterprise,10624.96,53,0,AM_1,"Analytics,Billing",46.14290427,40.31607882,How-To,Collaboration,1,0,0,1,56.7
GlobalFinance Corp,web_form,2025-06-15 20:01:37,2,4,1,Pro,1660.38,33,0,AM_2,"Analytics,Billing",42.74713885,45.5219404,How-To,Integration,0,0,0,0,47.7
InsightlySoft,chat,2025-06-23 19:01:37,3,5,2,Pro,124.26,33,1,AM_9,Collaboration,57.21429413,31.5752431,Other,Collaboration,0,0,0,0,69
GlobalFinance Corp,web_form,2025-06-15 15:01:37,0,3,1,Pro,1209.13,36,0,AM_18,Integration,40.70391215,23.00487914,Bug,Billing,0,0,1,1,54.3
InsightlySoft,email,2025-07-04 13:01:37,2,3,6,Basic,1124.99,23,1,AM_8,"Collaboration,Billing",49.61476886,50.24400856,Other,Collaboration,0,0,0,0,41
InsightlySoft,chat,2025-06-24 20:01:37,1,2,3,Basic,16.95,55,0,AM_17,"Integration,Billing",44.79478301,39.11429542,Other,Analytics,1,0,1,1,51.8
GlobalFinance Corp,web_form,2025-07-01 21:01:37,2,2,3,Pro,2007.02,55,0,AM_2,Integration,65.76168524,39.58180679,Bug,Collaboration,1,0,0,0,62.2
GlobalFinance Corp,chat,2025-07-05 3:01:37,1,3,7,Basic,7086.88,54,3,AM_8,Analytics,54.94523548,15.1461793,How-To,Collaboration,0,0,0,1,56.6
GlobalFinance Corp,chat,2025-06-28 19:01:37,1,1,7,Pro,4863.21,1,2,AM_10,"Analytics,Security,Billing",46.77571937,38.18364141,Bug,Security,0,0,0,0,50.4
InsightlySoft,chat,2025-07-08 7:01:37,2,2,3,Basic,3462.25,27,2,AM_8,"Security,Analytics,Billing",44.31709475,20.17103946,Performance,Collaboration,0,0,0,0,58.6
InsightlySoft,web_form,2025-07-07 11:01:37,0,7,2,Pro,1262.66,51,0,AM_4,"Security,Billing,Analytics",47.93514073,33.60123173,Bug,Security,0,0,0,0,42.5
InsightlySoft,email,2025-07-09 23:01:37,1,2,4,Enterprise,791.75,32,2,AM_19,"Integration,Analytics,Collaboration",69.89589153,41.57422089,Feature Request,Billing,0,0,0,1,89.8
GlobalFinance Corp,chat,2025-06-28 12:01:37,2,3,7,Pro,1258.46,21,1,AM_17,"Collaboration,Billing",53.87882459,38.56677374,How-To,Security,0,0,0,0,60.1
InsightlySoft,email,2025-07-01 19:01:37,1,3,3,Basic,393.95,44,2,AM_11,Collaboration,51.13054695,41.65254517,Performance,Security,0,0,0,0,49.1
InsightlySoft,email,2025-07-02 6:01:37,2,4,4,Basic,314.38,20,1,AM_16,"Integration,Analytics",54.89098941,31.66735505,Performance,Billing,0,0,0,0,65.3
GlobalFinance Corp,web_form,2025-07-14 0:01:37,3,3,2,Basic,2563.7,27,1,AM_16,"Billing,Collaboration,Analytics",53.77011113,28.6806965,Bug,Security,0,0,0,0,56.3
InsightlySoft,web_form,2025-07-14 6:01:37,1,3,2,Pro,5045.93,36,0,AM_15,"Billing,Collaboration,Security",54.65105756,33.23157372,Performance,Collaboration,0,1,0,1,60.9
InsightlySoft,email,2025-06-27 22:01:37,2,5,6,Basic,314.05,41,1,AM_13,"Collaboration,Billing",54.85818563,35.79261153,How-To,Billing,0,1,1,1,51.4
GlobalFinance Corp,chat,2025-06-15 10:01:37,1,1,1,Pro,1224.75,32,0,AM_8,"Security,Collaboration",38.19978058,31.38260074,How-To,Billing,1,0,0,0,40.5
InsightlySoft,web_form,2025-07-05 2:01:37,0,2,7,Basic,392.9,39,0,AM_12,Integration,35.02424529,35.1813423,Other,Security,0,0,0,0,28
GlobalFinance Corp,chat,2025-06-19 13:01:37,1,2,5,Pro,1115.28,57,1,AM_2,"Security,Analytics,Integration",54.97277079,36.11321702,Other,Security,0,0,1,1,57.4
GlobalFinance Corp,chat,2025-07-03 4:01:37,1,4,5,Basic,5320.52,29,1,AM_4,"Analytics,Collaboration,Billing",51.68378202,38.09404736,Feature Request,Analytics,1,0,0,0,59.9
GlobalFinance Corp,chat,2025-06-30 1:01:37,3,1,2,Basic,106.41,46,0,AM_7,"Analytics,Collaboration",42.55908793,53.24862597,Bug,Billing,0,0,0,0,44.5
GlobalFinance Corp,email,2025-07-02 3:01:37,0,2,4,Enterprise,3125.68,23,0,AM_2,Billing,41.14681155,28.24443687,Performance,Integration,0,0,0,1,48.1
GlobalFinance Corp,chat,2025-06-22 5:01:37,2,1,1,Enterprise,185.1,58,0,AM_15,"Security,Collaboration",53.12916341,41.61914744,Other,Collaboration,0,0,0,1,66.7
InsightlySoft,email,2025-06-25 4:01:37,0,3,4,Basic,1668.23,35,3,AM_3,"Integration,Security",53.08530096,36.2471356,How-To,Security,1,0,0,0,56.5
InsightlySoft,email,2025-07-11 13:01:37,0,2,6,Pro,1927.66,15,0,AM_8,"Collaboration,Billing",33.00163142,50.60864395,Performance,Billing,0,0,0,0,34
GlobalFinance Corp,chat,2025-06-23 1:01:37,0,1,2,Pro,1540.04,43,0,AM_6,"Integration,Security,Analytics",48.45312051,29.08795538,Bug,Billing,0,0,0,0,45.6
GlobalFinance Corp,chat,2025-07-13 18:01:37,0,4,1,Pro,3043.24,10,3,AM_17,Analytics,46.73562067,34.18819597,Performance,Collaboration,1,0,0,0,56.7
InsightlySoft,chat,2025-07-14 3:01:37,2,4,2,Basic,10910.39,52,0,AM_16,"Integration,Analytics",45.34907879,33.09213074,Performance,Billing,1,0,0,1,49.5
GlobalFinance Corp,chat,2025-06-16 14:01:37,4,1,2,Enterprise,933.06,15,3,AM_5,"Integration,Collaboration",37.12773749,19.57724738,Feature Request,Integration,0,1,0,1,50.3
GlobalFinance Corp,email,2025-06-22 21:01:37,2,0,1,Pro,2823.05,25,0,AM_9,Collaboration,41.08219845,36.02066746,Bug,Analytics,0,0,0,0,42.1
GlobalFinance Corp,chat,2025-06-30 7:01:37,3,1,2,Pro,1315.42,17,1,AM_4,"Collaboration,Integration,Analytics",44.839232,36.97111667,Performance,Collaboration,1,0,0,0,35.5
InsightlySoft,chat,2025-07-07 14:01:37,1,2,2,Basic,22806.76,51,1,AM_14,"Billing,Security",29.41160013,30.93793114,How-To,Integration,0,0,0,1,47.3
InsightlySoft,email,2025-07-01 3:01:37,0,2,3,Basic,9047.61,31,0,AM_1,"Analytics,Collaboration",58.55273584,19.29107074,How-To,Billing,0,0,0,1,69.4
GlobalFinance Corp,web_form,2025-06-15 2:01:37,0,3,1,Pro,294.17,11,0,AM_14,"Integration,Collaboration,Security",47.29573959,43.13323475,Feature Request,Billing,1,0,0,0,44.9
GlobalFinance Corp,web_form,2025-06-24 13:01:37,2,3,3,Enterprise,10902.72,20,1,AM_8,"Billing,Security,Integration",42.22178492,49.72268985,Other,Security,0,0,0,1,58.2
InsightlySoft,email,2025-06-24 9:01:37,1,4,3,Pro,4021.34,31,1,AM_5,"Integration,Analytics,Security",37.84362597,46.00741903,Bug,Collaboration,1,0,0,0,44.7
InsightlySoft,web_form,2025-06-25 12:01:37,0,3,4,Basic,14617.07,16,0,AM_3,"Integration,Collaboration",50.48035297,36.27440154,Performance,Analytics,0,0,0,1,48.5
GlobalFinance Corp,email,2025-06-29 0:01:37,1,2,1,Basic,4421.45,36,2,AM_13,"Integration,Security,Collaboration",31.13746537,34.8966202,Feature Request,Security,0,0,0,0,42.1
GlobalFinance Corp,chat,2025-06-20 6:01:37,1,2,6,Pro,414.11,39,4,AM_8,"Billing,Collaboration",55.23932996,45.86283816,How-To,Billing,1,0,1,1,73.4
InsightlySoft,chat,2025-07-07 22:01:37,0,3,2,Basic,4164.51,11,1,AM_0,"Analytics,Security,Collaboration",56.09312694,45.75524676,Performance,Analytics,0,1,0,1,72.2
InsightlySoft,web_form,2025-06-29 6:01:37,1,3,1,Pro,3890.76,20,2,AM_18,"Collaboration,Analytics",41.41689122,37.54270206,How-To,Collaboration,0,1,0,1,48.3
InsightlySoft,chat,2025-06-20 21:01:37,0,7,6,Pro,547.21,26,0,AM_9,"Analytics,Security,Integration",25.31621469,36.60904603,Performance,Integration,0,0,0,0,35.3
GlobalFinance Corp,web_form,2025-06-27 2:01:37,2,2,6,Enterprise,4197.2,56,1,AM_17,"Security,Collaboration",42.00590618,41.22149325,Bug,Analytics,0,0,0,1,55.4
InsightlySoft,web_form,2025-06-24 21:01:37,0,2,3,Enterprise,3369.69,49,1,AM_18,Billing,44.8992152,37.54157822,How-To,Security,0,0,0,1,49.1
GlobalFinance Corp,chat,2025-06-28 20:01:37,2,4,7,Pro,15578.63,51,1,AM_5,"Collaboration,Billing,Analytics",46.72468097,46.74885613,Feature Request,Integration,1,0,0,1,52.5
InsightlySoft,chat,2025-07-08 7:01:37,5,2,3,Enterprise,2892.82,26,2,AM_2,"Collaboration,Security,Analytics",65.856231,40.54056451,Feature Request,Integration,0,0,1,1,75.2
InsightlySoft,web_form,2025-07-04 1:01:37,2,5,6,Pro,1606.43,42,1,AM_17,Security,51.3792689,41.6934322,Feature Request,Analytics,0,1,0,1,51.1
InsightlySoft,chat,2025-06-16 16:01:37,0,3,2,Pro,9231.81,47,0,AM_19,"Billing,Collaboration",64.9935729,41.34437054,Feature Request,Analytics,1,0,0,1,80.9
InsightlySoft,email,2025-07-11 22:01:37,1,4,6,Pro,2965.31,6,1,AM_9,Billing,55.93317094,35.29746189,Other,Security,0,0,0,0,62.3
GlobalFinance Corp,chat,2025-06-30 10:01:37,0,2,2,Enterprise,1286.04,45,0,AM_19,Analytics,51.94185833,50.44111393,Performance,Analytics,1,0,0,1,60.9
GlobalFinance Corp,chat,2025-07-03 5:01:37,4,4,5,Basic,63.81,35,0,AM_3,"Integration,Collaboration",49.26836134,35.33587784,Performance,Collaboration,0,0,0,0,46.9
InsightlySoft,email,2025-06-16 17:01:37,0,2,2,Pro,4239.64,8,0,AM_7,"Collaboration,Security,Analytics",28.31556853,34.59095688,Performance,Integration,0,0,0,0,26.4
GlobalFinance Corp,chat,2025-06-28 11:01:37,1,3,7,Basic,381.89,7,0,AM_15,"Security,Collaboration,Billing",27.37351394,33.99820615,Other,Integration,1,0,0,0,23.9
InsightlySoft,chat,2025-06-26 1:01:37,1,3,5,Basic,7718.04,37,2,AM_1,"Billing,Integration,Collaboration",55.55270133,50.35087861,Feature Request,Security,0,1,0,1,62.8
InsightlySoft,web_form,2025-07-03 23:01:37,0,3,5,Basic,9762.86,50,2,AM_18,Integration,47.23428043,22.62060891,Bug,Analytics,0,0,0,1,62.9
InsightlySoft,chat,2025-07-01 23:01:37,1,7,3,Basic,809.22,59,2,AM_14,"Analytics,Security",58.35480676,31.1290109,Feature Request,Analytics,0,0,1,1,65.1
InsightlySoft,chat,2025-07-10 19:01:37,2,2,5,Pro,359.07,53,1,AM_7,"Billing,Integration,Collaboration",32.34114865,41.74369687,Other,Integration,0,0,0,0,31.4
GlobalFinance Corp,email,2025-06-25 10:01:37,0,6,4,Pro,2713.98,16,3,AM_16,"Analytics,Collaboration",51.22131917,38.85063739,Bug,Integration,0,0,0,0,58.9
InsightlySoft,web_form,2025-07-04 12:01:37,3,0,6,Basic,721.37,9,1,AM_12,Security,52.60238443,38.00539629,Other,Security,0,0,1,1,78.6
InsightlySoft,web_form,2025-06-18 7:01:37,2,3,4,Pro,2341.61,11,1,AM_2,"Analytics,Billing,Security",41.6375428,39.54931477,How-To,Analytics,0,0,1,1,45
GlobalFinance Corp,web_form,2025-07-06 23:01:37,0,4,1,Enterprise,1604.35,21,0,AM_9,Analytics,37.34802457,45.23331112,Performance,Billing,0,0,0,1,48.4
InsightlySoft,chat,2025-06-29 5:01:37,1,2,1,Pro,4711.02,51,0,AM_12,"Collaboration,Analytics",37.60899069,37.88866457,Performance,Analytics,0,0,0,0,43.9
InsightlySoft,web_form,2025-06-20 22:01:37,0,2,6,Basic,26654.71,46,2,AM_10,"Analytics,Billing,Collaboration",40.93777965,37.55091041,Other,Security,0,0,0,1,46.4
InsightlySoft,email,2025-06-27 20:01:37,2,3,6,Pro,1830.86,7,0,AM_0,"Collaboration,Billing,Integration",43.04750897,46.70740392,Bug,Integration,0,0,0,0,47.9
GlobalFinance Corp,web_form,2025-06-27 18:01:37,1,4,6,Basic,3465.71,12,1,AM_13,"Integration,Analytics,Security",41.83482667,37.90216817,How-To,Integration,0,0,0,0,36.1
InsightlySoft,email,2025-07-09 13:01:37,2,4,4,Basic,1254.76,51,0,AM_1,"Collaboration,Billing,Analytics",51.12738669,41.89607218,How-To,Billing,1,0,1,1,69.4
GlobalFinance Corp,web_form,2025-06-30 17:01:37,0,0,2,Pro,5952.43,40,0,AM_11,Security,46.50177211,15.31156229,Feature Request,Billing,0,0,0,0,62.4
InsightlySoft,web_form,2025-06-30 13:01:37,0,0,2,Enterprise,112.96,21,0,AM_3,Billing,35.49021437,32.55710395,Feature Request,Security,0,0,0,1,49.7
InsightlySoft,email,2025-06-21 7:01:37,1,4,7,Pro,2040.83,5,0,AM_11,"Security,Collaboration",53.47799246,30.46762562,Bug,Analytics,0,0,0,0,55.8
GlobalFinance Corp,web_form,2025-07-07 8:01:37,0,5,2,Pro,583.58,6,0,AM_0,"Analytics,Security,Integration",36.1391038,30.1854912,Feature Request,Integration,0,0,0,0,37.9
InsightlySoft,web_form,2025-06-17 15:01:37,3,4,3,Pro,583.83,43,1,AM_9,"Integration,Analytics",44.4996295,33.23674781,Performance,Collaboration,0,1,0,1,57.7
InsightlySoft,web_form,2025-07-07 16:01:37,0,4,2,Pro,2284.25,26,1,AM_3,Analytics,37.72293514,33.00709939,Other,Collaboration,0,0,0,0,35.1
GlobalFinance Corp,chat,2025-07-13 3:01:37,2,6,1,Enterprise,1103.64,29,1,AM_1,"Billing,Collaboration",41.0943734,43.11424907,Performance,Collaboration,0,1,0,1,44.7
GlobalFinance Corp,email,2025-07-11 21:01:37,0,2,6,Basic,1843.04,54,1,AM_12,Security,42.91539405,30.00236028,How-To,Integration,1,0,0,0,52.2
GlobalFinance Corp,web_form,2025-07-04 22:01:37,1,3,6,Basic,1094.38,3,2,AM_7,"Integration,Billing,Collaboration",43.38859652,43.62505041,How-To,Integration,2,0,0,0,46.4
GlobalFinance Corp,email,2025-06-21 10:01:37,2,2,7,Basic,1821.29,11,1,AM_1,"Analytics,Integration",45.65221855,42.18759534,Other,Collaboration,0,0,0,0,36.8
GlobalFinance Corp,email,2025-06-28 21:01:37,0,1,7,Basic,1010.28,23,2,AM_2,"Billing,Collaboration,Security",47.58077258,27.58626069,Bug,Billing,0,0,0,0,47.7
InsightlySoft,email,2025-07-12 9:01:37,1,7,7,Basic,4882.06,25,1,AM_14,Billing,58.36614472,24.45646389,How-To,Collaboration,0,0,1,1,81.7
GlobalFinance Corp,web_form,2025-07-03 5:01:37,3,3,5,Basic,2448.17,12,2,AM_6,"Billing,Collaboration",37.65040945,33.66315821,Bug,Billing,0,0,0,0,30
InsightlySoft,web_form,2025-07-10 15:01:37,0,2,5,Enterprise,528.18,1,0,AM_9,"Collaboration,Billing",19.09919258,45.26192942,Performance,Security,0,0,0,1,33.3
InsightlySoft,email,2025-06-22 19:01:37,1,5,1,Pro,25.48,4,3,AM_19,"Collaboration,Integration,Analytics",37.16051383,38.47396118,Feature Request,Collaboration,2,0,0,0,31.1
InsightlySoft,chat,2025-07-01 5:01:37,0,4,3,Pro,52.95,52,1,AM_10,"Integration,Security,Analytics",58.79417975,50.55867788,Other,Collaboration,0,1,0,1,68.9
GlobalFinance Corp,email,2025-06-25 13:01:37,3,5,4,Pro,1642.94,1,1,AM_13,"Collaboration,Analytics,Integration",54.37178008,24.66982286,Feature Request,Billing,1,0,0,0,69.1
GlobalFinance Corp,chat,2025-07-07 7:01:37,2,2,2,Enterprise,1131.15,6,3,AM_18,"Analytics,Security",39.95939716,25.86649707,Bug,Billing,0,1,0,1,58.9
InsightlySoft,email,2025-06-20 20:01:37,1,3,6,Pro,911.89,34,0,AM_13,Analytics,44.23670513,26.99621812,Bug,Billing,0,0,0,0,37.2
GlobalFinance Corp,email,2025-07-09 19:01:37,0,0,4,Basic,2925.94,27,0,AM_0,"Billing,Security,Collaboration",27.90478419,41.68288107,Performance,Security,0,0,0,0,27.3
GlobalFinance Corp,email,2025-06-25 5:01:37,0,7,4,Basic,5033.12,45,0,AM_6,"Billing,Integration,Collaboration",39.22283915,41.47017496,Performance,Collaboration,1,0,0,0,39.2
GlobalFinance Corp,web_form,2025-06-21 21:01:37,2,7,7,Enterprise,196.43,16,3,AM_4,Billing,40.00442063,40.02735469,Bug,Billing,0,0,0,1,61.7
GlobalFinance Corp,chat,2025-06-17 20:01:37,0,2,3,Pro,349.51,11,2,AM_6,"Billing,Collaboration",55.48055072,38.31339763,Performance,Security,0,0,1,1,62.6
InsightlySoft,chat,2025-06-25 19:01:37,0,2,4,Basic,1380.14,14,1,AM_12,"Security,Integration",46.18394706,47.88688744,Other,Security,0,0,0,0,39.7
InsightlySoft,email,2025-07-13 16:01:37,0,3,1,Basic,1747.43,38,0,AM_6,Security,37.01436191,35.78143601,How-To,Integration,0,0,0,0,38
GlobalFinance Corp,web_form,2025-06-24 8:01:37,1,4,3,Enterprise,1508.72,48,1,AM_18,"Integration,Billing,Security",33.77546324,45.17235224,Other,Billing,0,0,0,1,41
InsightlySoft,web_form,2025-07-14 10:01:37,0,2,2,Enterprise,3053.61,49,3,AM_12,"Security,Collaboration",56.31311794,54.23211338,Bug,Billing,0,0,1,1,75.7
GlobalFinance Corp,chat,2025-06-23 6:01:37,2,5,2,Basic,273.77,10,0,AM_15,"Analytics,Security,Billing",46.44782857,30.74988918,How-To,Billing,0,0,0,0,46.2
GlobalFinance Corp,web_form,2025-06-22 13:01:37,0,1,1,Enterprise,2047.98,53,0,AM_14,"Integration,Billing,Collaboration",38.17032915,32.32779855,Bug,Integration,0,0,0,1,53.3
InsightlySoft,chat,2025-07-08 13:01:37,0,0,3,Pro,5009.87,54,2,AM_18,Integration,57.65893268,20.72285902,Other,Billing,1,0,0,0,73.5
InsightlySoft,chat,2025-06-24 10:01:37,1,4,3,Pro,7912.46,58,1,AM_6,"Analytics,Collaboration",55.27279733,41.54893697,Bug,Billing,2,0,0,1,60.4
InsightlySoft,chat,2025-07-13 17:01:37,0,1,1,Basic,2465.51,13,0,AM_4,Collaboration,42.83185164,33.44393909,Performance,Security,0,0,0,0,34.8
GlobalFinance Corp,web_form,2025-06-17 11:01:37,2,1,3,Enterprise,446.98,45,1,AM_13,"Billing,Collaboration",35.77541612,35.39476649,Bug,Billing,0,0,0,1,46.4
InsightlySoft,chat,2025-06-21 15:01:37,0,2,7,Pro,3900.05,34,2,AM_15,"Security,Collaboration,Analytics",62.42050938,52.14896957,Other,Collaboration,0,0,0,0,74.4
GlobalFinance Corp,chat,2025-06-27 1:01:37,1,1,6,Basic,4773.79,33,2,AM_10,"Analytics,Integration,Security",54.03238015,41.02754821,Performance,Analytics,0,0,0,0,60.2
InsightlySoft,email,2025-07-02 13:01:37,3,1,4,Basic,655.55,55,1,AM_10,"Integration,Billing",46.41047824,29.26942243,How-To,Billing,2,0,0,0,42.7
InsightlySoft,chat,2025-07-07 1:01:37,0,1,2,Basic,3395,33,0,AM_11,"Billing,Collaboration",35.4938265,32.97746969,Other,Security,0,0,0,0,48
GlobalFinance Corp,chat,2025-06-21 16:01:37,0,3,7,Basic,7999.92,39,1,AM_12,"Billing,Integration,Security",52.16786253,30.27567204,Feature Request,Integration,0,0,0,1,58.9
GlobalFinance Corp,email,2025-06-26 19:01:37,4,4,5,Basic,3806.51,13,1,AM_7,"Analytics,Collaboration,Billing",37.46004438,39.14325482,Feature Request,Integration,0,0,1,1,52.2
GlobalFinance Corp,email,2025-06-19 14:01:37,3,3,5,Pro,1611.34,17,0,AM_5,Analytics,54.00188842,37.53541274,Other,Analytics,0,0,0,0,42.5
GlobalFinance Corp,web_form,2025-07-01 13:01:37,0,2,3,Basic,1754.29,9,2,AM_1,"Collaboration,Security,Analytics",52.90082713,46.57104753,Other,Security,0,0,0,0,59.8
GlobalFinance Corp,chat,2025-06-28 4:01:37,1,3,7,Enterprise,248.7,13,1,AM_9,"Collaboration,Integration,Analytics",40.75301303,38.8732829,Feature Request,Billing,0,0,0,1,55
GlobalFinance Corp,web_form,2025-07-01 6:01:37,0,2,3,Basic,2240.37,16,1,AM_1,"Collaboration,Billing",52.94036472,34.10799515,Feature Request,Integration,0,0,0,0,69.4
GlobalFinance Corp,web_form,2025-06-21 5:01:37,3,3,7,Enterprise,4868.86,37,0,AM_10,Analytics,43.01028772,38.36242673,Feature Request,Integration,0,0,0,1,72.2
GlobalFinance Corp,email,2025-06-19 22:01:37,1,2,5,Pro,11518.63,54,0,AM_4,Collaboration,57.89624866,27.63613256,Other,Collaboration,0,0,0,1,58.6
InsightlySoft,web_form,2025-06-22 0:01:37,1,4,1,Basic,1529,30,0,AM_5,"Analytics,Collaboration",42.95922104,32.6634495,Performance,Analytics,0,0,1,1,59.9
GlobalFinance Corp,chat,2025-07-11 14:01:37,2,2,6,Basic,1714.74,39,0,AM_15,"Collaboration,Analytics",54.79457267,36.84739275,Bug,Collaboration,0,0,0,0,63.8
GlobalFinance Corp,email,2025-06-15 5:01:37,2,4,1,Pro,168.96,33,0,AM_19,Security,73.77721782,48.51571843,Bug,Integration,0,0,0,0,79.3
InsightlySoft,chat,2025-06-24 12:01:37,0,1,3,Enterprise,4476.58,40,0,AM_9,"Analytics,Collaboration",39.82070882,43.07020269,Performance,Billing,0,0,1,1,49.8
GlobalFinance Corp,chat,2025-07-11 2:01:37,0,2,6,Basic,3783.3,6,0,AM_13,"Billing,Collaboration",34.09657665,38.08939434,Bug,Billing,1,0,0,0,29.8
InsightlySoft,email,2025-07-05 2:01:37,0,4,7,Basic,1547.14,12,1,AM_5,Security,48.521146,40.10142243,Performance,Collaboration,1,0,0,0,51.7
InsightlySoft,chat,2025-07-14 11:01:37,2,4,2,Enterprise,3706.14,2,4,AM_4,"Analytics,Collaboration",52.87578074,45.4067098,Performance,Billing,1,0,0,1,65.5
GlobalFinance Corp,email,2025-06-21 20:01:37,1,2,7,Enterprise,2926.73,33,2,AM_9,"Billing,Analytics",39.13469705,35.58546313,Bug,Analytics,0,0,0,1,53.9
InsightlySoft,chat,2025-07-12 14:01:37,0,7,7,Pro,4395.92,15,3,AM_11,Security,46.83174667,43.58723761,Bug,Collaboration,1,0,1,1,54
GlobalFinance Corp,email,2025-06-17 11:01:37,1,2,3,Pro,1131.26,17,0,AM_16,Billing,39.88009913,32.87955927,Bug,Security,0,0,0,0,46.5
InsightlySoft,web_form,2025-06-28 6:01:37,1,1,7,Basic,3156.49,52,1,AM_15,"Collaboration,Billing",32.47121582,38.65445935,How-To,Billing,2,0,0,0,46.8
InsightlySoft,chat,2025-07-05 13:01:37,1,0,7,Basic,2947.46,35,5,AM_9,"Integration,Collaboration,Security",50.34364062,44.8082013,Bug,Billing,0,0,0,0,41.8
InsightlySoft,email,2025-06-26 22:01:37,3,3,5,Basic,284.55,31,1,AM_16,"Analytics,Security,Billing",47.72615894,44.18309398,Other,Security,1,0,0,0,35.8
GlobalFinance Corp,chat,2025-07-08 19:01:37,2,2,3,Basic,989.48,30,0,AM_1,"Collaboration,Integration",37.07400511,22.0593561,Other,Analytics,0,0,0,0,39.1
GlobalFinance Corp,chat,2025-06-29 15:01:37,1,2,1,Pro,5902.64,59,3,AM_1,"Collaboration,Security",39.0580738,38.00778398,How-To,Collaboration,1,0,0,0,37.1
InsightlySoft,chat,2025-06-28 20:01:37,3,4,7,Basic,509.28,38,0,AM_13,"Collaboration,Analytics,Security",44.03128828,41.9686419,Other,Collaboration,0,1,0,1,46.6
InsightlySoft,email,2025-06-21 9:01:37,0,1,7,Basic,1432,16,0,AM_3,Analytics,46.5313486,32.41389983,Bug,Analytics,0,0,0,0,47.6
GlobalFinance Corp,web_form,2025-07-03 5:01:37,0,2,5,Pro,765.59,42,1,AM_11,"Analytics,Integration,Collaboration",33.36285092,43.84765127,How-To,Collaboration,0,0,0,0,30
GlobalFinance Corp,web_form,2025-07-03 11:01:37,1,2,5,Basic,453.12,45,0,AM_1,"Billing,Analytics,Security",41.00309337,27.87383951,Feature Request,Billing,0,0,1,1,49.3
InsightlySoft,web_form,2025-07-14 4:01:37,0,3,2,Pro,439.98,40,1,AM_13,Billing,59.04858265,29.08744308,Feature Request,Analytics,0,0,0,0,61.5
InsightlySoft,email,2025-07-02 8:01:37,2,1,4,Basic,1282.93,17,2,AM_17,"Integration,Security",53.70703382,13.63309201,Performance,Billing,1,0,0,0,41.1
GlobalFinance Corp,web_form,2025-06-25 10:01:37,0,3,4,Basic,4880.87,7,3,AM_8,Analytics,44.31555332,33.12307707,Bug,Billing,1,0,0,0,57.1
GlobalFinance Corp,email,2025-06-22 19:01:37,1,2,1,Basic,10172.19,56,2,AM_7,"Integration,Collaboration",58.75822152,18.85397517,Performance,Billing,0,0,0,1,57.8
GlobalFinance Corp,chat,2025-07-05 0:01:37,1,6,7,Basic,2544.75,5,1,AM_6,"Analytics,Security",45.83268387,45.59370784,Feature Request,Security,1,0,1,1,55.6
GlobalFinance Corp,chat,2025-06-20 19:01:37,3,4,6,Basic,3025.42,40,1,AM_12,"Security,Billing,Analytics",44.06680064,51.62051583,Other,Analytics,0,1,1,1,50.9
GlobalFinance Corp,web_form,2025-06-15 6:01:37,1,4,1,Basic,4525.3,27,0,AM_1,Billing,50.33800287,28.59607679,How-To,Billing,0,0,0,0,52.2
InsightlySoft,email,2025-07-13 15:01:37,0,2,1,Basic,3252.36,1,1,AM_1,"Billing,Security",49.70836273,34.50036134,Feature Request,Analytics,0,0,0,0,60.3
GlobalFinance Corp,chat,2025-06-25 3:01:37,2,1,4,Basic,5657.98,2,0,AM_15,Collaboration,61.43368259,36.85878695,Performance,Integration,1,0,0,1,80.6
InsightlySoft,email,2025-07-10 21:01:37,0,9,5,Basic,6463.83,4,0,AM_15,"Integration,Analytics",37.19821479,29.19815543,Other,Billing,0,0,0,0,26
GlobalFinance Corp,email,2025-06-19 1:01:37,0,6,5,Pro,2964.23,1,0,AM_17,Integration,54.82714969,39.27761771,How-To,Collaboration,1,0,0,0,62.5
InsightlySoft,chat,2025-07-01 21:01:37,2,3,3,Pro,2284.68,29,0,AM_1,Analytics,45.22404592,34.64710109,Other,Integration,1,0,0,0,60.2
GlobalFinance Corp,email,2025-07-12 14:01:37,1,4,7,Basic,1488.06,21,1,AM_6,"Collaboration,Billing",34.74346871,25.15083642,Feature Request,Collaboration,0,0,0,0,40.4
GlobalFinance Corp,chat,2025-07-01 11:01:37,1,3,3,Basic,1857.35,42,1,AM_6,Billing,51.12005514,39.2658794,Other,Integration,0,0,0,0,47.4
InsightlySoft,chat,2025-07-07 5:01:37,1,4,2,Basic,1271.46,35,1,AM_16,"Billing,Analytics",43.49708402,40.17256488,Other,Security,0,0,0,0,42.2
InsightlySoft,chat,2025-06-21 1:01:37,2,5,7,Pro,1670.43,34,0,AM_11,"Integration,Collaboration",60.78558951,19.587837,Performance,Security,0,0,1,1,80.2
GlobalFinance Corp,email,2025-07-09 18:01:37,1,2,4,Pro,6899.06,39,2,AM_12,Integration,39.50496165,35.88540292,Other,Integration,0,0,0,0,38
GlobalFinance Corp,chat,2025-07-12 23:01:37,0,2,7,Basic,10766.76,2,1,AM_4,"Integration,Collaboration,Billing",41.59124281,32.59410027,How-To,Integration,0,0,0,1,46.3
GlobalFinance Corp,email,2025-06-17 19:01:37,0,4,3,Enterprise,1346.06,25,1,AM_14,Analytics,48.97972552,38.21519825,Feature Request,Analytics,0,0,0,1,61.2
GlobalFinance Corp,chat,2025-07-03 22:01:37,1,1,5,Enterprise,747.65,6,1,AM_1,"Collaboration,Billing",30.40213346,46.65630436,Bug,Security,0,0,0,1,35.2
GlobalFinance Corp,chat,2025-07-06 13:01:37,2,7,1,Basic,244.25,8,0,AM_5,"Security,Billing",57.8758795,45.3275048,Other,Analytics,0,0,0,0,58.6
InsightlySoft,web_form,2025-06-17 21:01:37,0,2,3,Basic,5440.74,35,0,AM_3,"Collaboration,Billing",59.09155487,44.2356006,Feature Request,Collaboration,0,0,0,0,75.7
InsightlySoft,web_form,2025-07-04 3:01:37,0,5,6,Basic,6136.07,53,1,AM_12,Billing,54.66220951,37.17056531,Other,Security,1,1,0,1,64.3
GlobalFinance Corp,web_form,2025-06-30 18:01:37,2,5,2,Enterprise,1796.09,19,1,AM_1,"Integration,Collaboration,Analytics",49.16132873,33.89308268,Other,Analytics,0,0,0,1,73.1
InsightlySoft,email,2025-06-21 17:01:37,2,5,7,Basic,2345.4,9,2,AM_4,"Integration,Billing,Analytics",53.99380306,19.58556711,Performance,Billing,0,0,0,0,43.9
InsightlySoft,email,2025-06-23 20:01:37,3,1,2,Basic,4039.16,33,1,AM_7,"Analytics,Integration",50.45692268,42.4431979,Feature Request,Collaboration,0,0,0,0,46.5
InsightlySoft,chat,2025-07-04 3:01:37,1,5,6,Enterprise,1414.11,8,0,AM_15,"Billing,Security",56.44327195,43.69133976,How-To,Security,1,0,0,1,63.5
GlobalFinance Corp,chat,2025-06-23 8:01:37,0,5,2,Pro,675.02,38,2,AM_6,"Security,Billing,Integration",65.5685698,22.63983771,Bug,Billing,0,0,0,0,60.8
InsightlySoft,chat,2025-06-15 7:01:37,1,2,1,Pro,365.43,32,1,AM_2,"Collaboration,Integration",46.7853446,39.66216537,Other,Integration,1,0,0,0,54.4
GlobalFinance Corp,chat,2025-07-04 16:01:37,0,4,6,Enterprise,804.58,23,0,AM_8,"Analytics,Collaboration",45.24379386,44.21640955,Feature Request,Billing,0,0,0,1,45.5
InsightlySoft,email,2025-07-08 13:01:37,1,5,3,Enterprise,3109.74,34,1,AM_12,"Integration,Billing",46.05094771,28.99135579,Feature Request,Integration,0,1,0,1,54.7
GlobalFinance Corp,chat,2025-06-15 4:01:37,2,6,1,Basic,1281.68,23,0,AM_1,"Security,Billing",35.95108754,42.36189683,Other,Integration,0,0,0,0,40.4
InsightlySoft,chat,2025-07-02 7:01:37,0,3,4,Pro,6068.13,46,2,AM_18,"Analytics,Integration,Security",48.90714688,26.74271367,Bug,Integration,0,0,1,1,63.6
GlobalFinance Corp,web_form,2025-06-18 22:01:37,3,3,4,Pro,274.85,32,0,AM_10,"Integration,Security,Analytics",31.81242234,32.30441544,Other,Integration,0,0,0,0,34.3
GlobalFinance Corp,chat,2025-06-25 21:01:37,0,4,4,Basic,1615.46,1,0,AM_9,"Billing,Integration,Security",59.95748411,26.63663338,Bug,Collaboration,0,0,0,0,50.1
InsightlySoft,chat,2025-06-28 9:01:37,2,1,7,Basic,891.03,7,2,AM_10,Analytics,60.83369066,42.50399979,Feature Request,Integration,2,0,1,1,70.7
GlobalFinance Corp,chat,2025-07-05 22:01:37,2,2,7,Basic,6559.66,43,1,AM_16,"Collaboration,Security,Billing",39.3496003,42.46870366,Other,Integration,0,0,0,0,34.7
GlobalFinance Corp,email,2025-06-16 22:01:37,3,10,2,Enterprise,4923,48,1,AM_16,"Collaboration,Analytics",37.24499408,31.74463607,Feature Request,Integration,0,0,0,1,47.9
GlobalFinance Corp,web_form,2025-06-22 8:01:37,0,5,1,Enterprise,12463.91,24,0,AM_2,Integration,56.77743209,26.01462135,Other,Security,0,0,0,1,62.6
GlobalFinance Corp,chat,2025-06-20 0:01:37,0,3,6,Pro,381.02,2,0,AM_11,"Billing,Integration",32.59405469,57.12203905,Other,Analytics,0,0,0,0,31
GlobalFinance Corp,chat,2025-06-19 23:01:37,3,3,5,Enterprise,4573.14,58,0,AM_2,"Collaboration,Billing",38.83022459,36.60589389,How-To,Billing,1,0,0,1,48.9
GlobalFinance Corp,web_form,2025-07-09 7:01:37,0,2,4,Basic,403.55,18,2,AM_4,Integration,37.30998846,35.58032551,Performance,Billing,0,0,0,0,21.1
GlobalFinance Corp,chat,2025-07-01 1:01:37,3,3,3,Basic,505.34,19,0,AM_5,"Analytics,Collaboration",51.55342709,29.67160549,Other,Analytics,0,0,0,0,56.4
GlobalFinance Corp,email,2025-06-19 6:01:37,3,2,5,Basic,119.94,42,1,AM_19,"Collaboration,Analytics",51.69730869,28.19340101,Other,Collaboration,0,0,0,0,41.1
InsightlySoft,chat,2025-07-04 2:01:37,2,5,6,Pro,1874.83,36,1,AM_9,Analytics,49.91934665,40.28136424,Feature Request,Integration,0,0,0,0,53.7
InsightlySoft,email,2025-06-24 19:01:37,0,2,3,Enterprise,403.62,56,1,AM_10,"Integration,Analytics,Security",46.28463759,38.82467297,Bug,Security,0,0,0,1,71.6
GlobalFinance Corp,email,2025-06-21 9:01:37,0,5,7,Basic,1284.75,28,0,AM_18,"Collaboration,Integration",53.87263631,31.85267577,Feature Request,Billing,0,0,0,0,47.8
GlobalFinance Corp,chat,2025-07-12 3:01:37,1,3,7,Basic,969.72,35,2,AM_19,"Analytics,Security,Integration",47.74649838,42.67087484,Performance,Analytics,0,0,0,0,41.6
InsightlySoft,web_form,2025-07-01 19:01:37,0,2,3,Pro,11233.79,32,0,AM_10,"Security,Integration",62.48879706,34.29170322,Other,Integration,0,0,0,1,83.5
InsightlySoft,email,2025-06-27 19:01:37,1,4,6,Pro,3221.14,13,3,AM_7,"Analytics,Security",57.16756071,41.09846937,Feature Request,Billing,1,0,0,0,59.5
InsightlySoft,web_form,2025-07-10 9:01:37,2,3,5,Basic,1585.22,6,1,AM_8,"Analytics,Billing",39.45090272,39.14763708,Bug,Billing,1,0,1,1,51.3
GlobalFinance Corp,chat,2025-06-19 1:01:37,0,4,5,Enterprise,6322.38,29,0,AM_2,Integration,43.61283998,34.76145466,Performance,Billing,0,0,0,1,44.7
InsightlySoft,email,2025-07-14 3:01:37,0,3,2,Basic,197.92,10,3,AM_0,"Security,Integration,Billing",45.12446738,41.99516316,Performance,Integration,1,0,1,1,61.9
GlobalFinance Corp,chat,2025-06-16 3:01:37,1,2,2,Basic,1220.56,59,0,AM_1,"Analytics,Collaboration",37.53517567,44.80076068,Other,Collaboration,1,0,0,0,29.7
GlobalFinance Corp,web_form,2025-07-03 23:01:37,1,5,5,Basic,2168.3,40,0,AM_1,"Integration,Security,Billing",58.07935171,44.14185293,Performance,Analytics,0,0,0,0,44.5
InsightlySoft,chat,2025-06-27 14:01:37,1,2,6,Pro,166.14,10,0,AM_2,"Analytics,Collaboration",55.04372809,24.33838634,Bug,Analytics,0,1,0,1,60.8
GlobalFinance Corp,chat,2025-07-03 23:01:37,4,1,5,Enterprise,472.98,34,3,AM_17,Collaboration,44.41308454,44.75601597,Feature Request,Billing,0,0,0,1,53
GlobalFinance Corp,email,2025-06-19 4:01:37,3,4,5,Enterprise,6762.74,20,0,AM_16,"Analytics,Integration,Billing",51.7950087,39.98850452,Performance,Collaboration,2,1,0,1,66.7
GlobalFinance Corp,chat,2025-07-03 22:01:37,2,2,5,Pro,593.98,47,0,AM_11,Security,42.77760013,40.92699958,How-To,Collaboration,1,0,0,0,31.8
GlobalFinance Corp,chat,2025-06-16 19:01:37,1,5,2,Basic,7639.97,33,0,AM_5,"Billing,Analytics,Collaboration",56.60265544,19.11669711,Feature Request,Integration,0,0,0,1,78
InsightlySoft,chat,2025-07-12 21:01:37,1,3,7,Pro,303.01,11,1,AM_6,"Billing,Security,Collaboration",45.50929128,24.29611404,Bug,Analytics,0,1,0,1,50.6
InsightlySoft,email,2025-06-30 23:01:37,1,4,2,Enterprise,6573.53,24,2,AM_16,"Collaboration,Billing,Integration",27.3449825,34.04735175,Bug,Billing,0,1,0,1,30.8
GlobalFinance Corp,web_form,2025-07-07 21:01:37,3,2,2,Basic,1813.82,33,3,AM_8,"Analytics,Billing",34.45602628,21.55287531,Other,Billing,0,0,0,0,38.3
GlobalFinance Corp,web_form,2025-07-06 17:01:37,2,1,1,Basic,2554.78,57,1,AM_11,Billing,59.93327612,49.74760409,Performance,Collaboration,0,0,0,0,45.2
InsightlySoft,chat,2025-06-23 1:01:37,0,3,2,Pro,992.28,22,2,AM_13,"Billing,Collaboration",45.52161471,29.15480519,Other,Security,0,0,0,0,33.6
GlobalFinance Corp,email,2025-06-28 1:01:37,1,3,7,Basic,957.89,48,0,AM_10,"Integration,Collaboration",50.98034605,26.55129037,Performance,Integration,0,0,0,0,53.8
InsightlySoft,chat,2025-06-29 4:01:37,4,5,1,Basic,2032.61,12,1,AM_3,Integration,45.70105416,32.75773263,Feature Request,Collaboration,0,0,0,0,51.7
GlobalFinance Corp,web_form,2025-07-12 1:01:37,2,5,7,Pro,1319.27,30,2,AM_18,"Security,Analytics,Billing",32.97021023,34.23226094,Other,Integration,0,0,0,0,32.7
GlobalFinance Corp,email,2025-06-28 15:01:37,1,1,7,Enterprise,242.64,32,1,AM_5,Billing,36.42060919,38.05912574,Other,Collaboration,0,0,1,1,56.3
InsightlySoft,web_form,2025-06-24 3:01:37,0,2,3,Enterprise,1309.4,44,0,AM_18,"Security,Integration",58.07296963,17.84562333,Other,Collaboration,0,0,1,1,64.7
InsightlySoft,web_form,2025-06-15 21:01:37,0,6,1,Pro,881.93,19,4,AM_15,"Collaboration,Analytics",57.62808912,25.39287764,Other,Collaboration,0,0,0,0,63.5
InsightlySoft,email,2025-06-27 11:01:37,0,1,6,Enterprise,5684.16,45,2,AM_15,"Billing,Security,Analytics",33.60909746,31.38295419,How-To,Security,0,0,0,1,45.7
InsightlySoft,email,2025-07-13 12:01:37,1,3,1,Basic,5470.28,40,1,AM_3,"Collaboration,Security",59.30619707,40.48465945,How-To,Analytics,0,0,0,0,71.3
GlobalFinance Corp,chat,2025-07-03 16:01:37,0,3,5,Pro,457.63,2,1,AM_4,"Security,Analytics",42.33523412,34.00700164,Other,Billing,0,0,0,0,43.7
InsightlySoft,chat,2025-07-01 2:01:37,4,4,3,Basic,3928.77,59,3,AM_9,"Analytics,Billing",49.40245997,37.36087199,Performance,Integration,0,0,0,0,46
GlobalFinance Corp,web_form,2025-06-24 6:01:37,0,4,3,Pro,1798.09,51,0,AM_4,"Integration,Collaboration",47.38502422,44.90279139,Other,Collaboration,0,0,1,1,54.2
InsightlySoft,email,2025-07-05 17:01:37,0,5,7,Enterprise,6086.39,14,2,AM_8,"Security,Billing",53.91954502,35.35812987,How-To,Billing,0,0,0,1,73.6
InsightlySoft,email,2025-07-01 10:01:37,0,2,3,Basic,960.57,55,0,AM_17,"Billing,Security",55.8161455,39.81692106,How-To,Collaboration,0,0,0,0,58.8
GlobalFinance Corp,chat,2025-06-28 3:01:37,2,1,7,Enterprise,276.73,59,0,AM_5,Analytics,43.76408159,35.28267118,Other,Analytics,1,0,0,1,60.6
InsightlySoft,web_form,2025-07-10 9:01:37,0,1,5,Basic,4835.78,33,0,AM_13,"Security,Collaboration",58.50969313,46.57830419,Other,Analytics,1,0,0,0,68.4
InsightlySoft,web_form,2025-06-15 18:01:37,0,3,1,Pro,6083.01,32,3,AM_19,"Integration,Security,Analytics",61.39195789,41.40099507,Performance,Analytics,0,0,0,1,68.2
InsightlySoft,chat,2025-07-01 0:01:37,1,4,3,Basic,5507.34,57,0,AM_15,"Collaboration,Billing,Security",51.37549788,13.85755357,How-To,Collaboration,0,0,0,0,45.9
InsightlySoft,email,2025-06-17 6:01:37,1,5,3,Enterprise,1198.3,58,2,AM_2,Collaboration,37.30339942,39.10747114,Other,Billing,0,0,0,1,49.6
GlobalFinance Corp,chat,2025-06-19 1:01:37,1,6,5,Basic,94.05,41,1,AM_0,"Analytics,Integration",52.27304814,51.51118538,Bug,Analytics,0,0,0,0,56.6
GlobalFinance Corp,chat,2025-07-12 19:01:37,1,5,7,Basic,451.13,19,4,AM_5,Integration,42.80378646,45.78768057,Other,Integration,1,1,0,1,59
InsightlySoft,chat,2025-06-19 19:01:37,2,2,5,Enterprise,7553.61,14,3,AM_0,Security,44.34049868,32.13736879,How-To,Security,0,0,0,1,48.2
InsightlySoft,chat,2025-06-18 1:01:37,1,4,4,Pro,1358,4,0,AM_5,"Security,Collaboration,Billing",38.62625007,42.23546913,Bug,Security,1,0,0,0,36.9
InsightlySoft,email,2025-07-01 16:01:37,0,3,3,Pro,6366,2,1,AM_4,"Billing,Integration,Collaboration",61.97037289,28.9363555,Bug,Security,0,0,0,0,77.2
GlobalFinance Corp,chat,2025-07-08 15:01:37,1,3,3,Pro,11860.59,10,2,AM_11,Collaboration,46.93493271,34.43381168,Bug,Security,1,0,0,1,62.8
GlobalFinance Corp,email,2025-06-25 12:01:37,1,4,4,Pro,1511.12,59,2,AM_5,"Collaboration,Integration",61.37347523,30.28579344,Performance,Security,0,0,0,1,71
GlobalFinance Corp,chat,2025-06-20 10:01:37,2,1,6,Enterprise,4494.31,29,1,AM_7,"Billing,Analytics,Security",55.16007635,37.0823624,Other,Security,0,0,0,1,72.8
GlobalFinance Corp,web_form,2025-06-24 12:01:37,1,1,3,Enterprise,555.79,15,2,AM_18,"Analytics,Collaboration",40.02927996,52.61066408,Bug,Collaboration,0,0,0,1,49.8
InsightlySoft,email,2025-06-17 14:01:37,1,6,3,Basic,1452.3,31,0,AM_4,"Billing,Collaboration",40.23286339,22.65893553,Performance,Billing,0,0,0,0,40.4
InsightlySoft,web_form,2025-06-27 16:01:37,0,1,6,Pro,3664.2,33,0,AM_14,Integration,46.23919433,41.76483434,How-To,Integration,0,0,0,0,45.9
InsightlySoft,chat,2025-07-13 15:01:37,2,2,1,Enterprise,696.21,29,1,AM_13,Collaboration,47.56327293,30.31112285,Bug,Billing,0,0,0,1,53.4
GlobalFinance Corp,chat,2025-07-13 13:01:37,0,2,1,Enterprise,1156.09,11,1,AM_15,"Integration,Analytics",43.72317737,28.97353276,Other,Integration,0,0,1,1,56
InsightlySoft,chat,2025-07-03 11:01:37,2,2,5,Basic,2489.15,48,0,AM_5,"Billing,Integration,Analytics",58.87709205,39.48889391,Bug,Analytics,0,0,0,0,54.9
GlobalFinance Corp,email,2025-06-16 4:01:37,1,4,2,Pro,3525.3,45,1,AM_16,"Collaboration,Billing,Integration",48.83901324,36.23766399,How-To,Integration,0,0,0,0,39.4
GlobalFinance Corp,web_form,2025-06-23 21:01:37,2,6,2,Enterprise,1324.27,40,1,AM_16,"Billing,Analytics,Security",50.67772134,38.73402643,How-To,Collaboration,0,0,0,1,62.2
InsightlySoft,email,2025-07-04 5:01:37,0,5,6,Basic,1418.68,59,0,AM_15,"Collaboration,Billing,Security",37.21663712,35.60929436,Bug,Analytics,1,1,0,1,58.1
InsightlySoft,email,2025-06-28 17:01:37,1,2,7,Enterprise,349.16,9,1,AM_0,"Collaboration,Security",30.06856876,34.76555501,Other,Security,0,0,0,1,47.2
InsightlySoft,chat,2025-07-12 6:01:37,3,3,7,Basic,12417.16,47,2,AM_17,"Collaboration,Analytics,Billing",56.66821009,36.77304617,Performance,Collaboration,0,0,0,1,74.8
GlobalFinance Corp,web_form,2025-07-10 7:01:37,0,4,5,Basic,2842.08,57,0,AM_3,"Billing,Security,Integration",37.9955488,35.24038659,Bug,Collaboration,0,0,0,0,38.1
GlobalFinance Corp,chat,2025-07-05 14:01:37,1,2,7,Basic,2267.16,58,0,AM_2,Billing,45.17132479,34.11722045,How-To,Billing,0,1,0,1,42.1
InsightlySoft,email,2025-06-26 9:01:37,1,4,5,Basic,712.31,29,0,AM_2,"Collaboration,Security,Analytics",47.12917382,36.46614582,Performance,Billing,0,0,0,0,46.6
InsightlySoft,chat,2025-06-17 8:01:37,1,1,3,Pro,2008.47,37,0,AM_12,Integration,49.25838296,31.99366415,Other,Analytics,0,0,0,0,31.4
GlobalFinance Corp,web_form,2025-06-21 6:01:37,0,0,7,Pro,1778.88,21,0,AM_19,"Billing,Integration,Security",43.02305925,47.83236157,Bug,Collaboration,1,0,0,0,34.4
InsightlySoft,chat,2025-06-20 22:01:37,1,3,6,Basic,897.48,31,0,AM_3,Billing,39.66778405,23.09781298,How-To,Analytics,1,0,1,1,52.3
GlobalFinance Corp,web_form,2025-06-22 0:01:37,0,4,1,Pro,1773.26,53,0,AM_10,"Collaboration,Analytics",42.72986829,24.56625153,Performance,Security,0,1,0,1,50.2
GlobalFinance Corp,web_form,2025-07-10 18:01:37,3,1,5,Basic,682.7,22,0,AM_4,"Integration,Billing,Analytics",30.73614298,48.67564496,Feature Request,Billing,0,0,0,0,35.8
InsightlySoft,chat,2025-07-11 1:01:37,1,5,6,Enterprise,3715.95,52,0,AM_1,Billing,52.08019693,41.71361298,Performance,Collaboration,0,0,0,1,56.9
InsightlySoft,email,2025-07-05 3:01:37,0,2,7,Enterprise,7183.61,18,0,AM_5,"Collaboration,Analytics,Security",53.17590765,25.99033845,How-To,Security,0,0,0,1,51.7
InsightlySoft,chat,2025-07-03 7:01:37,2,1,5,Pro,7.78,2,4,AM_4,"Analytics,Security",52.08628597,41.72282585,How-To,Collaboration,1,0,0,0,65.3
InsightlySoft,email,2025-07-04 12:01:37,4,2,6,Enterprise,2437.53,22,1,AM_0,"Collaboration,Analytics",49.00536483,30.15219615,Feature Request,Security,0,0,0,1,56.3
GlobalFinance Corp,email,2025-07-10 3:01:37,1,4,5,Enterprise,3953.88,37,0,AM_10,"Analytics,Security",58.74112112,39.3179627,Feature Request,Integration,0,0,0,1,66.2
GlobalFinance Corp,chat,2025-07-05 0:01:37,1,2,7,Pro,7131.79,20,0,AM_5,"Analytics,Integration",59.78416806,35.78562325,Feature Request,Security,1,0,0,1,82.6
GlobalFinance Corp,email,2025-07-03 4:01:37,0,0,5,Basic,1331.47,48,0,AM_16,"Billing,Collaboration,Integration",58.28964413,39.82939372,Other,Integration,1,0,0,0,65.2
InsightlySoft,email,2025-06-24 21:01:37,1,1,3,Basic,7130.37,48,0,AM_10,"Security,Collaboration",47.3166208,37.26644292,How-To,Billing,0,0,0,1,49.1
GlobalFinance Corp,chat,2025-06-27 9:01:37,1,2,6,Enterprise,5238.4,54,0,AM_6,"Integration,Billing,Collaboration",46.59645832,29.2458499,Bug,Integration,0,1,0,1,64.2
InsightlySoft,chat,2025-06-16 12:01:37,2,5,2,Basic,2234.68,4,1,AM_15,"Integration,Billing",48.60969824,31.91317758,Other,Analytics,0,0,0,0,44.5
InsightlySoft,chat,2025-07-09 10:01:37,0,3,4,Basic,890.95,26,0,AM_19,"Integration,Collaboration,Analytics",41.34452487,36.68217334,How-To,Security,0,0,0,0,45.2
InsightlySoft,email,2025-07-04 21:01:37,1,4,6,Basic,3173.7,20,1,AM_4,"Collaboration,Security",49.73572455,24.72053792,Performance,Billing,1,0,0,0,58.6
InsightlySoft,web_form,2025-06-18 23:01:37,1,2,4,Pro,905.58,22,0,AM_6,"Collaboration,Billing",48.54528899,31.1293922,Feature Request,Collaboration,1,0,0,0,56.3
InsightlySoft,email,2025-07-09 10:01:37,0,3,4,Pro,1287.03,43,3,AM_2,Analytics,56.80036069,34.24629498,Performance,Security,0,0,0,0,55.1
InsightlySoft,web_form,2025-06-15 7:01:37,1,1,1,Pro,1887.64,20,1,AM_1,"Billing,Analytics",61.73706516,36.17022905,Bug,Security,1,0,0,0,66.5
GlobalFinance Corp,chat,2025-06-28 8:01:37,1,0,7,Basic,2067.32,29,1,AM_0,"Security,Integration,Billing",50.64221765,30.99305699,Other,Integration,0,0,0,0,50.4
InsightlySoft,web_form,2025-06-24 23:01:37,0,0,3,Basic,629.01,48,3,AM_7,Collaboration,54.70707596,42.01674634,Performance,Integration,0,0,0,0,52.6
GlobalFinance Corp,chat,2025-06-17 11:01:37,1,3,3,Basic,3550.57,57,2,AM_6,"Billing,Collaboration",47.87237063,23.68245085,Bug,Security,0,0,0,0,43
GlobalFinance Corp,chat,2025-06-28 7:01:37,0,1,7,Pro,14453.66,31,0,AM_9,"Billing,Security",55.63464648,36.15407167,Performance,Security,0,0,0,1,73.8
InsightlySoft,web_form,2025-07-10 3:01:37,2,4,5,Pro,838.63,23,0,AM_13,Security,56.46767165,40.77040839,How-To,Analytics,0,0,0,0,60.1
InsightlySoft,chat,2025-07-11 0:01:37,1,1,6,Basic,2425.94,44,2,AM_8,"Security,Integration,Collaboration",62.04684236,60.285995,Performance,Collaboration,0,0,0,1,71.9
InsightlySoft,web_form,2025-07-03 2:01:37,2,4,5,Basic,1819.34,38,3,AM_10,Billing,28.81738923,25.31857711,Feature Request,Analytics,0,0,0,0,21.5
GlobalFinance Corp,chat,2025-06-30 21:01:37,3,2,2,Enterprise,1103.55,16,4,AM_0,Integration,53.72800036,20.12616521,Feature Request,Analytics,1,0,0,1,55.8
InsightlySoft,email,2025-07-05 10:01:37,1,1,7,Enterprise,1633.05,19,0,AM_18,"Billing,Integration",45.32060319,43.8324386,How-To,Collaboration,0,0,0,1,68.3
GlobalFinance Corp,email,2025-07-10 13:01:37,0,1,5,Basic,3958.4,11,0,AM_13,"Integration,Security,Collaboration",52.70475093,39.51106608,Other,Billing,0,0,0,0,49.1
InsightlySoft,chat,2025-07-09 6:01:37,0,3,4,Pro,1607.09,12,1,AM_17,"Collaboration,Security,Analytics",52.95883329,38.80784289,Feature Request,Collaboration,0,0,0,0,58.3
InsightlySoft,chat,2025-07-14 5:01:37,1,1,2,Basic,2120.29,36,1,AM_11,Analytics,40.03475527,20.22575001,Performance,Billing,0,0,0,0,41.7
GlobalFinance Corp,web_form,2025-06-25 17:01:37,0,4,4,Basic,1945.89,13,0,AM_9,Integration,31.26591263,34.12286383,Feature Request,Security,0,0,0,0,30
GlobalFinance Corp,email,2025-06-26 9:01:37,1,3,5,Enterprise,2430.6,2,0,AM_17,"Security,Collaboration",51.28506982,38.00206747,How-To,Analytics,1,0,0,1,72.9
InsightlySoft,web_form,2025-07-10 16:01:37,0,5,5,Basic,1032.51,51,0,AM_2,"Analytics,Collaboration",44.0448362,25.06292237,Other,Security,0,0,0,0,32.4
GlobalFinance Corp,chat,2025-07-09 18:01:37,1,1,4,Basic,2138.23,11,0,AM_3,Analytics,54.85068237,24.26855406,How-To,Analytics,0,0,0,0,64.3
GlobalFinance Corp,chat,2025-07-02 13:01:37,2,5,4,Basic,434.53,1,1,AM_8,Integration,46.30429507,30.69181635,Performance,Integration,0,1,0,1,49.4
GlobalFinance Corp,web_form,2025-06-15 3:01:37,1,3,1,Enterprise,4057.24,41,0,AM_11,"Billing,Collaboration,Integration",55.33002868,29.26079199,Feature Request,Analytics,1,0,0,1,53.8
GlobalFinance Corp,chat,2025-07-14 17:01:37,2,5,2,Pro,352.72,10,2,AM_8,Billing,51.32059958,41.11896352,Performance,Analytics,0,0,0,0,44.4
GlobalFinance Corp,email,2025-06-20 22:01:37,1,2,6,Pro,4610.78,3,3,AM_8,"Integration,Billing",33.82163097,31.89212389,Feature Request,Analytics,0,1,0,1,43.5
InsightlySoft,web_form,2025-07-04 8:01:37,1,6,6,Pro,5238.19,8,0,AM_15,Integration,48.09190789,27.83284292,Feature Request,Billing,0,0,0,0,35.5
InsightlySoft,email,2025-06-17 14:01:37,2,2,3,Basic,57.74,16,2,AM_4,"Analytics,Integration,Security",47.99777249,52.99373812,Bug,Integration,1,0,0,0,58.8
GlobalFinance Corp,email,2025-07-08 13:01:37,0,3,3,Enterprise,5330.72,36,2,AM_4,"Analytics,Billing,Security",44.73674241,40.67563857,How-To,Billing,0,0,0,1,62.5
InsightlySoft,email,2025-06-28 7:01:37,1,2,7,Basic,3133.81,43,1,AM_13,"Integration,Billing,Security",53.53868302,39.35396121,Bug,Collaboration,1,0,0,0,61.2
InsightlySoft,web_form,2025-07-12 22:01:37,2,5,7,Basic,305.8,40,0,AM_19,"Collaboration,Analytics,Security",39.20691344,28.23910409,Performance,Collaboration,0,0,0,0,50.4
GlobalFinance Corp,chat,2025-06-15 16:01:37,1,2,1,Enterprise,18526.7,39,1,AM_13,"Billing,Integration,Collaboration",63.40857023,27.40242654,Performance,Integration,0,0,0,1,55.5
InsightlySoft,email,2025-06-18 22:01:37,1,3,4,Enterprise,2867.18,20,1,AM_14,"Security,Integration",34.22183447,33.44945903,Other,Collaboration,1,0,0,1,43
GlobalFinance Corp,email,2025-07-12 22:01:37,0,4,7,Basic,1536.77,47,0,AM_15,"Collaboration,Security,Billing",33.94504646,46.5008093,Feature Request,Security,0,0,0,0,30.8
GlobalFinance Corp,email,2025-07-11 12:01:37,0,5,6,Pro,6494.07,55,1,AM_6,"Integration,Security",53.86636068,26.85112068,Bug,Billing,0,0,0,0,58.7
InsightlySoft,chat,2025-07-05 8:01:37,0,1,7,Enterprise,127.54,8,1,AM_10,"Analytics,Billing",69.50705196,20.56349826,Other,Analytics,0,0,0,1,87.9
GlobalFinance Corp,chat,2025-07-08 0:01:37,3,4,3,Enterprise,3790.56,10,0,AM_3,"Collaboration,Billing,Security",41.77340737,22.81685347,Bug,Security,0,0,0,1,45.6
GlobalFinance Corp,web_form,2025-07-04 5:01:37,1,3,6,Enterprise,465.49,51,1,AM_4,"Security,Billing,Integration",52.57644724,21.08043901,Performance,Analytics,0,0,0,1,50.6
GlobalFinance Corp,chat,2025-07-09 6:01:37,1,7,4,Basic,2412.24,37,0,AM_13,"Billing,Analytics",58.84512547,30.25337359,Other,Collaboration,0,0,0,0,50.6
GlobalFinance Corp,web_form,2025-06-26 2:01:37,1,3,5,Enterprise,302.58,32,1,AM_8,"Security,Integration",45.75547796,45.65186257,How-To,Billing,0,0,0,1,65.5
GlobalFinance Corp,web_form,2025-06-25 0:01:37,3,4,4,Basic,3410.3,27,0,AM_8,"Collaboration,Integration,Security",42.76555359,20.39743578,Other,Collaboration,0,0,0,0,38.7
InsightlySoft,web_form,2025-06-17 10:01:37,0,3,3,Basic,1876.06,31,1,AM_10,"Billing,Security",60.87759547,35.26176611,Feature Request,Billing,0,0,0,0,67
InsightlySoft,web_form,2025-07-10 5:01:37,1,6,5,Basic,20.17,3,0,AM_18,Security,51.38995353,30.55321198,Performance,Analytics,0,0,0,0,32.9
GlobalFinance Corp,web_form,2025-06-15 8:01:37,0,3,1,Basic,222.23,39,1,AM_18,Collaboration,53.51754839,34.48358673,How-To,Analytics,0,0,0,0,50.9
GlobalFinance Corp,email,2025-07-13 7:01:37,2,1,1,Pro,3642.46,6,1,AM_11,"Integration,Billing",35.38521525,30.99046334,Performance,Analytics,0,0,0,0,40.4
InsightlySoft,chat,2025-06-25 7:01:37,0,2,4,Basic,1529.77,17,3,AM_14,"Billing,Integration",52.43445404,18.38272137,Feature Request,Integration,0,0,0,0,53.9
GlobalFinance Corp,email,2025-07-03 7:01:37,1,3,5,Basic,3345.62,10,0,AM_1,"Security,Integration",57.5746186,32.0007482,Performance,Collaboration,0,0,0,0,62.3
InsightlySoft,web_form,2025-07-06 23:01:37,4,1,1,Basic,1482.12,21,2,AM_11,Integration,52.87969456,43.48681319,How-To,Integration,1,0,0,0,47.1
GlobalFinance Corp,chat,2025-07-04 15:01:37,0,4,6,Enterprise,1346.78,29,0,AM_2,"Security,Integration",53.2778483,37.42201921,Other,Security,0,0,0,1,65.5
GlobalFinance Corp,email,2025-07-03 18:01:37,0,2,5,Basic,5791.29,29,0,AM_14,"Integration,Collaboration,Security",64.20993736,33.74262423,Other,Integration,0,0,0,0,59
GlobalFinance Corp,email,2025-06-23 0:01:37,0,2,2,Basic,5789.09,20,2,AM_13,Integration,53.63803601,41.78663309,Other,Analytics,0,0,0,0,35.2
GlobalFinance Corp,web_form,2025-06-16 12:01:37,0,4,2,Pro,7569.05,15,1,AM_18,"Security,Billing",59.8934738,34.26741708,How-To,Billing,0,0,0,1,72.5
GlobalFinance Corp,email,2025-06-22 5:01:37,1,2,1,Enterprise,5195.18,2,1,AM_2,Integration,55.96335688,30.06850611,Other,Collaboration,0,0,0,1,54.9
GlobalFinance Corp,email,2025-07-11 3:01:37,1,2,6,Pro,408.94,33,2,AM_14,Integration,42.40152686,29.41403735,Bug,Collaboration,2,0,0,0,46.8
GlobalFinance Corp,email,2025-06-22 11:01:37,2,3,1,Enterprise,206.42,12,1,AM_10,Security,50.57253031,33.93244734,Bug,Collaboration,0,1,0,1,57.8
InsightlySoft,email,2025-07-06 0:01:37,2,1,1,Basic,180.58,13,2,AM_8,"Security,Integration,Analytics",53.79398956,47.28430321,Other,Security,0,0,0,0,57.7
InsightlySoft,email,2025-07-12 20:01:37,1,0,7,Basic,11767.17,44,2,AM_6,"Billing,Analytics,Security",25.13615261,27.53638732,Feature Request,Collaboration,0,0,0,1,42.7
InsightlySoft,web_form,2025-06-25 7:01:37,2,7,4,Enterprise,2086.36,44,0,AM_6,"Collaboration,Billing,Security",49.88552811,27.69629626,How-To,Security,0,0,0,1,60.3
GlobalFinance Corp,web_form,2025-06-22 6:01:37,1,4,1,Pro,367.08,39,0,AM_6,Collaboration,60.09656898,43.31028172,Feature Request,Analytics,0,0,0,0,66.9
GlobalFinance Corp,email,2025-07-13 16:01:37,4,5,1,Basic,2357.73,39,0,AM_16,"Collaboration,Billing",38.79088011,37.43355671,Performance,Billing,1,0,0,0,29.4
GlobalFinance Corp,web_form,2025-07-03 16:01:37,2,3,5,Basic,3716.69,38,0,AM_3,Integration,37.0337599,47.84485632,Feature Request,Analytics,1,0,1,1,60.7
GlobalFinance Corp,web_form,2025-07-07 11:01:37,0,3,2,Enterprise,297.77,45,1,AM_3,"Analytics,Collaboration",51.42340901,47.71160379,Feature Request,Integration,0,0,1,1,60.5
GlobalFinance Corp,chat,2025-06-23 6:01:37,3,0,2,Enterprise,1275.8,21,0,AM_6,"Analytics,Security",36.53311704,42.68666799,Feature Request,Collaboration,0,0,1,1,52.4
GlobalFinance Corp,email,2025-07-01 19:01:37,3,1,3,Basic,624.11,41,3,AM_1,"Collaboration,Billing,Analytics",59.33569945,42.34354393,Other,Integration,0,0,1,1,82.3
GlobalFinance Corp,web_form,2025-07-01 8:01:37,1,1,3,Basic,11118.81,16,0,AM_4,"Analytics,Security",42.84849981,36.65132609,Performance,Security,0,0,0,1,49
InsightlySoft,web_form,2025-06-20 15:01:37,1,6,6,Enterprise,1149.18,34,2,AM_9,"Security,Billing",54.78020191,21.46311682,Performance,Analytics,0,0,1,1,69.3
GlobalFinance Corp,email,2025-07-09 3:01:37,0,4,4,Basic,3518.44,27,1,AM_17,"Billing,Integration,Security",38.87861134,29.01247617,Other,Collaboration,1,0,1,1,51.3
InsightlySoft,chat,2025-07-12 11:01:37,0,2,7,Basic,7519.02,43,0,AM_13,"Analytics,Security",68.19194131,29.83522577,Bug,Security,0,0,0,1,86.5
InsightlySoft,email,2025-06-22 3:01:37,0,3,1,Basic,5967.44,3,2,AM_2,"Analytics,Security,Billing",70.08224834,44.52527478,Bug,Analytics,0,1,0,1,79.9
GlobalFinance Corp,chat,2025-06-20 8:01:37,0,4,6,Basic,1502.5,9,2,AM_2,Billing,59.27389152,50.08248036,Performance,Analytics,1,1,0,1,71.1
GlobalFinance Corp,email,2025-06-22 15:01:37,2,4,1,Enterprise,1117.16,44,0,AM_18,"Security,Analytics",41.17185782,36.05919857,How-To,Security,1,0,0,1,60
InsightlySoft,email,2025-07-08 6:01:37,1,1,3,Pro,4970.34,34,3,AM_12,"Security,Integration,Collaboration",47.30213474,37.91706561,Other,Billing,0,0,0,0,47
InsightlySoft,email,2025-06-16 22:01:37,1,3,2,Basic,688.84,19,0,AM_6,Integration,28.22739778,31.16206228,Feature Request,Analytics,0,0,1,1,35.2
GlobalFinance Corp,email,2025-07-08 15:01:37,0,3,3,Basic,3790.33,38,1,AM_5,Billing,61.06184045,33.93064917,How-To,Collaboration,2,0,0,0,73.5
GlobalFinance Corp,chat,2025-06-24 13:01:37,1,6,3,Enterprise,5410.64,26,2,AM_19,"Collaboration,Billing,Analytics",49.17704599,32.53436114,Bug,Integration,0,0,0,1,55.8
InsightlySoft,chat,2025-06-19 19:01:37,0,1,5,Basic,5675.81,23,1,AM_12,"Analytics,Integration",47.10908488,49.9325831,Performance,Security,0,0,0,0,52.1
GlobalFinance Corp,web_form,2025-07-13 22:01:37,0,2,1,Pro,26.87,18,2,AM_4,"Analytics,Integration",38.97993906,48.56097788,Bug,Billing,0,1,0,1,42.9
GlobalFinance Corp,email,2025-07-03 13:01:37,0,3,5,Basic,2078.67,45,0,AM_5,"Integration,Collaboration",57.86117326,25.31275085,Performance,Analytics,0,0,0,0,52
GlobalFinance Corp,chat,2025-06-30 21:01:37,1,2,2,Basic,1327.59,46,3,AM_11,"Billing,Collaboration",53.38877671,36.96201669,Other,Integration,1,0,0,0,45.2
InsightlySoft,chat,2025-06-21 15:01:37,3,5,7,Pro,11569.75,40,1,AM_7,"Analytics,Security,Billing",48.45330501,33.8298893,Performance,Billing,0,0,1,1,68.6
InsightlySoft,chat,2025-06-28 1:01:37,0,3,7,Pro,2356.29,41,2,AM_17,Integration,52.30169251,6.293268707,How-To,Security,0,0,0,0,60
InsightlySoft,email,2025-07-02 0:01:37,1,1,4,Enterprise,1672.93,45,1,AM_14,"Billing,Analytics",67.31510502,46.49709979,How-To,Analytics,0,0,0,1,71.5
GlobalFinance Corp,web_form,2025-07-13 14:01:37,1,3,1,Basic,840.58,49,1,AM_7,"Integration,Billing,Analytics",38.90121673,55.78813849,How-To,Analytics,1,0,0,0,41.5
GlobalFinance Corp,chat,2025-06-25 7:01:37,2,2,4,Basic,5605.21,38,3,AM_12,"Billing,Analytics,Security",35.42056256,43.97839268,How-To,Security,0,0,0,0,41.6
InsightlySoft,email,2025-07-03 22:01:37,1,3,5,Basic,1154.21,52,1,AM_6,"Billing,Collaboration",40.19053715,33.0274405,Feature Request,Integration,1,0,1,1,55.9
InsightlySoft,chat,2025-06-22 12:01:37,0,2,1,Basic,5259.13,10,0,AM_15,"Integration,Security",60.01931329,46.2855747,Bug,Integration,0,0,0,0,46.5
InsightlySoft,chat,2025-07-10 13:01:37,0,4,5,Enterprise,6666,43,1,AM_19,Collaboration,50.79984324,39.78707238,Other,Collaboration,0,0,0,1,45.9
GlobalFinance Corp,web_form,2025-06-21 19:01:37,0,2,7,Basic,179.81,10,0,AM_4,"Billing,Integration,Collaboration",40.29307065,51.90349083,Other,Analytics,0,0,0,0,34.1
InsightlySoft,chat,2025-06-30 1:01:37,1,2,2,Basic,2139.97,21,5,AM_19,"Collaboration,Integration,Security",53.26833142,38.81866394,Other,Security,0,0,1,1,57.3
InsightlySoft,chat,2025-07-02 6:01:37,2,5,4,Pro,1636.12,38,0,AM_14,Security,43.03380533,35.9978394,Bug,Analytics,1,0,1,1,55.7
GlobalFinance Corp,email,2025-06-16 8:01:37,1,3,2,Basic,1498.21,38,3,AM_14,"Analytics,Collaboration",49.74423014,35.60349638,Performance,Collaboration,2,1,0,1,66.3
GlobalFinance Corp,email,2025-07-02 10:01:37,0,1,4,Enterprise,1393.1,47,0,AM_0,"Integration,Analytics",52.74146804,33.7591787,Other,Collaboration,0,1,0,1,65.9
GlobalFinance Corp,web_form,2025-06-30 1:01:37,2,4,2,Pro,2277.77,7,2,AM_3,"Collaboration,Security",41.91506529,40.44496031,Other,Billing,1,0,1,1,63.2
InsightlySoft,email,2025-07-09 8:01:37,0,3,4,Basic,418.48,57,2,AM_19,"Security,Collaboration",29.84080136,47.98046033,Feature Request,Analytics,0,1,0,1,36.8
GlobalFinance Corp,email,2025-07-08 6:01:37,1,3,3,Basic,6150.53,12,0,AM_3,Analytics,50.4159295,27.31013064,Other,Security,1,0,1,1,56.8
GlobalFinance Corp,web_form,2025-07-11 16:01:37,0,1,6,Pro,2449.22,52,0,AM_14,"Integration,Analytics,Collaboration",46.06199713,42.712265,Other,Billing,0,0,0,0,42.6
InsightlySoft,chat,2025-06-30 12:01:37,1,3,2,Enterprise,1279.04,41,1,AM_2,"Integration,Collaboration",41.80303075,60.46487893,Performance,Security,0,0,1,1,45.8
GlobalFinance Corp,web_form,2025-06-25 9:01:37,1,5,4,Enterprise,835.29,33,1,AM_5,Billing,50.46904465,28.12711182,Other,Collaboration,0,0,0,1,70
InsightlySoft,email,2025-07-11 0:01:37,1,2,6,Basic,2875.74,25,1,AM_13,Billing,54.22774173,43.46137273,Other,Integration,0,0,0,0,59.5
InsightlySoft,web_form,2025-06-20 15:01:37,1,0,6,Basic,4635.61,28,2,AM_1,"Analytics,Billing,Security",26.20499594,35.18985776,Bug,Integration,0,0,0,0,33.9
GlobalFinance Corp,chat,2025-06-25 19:01:37,1,3,4,Pro,1744.06,24,0,AM_15,Security,49.07124457,24.57803607,Feature Request,Security,0,0,1,1,61.4
GlobalFinance Corp,web_form,2025-06-15 2:01:37,1,4,1,Basic,12505.46,48,1,AM_2,"Billing,Security,Integration",46.82382287,22.20835421,Bug,Security,0,0,0,1,58
GlobalFinance Corp,email,2025-06-30 22:01:37,0,3,2,Basic,2300.82,31,1,AM_19,"Analytics,Collaboration",44.25852593,41.73525027,Other,Integration,0,0,0,0,43.8
GlobalFinance Corp,email,2025-06-30 6:01:37,0,3,2,Enterprise,11577.08,18,1,AM_5,"Analytics,Integration,Billing",54.51685151,25.83538898,Feature Request,Billing,1,0,0,1,72.9
GlobalFinance Corp,web_form,2025-07-05 1:01:37,0,5,7,Pro,9858.3,23,1,AM_2,"Collaboration,Analytics",29.31859952,42.82356062,Performance,Integration,0,0,0,1,38.1
GlobalFinance Corp,chat,2025-06-19 20:01:37,2,2,5,Pro,2746.96,7,0,AM_14,"Analytics,Security",18.58703794,36.80133173,Bug,Collaboration,1,1,0,1,37.6
InsightlySoft,web_form,2025-07-10 12:01:37,3,2,5,Basic,2612.06,50,1,AM_4,"Billing,Collaboration",31.86337685,51.23721237,Performance,Analytics,0,0,0,0,31.7
InsightlySoft,chat,2025-06-24 17:01:37,1,2,3,Basic,335.05,8,0,AM_0,Billing,55.09225586,28.71834022,Other,Security,0,0,0,0,57
GlobalFinance Corp,chat,2025-07-05 20:01:37,1,3,7,Pro,7947.06,54,2,AM_16,Billing,43.21022072,27.88709048,Other,Billing,0,0,0,1,66
InsightlySoft,web_form,2025-07-10 6:01:37,3,2,5,Pro,4876.85,15,1,AM_19,Billing,45.53915936,45.34774202,Feature Request,Collaboration,0,0,0,0,52.3
GlobalFinance Corp,chat,2025-07-07 21:01:37,1,4,2,Enterprise,2082.22,38,0,AM_11,"Integration,Security",65.04241228,33.7309392,Performance,Analytics,1,0,0,1,81.9
InsightlySoft,email,2025-06-19 15:01:37,0,3,5,Pro,1097.61,28,2,AM_19,Collaboration,52.33272804,43.2524242,Other,Billing,1,0,0,0,57.6
InsightlySoft,web_form,2025-06-15 10:01:37,1,1,1,Basic,5470.61,27,0,AM_9,"Integration,Collaboration",58.18915321,46.43500949,Performance,Security,0,0,0,0,48.1
InsightlySoft,chat,2025-06-30 19:01:37,1,3,2,Pro,1033.89,21,0,AM_1,Billing,47.329812,48.37344367,Performance,Billing,0,0,0,0,33.5
GlobalFinance Corp,email,2025-07-11 4:01:37,1,5,6,Basic,2341.73,44,3,AM_7,"Analytics,Collaboration",26.4415958,25.85390132,Feature Request,Collaboration,1,0,0,0,28.8
InsightlySoft,web_form,2025-06-27 2:01:37,0,5,6,Pro,665.03,27,0,AM_18,"Billing,Collaboration",45.75000045,33.48182779,Feature Request,Integration,1,0,0,0,58.3
GlobalFinance Corp,email,2025-06-19 5:01:37,1,3,5,Enterprise,4896.79,47,0,AM_15,"Billing,Integration,Collaboration",39.69827731,22.10496809,Other,Security,1,0,0,1,59
InsightlySoft,email,2025-06-29 14:01:37,2,4,1,Pro,4192.78,56,1,AM_18,"Billing,Analytics",39.94048351,46.32623394,Other,Analytics,0,0,0,0,30.2
InsightlySoft,email,2025-07-12 6:01:37,1,5,7,Basic,1034.98,47,0,AM_8,"Integration,Security,Collaboration",51.91304332,34.88654677,Performance,Security,1,0,0,0,61.7
InsightlySoft,chat,2025-06-24 16:01:37,1,3,3,Pro,374.5,42,0,AM_7,"Collaboration,Billing,Security",25.86202638,16.98070015,Bug,Collaboration,0,0,1,1,35.4
InsightlySoft,web_form,2025-07-04 8:01:37,1,3,6,Pro,584.65,41,1,AM_16,"Collaboration,Billing",41.02356945,45.34598521,Other,Analytics,0,0,0,0,37.7
InsightlySoft,web_form,2025-06-21 10:01:37,1,0,7,Pro,2874.11,14,2,AM_14,Integration,43.59012216,43.2140721,Performance,Collaboration,0,0,0,0,42.3
GlobalFinance Corp,chat,2025-07-09 21:01:37,3,4,4,Enterprise,487.7,21,1,AM_1,Collaboration,54.45142106,28.04880631,Performance,Security,0,1,0,1,51.8
GlobalFinance Corp,web_form,2025-06-22 1:01:37,1,3,1,Basic,1157.54,14,1,AM_3,"Collaboration,Billing,Security",68.80566277,34.47452694,How-To,Billing,0,0,1,1,84.5
InsightlySoft,email,2025-07-12 22:01:37,1,3,7,Basic,5482.76,49,0,AM_5,"Collaboration,Security",26.95641419,41.04059933,How-To,Collaboration,0,0,0,0,27.3
InsightlySoft,web_form,2025-06-23 13:01:37,1,1,2,Enterprise,255.93,43,1,AM_14,"Analytics,Billing",48.98520751,44.67943408,Bug,Integration,0,0,0,1,71.4
InsightlySoft,chat,2025-07-07 21:01:37,2,1,2,Pro,2610.95,6,1,AM_12,"Security,Billing",44.5599576,31.06190208,Feature Request,Integration,0,0,0,0,36.1
InsightlySoft,email,2025-06-29 10:01:37,2,3,1,Enterprise,1531.61,12,2,AM_2,"Security,Analytics,Integration",50.47739811,44.06493357,Bug,Security,0,0,0,1,61.9
GlobalFinance Corp,chat,2025-07-02 14:01:37,1,3,4,Basic,384.58,28,0,AM_19,"Billing,Analytics",74.13144561,34.10671875,Bug,Analytics,0,0,0,0,77.2
InsightlySoft,email,2025-07-02 20:01:37,3,1,4,Basic,2136.59,49,0,AM_15,Collaboration,33.95188004,39.26455595,Other,Billing,1,0,0,0,40.4
GlobalFinance Corp,email,2025-07-06 6:01:37,2,5,1,Basic,2181.01,29,2,AM_13,"Security,Integration,Analytics",41.9858325,38.51737369,Performance,Analytics,0,0,0,0,51.3
InsightlySoft,web_form,2025-06-16 6:01:37,2,3,2,Enterprise,1424.86,37,0,AM_3,"Analytics,Collaboration,Billing",60.75205556,21.45079732,Bug,Collaboration,0,0,0,1,59.7
GlobalFinance Corp,email,2025-06-22 22:01:37,2,2,1,Enterprise,170.73,38,2,AM_9,"Billing,Analytics,Security",52.43283839,30.29722079,Feature Request,Security,0,0,0,1,60.7
InsightlySoft,chat,2025-07-09 17:01:37,2,2,4,Basic,695.29,3,1,AM_3,Collaboration,55.96010941,26.27120092,Performance,Billing,0,0,0,0,54.4
InsightlySoft,web_form,2025-06-17 2:01:37,1,6,3,Basic,1556.17,33,1,AM_11,Collaboration,43.68939566,29.50602976,Other,Security,0,0,1,1,58.3
GlobalFinance Corp,chat,2025-06-17 2:01:37,0,3,3,Basic,973.97,50,1,AM_4,"Collaboration,Integration,Billing",57.6996311,38.49857447,How-To,Security,0,0,0,0,48.7
InsightlySoft,email,2025-07-06 22:01:37,1,1,1,Pro,524.95,46,2,AM_3,Collaboration,56.96130488,29.77066434,Bug,Security,0,0,0,0,70.8
InsightlySoft,chat,2025-07-14 5:01:37,1,3,2,Basic,2002.24,12,3,AM_8,Analytics,51.54480813,38.62769696,Performance,Analytics,0,0,0,0,41.2
InsightlySoft,chat,2025-06-19 15:01:37,0,0,5,Basic,1520.5,12,0,AM_19,Billing,67.78265322,27.13687126,How-To,Collaboration,0,1,0,1,90.4
GlobalFinance Corp,email,2025-07-06 10:01:37,0,3,1,Pro,3280.34,11,3,AM_0,"Collaboration,Security",50.71866517,33.3726134,Other,Collaboration,0,0,0,0,44.6
InsightlySoft,web_form,2025-06-20 8:01:37,3,3,6,Pro,2465.88,28,2,AM_15,"Integration,Analytics",52.25219642,47.85700809,Feature Request,Analytics,1,0,0,0,65.3
InsightlySoft,chat,2025-06-25 18:01:37,1,3,4,Basic,558.07,51,1,AM_7,"Integration,Analytics,Security",43.58864556,29.46727655,Other,Integration,1,0,0,0,43.2
GlobalFinance Corp,email,2025-06-26 2:01:37,2,1,5,Pro,3491,35,1,AM_12,"Collaboration,Analytics,Security",52.39879147,42.2046735,Feature Request,Billing,1,0,0,0,53.7
GlobalFinance Corp,web_form,2025-07-11 19:01:37,5,5,6,Basic,1878.6,34,1,AM_17,"Collaboration,Billing",50.91214573,24.27711757,Feature Request,Billing,0,0,1,1,63.8
GlobalFinance Corp,web_form,2025-06-20 4:01:37,0,10,6,Basic,361.28,22,0,AM_0,"Collaboration,Integration,Billing",54.70367055,42.66764664,Feature Request,Analytics,0,0,0,0,53
InsightlySoft,web_form,2025-07-09 8:01:37,1,0,4,Basic,55.87,39,0,AM_6,"Collaboration,Billing",51.73777071,28.94163883,Other,Security,0,0,1,1,45.7
InsightlySoft,chat,2025-07-12 23:01:37,0,3,7,Pro,2953.9,53,0,AM_13,"Integration,Billing",51.88087044,30.29726686,Bug,Security,0,0,0,0,58.1
InsightlySoft,chat,2025-06-23 2:01:37,0,5,2,Basic,2892.08,23,3,AM_7,"Analytics,Collaboration,Billing",43.8204795,44.33321811,How-To,Collaboration,0,0,0,0,48.2
GlobalFinance Corp,chat,2025-07-14 5:01:37,0,4,2,Basic,5152.24,12,0,AM_15,"Security,Billing",54.79264754,16.84651386,Performance,Analytics,0,0,0,0,40.2
InsightlySoft,web_form,2025-06-18 19:01:37,1,5,4,Basic,4311.92,19,1,AM_13,"Integration,Collaboration,Analytics",49.83517594,34.53123959,Bug,Integration,0,0,1,1,70.5
InsightlySoft,chat,2025-06-22 11:01:37,1,5,1,Enterprise,6299.02,31,3,AM_9,Collaboration,44.75102387,43.51680841,Bug,Integration,2,0,1,1,68.8
GlobalFinance Corp,email,2025-07-02 4:01:37,1,0,4,Basic,1037.71,59,4,AM_8,Security,40.16462366,21.36126868,Performance,Billing,1,0,0,0,41
GlobalFinance Corp,chat,2025-06-22 19:01:37,0,3,1,Pro,1599.08,53,1,AM_19,"Billing,Integration",56.37140758,34.74477463,Performance,Billing,1,0,0,0,49.9
GlobalFinance Corp,chat,2025-06-18 0:01:37,1,2,4,Basic,191.77,13,1,AM_6,"Billing,Security",56.3183989,26.19146728,How-To,Security,0,0,0,0,52.9
GlobalFinance Corp,web_form,2025-06-20 21:01:37,0,4,6,Enterprise,1589.76,19,0,AM_4,Analytics,46.84427736,30.44410309,Bug,Security,0,0,0,1,60.3
GlobalFinance Corp,chat,2025-07-09 23:01:37,1,1,4,Enterprise,744.48,36,2,AM_13,Collaboration,35.22383807,36.81528741,How-To,Analytics,0,0,0,1,49.3
InsightlySoft,email,2025-06-25 14:01:37,1,1,4,Enterprise,4909.15,22,1,AM_17,"Analytics,Integration",62.93030772,39.87914793,Bug,Security,0,1,0,1,66.6
GlobalFinance Corp,web_form,2025-06-23 17:01:37,0,0,2,Pro,3203.67,44,5,AM_18,Integration,61.24764782,39.77469831,Performance,Security,1,1,0,1,75.8
InsightlySoft,email,2025-07-01 22:01:37,2,4,3,Pro,4565.52,30,0,AM_7,"Integration,Billing",71.91134013,45.5535596,Feature Request,Collaboration,0,0,1,1,78.3
InsightlySoft,web_form,2025-07-01 5:01:37,0,4,3,Basic,2693.02,4,3,AM_9,Collaboration,29.23561226,34.08740394,How-To,Analytics,0,0,0,0,31.6
GlobalFinance Corp,web_form,2025-06-20 15:01:37,2,2,6,Basic,2733.44,13,1,AM_10,Analytics,45.23788633,31.08907832,How-To,Billing,1,0,0,0,57.3
GlobalFinance Corp,chat,2025-07-07 11:01:37,1,1,2,Basic,804.52,20,1,AM_4,"Integration,Billing",40.63495145,39.23963648,Feature Request,Analytics,0,0,0,0,27.6
GlobalFinance Corp,email,2025-06-23 8:01:37,1,1,2,Basic,3324.37,39,0,AM_14,"Analytics,Billing",30.14433645,44.75719894,Bug,Integration,0,0,1,1,50.1
InsightlySoft,web_form,2025-07-07 14:01:37,1,2,2,Enterprise,466.35,6,1,AM_2,"Collaboration,Integration",48.57876893,30.3542657,Feature Request,Security,1,0,0,1,70.4
GlobalFinance Corp,chat,2025-06-23 20:01:37,1,3,2,Basic,968.24,44,1,AM_6,"Integration,Security",50.49466738,38.19292355,Feature Request,Billing,0,0,0,0,59.7
GlobalFinance Corp,web_form,2025-06-30 20:01:37,1,0,2,Basic,595.16,12,1,AM_6,"Collaboration,Analytics,Integration",47.25788958,39.54734541,Other,Analytics,0,0,0,0,45
GlobalFinance Corp,web_form,2025-07-02 22:01:37,0,5,4,Pro,8958.32,16,3,AM_19,"Analytics,Collaboration,Billing",31.81987074,36.2451881,Bug,Billing,1,0,0,1,57.1
GlobalFinance Corp,web_form,2025-06-24 23:01:37,1,3,3,Basic,6850.91,45,0,AM_5,"Collaboration,Billing",54.14562584,38.86023025,Feature Request,Security,0,0,0,0,57.9
GlobalFinance Corp,web_form,2025-07-12 12:01:37,1,3,7,Basic,6234.39,17,0,AM_5,"Analytics,Billing,Security",36.11204829,41.54928421,Feature Request,Billing,0,0,0,0,29
InsightlySoft,web_form,2025-06-25 16:01:37,1,1,4,Basic,9669.66,8,0,AM_9,Integration,58.45108793,37.94434555,Other,Billing,0,0,0,1,70.4
InsightlySoft,web_form,2025-06-20 15:01:37,1,1,6,Enterprise,2844.85,33,4,AM_19,"Integration,Security",57.92270116,35.85045189,Other,Billing,0,0,0,1,79.5
InsightlySoft,chat,2025-06-27 6:01:37,0,0,6,Enterprise,6752.76,44,0,AM_11,"Security,Integration,Analytics",51.91980666,34.99517812,Other,Integration,0,1,0,1,65.1
GlobalFinance Corp,web_form,2025-06-19 4:01:37,3,4,5,Basic,1035.33,57,3,AM_3,"Integration,Security",43.92992531,44.18800582,Performance,Collaboration,0,0,0,0,41.1
GlobalFinance Corp,email,2025-06-18 10:01:37,1,3,4,Enterprise,1457.22,52,1,AM_4,Security,49.43450459,38.90281249,How-To,Analytics,1,0,0,1,67.7
GlobalFinance Corp,chat,2025-06-15 11:01:37,1,2,1,Enterprise,1887.51,39,1,AM_15,Collaboration,41.8587778,45.03139862,Other,Billing,0,0,0,1,55.6
InsightlySoft,email,2025-06-27 17:01:37,2,2,6,Basic,280.97,53,0,AM_12,"Billing,Analytics",54.31260295,36.92737944,Bug,Integration,2,1,0,1,74.7
GlobalFinance Corp,web_form,2025-07-02 2:01:37,1,4,4,Basic,5223.65,12,0,AM_0,"Integration,Analytics,Billing",62.12781771,41.17806459,Performance,Billing,0,0,0,1,63.6
GlobalFinance Corp,email,2025-06-21 11:01:37,1,4,7,Enterprise,380.69,26,0,AM_0,"Billing,Analytics",60.97801594,40.41147427,How-To,Billing,0,0,1,1,72.6
GlobalFinance Corp,web_form,2025-07-05 12:01:37,0,0,7,Basic,4823.12,19,0,AM_15,"Collaboration,Integration",48.27060569,31.34880986,Performance,Collaboration,0,0,0,0,48.4
InsightlySoft,web_form,2025-06-22 13:01:37,0,0,1,Pro,7663.03,13,0,AM_4,Collaboration,62.1149389,16.54950106,Other,Integration,1,0,0,1,78.9
GlobalFinance Corp,chat,2025-07-08 4:01:37,2,6,3,Pro,2516.81,56,0,AM_16,"Collaboration,Integration",51.38372687,22.86596809,Feature Request,Collaboration,1,0,0,0,61.7
InsightlySoft,chat,2025-06-30 6:01:37,1,6,2,Basic,544.21,10,0,AM_6,"Billing,Security,Integration",24.7194975,42.70623927,Feature Request,Integration,1,0,0,0,20.4
GlobalFinance Corp,web_form,2025-07-08 3:01:37,0,3,3,Pro,1721.86,34,1,AM_3,"Analytics,Collaboration",61.00620263,40.45497431,Performance,Analytics,0,0,0,1,71.5
InsightlySoft,chat,2025-07-04 23:01:37,2,0,6,Pro,448.47,31,1,AM_1,"Integration,Collaboration",49.85086573,36.02607053,How-To,Analytics,0,0,0,0,57.2
InsightlySoft,email,2025-06-17 4:01:37,1,5,3,Basic,380.22,27,1,AM_1,Integration,52.66399734,37.97771327,How-To,Collaboration,1,0,0,0,50.8
InsightlySoft,chat,2025-06-27 21:01:37,1,5,6,Pro,4232.73,58,2,AM_3,Analytics,44.03396583,30.67847695,Bug,Analytics,0,0,1,1,56.7
GlobalFinance Corp,chat,2025-07-04 1:01:37,0,3,6,Basic,1497.86,3,2,AM_1,Analytics,61.40615418,30.19149078,Other,Billing,1,0,0,0,45
GlobalFinance Corp,email,2025-06-16 13:01:37,2,6,2,Enterprise,0.39,44,1,AM_0,Billing,40.61737308,33.72310447,Feature Request,Analytics,0,0,0,1,45.4
InsightlySoft,chat,2025-06-20 5:01:37,1,2,6,Basic,149.03,5,1,AM_16,"Security,Collaboration,Integration",60.49795727,42.4279515,How-To,Analytics,1,0,1,1,82.2
InsightlySoft,web_form,2025-06-19 21:01:37,1,4,5,Pro,5107.19,5,1,AM_7,Analytics,38.17041117,44.31687898,Bug,Analytics,0,0,0,0,40.3
GlobalFinance Corp,email,2025-06-21 12:01:37,2,3,7,Pro,2900.37,37,0,AM_17,"Collaboration,Billing",50.68116497,38.62043816,Performance,Billing,0,0,0,0,54.4
GlobalFinance Corp,web_form,2025-07-12 19:01:37,3,0,7,Pro,5583.6,7,0,AM_8,Collaboration,61.81456341,36.79060176,Bug,Integration,1,1,0,1,63.3
InsightlySoft,email,2025-07-05 21:01:37,1,4,7,Basic,959.26,40,1,AM_1,"Billing,Analytics,Security",62.86408897,35.56953951,Feature Request,Analytics,0,0,0,0,79.4
GlobalFinance Corp,web_form,2025-06-24 19:01:37,1,4,3,Basic,1132.04,56,1,AM_3,"Security,Billing,Collaboration",56.55273888,32.86184451,Other,Analytics,1,0,0,0,68.7
GlobalFinance Corp,web_form,2025-06-24 11:01:37,0,1,3,Pro,2878.16,59,1,AM_6,Security,59.17464666,20.17422468,Bug,Security,0,0,0,0,59.2
GlobalFinance Corp,chat,2025-06-20 23:01:37,2,2,6,Pro,3282.25,51,0,AM_10,Integration,57.25886196,42.96907393,Performance,Security,1,1,1,1,86.7
GlobalFinance Corp,web_form,2025-06-21 4:01:37,1,5,7,Pro,80.62,56,0,AM_7,Collaboration,43.84703981,41.55489724,Bug,Integration,0,0,0,0,43.1
InsightlySoft,chat,2025-06-30 12:01:37,1,6,2,Basic,7132.41,48,0,AM_2,Security,53.19596807,38.35855024,Performance,Analytics,0,0,0,1,60.7
GlobalFinance Corp,email,2025-06-22 22:01:37,1,3,1,Basic,4815.79,42,0,AM_16,"Integration,Analytics",50.85725035,40.96611121,Bug,Analytics,1,0,0,0,55.5
GlobalFinance Corp,web_form,2025-06-15 10:01:37,2,4,1,Pro,424.22,13,1,AM_3,"Collaboration,Security",58.9460726,50.10079478,Feature Request,Integration,0,0,0,0,49.7
InsightlySoft,web_form,2025-06-23 19:01:37,0,3,2,Basic,31.13,34,0,AM_15,"Integration,Billing,Security",59.6194447,31.90845917,How-To,Integration,1,0,0,0,69.7
InsightlySoft,email,2025-07-14 12:01:37,2,2,2,Pro,4398.15,36,0,AM_2,Integration,48.56948655,38.4928573,Other,Security,0,0,0,0,38.9
GlobalFinance Corp,email,2025-07-08 18:01:37,3,2,3,Pro,6995.4,34,1,AM_19,Integration,47.06463845,26.07153016,Performance,Billing,0,0,0,0,49.1
GlobalFinance Corp,web_form,2025-07-03 21:01:37,0,3,5,Pro,1166.29,53,0,AM_15,"Billing,Integration",58.51102781,49.9143879,Feature Request,Integration,0,0,0,0,66.1
GlobalFinance Corp,email,2025-06-20 9:01:37,1,0,6,Pro,1160.53,3,1,AM_0,Collaboration,46.18540555,36.63162455,Performance,Security,1,0,0,0,37.8
GlobalFinance Corp,chat,2025-06-16 4:01:37,0,2,2,Basic,2168.46,10,0,AM_12,"Analytics,Security",59.42965439,19.89908676,How-To,Collaboration,3,0,0,0,73
InsightlySoft,email,2025-07-05 2:01:37,1,4,7,Basic,3367.7,58,1,AM_16,"Collaboration,Analytics,Integration",49.43490179,33.02158584,Performance,Billing,1,0,0,0,54.6
InsightlySoft,email,2025-07-03 12:01:37,3,1,5,Basic,3129.56,43,3,AM_11,"Collaboration,Security,Billing",42.54951732,46.38114081,How-To,Security,0,1,0,1,61.1
InsightlySoft,web_form,2025-06-26 3:01:37,0,4,5,Pro,4190.64,35,1,AM_15,Collaboration,44.19233393,41.81073945,How-To,Integration,0,0,1,1,47.8
GlobalFinance Corp,chat,2025-07-05 12:01:37,1,4,7,Enterprise,363.06,37,2,AM_1,Security,19.67655623,49.23337229,Performance,Collaboration,0,0,0,1,35.9
GlobalFinance Corp,email,2025-07-12 14:01:37,2,3,7,Basic,2200.75,52,1,AM_9,Integration,47.38880843,35.12095032,Feature Request,Collaboration,0,0,0,0,41.9
GlobalFinance Corp,chat,2025-07-09 22:01:37,0,5,4,Pro,2117.66,6,1,AM_2,"Integration,Billing",54.39270959,42.63225213,Bug,Integration,0,0,0,0,42.9
GlobalFinance Corp,chat,2025-06-22 8:01:37,1,5,1,Pro,8978.43,21,2,AM_11,"Integration,Billing",73.52335063,38.99073639,Feature Request,Integration,0,1,0,1,99.5
InsightlySoft,chat,2025-06-21 5:01:37,0,3,7,Basic,7512.33,58,5,AM_5,"Billing,Integration,Security",41.82897273,38.79784074,Feature Request,Collaboration,0,0,0,1,66.4
InsightlySoft,web_form,2025-06-22 5:01:37,2,2,1,Basic,4162.75,45,1,AM_4,"Billing,Collaboration",44.58524731,28.18864773,Feature Request,Billing,0,0,0,0,36.4
GlobalFinance Corp,email,2025-07-13 23:01:37,0,4,1,Pro,6284.63,5,0,AM_0,Integration,41.3218267,11.47605118,Performance,Collaboration,0,0,0,0,49.8
InsightlySoft,web_form,2025-06-28 10:01:37,0,1,7,Basic,4106.8,3,2,AM_15,"Security,Billing,Collaboration",40.32970135,35.55242059,Bug,Integration,0,0,0,0,40.3
GlobalFinance Corp,email,2025-06-18 13:01:37,0,4,4,Pro,3824.07,20,1,AM_7,Analytics,53.81396249,19.23463536,Bug,Billing,1,0,1,1,63.2
GlobalFinance Corp,email,2025-06-19 0:01:37,0,3,5,Pro,728.93,30,0,AM_12,"Analytics,Security",44.09332597,40.79838377,How-To,Security,1,0,0,0,40.6
InsightlySoft,web_form,2025-06-27 7:01:37,0,3,6,Basic,2881.14,12,0,AM_13,"Billing,Collaboration",40.76859851,32.64167465,Bug,Analytics,0,1,0,1,52
GlobalFinance Corp,chat,2025-07-01 21:01:37,2,3,3,Basic,7433.04,35,0,AM_10,Security,52.03594593,29.3036805,Feature Request,Analytics,0,0,1,1,63.5
GlobalFinance Corp,chat,2025-07-07 0:01:37,0,4,2,Pro,4160.61,32,0,AM_11,Analytics,53.50973854,29.09067004,Performance,Analytics,0,0,0,0,48
InsightlySoft,email,2025-07-03 21:01:37,3,4,5,Pro,2784.5,19,1,AM_12,"Billing,Analytics,Integration",41.0103889,36.62269127,Bug,Security,0,0,1,1,53
GlobalFinance Corp,web_form,2025-06-22 18:01:37,0,4,1,Basic,895.93,15,2,AM_7,"Integration,Analytics",58.8973098,43.66079522,How-To,Security,0,0,1,1,74.2
GlobalFinance Corp,chat,2025-07-03 9:01:37,1,0,5,Pro,3405.59,10,1,AM_9,"Analytics,Collaboration",64.67640645,33.63454559,Bug,Collaboration,0,1,0,1,72.2
InsightlySoft,chat,2025-07-08 2:01:37,1,2,3,Pro,1278.81,57,0,AM_2,"Analytics,Billing,Collaboration",55.10619058,29.94569544,Performance,Security,0,0,0,0,53.3
GlobalFinance Corp,email,2025-07-05 10:01:37,0,4,7,Basic,202.38,26,3,AM_5,"Collaboration,Integration,Analytics",53.40923743,30.05559263,Feature Request,Security,0,0,0,0,50.1
InsightlySoft,email,2025-07-04 2:01:37,1,5,6,Basic,820.75,6,1,AM_18,"Analytics,Integration",25.11450557,48.96131965,Bug,Integration,0,0,1,1,38.6
GlobalFinance Corp,web_form,2025-07-07 6:01:37,1,8,2,Pro,1479.12,48,1,AM_17,"Collaboration,Security,Analytics",39.52063844,35.62613747,Performance,Security,0,0,0,0,41.7
InsightlySoft,email,2025-07-13 22:01:37,1,4,1,Basic,17112.04,47,0,AM_17,"Security,Integration",34.19059166,14.10627847,How-To,Integration,0,0,0,1,47.8
InsightlySoft,chat,2025-06-18 18:01:37,0,2,4,Enterprise,4282.81,26,0,AM_19,"Collaboration,Security",57.29930811,32.86004312,Feature Request,Collaboration,0,1,0,1,78.1
InsightlySoft,chat,2025-06-18 10:01:37,1,3,4,Pro,983.7,2,1,AM_17,"Billing,Integration,Security",57.79346027,24.52699785,How-To,Analytics,2,0,0,0,69.2
GlobalFinance Corp,chat,2025-06-15 8:01:37,2,4,1,Basic,4311.37,49,0,AM_15,"Billing,Security,Collaboration",52.43938855,31.06105701,Other,Billing,1,0,0,0,58.6
InsightlySoft,chat,2025-06-25 6:01:37,0,1,4,Basic,1327.82,48,3,AM_12,"Security,Billing,Analytics",45.48410251,26.58047804,How-To,Analytics,0,0,0,0,43
InsightlySoft,web_form,2025-06-18 19:01:37,1,2,4,Enterprise,2808.82,32,2,AM_10,"Analytics,Security",45.34831854,51.25486207,How-To,Collaboration,1,0,0,1,59.3
InsightlySoft,web_form,2025-07-06 0:01:37,0,5,1,Basic,4340.44,3,0,AM_17,"Billing,Analytics,Security",86.56630174,38.54898572,Bug,Billing,1,0,0,0,74.5
InsightlySoft,email,2025-06-23 9:01:37,1,4,2,Pro,4050.87,19,0,AM_15,"Security,Integration",55.99051526,44.53477261,Bug,Analytics,1,0,0,0,58.9
InsightlySoft,email,2025-07-12 8:01:37,0,5,7,Basic,452.58,36,1,AM_13,Analytics,47.06581278,51.13436888,How-To,Collaboration,1,0,1,1,53
GlobalFinance Corp,email,2025-07-10 21:01:37,1,3,5,Basic,5238.15,20,2,AM_6,"Collaboration,Security,Analytics",52.89810004,38.33487239,Performance,Collaboration,0,0,0,0,61
GlobalFinance Corp,web_form,2025-07-05 13:01:37,0,3,7,Basic,7689.43,30,2,AM_5,"Security,Analytics",35.19410551,56.41070263,Other,Integration,0,0,0,1,52.4
GlobalFinance Corp,chat,2025-07-05 2:01:37,0,3,7,Basic,797.45,37,0,AM_16,"Security,Billing",53.72445211,23.74799467,Bug,Security,0,0,0,0,48.6
GlobalFinance Corp,email,2025-06-29 14:01:37,2,5,1,Pro,1198.82,45,1,AM_14,"Collaboration,Integration",45.48794931,47.28080735,Feature Request,Integration,0,0,0,0,41
GlobalFinance Corp,chat,2025-06-19 3:01:37,0,5,5,Enterprise,8351.43,20,1,AM_9,"Billing,Security,Integration",53.05216898,37.57996311,Performance,Integration,0,0,1,1,60.7
GlobalFinance Corp,email,2025-06-21 8:01:37,2,6,7,Basic,12345.37,34,2,AM_16,"Security,Collaboration,Analytics",38.51847661,42.96897249,Bug,Analytics,0,0,1,1,45.8
GlobalFinance Corp,email,2025-06-29 4:01:37,1,4,1,Basic,1812.66,59,2,AM_1,Integration,66.22616945,34.85529035,Feature Request,Collaboration,0,0,0,0,79.8
InsightlySoft,email,2025-06-18 20:01:37,0,3,4,Basic,105.44,44,3,AM_16,"Integration,Analytics,Collaboration",39.15482819,41.23769821,Feature Request,Security,0,1,0,1,59.4
GlobalFinance Corp,email,2025-06-25 18:01:37,0,6,4,Basic,8104.32,17,0,AM_12,Analytics,44.57882804,39.39856493,How-To,Collaboration,2,0,0,1,66.3
InsightlySoft,email,2025-07-11 2:01:37,1,1,6,Basic,77.16,42,0,AM_17,Collaboration,36.98463898,35.2290683,Other,Billing,0,0,0,0,38.8
InsightlySoft,chat,2025-07-13 22:01:37,3,3,1,Enterprise,1202.37,23,2,AM_18,Collaboration,40.73676016,37.15023602,Bug,Analytics,0,0,0,1,55.1
GlobalFinance Corp,email,2025-07-14 4:01:37,0,1,2,Pro,281.91,41,2,AM_1,Billing,46.61835402,50.05942294,How-To,Integration,0,0,1,1,46.1
InsightlySoft,chat,2025-07-09 5:01:37,3,2,4,Pro,2150.75,9,0,AM_1,"Billing,Security,Integration",48.4950752,30.1704565,How-To,Security,0,0,0,0,38.9
InsightlySoft,web_form,2025-07-13 8:01:37,0,3,1,Basic,114.89,27,2,AM_17,Security,45.58644582,48.33380993,Other,Security,0,0,0,0,48.2
InsightlySoft,email,2025-07-06 2:01:37,1,1,1,Pro,766.26,17,0,AM_6,"Integration,Billing,Analytics",53.0855824,30.01535018,Performance,Security,0,0,0,0,59.1
InsightlySoft,chat,2025-07-06 11:01:37,1,5,1,Pro,1842.14,41,0,AM_9,"Security,Billing,Collaboration",71.53338672,41.33318259,How-To,Billing,0,0,1,1,90.8
GlobalFinance Corp,web_form,2025-06-20 2:01:37,0,2,6,Enterprise,231.19,46,1,AM_3,"Integration,Security,Analytics",46.05395319,35.56312785,Performance,Integration,0,1,0,1,64.4
GlobalFinance Corp,web_form,2025-06-20 11:01:37,0,3,6,Basic,1964.22,17,2,AM_3,"Analytics,Collaboration,Security",42.9921105,41.03191644,Other,Security,0,0,0,0,50.3
GlobalFinance Corp,web_form,2025-07-08 7:01:37,0,1,3,Enterprise,924.12,49,0,AM_0,"Integration,Analytics,Security",61.77225815,38.43134955,How-To,Collaboration,0,0,0,1,88
GlobalFinance Corp,chat,2025-06-20 4:01:37,0,3,6,Basic,931.47,2,0,AM_1,"Collaboration,Security",38.52365883,40.16955626,Bug,Security,0,0,0,0,51
GlobalFinance Corp,email,2025-07-11 12:01:37,1,2,6,Enterprise,8295.51,58,0,AM_9,"Integration,Analytics,Billing",64.49850672,41.09410336,Performance,Security,0,1,0,1,66.9
GlobalFinance Corp,email,2025-07-07 14:01:37,0,2,2,Basic,3515.77,59,3,AM_14,"Integration,Security,Collaboration",29.65233818,37.54224148,Other,Security,1,0,0,0,23.7
GlobalFinance Corp,chat,2025-07-02 17:01:37,2,4,4,Pro,7955.58,15,2,AM_11,Collaboration,58.01379006,45.99883457,Feature Request,Billing,1,0,0,1,72.5
GlobalFinance Corp,email,2025-06-22 1:01:37,2,2,1,Basic,2571.87,11,4,AM_2,Billing,38.53178747,40.18789712,How-To,Integration,0,0,0,0,41.1
GlobalFinance Corp,chat,2025-06-27 6:01:37,1,5,6,Basic,7131.03,54,0,AM_3,Collaboration,38.21563992,50.0262427,How-To,Collaboration,0,0,0,1,48.7
GlobalFinance Corp,email,2025-07-14 11:01:37,0,2,2,Basic,5449.91,57,0,AM_8,Collaboration,51.94264129,34.22486348,How-To,Analytics,2,1,0,1,71.6
InsightlySoft,web_form,2025-07-08 2:01:37,3,3,3,Basic,18417.29,37,1,AM_13,Integration,57.1407405,30.12540589,Bug,Security,1,0,0,1,80.9
GlobalFinance Corp,email,2025-07-04 18:01:37,0,2,6,Pro,2098.12,41,1,AM_9,Collaboration,54.93762833,39.68273381,Bug,Integration,1,0,0,0,51.7
InsightlySoft,chat,2025-06-27 3:01:37,2,2,6,Basic,3573.43,9,0,AM_9,"Collaboration,Billing,Security",41.13002466,24.56104085,Feature Request,Billing,0,0,0,0,42.2
InsightlySoft,chat,2025-06-22 10:01:37,1,2,1,Basic,525.45,14,0,AM_4,"Billing,Integration,Analytics",56.64773426,44.72548053,How-To,Collaboration,0,0,0,0,45.6
InsightlySoft,web_form,2025-07-11 20:01:37,0,2,6,Enterprise,8414.94,8,1,AM_10,Security,39.66565955,33.18594804,Other,Integration,1,0,0,1,52.1
InsightlySoft,chat,2025-07-05 18:01:37,1,6,7,Basic,1526.22,43,2,AM_13,"Security,Billing",45.46966919,43.34981305,Bug,Security,0,0,0,0,49.1
GlobalFinance Corp,email,2025-07-10 10:01:37,0,2,5,Enterprise,7453.52,12,0,AM_5,"Collaboration,Integration",42.23101749,38.91806611,Bug,Integration,1,0,0,1,53.6
InsightlySoft,email,2025-07-12 12:01:37,0,4,7,Enterprise,318.46,7,0,AM_10,"Billing,Integration,Security",46.49981578,35.66673045,Feature Request,Billing,0,0,0,1,70.8
GlobalFinance Corp,web_form,2025-07-01 0:01:37,1,2,3,Pro,2172.39,3,0,AM_10,"Security,Analytics,Collaboration",42.5849677,38.60410904,Other,Analytics,0,0,0,0,33.1
GlobalFinance Corp,chat,2025-07-06 7:01:37,1,0,1,Basic,4.2,26,2,AM_2,"Security,Billing",49.79428622,24.55474647,Performance,Billing,0,0,0,0,38.7
InsightlySoft,web_form,2025-07-02 18:01:37,1,6,4,Basic,1613.66,3,2,AM_12,"Integration,Security",34.46965727,32.73039927,Bug,Analytics,0,0,0,0,40.7
GlobalFinance Corp,email,2025-07-12 21:01:37,1,2,7,Pro,260.54,46,2,AM_17,Analytics,53.89452433,42.42287536,Other,Security,0,0,0,0,66.4
InsightlySoft,web_form,2025-07-06 12:01:37,1,2,1,Basic,1789.04,4,2,AM_17,"Integration,Collaboration",42.97174781,25.37448344,Performance,Collaboration,0,0,0,0,41.1
InsightlySoft,chat,2025-07-05 18:01:37,0,1,7,Pro,2434.41,57,2,AM_5,Integration,37.45533002,40.7153998,Bug,Billing,0,0,1,1,47.8
GlobalFinance Corp,web_form,2025-06-24 17:01:37,1,3,3,Enterprise,5737.14,32,0,AM_12,"Collaboration,Integration,Security",58.32266296,42.91266366,Bug,Collaboration,1,0,0,1,65.6
GlobalFinance Corp,chat,2025-07-01 21:01:37,0,5,3,Enterprise,1050.51,46,1,AM_5,"Billing,Integration,Security",66.60721362,30.83915548,Other,Billing,0,0,1,1,79.5
InsightlySoft,chat,2025-06-26 15:01:37,0,3,5,Pro,2509.73,14,0,AM_11,Collaboration,53.5618784,46.63510635,Bug,Collaboration,0,0,0,0,68.3
GlobalFinance Corp,email,2025-06-30 22:01:37,1,1,2,Enterprise,206.3,3,1,AM_6,"Security,Collaboration,Integration",50.3957199,42.49709378,Performance,Analytics,0,0,0,1,61
GlobalFinance Corp,email,2025-06-15 18:01:37,0,0,1,Basic,7343,13,0,AM_13,"Integration,Billing,Collaboration",44.11185528,47.04534942,Bug,Integration,0,0,0,1,59.4
GlobalFinance Corp,email,2025-07-13 15:01:37,0,1,1,Enterprise,1802.97,8,1,AM_8,Collaboration,34.68557552,38.94078852,How-To,Integration,0,0,0,1,43.1
InsightlySoft,chat,2025-07-07 20:01:37,1,3,2,Basic,873.42,56,1,AM_2,"Billing,Analytics",53.76735445,32.70367802,Performance,Analytics,0,0,1,1,67
InsightlySoft,web_form,2025-07-01 12:01:37,0,3,3,Basic,1866.56,38,0,AM_14,"Billing,Security,Integration",32.35869279,45.35727663,Other,Analytics,0,1,0,1,50.1
GlobalFinance Corp,chat,2025-07-03 8:01:37,0,3,5,Basic,1970.48,2,0,AM_6,"Security,Integration",52.63387873,36.09745482,Other,Security,1,0,0,0,61.3
GlobalFinance Corp,email,2025-06-28 19:01:37,1,1,7,Basic,4079.5,38,1,AM_6,"Billing,Collaboration",30.69990506,43.51525636,Bug,Billing,0,0,0,0,32.6
GlobalFinance Corp,email,2025-06-29 13:01:37,2,4,1,Basic,11015.96,52,0,AM_18,"Security,Billing,Integration",50.02840388,32.39284417,Performance,Collaboration,0,0,0,1,70.2
GlobalFinance Corp,web_form,2025-07-10 11:01:37,1,1,5,Enterprise,617.91,46,1,AM_1,"Integration,Collaboration",60.86683332,31.6457374,Other,Analytics,0,0,0,1,74.9
GlobalFinance Corp,email,2025-06-23 19:01:37,1,2,2,Basic,168.1,31,1,AM_19,"Collaboration,Integration,Billing",51.64610329,30.06089172,How-To,Collaboration,0,0,0,0,64.6
InsightlySoft,email,2025-06-29 5:01:37,1,7,1,Basic,3198.79,39,2,AM_13,"Collaboration,Security,Billing",59.07185904,47.32170079,Feature Request,Billing,0,0,0,0,48.4
GlobalFinance Corp,email,2025-06-19 2:01:37,0,0,5,Basic,6477.49,27,1,AM_4,Security,62.72072593,41.22663829,How-To,Collaboration,0,0,0,0,59.5
InsightlySoft,web_form,2025-07-04 13:01:37,4,1,6,Basic,2497.52,17,0,AM_0,"Billing,Analytics,Security",48.39570856,24.14910452,How-To,Integration,0,0,0,0,52.1
GlobalFinance Corp,chat,2025-07-07 17:01:37,0,1,2,Basic,249.72,35,2,AM_11,Analytics,66.54062822,33.52061083,Performance,Security,0,0,0,1,75.9
InsightlySoft,email,2025-06-18 14:01:37,3,3,4,Enterprise,1643.38,46,0,AM_11,Security,45.18226722,37.79095457,Bug,Billing,0,0,0,1,54.8
GlobalFinance Corp,web_form,2025-06-17 13:01:37,2,3,3,Pro,3190.31,24,0,AM_18,Security,38.19971348,48.11529111,Other,Billing,0,0,0,0,42.2
InsightlySoft,email,2025-06-27 8:01:37,0,2,6,Pro,1192.7,1,0,AM_1,Analytics,38.11311718,33.72957681,Bug,Security,0,0,0,0,43.4
GlobalFinance Corp,web_form,2025-06-29 22:01:37,0,4,1,Pro,5591.19,29,1,AM_12,Billing,57.53394798,44.46770527,Performance,Billing,0,0,0,0,62.9
InsightlySoft,email,2025-06-24 20:01:37,1,3,3,Pro,763.49,26,3,AM_11,"Collaboration,Analytics",45.55753584,49.57404787,Performance,Security,1,0,0,0,43.5
InsightlySoft,web_form,2025-07-09 13:01:37,0,1,4,Pro,1360,44,0,AM_6,Security,43.65402072,26.08729412,Other,Analytics,0,1,0,1,48.7
InsightlySoft,email,2025-06-22 9:01:37,0,2,1,Pro,7446.3,35,0,AM_1,Collaboration,55.40304951,36.51753819,How-To,Analytics,0,0,0,1,71.2
InsightlySoft,chat,2025-06-15 8:01:37,1,3,1,Pro,2556.78,51,0,AM_7,"Analytics,Security",32.39877122,30.82476198,Performance,Collaboration,0,0,0,0,27.9
InsightlySoft,email,2025-06-19 6:01:37,0,3,5,Pro,18.76,44,2,AM_18,Analytics,74.24903016,47.67221836,Other,Integration,1,0,0,0,73.3
InsightlySoft,web_form,2025-06-28 0:01:37,2,4,7,Basic,839.23,24,0,AM_18,"Collaboration,Billing",36.3171094,40.58884706,How-To,Integration,0,0,0,0,58.5
GlobalFinance Corp,email,2025-06-23 5:01:37,2,5,2,Basic,4198.94,46,1,AM_17,"Security,Integration",54.15281771,32.52092156,Feature Request,Billing,1,0,0,0,44
InsightlySoft,chat,2025-06-22 15:01:37,0,3,1,Enterprise,160.35,33,1,AM_1,Billing,53.42817659,28.21146974,Feature Request,Billing,1,0,0,1,67.8
GlobalFinance Corp,email,2025-06-16 8:01:37,1,4,2,Basic,14909.68,26,1,AM_1,"Integration,Collaboration,Analytics",46.55873106,31.01647915,Performance,Collaboration,1,0,0,1,48.9
GlobalFinance Corp,web_form,2025-07-04 4:01:37,0,2,6,Pro,6845.58,37,0,AM_12,"Security,Collaboration,Billing",59.09839573,28.44304452,Other,Integration,0,0,0,0,60.2
GlobalFinance Corp,web_form,2025-07-09 17:01:37,2,5,4,Pro,760.14,39,1,AM_5,Integration,56.23321538,31.54673747,Feature Request,Analytics,0,0,0,0,45.9
GlobalFinance Corp,chat,2025-07-13 10:01:37,0,1,1,Pro,6775.84,52,0,AM_7,"Analytics,Collaboration,Billing",46.90336157,31.0288933,Bug,Analytics,0,0,0,0,40.6
GlobalFinance Corp,web_form,2025-06-17 5:01:37,1,4,3,Basic,3606.66,58,3,AM_18,Analytics,54.26290133,40.33540357,Bug,Security,2,0,0,0,72.5
InsightlySoft,email,2025-07-13 5:01:37,2,2,1,Pro,1661.99,51,2,AM_5,Analytics,25.97346227,29.67767382,Other,Analytics,1,0,1,1,41.4
InsightlySoft,email,2025-06-16 1:01:37,0,4,2,Pro,654.91,26,0,AM_18,"Analytics,Integration",43.9804197,40.05881045,Bug,Integration,0,0,1,1,58.3
InsightlySoft,email,2025-06-30 12:01:37,3,2,2,Pro,670.22,38,0,AM_8,Collaboration,53.52611164,30.59029574,Performance,Security,0,1,0,1,66.3
GlobalFinance Corp,web_form,2025-07-14 5:01:37,1,4,2,Pro,2704.76,53,2,AM_14,Billing,41.39035186,26.59816942,Feature Request,Billing,0,1,0,1,61.6
InsightlySoft,email,2025-07-07 3:01:37,2,2,2,Pro,1613.88,50,0,AM_16,"Integration,Billing,Analytics",47.17594191,34.0133622,Feature Request,Collaboration,1,0,0,0,52.2
InsightlySoft,email,2025-06-17 9:01:37,0,2,3,Enterprise,2713.13,38,2,AM_7,"Billing,Analytics",46.14441071,30.97965765,Other,Integration,1,0,0,1,69.5
InsightlySoft,email,2025-07-03 17:01:37,1,5,5,Basic,1202.58,11,0,AM_8,"Security,Billing",30.91064158,26.79161919,How-To,Analytics,1,1,0,1,50.3
InsightlySoft,chat,2025-07-11 2:01:37,0,1,6,Basic,784.38,29,0,AM_4,"Analytics,Collaboration,Integration",57.10617935,31.09452065,Feature Request,Security,0,0,0,0,47.9
InsightlySoft,web_form,2025-06-25 12:01:37,2,3,4,Pro,5433.85,29,3,AM_5,Billing,49.29153458,48.66295442,How-To,Analytics,0,0,0,0,43.5
GlobalFinance Corp,web_form,2025-07-12 20:01:37,1,5,7,Basic,7578.82,3,2,AM_10,"Security,Collaboration",36.2208791,32.71251577,How-To,Billing,1,0,0,1,59.4
InsightlySoft,web_form,2025-06-28 10:01:37,1,2,7,Pro,3664.96,9,0,AM_6,"Billing,Integration",66.4806563,38.33421377,Other,Analytics,0,0,0,0,70.9
GlobalFinance Corp,chat,2025-07-09 19:01:37,0,4,4,Pro,528.74,35,1,AM_19,"Security,Billing,Analytics",49.89233084,30.55160644,How-To,Analytics,0,0,1,1,67.3
GlobalFinance Corp,web_form,2025-06-22 15:01:37,2,2,1,Basic,290.56,57,3,AM_14,"Integration,Security",50.39471606,42.26292687,How-To,Collaboration,0,0,1,1,56.4
GlobalFinance Corp,chat,2025-06-26 3:01:37,0,2,5,Basic,2323.62,6,1,AM_12,Billing,47.03916474,25.48102314,Other,Analytics,0,0,0,0,57.5
GlobalFinance Corp,chat,2025-06-19 12:01:37,1,1,5,Basic,2397.87,56,1,AM_14,"Analytics,Collaboration,Security",67.05928772,45.18153371,Other,Collaboration,0,0,0,0,63.5
GlobalFinance Corp,web_form,2025-07-12 20:01:37,0,6,7,Basic,3058.64,9,0,AM_13,Billing,57.32463658,43.32041825,Other,Security,1,0,0,0,61.5
InsightlySoft,email,2025-06-23 14:01:37,1,2,2,Basic,7098.99,8,0,AM_5,"Billing,Integration",40.97759597,35.05822404,Other,Billing,1,0,0,1,40.2
InsightlySoft,email,2025-06-21 12:01:37,2,3,7,Pro,3122.11,27,4,AM_3,"Security,Billing,Analytics",27.23195072,48.91111245,Other,Collaboration,3,0,0,0,38.8
InsightlySoft,web_form,2025-06-22 20:01:37,0,4,1,Pro,7436.05,34,2,AM_17,Security,54.79281031,42.41390664,Bug,Analytics,2,0,0,1,74
GlobalFinance Corp,web_form,2025-06-19 21:01:37,1,3,5,Basic,375.66,51,1,AM_17,"Integration,Collaboration",46.73291017,54.79913485,Performance,Security,0,0,0,0,53.4
InsightlySoft,chat,2025-07-14 15:01:37,0,3,2,Basic,3705.85,24,3,AM_3,Billing,44.44041043,42.19162953,Feature Request,Collaboration,1,0,0,0,56.5
InsightlySoft,web_form,2025-07-13 14:01:37,1,3,1,Pro,7870.08,48,2,AM_0,Integration,46.50879532,27.2448884,Other,Collaboration,0,0,0,1,49.9
GlobalFinance Corp,chat,2025-06-28 21:01:37,2,4,7,Pro,1864.19,5,1,AM_2,"Security,Integration,Collaboration",29.99102272,30.87104566,How-To,Security,1,0,0,0,31.3
GlobalFinance Corp,web_form,2025-07-08 5:01:37,0,4,3,Pro,10281.42,10,1,AM_4,Security,49.36832294,43.35615629,Feature Request,Billing,0,0,0,1,58
GlobalFinance Corp,email,2025-06-23 11:01:37,3,3,2,Pro,2412.33,20,0,AM_19,"Integration,Analytics",45.50584582,24.0889251,Other,Security,2,0,1,1,61.9
GlobalFinance Corp,email,2025-06-30 21:01:37,3,6,2,Basic,8592.75,22,2,AM_5,"Analytics,Billing",43.53577991,35.49030656,Bug,Billing,1,0,0,1,43.5
InsightlySoft,web_form,2025-06-16 3:01:37,1,3,2,Basic,4141.15,12,3,AM_3,"Analytics,Collaboration",48.66442154,12.05186853,How-To,Billing,1,1,0,1,55.8
GlobalFinance Corp,chat,2025-07-10 0:01:37,1,2,5,Enterprise,1836.15,44,3,AM_4,"Collaboration,Billing",63.59654345,43.52274025,Bug,Analytics,0,1,1,1,87.9
GlobalFinance Corp,email,2025-06-28 13:01:37,1,2,7,Basic,104.68,29,2,AM_11,Collaboration,44.62419381,35.11868564,Performance,Collaboration,0,0,0,0,32.6
InsightlySoft,chat,2025-06-24 11:01:37,1,2,3,Basic,3213.5,31,2,AM_6,"Integration,Analytics",60.51797775,32.56193658,Performance,Security,0,0,0,1,74.7
InsightlySoft,web_form,2025-07-04 8:01:37,2,5,6,Enterprise,880.21,6,3,AM_12,"Integration,Security,Billing",49.62362182,35.35846861,Other,Billing,0,0,0,1,73.9
GlobalFinance Corp,web_form,2025-06-20 23:01:37,1,5,6,Basic,1021.79,46,1,AM_7,Billing,61.3953782,30.31835854,Performance,Security,0,1,0,1,59.1
InsightlySoft,email,2025-06-14 23:01:37,1,1,7,Basic,59.95,7,1,AM_12,"Integration,Analytics,Collaboration",47.3965381,27.2334393,Other,Collaboration,0,0,0,0,42.1
GlobalFinance Corp,web_form,2025-07-01 15:01:37,1,1,3,Basic,2446.98,53,1,AM_11,"Collaboration,Billing",39.27820153,36.37075492,Other,Security,0,0,0,0,46.8
GlobalFinance Corp,email,2025-07-04 19:01:37,1,1,6,Enterprise,1024.49,33,1,AM_9,"Integration,Collaboration,Billing",69.29596712,32.69243125,Performance,Integration,1,0,0,1,96.2
InsightlySoft,chat,2025-07-05 0:01:37,0,5,7,Pro,12117.6,46,0,AM_9,"Integration,Analytics",58.17168688,28.08119371,Performance,Security,0,0,1,1,79.3
InsightlySoft,email,2025-07-02 3:01:37,1,3,4,Basic,4147,15,2,AM_7,Security,62.32253362,51.22627565,Bug,Billing,1,0,0,0,58.8
GlobalFinance Corp,email,2025-06-19 11:01:37,2,4,5,Pro,1327.11,13,1,AM_13,"Analytics,Security,Billing",54.02561228,35.22416586,Bug,Analytics,3,0,0,0,53.4
GlobalFinance Corp,chat,2025-06-17 13:01:37,1,1,3,Basic,1046.33,24,2,AM_3,Integration,48.64300589,32.58728706,Bug,Integration,0,0,0,0,55.8
GlobalFinance Corp,email,2025-06-30 20:01:37,0,3,2,Basic,3765.52,30,1,AM_19,"Analytics,Collaboration",57.90841833,35.6892539,How-To,Analytics,0,0,0,0,55.7
InsightlySoft,email,2025-07-10 1:01:37,0,4,5,Enterprise,879.92,33,2,AM_1,Security,53.88311069,35.25302634,How-To,Analytics,0,0,0,1,55.8
GlobalFinance Corp,web_form,2025-06-18 21:01:37,1,0,4,Pro,1782.65,20,2,AM_8,"Integration,Security,Analytics",42.70269019,34.3321604,Feature Request,Collaboration,0,0,0,0,36.4
GlobalFinance Corp,chat,2025-06-29 16:01:37,2,4,1,Pro,524.44,19,0,AM_5,"Integration,Security,Billing",52.70691921,24.61310615,Other,Analytics,1,0,1,1,64
GlobalFinance Corp,email,2025-07-10 17:01:37,1,3,5,Enterprise,879.52,19,1,AM_18,"Security,Integration,Collaboration",44.57516329,46.60814318,Other,Analytics,0,0,0,1,65.3
GlobalFinance Corp,chat,2025-07-14 2:01:37,1,4,2,Pro,310.7,38,0,AM_2,"Collaboration,Analytics",35.18166664,29.43632519,How-To,Security,0,0,0,0,38
GlobalFinance Corp,chat,2025-06-21 14:01:37,1,3,7,Basic,1671.38,24,4,AM_12,"Collaboration,Integration,Billing",47.39629276,48.68173538,How-To,Integration,0,0,0,0,54.4
InsightlySoft,email,2025-06-29 2:01:37,1,1,1,Basic,7842.98,5,0,AM_10,"Billing,Security,Integration",41.96404983,26.60868817,Other,Integration,0,0,0,1,65
GlobalFinance Corp,web_form,2025-06-28 12:01:37,1,2,7,Basic,318.95,22,1,AM_13,"Integration,Security,Collaboration",69.02537385,43.37041842,Feature Request,Security,0,0,0,0,75.9
GlobalFinance Corp,chat,2025-06-18 22:01:37,2,3,4,Basic,1725.19,22,0,AM_16,Security,37.45762983,44.29816357,Performance,Billing,0,0,0,0,45.6
GlobalFinance Corp,email,2025-07-05 17:01:37,0,1,7,Pro,1062.84,28,0,AM_17,"Security,Billing",43.64730908,36.60774385,Feature Request,Integration,1,0,1,1,66.5
GlobalFinance Corp,chat,2025-06-28 3:01:37,0,2,7,Pro,1352.79,17,2,AM_4,"Integration,Collaboration",42.30336033,21.74948002,How-To,Integration,0,0,0,0,42.7
InsightlySoft,web_form,2025-07-03 22:01:37,1,4,5,Pro,4428.47,31,0,AM_2,"Security,Integration",55.82733071,36.87221737,How-To,Integration,0,0,0,0,64.4
InsightlySoft,web_form,2025-07-01 10:01:37,2,5,3,Pro,1713.02,47,0,AM_6,"Security,Analytics",50.52878609,46.47842966,Performance,Collaboration,0,0,1,1,80.9
InsightlySoft,web_form,2025-07-06 14:01:37,3,3,1,Basic,3152.84,7,1,AM_5,"Security,Collaboration,Analytics",67.07931331,24.99009043,Performance,Integration,0,0,0,1,69.5
GlobalFinance Corp,email,2025-06-24 20:01:37,1,1,3,Enterprise,10747.88,17,0,AM_2,"Analytics,Security",63.08758947,32.93440834,Feature Request,Billing,0,0,0,1,69.3
GlobalFinance Corp,email,2025-06-27 8:01:37,1,5,6,Pro,2874.94,12,1,AM_19,"Integration,Analytics",49.05623786,28.5762806,Other,Integration,1,0,0,0,34.1
InsightlySoft,web_form,2025-06-24 23:01:37,1,4,3,Pro,1234.7,7,1,AM_12,"Analytics,Security,Collaboration",37.16575101,40.26739324,Other,Billing,0,1,0,1,55.8
InsightlySoft,email,2025-06-19 11:01:37,0,5,5,Basic,1520.78,29,1,AM_10,"Billing,Security,Collaboration",51.7511329,49.10257379,Bug,Integration,0,0,0,0,48
InsightlySoft,web_form,2025-06-21 2:01:37,2,3,7,Pro,3571.29,45,1,AM_1,"Analytics,Integration,Security",50.33991025,35.95785128,Feature Request,Billing,1,0,0,0,50.8
GlobalFinance Corp,email,2025-06-22 2:01:37,4,4,1,Pro,3555.79,8,1,AM_7,"Collaboration,Security,Analytics",33.07727806,30.14139141,How-To,Security,0,0,0,0,41.9
GlobalFinance Corp,web_form,2025-07-05 3:01:37,3,3,7,Pro,1377.09,4,0,AM_11,Billing,45.98554583,51.11194554,Bug,Integration,1,0,0,0,44.8
InsightlySoft,chat,2025-06-23 1:01:37,0,2,2,Basic,3867.15,40,1,AM_11,"Billing,Collaboration",50.00074511,37.82247034,Feature Request,Billing,0,0,0,0,47.4
InsightlySoft,web_form,2025-06-15 11:01:37,1,1,1,Pro,2399.36,54,4,AM_14,"Billing,Security,Integration",48.43628465,35.75761641,Other,Collaboration,0,0,0,0,59.4
InsightlySoft,web_form,2025-07-06 10:01:37,4,2,1,Basic,11799.8,16,0,AM_7,"Integration,Collaboration",38.22120596,34.34337422,Performance,Collaboration,0,0,0,1,48.9
GlobalFinance Corp,email,2025-06-16 17:01:37,3,2,2,Enterprise,7160.87,16,0,AM_11,Analytics,47.87925419,27.12172657,How-To,Security,0,0,0,1,59.5
GlobalFinance Corp,email,2025-06-19 19:01:37,2,2,5,Basic,5209.31,22,1,AM_9,"Integration,Billing,Security",46.8296746,41.52964813,Bug,Analytics,0,0,0,0,43.1
GlobalFinance Corp,email,2025-07-13 21:01:37,2,5,1,Basic,104.81,11,2,AM_2,Collaboration,52.88311875,43.24309925,Performance,Collaboration,1,0,0,0,56
InsightlySoft,email,2025-07-01 19:01:37,2,4,3,Basic,1436.21,59,1,AM_5,"Collaboration,Security",38.89982026,33.87834119,How-To,Integration,1,0,1,1,42
InsightlySoft,email,2025-06-20 6:01:37,2,3,6,Basic,2554.96,41,0,AM_14,Collaboration,59.7182437,41.59132743,Other,Security,0,0,0,0,67.7
GlobalFinance Corp,email,2025-06-17 13:01:37,0,3,3,Basic,2212.03,54,2,AM_13,"Collaboration,Security",52.96615991,19.08840763,Other,Billing,0,1,0,1,56.8
InsightlySoft,chat,2025-06-18 4:01:37,3,2,4,Enterprise,4326.25,11,3,AM_2,"Security,Billing",34.77318717,33.87996112,Other,Billing,0,0,0,1,44.4
GlobalFinance Corp,web_form,2025-06-19 22:01:37,0,2,5,Basic,7193.45,5,0,AM_17,"Billing,Analytics",50.69972545,31.03705832,Feature Request,Billing,0,1,0,1,71.9
InsightlySoft,web_form,2025-06-26 16:01:37,1,3,5,Pro,4641.4,42,0,AM_16,"Analytics,Billing",48.42255837,37.52887806,How-To,Billing,0,0,1,1,60.8
InsightlySoft,web_form,2025-06-29 7:01:37,3,0,1,Basic,746.16,58,2,AM_13,"Billing,Security",47.15033382,27.09978834,Feature Request,Integration,2,0,0,0,54.6
InsightlySoft,chat,2025-06-21 10:01:37,2,2,7,Pro,1994.33,38,1,AM_13,"Security,Analytics,Billing",33.30776921,22.44339255,Other,Collaboration,0,0,0,0,37
InsightlySoft,web_form,2025-07-11 12:01:37,1,3,6,Pro,1500.7,48,3,AM_15,"Integration,Collaboration,Security",44.82245272,33.68435283,How-To,Billing,0,0,0,0,45.3
GlobalFinance Corp,chat,2025-06-22 4:01:37,0,4,1,Basic,4359.88,12,0,AM_18,Analytics,41.65101698,35.36146087,How-To,Integration,0,0,0,0,28.3
InsightlySoft,chat,2025-07-02 21:01:37,4,4,4,Basic,6764.93,40,1,AM_10,Collaboration,43.51054323,45.62614882,Other,Security,0,0,0,0,37
GlobalFinance Corp,chat,2025-06-17 18:01:37,0,1,3,Basic,1014.1,25,2,AM_4,"Collaboration,Integration,Analytics",57.07394609,40.26533208,Feature Request,Integration,1,0,1,1,71.7
GlobalFinance Corp,web_form,2025-07-08 22:01:37,3,1,3,Pro,2013.63,58,0,AM_0,"Analytics,Collaboration",41.27521741,41.66302725,Bug,Security,1,0,1,1,36.8
GlobalFinance Corp,chat,2025-06-21 17:01:37,3,3,7,Basic,3949.39,45,1,AM_19,"Analytics,Security",69.92356367,20.61424396,Other,Collaboration,0,0,0,0,78.2
InsightlySoft,web_form,2025-07-03 0:01:37,2,2,5,Enterprise,153.73,13,2,AM_17,"Analytics,Security,Collaboration",72.77151989,44.7012741,Other,Billing,1,0,0,1,89
GlobalFinance Corp,web_form,2025-06-21 8:01:37,0,3,7,Basic,9896.35,48,1,AM_13,"Security,Collaboration",51.59794859,43.80840975,Bug,Analytics,0,0,0,1,64.5
GlobalFinance Corp,email,2025-07-04 0:01:37,1,7,6,Enterprise,4827.77,26,1,AM_4,Integration,35.15666764,39.88631817,Bug,Security,0,0,1,1,46.3
GlobalFinance Corp,email,2025-06-29 18:01:37,1,3,1,Basic,2347.68,11,0,AM_4,"Collaboration,Security",35.15235765,14.7315166,How-To,Analytics,0,1,1,1,35.2
InsightlySoft,chat,2025-06-26 10:01:37,2,0,5,Basic,4524.04,56,0,AM_4,"Billing,Analytics",52.74417837,36.82595377,Bug,Integration,0,0,0,0,58
InsightlySoft,chat,2025-07-03 12:01:37,1,2,5,Basic,5430.22,40,2,AM_9,Billing,45.68728473,31.2468085,How-To,Integration,0,0,0,0,52
GlobalFinance Corp,web_form,2025-07-09 4:01:37,1,6,4,Basic,2042.68,23,0,AM_9,Integration,40.73850082,33.06211684,Bug,Analytics,1,0,0,0,40.8
InsightlySoft,chat,2025-06-18 2:01:37,2,4,4,Enterprise,1739.84,13,1,AM_8,"Security,Analytics,Billing",48.12694909,29.84806194,Feature Request,Collaboration,0,0,1,1,55.5
GlobalFinance Corp,chat,2025-07-10 10:01:37,0,1,5,Pro,5454.99,33,1,AM_13,"Billing,Collaboration",35.01043628,38.83648703,How-To,Billing,0,1,0,1,46.5
GlobalFinance Corp,web_form,2025-07-10 19:01:37,1,1,5,Basic,5891.32,52,2,AM_0,Collaboration,71.83241439,26.4272654,Feature Request,Integration,0,0,0,0,70.5
InsightlySoft,chat,2025-06-20 21:01:37,0,1,6,Pro,395.89,52,0,AM_5,Collaboration,53.7533652,36.83081044,Bug,Analytics,0,0,0,0,52.7
GlobalFinance Corp,chat,2025-06-24 18:01:37,1,2,3,Pro,7152.76,28,0,AM_6,Collaboration,64.37413825,46.37153375,Feature Request,Analytics,0,0,0,1,83.7
InsightlySoft,web_form,2025-07-04 17:01:37,0,5,6,Basic,972.18,51,0,AM_11,Analytics,57.62824203,31.73110425,Other,Security,0,0,0,0,57.9
InsightlySoft,web_form,2025-07-14 5:01:37,0,2,2,Pro,3300.35,4,3,AM_14,Integration,55.61710285,32.72882627,Bug,Analytics,1,0,0,0,55.9
GlobalFinance Corp,email,2025-07-08 15:01:37,1,2,3,Basic,3706.5,28,3,AM_15,Collaboration,39.10584872,25.91862891,How-To,Analytics,0,0,0,0,35.3
InsightlySoft,web_form,2025-06-19 17:01:37,0,4,5,Pro,984.36,34,1,AM_2,"Collaboration,Analytics,Integration",21.67892922,42.46145521,Bug,Security,0,0,0,0,22.2
InsightlySoft,email,2025-07-10 19:01:37,1,3,5,Basic,1087.98,51,1,AM_15,"Analytics,Integration",58.42167399,28.48902699,Performance,Security,1,0,1,1,76.3
GlobalFinance Corp,chat,2025-07-02 13:01:37,0,1,4,Pro,3675.6,51,1,AM_7,"Billing,Integration",48.18814957,30.63339974,Other,Integration,0,0,0,0,49.2
GlobalFinance Corp,web_form,2025-07-13 17:01:37,0,2,1,Pro,577.39,10,0,AM_13,"Integration,Collaboration",70.07240677,41.98045851,How-To,Collaboration,0,0,0,0,60.1
InsightlySoft,web_form,2025-07-03 10:01:37,1,5,5,Pro,5864.53,49,0,AM_2,"Analytics,Security",43.70905203,39.45398912,Bug,Integration,1,1,0,1,56.6
InsightlySoft,web_form,2025-06-23 17:01:37,1,5,2,Enterprise,756.54,55,0,AM_11,"Integration,Collaboration",48.23102187,22.69650823,Other,Collaboration,0,0,0,1,65.4
GlobalFinance Corp,chat,2025-07-07 20:01:37,0,5,2,Enterprise,1297.76,52,1,AM_13,"Analytics,Integration",44.64905876,40.32187806,How-To,Billing,0,0,0,1,57.1
InsightlySoft,email,2025-07-11 3:01:37,1,2,6,Basic,930.43,8,5,AM_18,"Integration,Collaboration",61.3480937,33.90305826,Other,Security,0,0,0,0,66
InsightlySoft,chat,2025-06-17 12:01:37,0,2,3,Basic,844.3,9,1,AM_3,"Security,Analytics,Collaboration",23.82867391,35.14780415,How-To,Integration,0,0,0,0,25
InsightlySoft,chat,2025-06-17 20:01:37,2,5,3,Basic,11570.65,18,0,AM_11,Security,51.96888787,47.65545872,Other,Security,0,0,0,1,71.1
InsightlySoft,web_form,2025-06-18 4:01:37,4,4,4,Basic,876.37,2,0,AM_2,Collaboration,41.47826081,42.83854372,How-To,Security,0,0,0,0,41.2
InsightlySoft,email,2025-06-24 7:01:37,0,5,3,Pro,2590.59,18,1,AM_15,Collaboration,48.75358802,45.73628089,How-To,Collaboration,0,0,1,1,76.4
InsightlySoft,chat,2025-07-08 21:01:37,0,3,3,Basic,4103.97,40,1,AM_2,"Collaboration,Integration,Analytics",63.56650392,28.30272813,Performance,Analytics,0,1,0,1,80.5
InsightlySoft,web_form,2025-07-10 11:01:37,2,2,5,Pro,128.64,2,2,AM_2,Security,37.28649689,47.79187561,How-To,Analytics,1,0,0,0,39.2
GlobalFinance Corp,chat,2025-07-05 8:01:37,1,1,7,Basic,6400.35,22,5,AM_6,"Collaboration,Integration,Analytics",37.10732739,29.67755214,Performance,Security,1,0,0,0,32.6
GlobalFinance Corp,chat,2025-06-20 19:01:37,1,2,6,Basic,497.77,16,0,AM_9,"Security,Analytics,Integration",66.82708873,30.24254738,Bug,Integration,0,0,0,0,68.9
GlobalFinance Corp,web_form,2025-07-02 12:01:37,1,5,4,Enterprise,2660.67,37,1,AM_15,"Integration,Analytics,Security",44.48769467,35.23159197,Bug,Integration,0,0,0,1,62.2
GlobalFinance Corp,web_form,2025-07-02 0:01:37,3,2,4,Basic,3074.37,32,0,AM_12,"Security,Collaboration,Billing",42.68840156,40.3506744,Other,Collaboration,1,0,0,0,41.7
GlobalFinance Corp,email,2025-07-04 4:01:37,1,1,6,Basic,2979.24,10,0,AM_18,Integration,42.84845031,46.03981191,Feature Request,Billing,1,0,0,0,41.2
InsightlySoft,chat,2025-07-07 6:01:37,0,4,2,Basic,3966.54,41,1,AM_5,"Security,Billing",31.65429193,35.60671752,Feature Request,Integration,0,0,0,0,28.4
InsightlySoft,web_form,2025-07-13 2:01:37,1,6,1,Basic,8031.29,34,1,AM_8,Security,63.59433043,49.98847184,Bug,Billing,1,0,0,1,67.7
InsightlySoft,web_form,2025-06-15 13:01:37,0,6,1,Pro,7847.29,48,0,AM_13,"Analytics,Integration,Collaboration",62.43510661,52.53119653,Performance,Security,1,0,0,1,87.2
InsightlySoft,email,2025-06-23 2:01:37,1,4,2,Basic,2588.8,16,0,AM_16,"Security,Collaboration,Analytics",30.69453058,26.58770487,How-To,Collaboration,0,0,0,0,28
GlobalFinance Corp,email,2025-06-19 2:01:37,0,4,5,Pro,1385.72,49,0,AM_6,"Security,Billing,Integration",44.58604738,46.80943604,Other,Collaboration,1,0,0,0,53.2
InsightlySoft,web_form,2025-06-22 0:01:37,2,3,1,Pro,1163.63,34,2,AM_7,Analytics,32.33322367,37.01293725,How-To,Security,0,0,0,0,37.2
InsightlySoft,email,2025-07-04 22:01:37,2,2,6,Pro,6532.81,58,2,AM_4,"Analytics,Billing",56.08049196,44.15659448,How-To,Security,0,0,0,0,66
GlobalFinance Corp,web_form,2025-06-25 11:01:37,0,1,4,Basic,5754.6,37,0,AM_19,Integration,54.00022422,27.44976614,Feature Request,Billing,1,0,0,0,66.1
InsightlySoft,chat,2025-07-05 6:01:37,1,2,7,Basic,1052.17,40,1,AM_11,"Analytics,Collaboration,Security",38.0575611,45.88014719,Bug,Integration,0,0,1,1,43.8
InsightlySoft,email,2025-06-15 14:01:37,0,2,1,Basic,495.86,56,4,AM_1,"Security,Collaboration",43.58005645,31.66499445,Performance,Integration,0,0,0,0,38.3
GlobalFinance Corp,chat,2025-06-24 15:01:37,0,2,3,Basic,5922.91,34,1,AM_15,"Billing,Collaboration,Integration",61.54240172,44.86790282,Feature Request,Analytics,0,0,0,0,50.2
InsightlySoft,chat,2025-06-26 20:01:37,3,5,5,Pro,2812.15,44,0,AM_2,"Security,Integration",46.61177305,35.64551365,How-To,Billing,1,0,0,0,53.1
InsightlySoft,chat,2025-07-13 20:01:37,2,2,1,Basic,1126.87,13,1,AM_14,"Collaboration,Security",41.78585065,34.97794127,How-To,Collaboration,1,0,0,0,45.1
InsightlySoft,web_form,2025-06-30 11:01:37,2,4,2,Basic,2829.82,48,0,AM_16,"Integration,Billing,Collaboration",57.70216016,35.99282012,Bug,Billing,0,0,0,0,51.4
InsightlySoft,chat,2025-07-13 2:01:37,0,5,1,Pro,205.47,37,1,AM_15,Analytics,48.79434867,41.98468797,Performance,Billing,0,0,1,1,61.7
InsightlySoft,chat,2025-07-07 13:01:37,2,1,2,Pro,632.67,12,1,AM_2,Security,60.87558848,35.99132505,Bug,Security,1,0,0,0,75.9
GlobalFinance Corp,chat,2025-06-26 11:01:37,0,2,5,Pro,2367.57,15,0,AM_14,"Integration,Collaboration",57.59126163,40.82163755,Other,Security,1,0,0,0,62.4
GlobalFinance Corp,web_form,2025-07-07 7:01:37,2,5,2,Basic,2324.17,30,1,AM_0,"Billing,Security,Collaboration",54.53046944,36.0571194,Other,Security,0,0,1,1,62.5
GlobalFinance Corp,chat,2025-06-19 20:01:37,1,1,5,Pro,849.75,31,1,AM_11,"Collaboration,Integration,Security",39.18380629,26.29530502,Feature Request,Security,0,0,0,0,34.1
GlobalFinance Corp,chat,2025-07-09 5:01:37,0,6,4,Basic,12066.95,29,0,AM_9,"Analytics,Billing,Collaboration",61.34123195,38.58658248,Bug,Security,0,0,0,1,63.8
GlobalFinance Corp,email,2025-06-30 3:01:37,1,1,2,Enterprise,1595.31,34,2,AM_5,Analytics,48.07598303,39.33736427,How-To,Billing,1,0,1,1,70.8
GlobalFinance Corp,web_form,2025-06-22 21:01:37,0,2,1,Basic,3698.54,32,3,AM_7,"Billing,Analytics",48.78706683,24.66938678,Other,Security,0,0,0,0,44.9
InsightlySoft,chat,2025-06-22 6:01:37,0,8,1,Basic,897.07,44,3,AM_19,"Billing,Security,Analytics",32.97980157,33.40058895,Feature Request,Integration,0,0,0,0,41.1
GlobalFinance Corp,email,2025-06-23 16:01:37,0,6,2,Enterprise,1657.43,23,3,AM_5,Collaboration,41.22519226,41.68228485,Other,Integration,1,0,0,1,61.8
GlobalFinance Corp,web_form,2025-07-11 6:01:37,0,1,6,Basic,5337.52,10,0,AM_18,Collaboration,38.80622128,37.06891837,Other,Analytics,0,0,0,0,28.9
InsightlySoft,web_form,2025-06-25 10:01:37,0,1,4,Enterprise,5663.44,8,0,AM_3,Collaboration,53.11613833,39.31908657,Other,Integration,1,0,0,1,76
InsightlySoft,web_form,2025-06-30 11:01:37,1,5,2,Basic,435.98,21,3,AM_15,"Collaboration,Analytics,Billing",57.05033797,32.72691241,Other,Analytics,1,0,0,0,71.2
GlobalFinance Corp,web_form,2025-07-03 2:01:37,1,4,5,Basic,1313.98,11,0,AM_4,"Collaboration,Analytics",45.27185365,30.69162111,Bug,Integration,0,0,0,0,50.1
InsightlySoft,web_form,2025-07-03 19:01:37,1,4,5,Basic,681.27,12,1,AM_15,"Analytics,Security,Integration",49.44473409,38.62494425,How-To,Collaboration,1,1,1,1,73.6
GlobalFinance Corp,web_form,2025-07-07 20:01:37,0,1,2,Enterprise,6629.15,49,0,AM_17,Security,47.33643452,11.72954521,Bug,Analytics,0,0,0,1,58.7
InsightlySoft,chat,2025-07-02 13:01:37,1,1,4,Basic,4205.58,39,1,AM_12,Integration,65.66515114,39.94848645,Feature Request,Billing,2,0,0,0,72.3
GlobalFinance Corp,chat,2025-06-23 13:01:37,3,4,2,Basic,2485.6,47,1,AM_12,"Analytics,Collaboration",24.7595469,44.27071122,Feature Request,Security,1,1,0,1,31
InsightlySoft,chat,2025-06-20 14:01:37,4,4,6,Enterprise,3150.19,19,3,AM_17,Integration,37.13261546,41.72364126,Feature Request,Analytics,0,1,0,1,30.3
InsightlySoft,chat,2025-07-05 8:01:37,0,0,7,Pro,7365.63,34,2,AM_7,Billing,45.08483731,36.06811474,How-To,Integration,1,0,0,1,46
GlobalFinance Corp,email,2025-07-07 16:01:37,2,2,2,Basic,1084.1,38,0,AM_6,Billing,51.17961131,44.89664862,Bug,Billing,0,0,0,0,52.4
GlobalFinance Corp,chat,2025-06-19 20:01:37,1,0,5,Basic,41.31,34,1,AM_14,"Integration,Billing",43.04295107,44.7445336,Feature Request,Integration,1,0,0,0,49.1
GlobalFinance Corp,web_form,2025-06-17 21:01:37,0,3,3,Basic,80.13,46,3,AM_1,Collaboration,31.69612518,24.05758032,Bug,Billing,0,0,0,0,22.5
GlobalFinance Corp,chat,2025-06-26 2:01:37,0,2,5,Enterprise,143.44,26,1,AM_3,"Billing,Integration,Security",54.62061869,32.89024863,How-To,Integration,0,0,0,1,58.2
GlobalFinance Corp,chat,2025-06-16 0:01:37,2,2,2,Pro,412.55,40,2,AM_15,Integration,64.91759118,36.79445713,How-To,Security,0,0,0,0,76.3
InsightlySoft,web_form,2025-06-23 20:01:37,1,2,2,Basic,2538.02,16,1,AM_11,Collaboration,32.32316676,37.40168848,Feature Request,Collaboration,0,0,0,0,27.6
GlobalFinance Corp,chat,2025-06-22 19:01:37,0,5,1,Basic,11903.64,19,1,AM_15,Billing,51.95116125,40.31441955,Bug,Integration,2,0,0,1,57.9
GlobalFinance Corp,chat,2025-06-28 23:01:37,1,6,7,Enterprise,1633.75,50,2,AM_16,Billing,59.32448294,40.13729205,Performance,Integration,1,0,0,1,71.9
InsightlySoft,chat,2025-07-06 9:01:37,3,2,1,Basic,3738.73,56,2,AM_19,"Integration,Security,Analytics",52.56494423,37.31554456,How-To,Analytics,1,0,0,0,45.9
InsightlySoft,email,2025-06-18 23:01:37,1,5,4,Pro,4713.21,29,2,AM_9,"Integration,Analytics,Security",58.60036975,41.13952723,Feature Request,Security,0,0,0,0,62
GlobalFinance Corp,chat,2025-07-04 8:01:37,2,5,6,Basic,4849.34,45,3,AM_14,"Collaboration,Security,Analytics",44.25286764,34.58321945,How-To,Billing,0,0,0,0,46.8
InsightlySoft,web_form,2025-06-27 17:01:37,0,6,6,Enterprise,1757.17,38,0,AM_18,"Collaboration,Security,Integration",39.17761189,47.07784391,Bug,Analytics,0,0,0,1,57.7
InsightlySoft,web_form,2025-06-19 17:01:37,2,3,5,Basic,2395.16,36,1,AM_13,"Billing,Collaboration,Analytics",61.09038634,50.76412749,Performance,Security,0,0,0,1,69.5
GlobalFinance Corp,chat,2025-07-09 13:01:37,0,1,4,Enterprise,1195.86,21,1,AM_0,"Collaboration,Billing",51.77147081,46.14055193,Performance,Security,0,0,0,1,53.1
InsightlySoft,chat,2025-07-10 1:01:37,1,3,5,Basic,3492.92,10,5,AM_3,"Billing,Integration,Analytics",49.92900474,41.82320558,Performance,Analytics,0,0,0,0,56.3
InsightlySoft,chat,2025-07-09 1:01:37,0,0,4,Basic,1448.01,47,1,AM_1,"Security,Integration",50.42124758,38.88936416,Performance,Billing,0,0,0,0,60.8
GlobalFinance Corp,web_form,2025-06-24 2:01:37,0,4,3,Pro,1117.82,23,2,AM_7,"Collaboration,Integration,Analytics",33.44847917,35.66886296,Other,Collaboration,1,0,0,0,30.1
GlobalFinance Corp,web_form,2025-06-16 12:01:37,0,3,2,Basic,2960.97,44,1,AM_1,"Collaboration,Billing",41.53544049,41.3826809,Bug,Analytics,0,0,0,0,37
InsightlySoft,email,2025-07-08 12:01:37,1,5,3,Pro,1252.26,52,2,AM_10,Integration,49.80745475,38.06714867,Performance,Integration,1,0,1,1,67.2
InsightlySoft,email,2025-06-30 11:01:37,0,1,2,Basic,1572.74,44,2,AM_9,"Billing,Analytics,Collaboration",65.28798401,44.72545562,Bug,Collaboration,0,0,0,0,74.2
GlobalFinance Corp,email,2025-06-20 14:01:37,0,1,6,Pro,3722.67,59,1,AM_10,"Integration,Analytics",37.25826256,32.51935256,Other,Billing,0,0,0,0,35
InsightlySoft,web_form,2025-07-01 9:01:37,0,3,3,Pro,5758.8,7,1,AM_8,Billing,40.76716727,44.98801601,Feature Request,Billing,0,0,0,0,48.3
InsightlySoft,email,2025-06-22 14:01:37,1,2,1,Enterprise,1711.74,38,0,AM_3,"Integration,Security,Collaboration",53.8569551,39.14852041,Other,Analytics,0,0,0,1,72.9
InsightlySoft,chat,2025-07-02 17:01:37,1,2,4,Enterprise,2215.69,5,0,AM_3,"Integration,Collaboration",23.93824071,40.66179308,How-To,Analytics,1,0,0,1,37.6
GlobalFinance Corp,chat,2025-06-24 9:01:37,0,1,3,Basic,4115.78,19,0,AM_0,Integration,46.00632816,34.0452739,Bug,Collaboration,0,0,0,0,37.3
InsightlySoft,web_form,2025-06-24 6:01:37,0,4,3,Basic,764.48,46,2,AM_3,"Security,Integration",35.74862113,35.61784901,Feature Request,Collaboration,0,1,0,1,38
InsightlySoft,email,2025-06-19 6:01:37,0,2,5,Pro,1608.46,33,1,AM_0,"Collaboration,Billing,Security",69.51582185,42.43944655,Performance,Integration,1,0,0,1,76.9
GlobalFinance Corp,chat,2025-07-04 6:01:37,1,5,6,Pro,5005.29,24,2,AM_3,Collaboration,55.92217714,47.34905652,Feature Request,Integration,0,1,0,1,79.2
InsightlySoft,web_form,2025-07-11 13:01:37,1,5,6,Basic,6746.65,43,0,AM_3,Analytics,38.74570911,20.95450752,Other,Integration,0,1,1,1,38.7
InsightlySoft,email,2025-06-17 19:01:37,0,2,3,Basic,3106.11,23,0,AM_0,Integration,48.79213652,35.85536281,Performance,Collaboration,0,0,0,0,34.9
GlobalFinance Corp,chat,2025-06-28 10:01:37,0,3,7,Basic,1499.63,22,1,AM_13,"Analytics,Security,Billing",38.30378188,24.55939747,Other,Security,0,0,0,0,41.2
GlobalFinance Corp,email,2025-06-27 14:01:37,1,4,6,Basic,2793.62,36,1,AM_15,Security,37.60502866,33.83756666,How-To,Collaboration,0,0,0,0,53.9
GlobalFinance Corp,web_form,2025-07-07 13:01:37,1,4,2,Basic,591.12,53,0,AM_8,"Analytics,Billing",35.16211549,42.36458278,Performance,Integration,0,0,0,0,44.8
GlobalFinance Corp,email,2025-07-06 9:01:37,0,3,1,Pro,89.2,46,0,AM_6,"Security,Collaboration,Billing",40.97486944,41.87432203,Bug,Security,0,0,0,0,50.6
InsightlySoft,web_form,2025-07-05 17:01:37,3,4,7,Basic,232.64,21,1,AM_13,Collaboration,51.91579399,47.26214941,Performance,Integration,0,0,0,0,39.1
InsightlySoft,email,2025-06-29 2:01:37,1,4,1,Basic,343.45,18,0,AM_4,"Analytics,Security,Collaboration",59.94621246,37.80521085,Feature Request,Security,0,0,0,0,71.9
GlobalFinance Corp,chat,2025-06-14 18:01:37,1,9,7,Pro,767.23,38,1,AM_13,"Billing,Collaboration,Analytics",37.30624143,22.43991926,Feature Request,Billing,0,0,1,1,49.9
GlobalFinance Corp,web_form,2025-06-20 8:01:37,1,5,6,Basic,1858.16,27,2,AM_12,Integration,38.6384123,37.43015092,Performance,Collaboration,1,0,0,0,36.1
InsightlySoft,web_form,2025-07-14 7:01:37,2,2,2,Basic,793.1,37,0,AM_1,Analytics,70.5355181,45.18187921,Feature Request,Billing,1,0,0,0,74.6
GlobalFinance Corp,web_form,2025-07-14 6:01:37,0,2,2,Basic,2638.66,49,0,AM_19,Collaboration,49.33502139,44.12955975,Other,Analytics,0,0,0,0,40.1
InsightlySoft,email,2025-06-20 4:01:37,0,1,6,Pro,19131.08,25,2,AM_11,"Billing,Integration",44.98535636,41.81089713,Bug,Billing,1,0,1,1,60.5
GlobalFinance Corp,email,2025-06-26 15:01:37,0,3,5,Basic,2068.55,39,1,AM_6,Integration,39.67555968,33.82022654,How-To,Billing,0,0,0,0,37.1
InsightlySoft,chat,2025-06-16 6:01:37,2,2,2,Basic,4242.3,30,3,AM_1,"Security,Billing",41.40885165,46.53924417,Other,Analytics,2,0,0,0,53.8
GlobalFinance Corp,web_form,2025-06-19 10:01:37,0,5,5,Pro,1037.64,43,1,AM_17,Integration,48.47731445,37.08832063,How-To,Collaboration,0,0,0,0,43.1
GlobalFinance Corp,web_form,2025-06-29 5:01:37,2,5,1,Pro,9880.78,14,1,AM_9,"Analytics,Security,Billing",59.48490178,25.22920483,Bug,Integration,0,0,0,1,82.2
InsightlySoft,email,2025-07-03 9:01:37,0,1,5,Basic,859.47,34,2,AM_5,"Billing,Security,Collaboration",36.81726974,31.63389613,Performance,Collaboration,0,0,0,0,34.6
GlobalFinance Corp,email,2025-06-15 23:01:37,2,4,1,Basic,2723.71,54,0,AM_6,Billing,45.56943129,39.19437283,Feature Request,Integration,0,1,0,1,60
InsightlySoft,chat,2025-06-20 18:01:37,2,2,6,Basic,12282.56,32,1,AM_11,Integration,65.86955657,27.24521919,Performance,Analytics,0,0,1,1,79
InsightlySoft,chat,2025-06-23 13:01:37,2,4,2,Basic,4954.62,31,1,AM_15,Collaboration,32.66406905,31.54290871,Performance,Security,0,0,0,0,20
InsightlySoft,email,2025-07-09 6:01:37,0,2,4,Enterprise,14497.46,49,0,AM_18,"Billing,Analytics,Collaboration",60.64814269,28.66232575,Bug,Analytics,0,0,1,1,81.6
InsightlySoft,web_form,2025-07-01 11:01:37,1,6,3,Basic,1432.84,2,1,AM_19,"Analytics,Security,Billing",68.98434408,38.95747445,Other,Collaboration,0,0,0,0,76.6
InsightlySoft,chat,2025-06-18 21:01:37,2,2,4,Pro,242.43,47,1,AM_17,"Collaboration,Integration,Security",48.40952696,30.72079007,Bug,Security,0,0,0,0,60
GlobalFinance Corp,email,2025-07-07 18:01:37,0,4,2,Basic,837.12,39,0,AM_13,Integration,61.15907495,41.07898657,Performance,Analytics,0,0,0,1,80.7
GlobalFinance Corp,email,2025-06-28 5:01:37,1,5,7,Basic,9482.78,35,1,AM_14,Integration,28.83783528,36.27590248,How-To,Collaboration,1,0,0,1,35.7
InsightlySoft,web_form,2025-07-07 6:01:37,1,5,2,Enterprise,1388.86,23,1,AM_7,"Security,Analytics,Collaboration",45.32136461,19.2384925,Bug,Security,0,0,0,1,52.1
GlobalFinance Corp,email,2025-07-12 8:01:37,1,1,7,Enterprise,399.82,6,1,AM_14,"Security,Analytics",58.78982879,35.61046381,Other,Collaboration,0,0,0,1,57.8
InsightlySoft,email,2025-06-24 18:01:37,0,2,3,Pro,2697.6,21,2,AM_11,Collaboration,33.57621058,28.43229917,Bug,Analytics,0,0,0,0,28.3
GlobalFinance Corp,chat,2025-06-20 3:01:37,0,0,6,Basic,2081.98,26,1,AM_17,Integration,61.07664483,40.46870291,Feature Request,Billing,1,0,1,1,73.8
GlobalFinance Corp,email,2025-06-25 14:01:37,2,8,4,Pro,193.52,30,2,AM_9,"Collaboration,Integration",73.2381572,32.35763007,Other,Billing,1,0,1,1,81.1
GlobalFinance Corp,email,2025-07-12 5:01:37,2,6,7,Basic,1809.62,41,2,AM_19,"Billing,Analytics,Security",40.71713809,43.64778983,Feature Request,Analytics,0,0,0,0,31.1
GlobalFinance Corp,chat,2025-06-29 9:01:37,2,1,1,Enterprise,3006.11,42,0,AM_13,Security,55.42526115,46.01034361,How-To,Integration,0,0,0,1,55.5
InsightlySoft,web_form,2025-07-09 17:01:37,0,4,4,Basic,794.59,53,0,AM_18,"Collaboration,Security",57.63339395,30.32158378,Performance,Collaboration,1,0,0,0,77.5
InsightlySoft,web_form,2025-06-14 19:01:37,2,1,7,Enterprise,398.68,30,2,AM_15,"Collaboration,Integration",64.049357,43.74241345,Feature Request,Analytics,1,0,0,1,88
GlobalFinance Corp,chat,2025-06-22 0:01:37,0,2,1,Pro,6002.93,53,1,AM_19,"Billing,Integration,Security",36.57551266,29.18179761,Feature Request,Billing,0,0,0,0,32.7
GlobalFinance Corp,chat,2025-06-20 12:01:37,0,5,6,Basic,2946.07,8,2,AM_5,"Billing,Collaboration",41.46456358,35.23558425,Performance,Collaboration,1,0,0,0,42.5
InsightlySoft,web_form,2025-07-14 1:01:37,1,3,2,Basic,506.17,39,1,AM_12,"Security,Collaboration,Analytics",54.45950219,34.40987317,How-To,Integration,1,1,0,1,63.1
GlobalFinance Corp,web_form,2025-06-24 2:01:37,0,1,3,Pro,2975.53,33,0,AM_10,"Integration,Analytics",48.90968686,31.97868054,Performance,Billing,0,0,1,1,69.3
InsightlySoft,web_form,2025-06-24 1:01:37,2,4,3,Enterprise,3986.97,10,0,AM_0,Analytics,66.22136512,38.90861378,Feature Request,Security,0,0,0,1,67.3
InsightlySoft,web_form,2025-06-23 17:01:37,0,3,2,Basic,2730.39,18,0,AM_8,"Collaboration,Integration,Billing",44.94275364,45.61184378,Bug,Integration,0,0,1,1,63.2
InsightlySoft,web_form,2025-06-22 14:01:37,1,2,1,Basic,370.43,48,0,AM_18,"Billing,Integration,Security",43.75362388,39.7177554,Feature Request,Collaboration,0,0,0,0,39.2
GlobalFinance Corp,chat,2025-07-01 15:01:37,2,3,3,Basic,399.72,36,2,AM_4,"Billing,Collaboration",51.69462188,35.39901827,Performance,Billing,0,0,0,0,53.9
InsightlySoft,email,2025-07-11 21:01:37,1,3,6,Basic,138.59,41,0,AM_6,Analytics,51.46357931,25.19743003,Other,Collaboration,0,0,0,0,65.3
GlobalFinance Corp,web_form,2025-07-08 1:01:37,1,1,3,Pro,799.74,55,1,AM_1,"Billing,Analytics",46.79341325,15.92597941,Other,Billing,0,0,0,0,45.2
InsightlySoft,web_form,2025-06-19 4:01:37,2,1,5,Enterprise,184.51,50,1,AM_19,"Collaboration,Analytics",38.78630689,33.49148263,Performance,Billing,1,0,0,1,47.8
GlobalFinance Corp,email,2025-06-14 20:01:37,4,4,7,Pro,4908.94,11,0,AM_14,"Billing,Security",49.4201877,22.87072654,Other,Security,1,0,0,0,58.6
GlobalFinance Corp,email,2025-07-08 17:01:37,0,5,3,Pro,46.58,44,1,AM_5,Security,52.63548886,26.97666869,Performance,Security,1,0,0,0,56.6
GlobalFinance Corp,email,2025-06-21 1:01:37,3,6,7,Basic,2609.77,8,0,AM_0,Integration,39.49806931,37.82796343,Bug,Billing,1,0,1,1,60.2
InsightlySoft,email,2025-06-19 23:01:37,1,1,5,Pro,4979.56,1,0,AM_4,"Billing,Collaboration",36.63428568,27.13712912,Performance,Security,0,0,0,0,34.3
InsightlySoft,email,2025-06-28 17:01:37,1,3,7,Basic,6757.47,8,1,AM_1,"Analytics,Security,Collaboration",51.70673591,30.57659232,Bug,Security,0,0,0,0,46.8
GlobalFinance Corp,email,2025-07-03 13:01:37,0,3,5,Enterprise,1580.13,5,2,AM_13,"Integration,Security,Billing",78.94532884,37.98501097,Other,Integration,0,0,0,1,105.1
GlobalFinance Corp,chat,2025-06-25 20:01:37,0,1,4,Basic,2910.06,1,2,AM_16,"Security,Analytics,Integration",60.65795178,38.07563097,How-To,Security,1,0,0,0,42.8
GlobalFinance Corp,email,2025-06-15 15:01:37,1,4,1,Basic,9058.06,3,0,AM_11,"Integration,Collaboration,Billing",46.14329995,32.93568805,Other,Integration,0,0,0,1,56.7
InsightlySoft,email,2025-06-23 4:01:37,0,1,2,Enterprise,3340.66,27,4,AM_5,"Integration,Analytics",45.95032965,23.74898694,Performance,Analytics,0,0,1,1,64.3
InsightlySoft,chat,2025-06-30 4:01:37,0,3,2,Enterprise,6940.71,45,0,AM_6,"Analytics,Billing",49.73876673,32.67948288,Other,Integration,0,0,0,1,58.2
InsightlySoft,email,2025-07-10 4:01:37,0,3,5,Basic,3458.81,48,2,AM_15,Security,42.21943794,37.11440976,How-To,Integration,0,0,0,0,44.2
InsightlySoft,web_form,2025-06-24 15:01:37,1,7,3,Basic,211.26,23,1,AM_12,"Billing,Integration,Analytics",52.14078735,36.23640344,Other,Billing,0,0,1,1,65.9
GlobalFinance Corp,web_form,2025-06-27 19:01:37,0,5,6,Enterprise,657.76,44,0,AM_1,"Billing,Security",33.39621896,44.22648286,How-To,Analytics,0,0,0,1,43.1
GlobalFinance Corp,email,2025-06-17 16:01:37,3,2,3,Pro,8462.87,39,2,AM_16,"Billing,Analytics,Integration",43.55580683,31.85932123,Feature Request,Analytics,1,0,1,1,65.5
InsightlySoft,chat,2025-07-12 15:01:37,1,7,7,Enterprise,5578.87,40,0,AM_4,"Collaboration,Billing,Integration",61.73086846,25.03274005,Performance,Collaboration,0,0,0,1,76.5
InsightlySoft,web_form,2025-06-27 23:01:37,3,5,6,Pro,1648.29,11,0,AM_1,"Billing,Integration",55.28822265,33.45761958,Performance,Analytics,0,0,1,1,77
GlobalFinance Corp,chat,2025-06-21 7:01:37,1,5,7,Basic,527.08,45,1,AM_19,"Billing,Analytics",55.051682,33.04433099,How-To,Collaboration,1,0,0,0,65.4
InsightlySoft,web_form,2025-06-24 22:01:37,0,1,3,Basic,512.97,11,1,AM_0,"Integration,Billing",59.40885057,36.91460869,Bug,Collaboration,0,0,0,0,56.7
InsightlySoft,email,2025-07-11 3:01:37,2,5,6,Pro,7057.28,36,1,AM_0,"Security,Integration,Analytics",44.81407436,46.71302131,How-To,Integration,0,0,0,1,62.3
InsightlySoft,chat,2025-07-11 22:01:37,2,3,6,Enterprise,545.31,38,1,AM_7,Security,34.16940909,27.22833133,Feature Request,Integration,0,0,1,1,41.6
InsightlySoft,chat,2025-06-19 22:01:37,2,4,5,Pro,1464.65,31,0,AM_10,"Integration,Security,Billing",50.17164941,38.68753771,Performance,Billing,0,0,0,0,58.4
InsightlySoft,chat,2025-07-13 0:01:37,1,2,1,Basic,6931.98,55,2,AM_11,"Security,Billing",52.79044768,39.34879029,Performance,Billing,0,0,0,0,50
InsightlySoft,web_form,2025-07-12 9:01:37,1,1,7,Pro,102.01,24,2,AM_3,"Billing,Integration,Security",65.4733697,34.22180415,Other,Security,0,0,0,0,78.7
GlobalFinance Corp,web_form,2025-07-06 14:01:37,1,6,1,Pro,2988.77,19,1,AM_6,Billing,41.15830298,36.49313467,How-To,Collaboration,0,0,1,1,47.4
InsightlySoft,web_form,2025-06-16 12:01:37,0,2,2,Pro,1295.1,53,0,AM_12,"Integration,Security",45.54075762,35.64893841,Feature Request,Security,0,0,0,0,41.2
InsightlySoft,email,2025-07-12 4:01:37,1,3,7,Pro,342.14,32,1,AM_6,"Collaboration,Security",59.90414197,36.28753792,Other,Billing,0,0,0,0,69.3
GlobalFinance Corp,web_form,2025-07-03 19:01:37,3,3,5,Basic,2514.68,40,1,AM_3,"Collaboration,Security,Analytics",57.03006428,52.92585595,Bug,Analytics,0,0,0,0,67.7
GlobalFinance Corp,email,2025-07-10 2:01:37,0,1,5,Basic,1990.19,38,0,AM_11,"Analytics,Billing",33.44020769,40.13754975,Other,Security,1,0,0,0,44.2
GlobalFinance Corp,chat,2025-06-15 3:01:37,0,1,1,Pro,313.42,17,1,AM_17,Collaboration,59.71319819,28.2289871,Feature Request,Billing,0,0,0,0,53.6
InsightlySoft,chat,2025-07-07 8:01:37,2,3,2,Basic,932.69,50,2,AM_12,"Collaboration,Security",65.53579007,36.62254149,How-To,Integration,1,0,1,1,66.7
GlobalFinance Corp,email,2025-07-13 16:01:37,1,2,1,Basic,4045.33,35,0,AM_18,"Security,Collaboration,Billing",43.01858211,56.2566247,Bug,Collaboration,0,0,0,0,40
InsightlySoft,web_form,2025-06-27 16:01:37,5,3,6,Basic,4229.92,12,2,AM_2,"Analytics,Billing",59.67634809,34.63816934,Performance,Security,0,0,0,0,75.8
InsightlySoft,email,2025-06-22 15:01:37,3,2,1,Enterprise,2739.01,15,0,AM_13,"Billing,Analytics,Security",54.83674335,11.0958339,Other,Billing,0,0,0,1,59.2
InsightlySoft,chat,2025-07-01 13:01:37,0,5,3,Basic,351.24,39,0,AM_15,"Analytics,Billing",39.65621458,30.33310586,Feature Request,Security,0,0,0,0,58.8
GlobalFinance Corp,chat,2025-06-22 14:01:37,2,3,1,Basic,5753.84,13,1,AM_1,"Integration,Security",35.18837845,34.29835325,How-To,Security,0,0,0,0,32.4
GlobalFinance Corp,email,2025-07-10 8:01:37,1,2,5,Basic,568.78,30,2,AM_19,"Collaboration,Security,Integration",52.22014746,34.57779322,Other,Billing,0,0,1,1,76.8
GlobalFinance Corp,web_form,2025-06-25 10:01:37,1,2,4,Basic,3828.97,42,0,AM_0,Billing,59.24363154,48.19099068,Feature Request,Billing,0,0,0,0,51.3
GlobalFinance Corp,web_form,2025-07-04 12:01:37,0,6,6,Pro,130.55,19,1,AM_13,"Billing,Integration,Analytics",44.61982369,39.80210836,Bug,Collaboration,0,0,0,0,48.5
GlobalFinance Corp,email,2025-07-11 9:01:37,2,5,6,Pro,1209.64,9,2,AM_3,Collaboration,36.35398163,31.7474934,Other,Security,1,0,0,0,31.1
InsightlySoft,email,2025-06-17 4:01:37,2,4,3,Enterprise,1952.34,57,0,AM_4,"Integration,Security,Analytics",26.47167095,39.2997926,Other,Analytics,0,0,1,1,38.1
InsightlySoft,web_form,2025-06-28 6:01:37,1,5,7,Basic,85.09,28,1,AM_6,"Integration,Security",49.4032669,33.88580077,How-To,Security,0,0,0,0,60.5
InsightlySoft,chat,2025-06-23 0:01:37,1,4,2,Pro,564.61,44,3,AM_10,Security,40.61038933,34.03655577,Feature Request,Integration,0,0,0,0,26.4
InsightlySoft,email,2025-07-03 18:01:37,1,5,5,Pro,1152.18,43,2,AM_11,"Security,Billing,Analytics",39.81205057,47.35766378,Feature Request,Billing,0,0,0,0,49.8
GlobalFinance Corp,web_form,2025-06-17 5:01:37,1,3,3,Basic,12137.92,56,2,AM_7,"Security,Billing,Analytics",65.13172842,49.27064626,Performance,Integration,0,0,0,1,71.2
GlobalFinance Corp,web_form,2025-07-03 8:01:37,1,2,5,Basic,4535.24,25,1,AM_6,"Billing,Security,Integration",55.76010134,40.33944796,Performance,Integration,0,0,0,0,61.4
InsightlySoft,chat,2025-06-15 8:01:37,0,1,1,Pro,5510.83,40,1,AM_2,"Billing,Security,Analytics",54.95237712,31.14224759,Feature Request,Security,0,1,0,1,50.5
GlobalFinance Corp,chat,2025-07-07 14:01:37,1,3,2,Pro,3303.5,41,1,AM_1,Integration,47.51164589,49.2769031,Other,Security,0,0,0,0,53.9
GlobalFinance Corp,chat,2025-07-03 17:01:37,1,4,5,Basic,1037.61,4,3,AM_17,Integration,53.39349737,39.68916346,Bug,Security,1,0,0,0,65.6
InsightlySoft,chat,2025-07-13 16:01:37,2,3,1,Basic,3707.92,52,2,AM_9,Billing,51.14677052,37.61168243,Performance,Security,0,0,0,0,43.1
InsightlySoft,chat,2025-06-25 5:01:37,1,4,4,Basic,3360.19,37,0,AM_18,Security,44.6006819,30.49613765,Performance,Collaboration,0,0,0,0,38.2
GlobalFinance Corp,email,2025-06-24 22:01:37,0,3,3,Pro,2824.45,7,1,AM_14,"Security,Billing,Collaboration",47.82946931,34.80380471,Bug,Integration,0,0,1,1,68.9
GlobalFinance Corp,web_form,2025-06-29 22:01:37,1,2,1,Pro,1062.84,41,1,AM_16,Analytics,60.32512088,54.31016369,How-To,Analytics,1,0,1,1,61.8
InsightlySoft,email,2025-07-13 16:01:37,1,3,1,Basic,916.37,4,1,AM_18,Security,51.56558355,20.67631933,Other,Collaboration,0,0,0,0,45
InsightlySoft,email,2025-07-13 8:01:37,2,3,1,Pro,1229.77,23,0,AM_2,"Integration,Collaboration",72.08082019,58.61323136,Performance,Integration,1,0,0,1,96.8
InsightlySoft,email,2025-07-03 18:01:37,1,2,5,Pro,1123.63,44,0,AM_12,"Billing,Security",60.9570046,49.42218147,How-To,Billing,0,0,0,0,68.3
GlobalFinance Corp,email,2025-07-09 0:01:37,1,4,4,Basic,243.09,44,1,AM_1,Collaboration,47.37810238,47.79151432,Feature Request,Security,0,0,0,0,45.5
InsightlySoft,email,2025-06-15 19:01:37,1,3,1,Basic,4862.68,6,0,AM_14,"Security,Analytics",50.20669423,39.35376137,Performance,Security,0,0,0,0,59.1
InsightlySoft,chat,2025-06-21 4:01:37,2,1,7,Basic,1382.57,45,1,AM_16,"Integration,Analytics",48.23874232,32.23120271,Bug,Security,0,0,0,0,43.5
GlobalFinance Corp,chat,2025-06-25 12:01:37,2,0,4,Pro,3679.03,9,1,AM_0,"Integration,Billing",62.20307784,31.95706116,Feature Request,Integration,0,0,0,0,77.9
GlobalFinance Corp,web_form,2025-07-07 18:01:37,1,3,2,Basic,985.2,57,0,AM_13,"Analytics,Security",36.41748436,25.75041524,Feature Request,Billing,2,0,0,0,52.2
GlobalFinance Corp,email,2025-06-18 11:01:37,1,4,4,Pro,2764.03,9,0,AM_0,"Analytics,Billing,Security",46.81407826,33.69943641,Other,Billing,1,0,0,0,35.9
GlobalFinance Corp,web_form,2025-06-17 11:01:37,2,4,3,Basic,105.87,21,0,AM_10,"Billing,Analytics",55.16446033,34.34251582,How-To,Collaboration,0,0,0,0,51.6
GlobalFinance Corp,chat,2025-07-11 9:01:37,2,1,6,Enterprise,336.28,3,2,AM_2,"Security,Billing,Collaboration",53.50463169,40.00785808,Other,Collaboration,0,0,0,1,63.6
InsightlySoft,chat,2025-06-27 19:01:37,0,4,6,Basic,1360.17,13,1,AM_12,"Security,Billing,Analytics",63.07431899,25.68406018,Feature Request,Integration,0,0,1,1,72.1
InsightlySoft,chat,2025-06-20 20:01:37,0,1,6,Enterprise,938.95,38,1,AM_8,"Analytics,Security",44.04609306,28.21759484,Other,Collaboration,1,0,0,1,49.7
GlobalFinance Corp,email,2025-07-12 20:01:37,1,7,7,Basic,1308.1,18,0,AM_14,"Billing,Security,Analytics",32.46632953,25.84835566,Bug,Collaboration,1,0,0,0,36.1
GlobalFinance Corp,email,2025-06-19 19:01:37,1,0,5,Basic,8007.59,55,1,AM_8,"Billing,Integration,Security",53.1974675,38.72112935,Performance,Security,0,1,0,1,51.2
GlobalFinance Corp,chat,2025-06-19 7:01:37,1,3,5,Basic,230.32,46,0,AM_6,"Security,Collaboration,Analytics",50.195075,41.361333,Bug,Collaboration,1,1,0,1,57.4
GlobalFinance Corp,web_form,2025-07-12 13:01:37,3,6,7,Enterprise,1863.77,31,2,AM_6,"Collaboration,Integration,Security",52.72674026,46.53629308,Feature Request,Collaboration,0,0,0,1,66
GlobalFinance Corp,web_form,2025-06-15 10:01:37,0,4,1,Enterprise,662.9,29,2,AM_1,"Billing,Security",44.32623753,29.44476326,Other,Collaboration,0,0,1,1,38.9
InsightlySoft,chat,2025-06-24 22:01:37,0,7,3,Basic,1319.42,55,1,AM_1,"Integration,Billing",54.36011562,34.17061903,How-To,Integration,0,0,0,0,44.8
InsightlySoft,web_form,2025-06-20 2:01:37,1,4,6,Pro,3390.63,2,1,AM_0,"Collaboration,Analytics,Security",45.74675676,28.52840154,How-To,Collaboration,0,0,0,0,49.7
InsightlySoft,chat,2025-07-14 2:01:37,1,3,2,Pro,10829,31,0,AM_17,"Analytics,Billing",54.93228244,29.13792689,Feature Request,Analytics,1,0,0,1,77.7
InsightlySoft,web_form,2025-06-29 18:01:37,2,0,1,Basic,3559.65,38,1,AM_15,Billing,46.73369506,39.73498716,Performance,Analytics,0,0,0,0,46.3
GlobalFinance Corp,chat,2025-06-24 11:01:37,1,3,3,Basic,6484.41,52,0,AM_9,Collaboration,63.94961784,57.35646642,Other,Collaboration,1,0,0,0,54.9
InsightlySoft,web_form,2025-06-15 8:01:37,1,1,1,Basic,477.9,7,2,AM_15,"Billing,Security",30.39618715,31.76224998,Bug,Analytics,0,1,0,1,48.8
GlobalFinance Corp,email,2025-06-23 20:01:37,3,5,2,Pro,600.45,40,1,AM_12,Security,30.34516238,22.593936,Bug,Security,1,0,0,0,23.9
GlobalFinance Corp,chat,2025-07-08 21:01:37,1,2,3,Basic,6281.07,10,3,AM_1,"Analytics,Billing",54.65800225,51.48307061,How-To,Integration,0,0,0,0,36.6
GlobalFinance Corp,chat,2025-06-18 22:01:37,1,3,4,Basic,2805.83,13,1,AM_1,"Billing,Analytics,Security",33.34834577,22.60621617,Bug,Collaboration,0,0,0,0,33.2
InsightlySoft,web_form,2025-06-26 3:01:37,0,5,5,Basic,4712.37,59,0,AM_9,"Analytics,Collaboration",49.72463824,33.23346654,Performance,Analytics,0,0,0,0,43.7
GlobalFinance Corp,chat,2025-07-02 16:01:37,0,4,4,Enterprise,756.4,1,2,AM_11,"Analytics,Security,Integration",43.21092477,36.33142224,Feature Request,Security,0,0,0,1,49.9
InsightlySoft,chat,2025-07-06 1:01:37,0,2,1,Basic,1285.87,37,1,AM_4,Collaboration,61.49652766,43.85756021,Other,Security,0,0,1,1,91.2
InsightlySoft,chat,2025-06-24 23:01:37,2,2,3,Basic,253.52,25,0,AM_7,"Collaboration,Integration,Billing",48.59088688,47.09400245,Bug,Collaboration,0,0,0,0,51.8
GlobalFinance Corp,email,2025-06-27 13:01:37,1,2,6,Pro,6778.16,30,2,AM_16,"Analytics,Integration,Security",42.84818024,34.01473935,Feature Request,Security,0,0,0,0,60.6
GlobalFinance Corp,email,2025-06-16 13:01:37,0,2,2,Pro,9395.03,2,1,AM_8,Billing,64.85610055,51.3716826,Other,Security,0,0,0,1,79.4
GlobalFinance Corp,web_form,2025-06-26 23:01:37,1,2,5,Pro,5844.48,36,3,AM_14,"Security,Integration",54.45548141,34.23586309,Feature Request,Collaboration,0,0,0,0,51.7
InsightlySoft,email,2025-06-29 7:01:37,0,3,1,Pro,1724.39,24,0,AM_12,"Security,Billing",36.82242833,25.3598632,Bug,Analytics,0,0,0,0,41.4
GlobalFinance Corp,web_form,2025-06-17 2:01:37,0,2,3,Basic,1251.71,12,3,AM_13,"Billing,Security",28.84009089,35.47729832,Feature Request,Billing,1,0,1,1,53.8
InsightlySoft,email,2025-07-02 16:01:37,1,2,4,Basic,1863.04,5,4,AM_7,"Analytics,Security",61.25344971,33.8997373,Performance,Integration,0,0,0,1,71.1
GlobalFinance Corp,web_form,2025-06-26 18:01:37,1,4,5,Pro,3045.17,56,0,AM_16,"Billing,Security,Analytics",51.35186003,32.30834564,How-To,Collaboration,0,1,0,1,67.3
GlobalFinance Corp,email,2025-07-03 14:01:37,0,2,5,Enterprise,1694.3,15,2,AM_10,"Security,Integration,Billing",56.64564007,43.74347948,Other,Analytics,0,0,1,1,58.6
InsightlySoft,email,2025-07-08 11:01:37,1,2,3,Basic,1642.57,42,2,AM_7,Analytics,59.75505262,23.77587551,Other,Security,0,1,0,1,75.1
InsightlySoft,web_form,2025-06-14 19:01:37,3,0,7,Basic,1691.83,58,0,AM_13,Billing,54.01241583,40.69520976,Performance,Billing,1,0,1,1,67.4
InsightlySoft,chat,2025-07-04 3:01:37,1,2,6,Basic,4094.51,49,2,AM_0,"Analytics,Collaboration,Security",51.0844146,36.50949255,Feature Request,Security,0,0,0,0,51.1
InsightlySoft,chat,2025-06-30 1:01:37,1,7,2,Enterprise,4636.45,46,1,AM_11,Analytics,46.8936089,27.09269131,Other,Billing,1,0,0,1,75.7
InsightlySoft,email,2025-06-29 1:01:37,2,2,1,Basic,6133.11,7,2,AM_19,"Analytics,Collaboration",52.33928014,37.23776164,How-To,Billing,0,0,0,0,57.9
InsightlySoft,web_form,2025-06-17 13:01:37,3,1,3,Pro,835.13,54,1,AM_9,"Collaboration,Analytics,Billing",44.74649039,48.19148463,Bug,Analytics,0,0,0,0,41.8
GlobalFinance Corp,chat,2025-06-29 20:01:37,0,3,1,Basic,514.16,2,1,AM_11,Collaboration,61.37677004,41.017511,Other,Collaboration,0,0,0,0,69.9
GlobalFinance Corp,web_form,2025-06-19 10:01:37,1,2,5,Basic,1269.95,55,1,AM_18,Billing,55.06979403,31.42096417,Performance,Analytics,1,0,0,0,65
InsightlySoft,chat,2025-06-29 8:01:37,3,6,1,Enterprise,1636.5,3,1,AM_14,"Security,Collaboration",62.85154249,42.75450051,Performance,Collaboration,0,1,0,1,77.5
GlobalFinance Corp,web_form,2025-07-05 7:01:37,1,1,7,Pro,3630.65,4,1,AM_2,"Analytics,Billing,Integration",51.36327997,25.62826965,How-To,Analytics,0,0,0,0,38.7
InsightlySoft,email,2025-06-15 9:01:37,1,2,1,Pro,4255.59,48,0,AM_8,Security,48.83966528,39.68070395,Performance,Billing,0,0,0,0,55.9
GlobalFinance Corp,web_form,2025-07-02 3:01:37,3,3,4,Basic,12434.3,16,2,AM_7,Security,47.16351669,49.21779373,Feature Request,Analytics,0,0,0,1,57.1
GlobalFinance Corp,chat,2025-06-28 13:01:37,1,3,7,Basic,1425.52,27,1,AM_9,Analytics,65.11329172,25.92736525,Other,Integration,0,0,0,0,69.4
InsightlySoft,email,2025-06-29 1:01:37,0,2,1,Basic,1545.1,22,2,AM_7,"Billing,Security",36.19992485,43.91494381,Other,Collaboration,0,0,0,0,42.9
InsightlySoft,web_form,2025-07-09 20:01:37,0,3,4,Pro,2343.18,3,0,AM_15,Security,29.56828644,27.59988864,Other,Collaboration,0,0,0,0,32.2
InsightlySoft,chat,2025-07-14 13:01:37,1,4,2,Pro,5149.99,49,1,AM_10,"Integration,Analytics,Collaboration",46.09247542,35.64552433,Feature Request,Analytics,0,0,0,0,41.9
GlobalFinance Corp,email,2025-06-26 6:01:37,2,3,5,Basic,3244.68,58,1,AM_7,"Collaboration,Integration",46.97511484,23.73292468,Feature Request,Billing,0,0,0,0,37.6
InsightlySoft,web_form,2025-06-30 2:01:37,0,1,2,Basic,2550.52,17,1,AM_17,"Collaboration,Security,Integration",59.10263547,45.26048676,Other,Billing,0,0,1,1,82.5
GlobalFinance Corp,chat,2025-06-22 13:01:37,0,4,1,Pro,3133.41,22,1,AM_6,"Integration,Analytics",61.94752317,26.97837346,Other,Security,0,0,0,0,70.3
InsightlySoft,web_form,2025-06-17 2:01:37,0,4,3,Enterprise,1873.39,52,1,AM_2,Billing,46.79540922,33.90513172,Performance,Analytics,1,0,0,1,69.8
GlobalFinance Corp,web_form,2025-06-18 2:01:37,1,4,4,Basic,4269.54,7,1,AM_7,"Analytics,Security,Collaboration",43.91898282,46.01084057,Bug,Security,0,0,0,0,52.3
GlobalFinance Corp,email,2025-07-09 14:01:37,2,2,4,Basic,234.84,57,1,AM_4,Collaboration,24.0332055,40.38378193,Feature Request,Billing,1,0,1,1,32.1
InsightlySoft,email,2025-06-17 8:01:37,2,6,3,Pro,2134.08,30,0,AM_4,"Analytics,Integration,Security",71.7137336,43.32117136,Performance,Security,0,0,0,1,84.1
GlobalFinance Corp,chat,2025-07-03 5:01:37,0,3,5,Basic,4928.64,8,1,AM_18,Billing,54.32683822,44.20800053,Other,Collaboration,0,0,0,0,54.3
GlobalFinance Corp,email,2025-06-28 8:01:37,0,0,7,Enterprise,1080.84,19,0,AM_16,Collaboration,61.37932821,39.23649316,Other,Collaboration,1,0,0,1,72
InsightlySoft,chat,2025-06-17 2:01:37,0,4,3,Enterprise,5562.49,7,0,AM_13,"Billing,Security,Collaboration",59.10088601,51.50214431,Other,Integration,0,1,0,1,84.9
GlobalFinance Corp,web_form,2025-06-29 18:01:37,0,2,1,Pro,4581.26,1,0,AM_17,"Security,Collaboration",30.14761052,40.47631865,Bug,Collaboration,0,0,0,0,44.7
InsightlySoft,web_form,2025-06-18 19:01:37,3,1,4,Pro,2607.29,16,0,AM_1,"Security,Collaboration,Analytics",43.12056077,34.77476486,Feature Request,Integration,0,0,0,0,39.9
InsightlySoft,chat,2025-06-25 5:01:37,0,0,4,Enterprise,871.65,50,1,AM_17,"Billing,Security",48.04214416,33.5934706,Other,Billing,0,0,0,1,51.2
InsightlySoft,web_form,2025-06-18 14:01:37,1,2,4,Pro,5921.45,57,1,AM_6,"Security,Analytics,Billing",46.38067536,33.40857027,Performance,Integration,0,0,0,0,57.2
InsightlySoft,email,2025-06-15 14:01:37,0,3,1,Pro,91.28,58,0,AM_16,"Collaboration,Analytics,Security",56.48030628,35.50338595,How-To,Analytics,0,0,0,0,50.9
GlobalFinance Corp,web_form,2025-07-12 9:01:37,1,1,7,Enterprise,2693.24,40,0,AM_17,"Analytics,Billing,Collaboration",34.60793984,43.48655982,How-To,Analytics,0,0,0,1,50
GlobalFinance Corp,email,2025-07-04 7:01:37,1,1,6,Pro,4577.56,31,2,AM_15,"Analytics,Security",43.84122208,25.3090213,Bug,Collaboration,0,0,0,0,49.8
GlobalFinance Corp,chat,2025-07-08 12:01:37,2,4,3,Basic,1993.11,39,0,AM_6,Integration,48.02292757,20.70401161,Feature Request,Integration,0,0,0,0,57.1
InsightlySoft,chat,2025-06-25 22:01:37,3,2,4,Basic,325.62,27,5,AM_17,"Integration,Billing",38.61507324,21.53511393,Feature Request,Analytics,1,0,0,0,38.9
GlobalFinance Corp,web_form,2025-07-08 0:01:37,1,0,3,Basic,5386.97,10,0,AM_11,Security,57.51693044,28.56681938,Bug,Integration,0,0,0,0,53.7
GlobalFinance Corp,web_form,2025-07-09 18:01:37,2,3,4,Pro,7193.59,34,0,AM_15,Analytics,50.92567432,36.28363483,How-To,Billing,0,0,1,1,65.3
InsightlySoft,email,2025-06-20 12:01:37,1,4,6,Enterprise,2485.59,47,1,AM_13,"Billing,Analytics,Integration",60.18430557,47.02509891,How-To,Security,0,0,0,1,69.9
InsightlySoft,email,2025-06-30 3:01:37,0,1,2,Basic,4641.57,14,0,AM_6,"Billing,Integration,Analytics",68.33520933,36.07666857,Other,Analytics,0,0,0,0,64.1
GlobalFinance Corp,web_form,2025-07-10 15:01:37,2,2,5,Pro,2830.33,2,1,AM_7,Analytics,46.24684829,38.11815057,Performance,Integration,0,1,0,1,61.8
InsightlySoft,web_form,2025-07-07 19:01:37,2,4,2,Basic,2554.9,39,1,AM_13,"Analytics,Integration",56.52460449,40.56123486,Other,Analytics,0,0,0,0,48.4
InsightlySoft,chat,2025-06-17 3:01:37,0,0,3,Enterprise,420.45,55,1,AM_19,"Analytics,Collaboration,Billing",29.0267184,41.92678271,Feature Request,Analytics,0,0,0,1,44.8
InsightlySoft,chat,2025-06-23 8:01:37,0,5,2,Basic,1722.32,22,2,AM_13,Security,33.37715282,46.6378346,Other,Billing,0,0,0,0,36.2
InsightlySoft,chat,2025-06-17 2:01:37,3,4,3,Pro,3407.02,26,1,AM_2,"Analytics,Integration,Security",51.21731643,32.35507714,Feature Request,Analytics,0,0,0,0,38.6
GlobalFinance Corp,web_form,2025-06-28 1:01:37,2,1,7,Pro,1818.06,44,0,AM_7,"Analytics,Security",44.89298704,32.79772197,Other,Security,0,0,1,1,51.7
InsightlySoft,web_form,2025-06-29 13:01:37,1,3,1,Basic,2885.16,5,0,AM_18,"Analytics,Security,Collaboration",64.13237674,32.27554747,Performance,Analytics,0,0,0,1,80.1
InsightlySoft,web_form,2025-06-20 17:01:37,2,3,6,Enterprise,6755.92,38,3,AM_11,Collaboration,54.21176467,47.85954852,Other,Billing,1,0,0,1,60.4
InsightlySoft,chat,2025-07-01 4:01:37,2,2,3,Basic,1368.17,16,1,AM_10,Analytics,33.68966278,42.66397794,Other,Collaboration,0,0,1,1,50.3
InsightlySoft,web_form,2025-06-20 13:01:37,1,1,6,Basic,5289.28,12,1,AM_10,"Security,Integration,Billing",51.0788161,37.1691429,Other,Billing,0,0,1,1,61.2
InsightlySoft,email,2025-06-18 9:01:37,1,2,4,Pro,88.43,41,4,AM_2,"Analytics,Billing",43.48490334,53.80602087,Feature Request,Billing,0,0,0,0,42.9
InsightlySoft,web_form,2025-06-18 21:01:37,1,1,4,Basic,5745.08,52,0,AM_8,"Collaboration,Security",61.37915042,33.27780446,Other,Integration,2,0,1,1,85.1
InsightlySoft,web_form,2025-07-04 11:01:37,1,3,6,Pro,338.42,44,2,AM_10,Integration,45.95353506,28.2468936,How-To,Integration,1,1,0,1,46.5
InsightlySoft,web_form,2025-06-26 16:01:37,0,5,5,Basic,1163.35,42,1,AM_18,"Billing,Security,Collaboration",44.77316799,25.0879519,How-To,Collaboration,0,0,0,0,33.4
GlobalFinance Corp,web_form,2025-07-10 21:01:37,3,4,5,Basic,2161.21,17,4,AM_9,Analytics,38.05768045,40.17835611,Performance,Security,1,0,0,0,43.8
InsightlySoft,web_form,2025-07-03 14:01:37,3,6,5,Pro,3149.77,25,0,AM_15,"Integration,Collaboration",36.52488938,25.82712184,Bug,Analytics,0,1,0,1,48.7
GlobalFinance Corp,email,2025-06-19 3:01:37,0,2,5,Pro,9179.98,24,0,AM_3,"Analytics,Billing,Integration",40.11659779,41.27695628,Other,Billing,0,0,0,1,44.1
InsightlySoft,email,2025-06-18 18:01:37,2,2,4,Basic,1100.31,11,1,AM_0,"Analytics,Billing",57.70168709,33.68643118,Other,Collaboration,1,0,0,0,46.2
InsightlySoft,web_form,2025-07-01 9:01:37,0,1,3,Basic,267.64,18,1,AM_3,Security,65.03190015,30.70355706,Feature Request,Security,1,0,0,0,65.2
InsightlySoft,chat,2025-07-12 4:01:37,1,2,7,Pro,1842.1,36,0,AM_7,"Collaboration,Billing,Integration",64.25801743,42.60927517,Bug,Analytics,0,0,0,0,64.6
InsightlySoft,web_form,2025-07-02 6:01:37,3,3,4,Basic,1270.59,3,1,AM_15,"Integration,Security",52.72863216,31.16201125,Bug,Integration,0,0,0,0,48.2
GlobalFinance Corp,web_form,2025-06-27 23:01:37,3,4,6,Enterprise,2749.77,19,1,AM_5,"Integration,Collaboration,Billing",40.21674369,30.09593263,Other,Collaboration,0,0,0,1,55.5
InsightlySoft,web_form,2025-06-17 18:01:37,3,3,3,Pro,7683.39,6,3,AM_0,"Analytics,Billing,Integration",35.70550566,35.77808624,Other,Billing,0,0,0,1,43.7
InsightlySoft,chat,2025-06-21 3:01:37,1,5,7,Basic,3093.07,23,2,AM_15,"Collaboration,Billing",50.3565552,31.31585735,Other,Collaboration,0,0,0,0,48.2
GlobalFinance Corp,chat,2025-06-18 22:01:37,2,2,4,Pro,2588.35,40,0,AM_0,Security,37.9704773,42.39034024,Bug,Analytics,0,0,0,0,41.7
GlobalFinance Corp,chat,2025-07-02 3:01:37,0,3,4,Pro,847.43,7,0,AM_19,"Integration,Collaboration",68.24642979,47.32018415,How-To,Billing,0,0,0,0,78.3
InsightlySoft,email,2025-07-04 5:01:37,0,0,6,Pro,922.69,47,2,AM_15,"Analytics,Integration",55.7003461,54.50345706,Feature Request,Billing,0,0,0,0,57.3
GlobalFinance Corp,chat,2025-06-24 20:01:37,1,3,3,Enterprise,1718.51,44,0,AM_3,"Billing,Collaboration,Security",48.08595098,32.4827074,How-To,Security,0,0,0,1,65.6
GlobalFinance Corp,email,2025-06-29 9:01:37,1,2,1,Enterprise,6657.28,47,1,AM_1,"Collaboration,Security,Billing",50.43820903,30.83397512,Other,Billing,0,0,0,1,66
GlobalFinance Corp,email,2025-06-16 11:01:37,2,2,2,Pro,2598.82,9,3,AM_13,"Analytics,Security",48.01941269,24.69595615,Bug,Analytics,0,0,0,0,61.2
InsightlySoft,chat,2025-07-08 2:01:37,1,4,3,Pro,2047.5,2,1,AM_5,"Integration,Analytics",58.94557587,39.06002166,How-To,Analytics,0,0,0,0,62.3
InsightlySoft,chat,2025-07-07 20:01:37,1,4,2,Basic,2346.25,58,0,AM_19,Security,51.37194027,46.0748893,Bug,Analytics,0,0,1,1,57.5
InsightlySoft,chat,2025-07-06 5:01:37,0,2,1,Basic,5383.37,52,1,AM_11,"Security,Analytics,Collaboration",41.5906299,25.83112,Other,Billing,2,0,0,0,43.9
GlobalFinance Corp,email,2025-07-03 15:01:37,0,3,5,Basic,3398.63,47,1,AM_4,"Billing,Integration",51.46327113,24.28051335,How-To,Integration,0,0,0,0,48.6
InsightlySoft,web_form,2025-07-09 0:01:37,1,6,4,Basic,7869.4,50,1,AM_13,Security,45.73706695,59.11444499,Bug,Collaboration,0,1,0,1,46.9
GlobalFinance Corp,chat,2025-06-29 10:01:37,1,0,1,Basic,2614.96,45,1,AM_4,"Collaboration,Billing,Analytics",44.06199853,25.56535652,Performance,Analytics,0,0,0,0,44.5
InsightlySoft,chat,2025-06-26 7:01:37,1,2,5,Enterprise,654.57,48,4,AM_17,Collaboration,44.72300231,30.38111085,How-To,Security,1,0,0,1,62.1
InsightlySoft,chat,2025-06-21 3:01:37,1,0,7,Pro,56.71,47,2,AM_15,"Security,Integration",46.43353005,17.91776589,Feature Request,Security,0,0,0,0,48.8
GlobalFinance Corp,email,2025-07-14 1:01:37,2,4,2,Basic,1144.28,11,2,AM_15,"Integration,Collaboration,Security",19.07637195,14.13514359,Bug,Billing,1,1,0,1,35.1
InsightlySoft,email,2025-07-11 22:01:37,4,1,6,Basic,194.37,3,0,AM_9,Integration,53.55575469,34.31330776,Other,Billing,0,0,1,1,52.6
GlobalFinance Corp,web_form,2025-07-09 5:01:37,2,1,4,Pro,1568.01,42,0,AM_10,"Billing,Integration",54.75253147,46.36582497,Other,Security,2,0,0,0,56
GlobalFinance Corp,chat,2025-06-15 14:01:37,0,4,1,Basic,624.36,49,3,AM_4,Collaboration,37.53799814,35.88925661,How-To,Billing,1,0,0,0,27.3
InsightlySoft,email,2025-06-26 20:01:37,5,1,5,Basic,1557.14,30,2,AM_3,Analytics,32.38375432,19.07253306,Other,Security,0,0,0,0,27.6
GlobalFinance Corp,web_form,2025-07-01 22:01:37,0,2,3,Basic,1528.5,8,0,AM_19,"Billing,Security",62.50547284,35.46625578,Performance,Collaboration,1,0,0,1,63.3
InsightlySoft,chat,2025-06-17 16:01:37,0,1,3,Basic,970.01,37,2,AM_6,"Integration,Billing,Security",69.56311651,22.52997939,Feature Request,Integration,0,0,0,0,53.7
InsightlySoft,email,2025-07-07 12:01:37,0,6,2,Pro,3173.73,21,4,AM_5,"Analytics,Security",47.14236288,27.60585244,How-To,Analytics,0,0,0,0,36.9
GlobalFinance Corp,chat,2025-06-27 14:01:37,0,8,6,Basic,1704.48,8,3,AM_14,"Collaboration,Billing,Security",59.28032626,36.65101469,How-To,Collaboration,0,0,0,0,48.1
InsightlySoft,chat,2025-07-10 17:01:37,2,4,5,Basic,6717.6,47,1,AM_14,Integration,46.45418509,34.74643741,Other,Billing,0,0,1,1,51.6
GlobalFinance Corp,email,2025-06-16 7:01:37,2,2,2,Basic,237.39,11,0,AM_16,Billing,50.06250821,37.90894896,Bug,Collaboration,0,0,0,0,43.9
InsightlySoft,email,2025-07-08 8:01:37,2,1,3,Basic,1586.07,41,1,AM_9,"Security,Collaboration",43.98189852,44.41022916,Other,Integration,0,0,0,0,38.1
InsightlySoft,email,2025-06-15 19:01:37,1,3,1,Pro,4487.65,57,2,AM_17,Collaboration,55.54778629,35.63841735,Bug,Security,0,0,0,0,52.9
InsightlySoft,chat,2025-07-04 16:01:37,1,2,6,Pro,2046.83,58,1,AM_10,Security,51.18718324,29.80791761,Other,Security,0,0,0,0,36.6
InsightlySoft,chat,2025-07-02 2:01:37,2,3,4,Pro,10151.36,57,0,AM_17,"Collaboration,Analytics,Integration",62.09931134,40.52073367,Bug,Security,0,0,0,1,62.6
InsightlySoft,web_form,2025-07-02 21:01:37,1,5,4,Pro,576.47,34,1,AM_1,"Analytics,Security",44.71944142,22.53150522,Bug,Billing,1,1,1,1,62
GlobalFinance Corp,chat,2025-07-13 15:01:37,0,2,1,Basic,1139.5,39,0,AM_2,"Integration,Collaboration,Security",52.58444639,36.41400109,Performance,Integration,0,0,1,1,66.3
GlobalFinance Corp,email,2025-06-28 0:01:37,0,2,7,Basic,370.42,16,1,AM_5,"Billing,Analytics",56.04542046,46.33373149,Performance,Integration,0,0,0,0,59.7
GlobalFinance Corp,chat,2025-06-29 18:01:37,1,7,1,Enterprise,849.99,7,1,AM_2,Collaboration,52.64564861,30.43512337,Performance,Billing,0,1,1,1,62.5
GlobalFinance Corp,web_form,2025-07-12 6:01:37,1,5,7,Enterprise,3349.1,4,0,AM_6,Analytics,51.48508908,31.15078796,Other,Analytics,0,0,0,1,60.3
GlobalFinance Corp,web_form,2025-07-06 8:01:37,0,5,1,Basic,2002.12,32,1,AM_2,"Integration,Security",62.61061623,50.84175127,Feature Request,Security,0,0,0,0,71.2
GlobalFinance Corp,email,2025-06-20 13:01:37,1,3,6,Enterprise,530.45,37,0,AM_14,"Collaboration,Analytics",37.68019648,37.82031641,Performance,Collaboration,0,0,0,1,55.4
InsightlySoft,email,2025-06-29 8:01:37,0,2,1,Enterprise,1931.33,46,1,AM_12,"Integration,Billing",53.96437341,36.82008019,How-To,Collaboration,0,1,0,1,63.8
InsightlySoft,web_form,2025-06-22 13:01:37,0,3,1,Enterprise,5639.83,22,1,AM_5,Integration,40.93794362,38.18107585,Feature Request,Collaboration,2,0,0,1,46.9
GlobalFinance Corp,web_form,2025-07-08 10:01:37,2,4,3,Basic,1738.52,7,3,AM_1,"Integration,Collaboration,Billing",39.39549602,28.52560664,How-To,Analytics,1,0,0,0,41.7
GlobalFinance Corp,web_form,2025-07-10 12:01:37,0,4,5,Enterprise,39.91,13,0,AM_1,Billing,44.28555587,45.20326282,Performance,Billing,0,0,0,1,68.3
InsightlySoft,email,2025-06-19 11:01:37,1,1,5,Pro,169.46,18,0,AM_18,Analytics,51.66366142,48.4522157,How-To,Billing,0,0,0,0,53.9
InsightlySoft,web_form,2025-06-26 4:01:37,3,2,5,Basic,1729.4,42,2,AM_7,Billing,52.78481395,33.72149095,Other,Security,0,0,0,0,49
InsightlySoft,web_form,2025-07-05 5:01:37,2,5,7,Pro,2698.63,34,1,AM_8,"Analytics,Collaboration",45.71160916,39.26444581,How-To,Analytics,0,0,0,0,46.7
GlobalFinance Corp,email,2025-07-09 13:01:37,2,1,4,Basic,6528.73,13,2,AM_1,Integration,56.19451316,43.71238686,Feature Request,Collaboration,0,0,1,1,80.8
GlobalFinance Corp,chat,2025-07-04 22:01:37,0,4,6,Basic,12045.74,34,1,AM_6,"Security,Collaboration,Analytics",56.97168281,44.0920358,Performance,Billing,0,0,0,1,70.9
GlobalFinance Corp,chat,2025-07-08 0:01:37,1,4,3,Enterprise,11793.02,29,1,AM_16,"Collaboration,Billing",66.32290891,45.18068831,How-To,Analytics,2,0,0,1,72.5
InsightlySoft,web_form,2025-06-21 16:01:37,3,3,7,Enterprise,2448.62,47,0,AM_14,Analytics,43.93826312,24.18087261,How-To,Integration,0,1,0,1,50.9
InsightlySoft,chat,2025-06-30 1:01:37,0,5,2,Enterprise,109.15,5,1,AM_3,Billing,40.53458882,41.42139513,How-To,Analytics,0,0,0,1,43
GlobalFinance Corp,chat,2025-07-11 22:01:37,0,3,6,Enterprise,720.42,54,0,AM_12,Analytics,49.14502855,48.25662568,How-To,Security,0,0,0,1,53.7
GlobalFinance Corp,chat,2025-07-07 13:01:37,3,6,2,Pro,1709.24,31,1,AM_2,Collaboration,34.14429958,40.7066812,Feature Request,Collaboration,0,0,1,1,40.9
InsightlySoft,chat,2025-06-18 5:01:37,3,2,4,Pro,6352.7,11,0,AM_11,"Collaboration,Integration",70.20445788,48.34660082,Bug,Billing,0,0,0,0,76.1
InsightlySoft,web_form,2025-06-16 8:01:37,3,4,2,Enterprise,65.38,38,1,AM_2,"Integration,Collaboration",44.79665615,35.94932382,Other,Billing,0,0,0,1,44.9
InsightlySoft,chat,2025-06-21 11:01:37,2,4,7,Basic,2136.01,51,1,AM_18,"Security,Collaboration",40.05952337,39.05470637,Performance,Integration,1,0,1,1,64.3
InsightlySoft,chat,2025-07-03 21:01:37,3,4,5,Enterprise,3179.32,47,2,AM_8,"Analytics,Security",48.75312229,35.71823369,Bug,Integration,0,0,1,1,58.6
GlobalFinance Corp,email,2025-07-05 17:01:37,1,3,7,Pro,1020,4,1,AM_15,"Security,Billing",48.97901967,40.29088918,Other,Integration,0,1,0,1,60.6
InsightlySoft,web_form,2025-07-09 14:01:37,0,0,4,Enterprise,1137.98,7,2,AM_17,Integration,50.41300309,42.35650974,How-To,Security,0,1,0,1,57.4
InsightlySoft,email,2025-07-08 0:01:37,2,0,3,Pro,1475.16,23,1,AM_15,"Security,Analytics",52.60084302,26.52908627,Bug,Collaboration,0,0,0,0,56
InsightlySoft,email,2025-07-06 9:01:37,0,3,1,Basic,963.07,31,0,AM_11,Security,38.37128444,36.59530574,Other,Integration,0,0,0,0,41.9
GlobalFinance Corp,web_form,2025-06-25 20:01:37,3,1,4,Enterprise,1724.43,54,0,AM_6,"Collaboration,Integration,Billing",51.5378454,36.22166206,Other,Collaboration,0,0,0,1,45.7
GlobalFinance Corp,chat,2025-06-28 0:01:37,0,6,7,Pro,516.26,17,1,AM_18,"Collaboration,Security,Billing",45.18381414,31.64817154,Bug,Collaboration,0,0,0,0,36.6
InsightlySoft,email,2025-06-25 12:01:37,1,4,4,Basic,666.93,10,1,AM_11,Collaboration,43.6320406,38.56175576,How-To,Integration,1,0,0,0,46.9
InsightlySoft,web_form,2025-07-03 7:01:37,0,6,5,Basic,113.53,22,1,AM_10,Integration,57.18596605,28.97964729,How-To,Collaboration,0,0,0,0,61.4
InsightlySoft,chat,2025-07-06 4:01:37,0,1,1,Pro,1589.59,30,1,AM_11,"Billing,Integration",32.05409144,28.92145453,Performance,Billing,0,1,0,1,46.5
GlobalFinance Corp,web_form,2025-07-13 2:01:37,0,5,1,Basic,3686.21,29,2,AM_18,"Analytics,Collaboration",55.25519812,30.8575583,Other,Collaboration,0,0,1,1,63.5
GlobalFinance Corp,email,2025-07-03 9:01:37,0,4,5,Enterprise,2116.58,17,2,AM_16,"Analytics,Collaboration,Integration",65.89964581,26.06962605,Performance,Collaboration,0,0,0,1,75.5
GlobalFinance Corp,chat,2025-06-15 14:01:37,1,4,1,Basic,2269.27,43,2,AM_14,"Security,Collaboration,Billing",51.93924123,30.30410394,How-To,Billing,1,0,0,0,69.2
InsightlySoft,chat,2025-07-10 21:01:37,2,2,5,Pro,1793.22,21,1,AM_9,Analytics,68.14677953,50.54623267,Other,Billing,0,0,1,1,91.3
GlobalFinance Corp,web_form,2025-07-13 0:01:37,2,2,1,Basic,2637.32,22,1,AM_3,"Integration,Analytics,Collaboration",55.37364072,27.10505015,Performance,Analytics,0,0,0,0,62.5
InsightlySoft,chat,2025-06-25 9:01:37,3,4,4,Basic,782.83,48,0,AM_17,Collaboration,45.22038754,28.7755141,Performance,Analytics,0,0,0,0,38.2
InsightlySoft,email,2025-06-28 23:01:37,0,3,7,Basic,697.75,39,0,AM_12,Billing,40.13169334,37.03743333,Performance,Integration,0,0,0,0,33.6
InsightlySoft,email,2025-07-10 7:01:37,3,6,5,Pro,8540.1,40,1,AM_4,"Security,Billing,Collaboration",46.78211213,27.59154945,Other,Security,0,0,0,1,48.5
GlobalFinance Corp,email,2025-07-01 2:01:37,2,2,3,Pro,1795.74,48,2,AM_19,Analytics,49.39265482,28.78270881,Feature Request,Collaboration,0,1,0,1,60.4
InsightlySoft,web_form,2025-07-12 1:01:37,4,5,7,Pro,5266.44,48,1,AM_19,Billing,45.14475848,26.29562446,Feature Request,Collaboration,0,0,0,0,35.5
GlobalFinance Corp,chat,2025-06-29 13:01:37,4,2,1,Enterprise,7460.67,57,1,AM_3,Analytics,55.57490311,36.11864603,How-To,Security,1,0,0,1,81.8
GlobalFinance Corp,chat,2025-06-24 14:01:37,1,1,3,Pro,2862.63,22,0,AM_15,Integration,34.76379907,34.13065006,Other,Integration,0,0,0,0,40.6
InsightlySoft,chat,2025-06-17 19:01:37,0,2,3,Pro,1064.86,27,4,AM_19,"Billing,Integration",37.0479248,39.58552078,Other,Collaboration,1,0,1,1,61.6
InsightlySoft,email,2025-07-13 18:01:37,1,5,1,Basic,3416.46,23,0,AM_8,"Security,Billing,Collaboration",50.15941645,37.64730764,Bug,Analytics,1,0,0,0,61.7
GlobalFinance Corp,chat,2025-06-22 6:01:37,1,3,1,Basic,1691.17,4,2,AM_6,"Analytics,Integration,Collaboration",41.63749402,45.27834612,Performance,Collaboration,1,0,0,0,33.9
InsightlySoft,email,2025-07-12 4:01:37,1,9,7,Basic,10843.33,26,2,AM_17,Analytics,46.32525682,31.73905623,How-To,Billing,0,0,0,1,61.7
GlobalFinance Corp,chat,2025-06-24 7:01:37,1,1,3,Basic,5002.63,39,0,AM_9,"Collaboration,Security,Integration",35.35300504,26.6493218,Other,Collaboration,0,0,0,0,27.6
InsightlySoft,email,2025-07-03 9:01:37,1,3,5,Basic,5061.3,58,2,AM_14,"Integration,Analytics,Collaboration",44.88136277,29.18621034,Bug,Collaboration,1,0,0,0,46.9
GlobalFinance Corp,chat,2025-07-05 5:01:37,0,4,7,Basic,2665.22,17,2,AM_8,"Security,Integration",45.13337356,50.45489144,Bug,Billing,0,0,0,0,57
GlobalFinance Corp,web_form,2025-07-13 22:01:37,1,1,1,Enterprise,25.35,3,0,AM_17,"Collaboration,Integration",41.67684676,20.01578756,Other,Analytics,1,0,0,1,53.8
GlobalFinance Corp,web_form,2025-07-14 15:01:37,0,3,2,Pro,5348.17,17,2,AM_10,"Analytics,Billing",51.88891584,44.89638572,How-To,Billing,1,0,0,0,54.6
GlobalFinance Corp,email,2025-06-27 5:01:37,1,2,6,Enterprise,77.1,43,0,AM_11,"Collaboration,Integration",37.43635299,44.83941885,How-To,Security,0,0,0,1,30.5
InsightlySoft,email,2025-07-01 23:01:37,1,1,3,Enterprise,391.55,40,2,AM_1,"Billing,Security",62.29315292,38.12437892,Feature Request,Analytics,0,0,0,1,73.7
InsightlySoft,chat,2025-06-26 18:01:37,0,3,5,Enterprise,5472.89,19,1,AM_8,Integration,50.85456506,28.71687325,Feature Request,Collaboration,0,0,0,1,65.5
GlobalFinance Corp,chat,2025-07-09 2:01:37,1,4,4,Basic,740.75,39,1,AM_16,"Integration,Billing,Security",41.45406737,40.20012506,How-To,Billing,0,0,0,0,45.5
GlobalFinance Corp,web_form,2025-06-23 7:01:37,2,2,2,Basic,5518.93,18,1,AM_2,"Analytics,Billing",17.84881899,29.40017586,Bug,Billing,0,0,1,1,37.8
InsightlySoft,chat,2025-07-06 17:01:37,1,1,1,Basic,808.94,28,0,AM_13,"Analytics,Billing",67.68136397,32.09901449,Feature Request,Analytics,1,0,0,0,64.3
InsightlySoft,email,2025-06-20 9:01:37,0,2,6,Enterprise,4418.28,53,0,AM_2,"Collaboration,Billing,Integration",53.41058263,37.79794382,Bug,Billing,0,1,1,1,74.4
InsightlySoft,email,2025-06-27 11:01:37,0,5,6,Basic,2343.81,15,1,AM_5,Integration,58.99101726,31.96595201,Feature Request,Security,0,0,0,0,54.8
InsightlySoft,email,2025-07-09 20:01:37,1,2,4,Basic,3335.04,51,1,AM_10,"Integration,Billing,Security",54.54418159,27.21158638,Bug,Integration,0,0,0,0,59.6
InsightlySoft,email,2025-06-17 0:01:37,0,2,3,Basic,5461.98,26,1,AM_2,"Collaboration,Security",57.02969102,34.4403653,Performance,Collaboration,0,0,1,1,63.2
InsightlySoft,email,2025-07-06 1:01:37,2,0,1,Basic,12410.83,35,0,AM_14,Security,50.75973275,39.99783283,Other,Security,0,0,0,1,63.6
GlobalFinance Corp,web_form,2025-07-13 8:01:37,2,1,1,Pro,268.76,16,0,AM_7,Collaboration,51.87788467,45.15639912,How-To,Billing,0,1,0,1,74.5
InsightlySoft,web_form,2025-06-17 17:01:37,0,1,3,Pro,3469.2,15,2,AM_1,Analytics,49.89156848,41.31461817,Performance,Integration,0,0,0,0,61.2
InsightlySoft,email,2025-07-01 12:01:37,1,0,3,Pro,9562.53,5,1,AM_10,"Security,Analytics,Collaboration",56.37362563,48.38993911,How-To,Collaboration,2,0,0,1,70.8
GlobalFinance Corp,chat,2025-07-09 18:01:37,1,4,4,Pro,1404.24,46,0,AM_13,"Billing,Integration,Security",56.78519332,37.99290383,Bug,Security,0,0,0,0,55
InsightlySoft,email,2025-06-18 15:01:37,2,1,4,Basic,1218.25,24,1,AM_2,"Collaboration,Analytics,Integration",51.90208664,34.53563311,Feature Request,Analytics,0,0,1,1,64.1
InsightlySoft,web_form,2025-06-22 21:01:37,0,6,1,Basic,3418.09,2,1,AM_9,"Billing,Analytics",57.02573374,50.22842686,Feature Request,Collaboration,0,0,0,0,65.9
InsightlySoft,email,2025-06-20 13:01:37,1,1,6,Pro,1542.25,59,1,AM_17,Integration,57.70765393,32.96753523,Feature Request,Analytics,0,0,0,0,56.1
InsightlySoft,web_form,2025-07-11 1:01:37,2,2,6,Basic,724.15,36,1,AM_17,"Collaboration,Analytics",42.31319626,42.99891985,Other,Collaboration,0,0,0,0,35.5
InsightlySoft,web_form,2025-06-23 10:01:37,0,3,2,Basic,528.3,52,1,AM_11,Billing,41.94992114,46.05249927,Other,Billing,0,0,0,0,36.7
GlobalFinance Corp,email,2025-07-12 19:01:37,1,4,7,Enterprise,641.92,45,3,AM_18,Billing,56.51688342,17.18896651,How-To,Security,0,0,0,1,69.8
InsightlySoft,email,2025-06-15 22:01:37,2,0,1,Pro,3655.34,48,1,AM_18,Security,41.20736602,36.36446839,Feature Request,Collaboration,0,0,0,0,50.6
GlobalFinance Corp,chat,2025-06-23 0:01:37,1,5,2,Basic,7528.65,31,2,AM_8,Billing,52.34253965,27.21285608,Performance,Analytics,0,0,0,1,70
GlobalFinance Corp,web_form,2025-07-02 22:01:37,3,6,4,Enterprise,4919.9,30,2,AM_0,Security,38.51175043,26.73942383,How-To,Collaboration,0,0,0,1,58
InsightlySoft,chat,2025-06-29 1:01:37,0,1,1,Basic,1783.72,12,0,AM_11,Security,45.74711345,29.30638688,Other,Collaboration,1,1,0,1,57
GlobalFinance Corp,email,2025-06-18 4:01:37,3,2,4,Pro,2256.15,59,2,AM_1,Security,22.08737107,21.53192371,Other,Collaboration,0,0,0,0,17.6
InsightlySoft,web_form,2025-07-09 4:01:37,0,1,4,Pro,2904.12,37,0,AM_1,"Security,Integration,Billing",42.08845896,42.52390793,Feature Request,Billing,0,1,0,1,46
GlobalFinance Corp,chat,2025-06-16 23:01:37,1,4,2,Pro,2602.12,54,1,AM_4,"Integration,Analytics,Security",49.58568552,33.81329501,Other,Security,0,0,0,0,61.5
GlobalFinance Corp,chat,2025-07-04 10:01:37,0,4,6,Basic,10370.71,57,3,AM_0,"Integration,Billing",40.42543195,44.6356904,Bug,Integration,0,0,0,1,44.8
InsightlySoft,chat,2025-06-17 14:01:37,0,4,3,Enterprise,6532.97,21,0,AM_11,Security,30.9491055,38.26890942,Other,Collaboration,0,0,0,1,42.4
InsightlySoft,email,2025-07-01 12:01:37,1,4,3,Basic,133.55,12,1,AM_4,"Collaboration,Integration",40.16946978,35.59059447,Feature Request,Collaboration,0,0,0,0,56.8
InsightlySoft,email,2025-06-26 14:01:37,0,7,5,Basic,5419.39,58,0,AM_13,"Billing,Analytics,Integration",44.93664062,29.10126162,How-To,Billing,0,0,0,0,49.5
InsightlySoft,email,2025-07-07 10:01:37,1,4,2,Basic,363.32,40,1,AM_7,"Billing,Security",53.05788191,33.03331796,Other,Analytics,0,0,0,0,44.9
InsightlySoft,web_form,2025-06-16 4:01:37,2,3,2,Basic,3515.58,37,2,AM_10,"Integration,Analytics",47.54382881,39.24125067,Performance,Integration,0,0,0,0,57.6
GlobalFinance Corp,email,2025-06-20 8:01:37,0,8,6,Basic,1009.15,35,0,AM_17,Security,38.5798196,33.67941044,Performance,Integration,0,0,0,0,33
GlobalFinance Corp,web_form,2025-06-30 3:01:37,3,5,2,Basic,4453.49,22,1,AM_9,"Integration,Billing",58.83618403,31.1790932,Bug,Integration,0,0,0,0,58.4
GlobalFinance Corp,chat,2025-07-08 19:01:37,1,4,3,Basic,25.93,45,3,AM_8,"Integration,Collaboration",65.3479839,35.94252561,How-To,Billing,0,0,0,0,61.8
GlobalFinance Corp,chat,2025-06-28 4:01:37,0,6,7,Enterprise,1445.12,36,2,AM_14,"Security,Analytics",40.59548298,45.38072593,Bug,Integration,1,0,0,1,52.2
GlobalFinance Corp,email,2025-06-18 18:01:37,2,3,4,Basic,65.27,53,1,AM_9,"Security,Integration,Collaboration",66.0085544,37.31337713,Bug,Analytics,0,0,0,0,68.4
GlobalFinance Corp,chat,2025-06-14 20:01:37,1,3,7,Basic,9206.85,8,1,AM_3,Security,45.35508241,44.57717355,Feature Request,Security,0,0,0,1,57
GlobalFinance Corp,email,2025-06-17 23:01:37,2,1,3,Enterprise,46.45,27,2,AM_10,Collaboration,52.6617102,18.61853399,Feature Request,Integration,0,0,0,1,66.6
InsightlySoft,web_form,2025-06-29 9:01:37,1,3,1,Basic,506.29,27,1,AM_16,Collaboration,61.10554354,36.95823514,Feature Request,Collaboration,0,0,0,0,67.2
InsightlySoft,chat,2025-06-23 21:01:37,2,3,2,Basic,2324.85,36,1,AM_17,Billing,60.50963438,34.99363221,Performance,Analytics,1,0,1,1,75.2
GlobalFinance Corp,email,2025-06-18 20:01:37,2,4,4,Basic,3116.66,7,2,AM_16,"Analytics,Billing,Security",44.8710391,28.61239434,Other,Analytics,0,1,0,1,45.3
GlobalFinance Corp,chat,2025-06-29 8:01:37,1,1,1,Basic,3916.81,3,1,AM_0,Security,60.64697967,37.40447155,How-To,Integration,0,0,0,0,49.2
InsightlySoft,chat,2025-06-20 15:01:37,1,4,6,Pro,850.68,4,1,AM_11,"Billing,Integration",53.3508461,42.50207231,Feature Request,Collaboration,0,0,0,0,46.1
InsightlySoft,email,2025-06-28 20:01:37,1,2,7,Basic,1074.29,24,0,AM_14,"Security,Collaboration,Analytics",46.64467827,36.71099828,How-To,Analytics,0,0,0,0,49.3
InsightlySoft,chat,2025-07-11 4:01:37,1,2,6,Basic,822.93,8,0,AM_16,"Security,Integration",40.87929747,26.05319979,Bug,Billing,0,0,0,0,40.3
InsightlySoft,chat,2025-06-25 14:01:37,0,5,4,Basic,839.43,45,1,AM_19,"Integration,Collaboration,Billing",46.08741661,39.70348877,Other,Integration,0,1,0,1,61.6
GlobalFinance Corp,chat,2025-07-01 5:01:37,0,1,3,Basic,4566.93,13,0,AM_2,Security,55.42226258,45.27092548,Performance,Collaboration,0,0,0,0,40
InsightlySoft,chat,2025-06-23 0:01:37,1,1,2,Basic,8869.47,9,4,AM_6,Collaboration,44.18157384,37.22616542,How-To,Security,0,0,0,1,50.7
GlobalFinance Corp,web_form,2025-06-24 9:01:37,1,0,3,Basic,2717.56,20,0,AM_0,"Analytics,Integration,Collaboration",50.74680704,35.52542547,Other,Analytics,0,0,0,0,54.2
GlobalFinance Corp,chat,2025-06-28 5:01:37,2,2,7,Pro,513.9,58,5,AM_19,Analytics,42.86599241,30.57635321,How-To,Security,0,0,0,0,41
GlobalFinance Corp,chat,2025-06-29 23:01:37,3,5,1,Pro,203.02,20,0,AM_10,"Billing,Integration,Analytics",57.03436156,39.05227406,Bug,Collaboration,0,0,1,1,72.4
InsightlySoft,email,2025-07-02 18:01:37,0,2,4,Pro,820.06,5,0,AM_4,Integration,39.41305496,33.08906407,Feature Request,Billing,0,0,0,0,37.5
InsightlySoft,web_form,2025-06-25 15:01:37,2,2,4,Enterprise,587.29,46,1,AM_2,"Collaboration,Integration,Billing",70.60596258,65.7296745,Bug,Collaboration,0,0,0,1,87.6
GlobalFinance Corp,email,2025-06-18 18:01:37,1,1,4,Pro,2591.96,5,1,AM_19,Security,50.40904854,45.05215404,How-To,Security,1,0,0,0,48
GlobalFinance Corp,email,2025-06-22 10:01:37,2,2,1,Basic,3591.3,35,1,AM_8,Collaboration,41.37879538,38.07052912,Performance,Collaboration,0,1,0,1,67.3
GlobalFinance Corp,email,2025-07-02 15:01:37,1,2,4,Basic,13.8,1,1,AM_7,"Security,Billing,Collaboration",42.87663269,39.81177879,How-To,Collaboration,0,0,0,0,39.9
InsightlySoft,web_form,2025-07-07 18:01:37,1,4,2,Basic,1737.42,42,0,AM_1,"Security,Analytics",37.82131384,34.89105066,Performance,Analytics,0,0,1,1,58.1
GlobalFinance Corp,email,2025-06-18 21:01:37,3,3,4,Basic,2926.37,15,0,AM_18,Billing,58.36766962,39.7352556,Performance,Collaboration,0,0,0,0,46.1
InsightlySoft,email,2025-06-26 22:01:37,0,1,5,Enterprise,642.83,17,2,AM_15,"Analytics,Billing,Collaboration",51.23957182,40.76336562,How-To,Billing,1,0,0,1,67.7
GlobalFinance Corp,email,2025-06-15 12:01:37,0,1,1,Pro,6937.02,12,0,AM_15,Security,51.27079999,29.67728049,How-To,Analytics,0,0,0,0,49
GlobalFinance Corp,chat,2025-06-24 8:01:37,1,2,3,Basic,2388.95,46,1,AM_3,Billing,52.22651472,34.01650773,Performance,Billing,1,0,0,0,59.9
GlobalFinance Corp,email,2025-06-29 23:01:37,1,6,1,Basic,1271.18,56,2,AM_9,"Billing,Collaboration",40.83525342,38.56643824,How-To,Security,0,0,0,0,52.8
InsightlySoft,web_form,2025-07-06 14:01:37,0,5,1,Pro,56.56,36,1,AM_16,"Analytics,Billing,Collaboration",45.09595222,39.32826746,Other,Collaboration,0,0,0,0,44.8
InsightlySoft,web_form,2025-06-22 1:01:37,0,1,1,Pro,1986.73,43,0,AM_14,"Billing,Integration",29.61500306,33.93147607,Performance,Integration,1,0,0,0,30.4
GlobalFinance Corp,chat,2025-06-14 21:01:37,1,1,7,Basic,1228.18,58,0,AM_17,Collaboration,67.47714056,32.76791491,Performance,Collaboration,0,0,0,1,71
InsightlySoft,web_form,2025-06-15 20:01:37,2,4,1,Basic,10474.64,15,0,AM_1,"Security,Analytics,Collaboration",34.41916171,40.65419948,How-To,Integration,0,0,0,1,51.9
GlobalFinance Corp,web_form,2025-06-17 7:01:37,0,2,3,Basic,1428.09,14,2,AM_7,"Security,Collaboration",42.10414385,40.4391304,Bug,Analytics,0,0,0,0,36.5
InsightlySoft,chat,2025-07-14 7:01:37,2,1,2,Enterprise,7615.2,27,0,AM_9,"Billing,Analytics,Collaboration",45.88800002,32.44866683,Other,Security,1,0,0,1,64.3
InsightlySoft,email,2025-06-20 12:01:37,0,2,6,Basic,3475.61,50,1,AM_0,Security,50.39818209,19.34692213,How-To,Integration,0,0,0,0,38.2
InsightlySoft,chat,2025-07-04 2:01:37,0,4,6,Pro,230.52,22,2,AM_17,Billing,48.89898529,40.70377526,Feature Request,Collaboration,0,0,1,1,57
GlobalFinance Corp,email,2025-06-28 6:01:37,0,0,7,Pro,8096.7,9,1,AM_15,"Analytics,Security",52.73799819,43.00519335,Other,Collaboration,1,0,0,1,56.6
InsightlySoft,email,2025-06-27 17:01:37,0,4,6,Pro,553.39,47,1,AM_9,Analytics,68.08208426,40.8450652,Feature Request,Collaboration,0,0,0,0,70.2
InsightlySoft,web_form,2025-06-29 16:01:37,0,1,1,Basic,1782.75,21,2,AM_4,"Billing,Integration,Security",52.01626504,50.03421272,Other,Security,1,0,0,0,47.6
GlobalFinance Corp,chat,2025-07-03 23:01:37,1,3,5,Pro,7692.01,3,0,AM_8,Collaboration,37.20747192,42.50017258,Performance,Integration,0,0,0,1,56.8
GlobalFinance Corp,web_form,2025-07-14 15:01:37,0,6,2,Pro,5289.69,52,3,AM_9,"Security,Integration",63.47960014,38.09733936,Other,Integration,0,0,0,0,68
GlobalFinance Corp,web_form,2025-07-11 6:01:37,3,6,6,Basic,2005.84,31,0,AM_4,Analytics,62.48029447,28.69576895,How-To,Security,1,0,0,0,67.3
GlobalFinance Corp,email,2025-07-08 6:01:37,1,3,3,Basic,695.5,13,0,AM_6,"Collaboration,Integration",51.20022011,35.44336287,Feature Request,Billing,0,1,0,1,58.3
InsightlySoft,web_form,2025-06-17 3:01:37,1,4,3,Enterprise,2135.53,2,0,AM_5,"Billing,Integration",53.8038452,34.3554776,Bug,Analytics,0,0,0,1,44.2
InsightlySoft,chat,2025-07-07 10:01:37,0,4,2,Basic,2379.79,47,1,AM_13,"Collaboration,Analytics",41.15116169,37.86683181,Feature Request,Security,0,0,0,0,34.3
InsightlySoft,web_form,2025-06-15 7:01:37,3,4,1,Pro,17364.71,14,2,AM_17,"Collaboration,Integration",58.39830933,25.99630648,Performance,Collaboration,0,1,0,1,71.9
InsightlySoft,web_form,2025-06-25 2:01:37,0,2,4,Pro,5212.35,7,0,AM_12,"Billing,Collaboration,Analytics",39.45406352,40.46765381,Performance,Billing,0,0,0,0,42.7
InsightlySoft,email,2025-06-18 23:01:37,1,7,4,Basic,5926.69,29,1,AM_9,"Analytics,Collaboration",41.30752795,31.22697944,Bug,Integration,1,0,0,0,47.9
GlobalFinance Corp,chat,2025-06-27 2:01:37,2,2,6,Pro,12846.53,4,0,AM_13,"Analytics,Collaboration,Integration",55.15961795,38.65766328,Other,Analytics,0,1,0,1,55.8
InsightlySoft,web_form,2025-07-09 4:01:37,1,4,4,Basic,2222.73,4,2,AM_7,"Analytics,Security,Billing",58.03597605,32.09483002,Other,Collaboration,0,0,0,0,66.7
InsightlySoft,email,2025-06-28 22:01:37,0,2,7,Basic,2640.07,24,0,AM_13,"Analytics,Integration,Security",38.97394716,34.9571117,Performance,Collaboration,1,0,0,0,37.5
InsightlySoft,web_form,2025-06-16 23:01:37,1,5,2,Pro,1817.85,42,0,AM_3,Billing,44.02872031,28.73872133,Bug,Collaboration,0,0,0,0,34.7
GlobalFinance Corp,chat,2025-07-03 5:01:37,0,2,5,Enterprise,402.15,21,2,AM_8,"Integration,Billing",44.45469143,29.20781397,Performance,Security,0,0,0,1,57.2
GlobalFinance Corp,web_form,2025-07-04 22:01:37,0,4,6,Pro,2234.94,51,0,AM_5,"Analytics,Collaboration",58.62064614,39.98332114,Feature Request,Integration,0,0,1,1,57.1
InsightlySoft,web_form,2025-07-14 5:01:37,1,3,2,Enterprise,2621.05,45,3,AM_1,Integration,44.37627718,43.41359543,Other,Billing,0,0,0,1,50.6
GlobalFinance Corp,email,2025-06-30 12:01:37,0,2,2,Basic,812.56,28,1,AM_2,"Collaboration,Integration",44.83831157,35.57316499,Feature Request,Analytics,0,0,0,0,40.3
GlobalFinance Corp,web_form,2025-07-13 7:01:37,0,4,1,Pro,4581.15,38,3,AM_10,Security,61.38793094,45.99186311,Feature Request,Collaboration,2,0,0,0,74.1
GlobalFinance Corp,email,2025-06-21 11:01:37,0,3,7,Basic,398.82,8,1,AM_16,"Billing,Collaboration",33.78817743,44.11032852,How-To,Security,0,0,0,0,31.8
GlobalFinance Corp,chat,2025-07-05 20:01:37,4,0,7,Basic,2091.46,42,4,AM_0,"Analytics,Integration,Collaboration",41.855227,37.90375468,Other,Security,1,0,0,0,35.6
GlobalFinance Corp,web_form,2025-06-27 14:01:37,0,3,6,Pro,3260.46,17,1,AM_2,"Integration,Collaboration,Security",22.93957963,28.08197692,Performance,Analytics,0,0,0,0,23
GlobalFinance Corp,chat,2025-06-27 21:01:37,0,4,6,Basic,169.49,9,1,AM_13,"Security,Integration,Analytics",25.30363838,37.98367928,Performance,Billing,0,1,0,1,40.3
GlobalFinance Corp,chat,2025-06-24 4:01:37,4,4,3,Basic,4889.74,46,2,AM_10,"Collaboration,Security",41.8597133,38.80222606,Feature Request,Security,0,0,0,0,50.3
InsightlySoft,web_form,2025-06-17 8:01:37,0,2,3,Enterprise,1087.88,20,1,AM_15,"Analytics,Integration,Security",30.64512443,40.27059996,Bug,Security,0,0,0,1,37.9
InsightlySoft,email,2025-07-08 3:01:37,0,4,3,Enterprise,3794.88,5,1,AM_13,Analytics,35.6377075,33.13787832,How-To,Integration,0,0,0,1,43.5
GlobalFinance Corp,chat,2025-06-18 5:01:37,0,6,4,Basic,343.57,58,0,AM_18,"Analytics,Security",27.41934346,30.31080202,How-To,Integration,0,1,0,1,44.8
InsightlySoft,chat,2025-07-10 4:01:37,0,4,5,Pro,2905.11,35,1,AM_8,"Collaboration,Analytics",44.76555554,22.85514096,Feature Request,Billing,2,0,0,0,62.4
InsightlySoft,web_form,2025-06-21 21:01:37,1,2,7,Basic,2443.99,41,0,AM_1,"Security,Collaboration",54.66977157,36.92665114,How-To,Analytics,2,0,0,0,53.4
GlobalFinance Corp,web_form,2025-06-22 20:01:37,0,5,1,Enterprise,487.57,29,5,AM_9,"Collaboration,Analytics,Integration",47.44026231,35.24381709,How-To,Collaboration,0,0,0,1,53.5
InsightlySoft,web_form,2025-06-30 7:01:37,1,3,2,Basic,2940.45,12,0,AM_2,"Security,Collaboration,Billing",57.30483098,45.69869597,Feature Request,Security,0,0,0,0,71
GlobalFinance Corp,web_form,2025-06-18 6:01:37,1,4,4,Basic,3526.39,54,0,AM_14,Analytics,34.90203459,28.11809031,Performance,Collaboration,2,0,0,0,40.5
GlobalFinance Corp,web_form,2025-07-03 3:01:37,2,3,5,Pro,2070.47,32,1,AM_11,Integration,65.46054115,35.71504229,Feature Request,Collaboration,0,0,0,0,61.6
GlobalFinance Corp,web_form,2025-06-24 19:01:37,0,4,3,Basic,2592.35,31,2,AM_18,"Integration,Collaboration",47.01828547,27.283049,Feature Request,Collaboration,0,0,1,1,57.5
InsightlySoft,email,2025-07-10 3:01:37,2,1,5,Basic,6552.26,31,0,AM_8,Integration,35.64852135,49.06068759,Other,Billing,0,0,0,0,37.2
InsightlySoft,chat,2025-06-18 6:01:37,0,5,4,Basic,3589.04,1,1,AM_13,"Security,Collaboration",46.99182114,33.11778434,Performance,Analytics,1,0,0,0,44.6
InsightlySoft,email,2025-06-26 19:01:37,3,8,5,Enterprise,7091.93,57,2,AM_14,"Integration,Security,Billing",51.76021303,24.97006122,Feature Request,Analytics,0,0,0,1,58.4
InsightlySoft,email,2025-06-22 4:01:37,3,2,1,Enterprise,2411.19,43,0,AM_10,"Security,Collaboration,Analytics",55.96721357,36.40648042,Other,Integration,0,0,0,1,59.9
GlobalFinance Corp,web_form,2025-07-09 23:01:37,1,4,4,Enterprise,576.58,5,0,AM_10,"Security,Integration",60.75476201,37.44541447,How-To,Collaboration,1,0,0,1,68
GlobalFinance Corp,chat,2025-07-11 0:01:37,0,4,6,Basic,848.25,51,1,AM_2,"Analytics,Security,Integration",48.99665522,30.8951274,Bug,Collaboration,1,0,0,0,54
InsightlySoft,email,2025-07-05 22:01:37,1,4,7,Enterprise,582.25,36,1,AM_10,"Billing,Analytics,Security",47.34160581,35.82992942,Performance,Security,1,0,0,1,53.6
GlobalFinance Corp,web_form,2025-06-21 20:01:37,2,4,7,Pro,1225.03,12,0,AM_0,"Integration,Security,Billing",51.46043754,27.86214454,Other,Billing,1,0,1,1,63.4
GlobalFinance Corp,web_form,2025-06-19 23:01:37,2,3,5,Basic,1947.6,16,1,AM_3,"Billing,Integration",60.64725159,31.54657781,Performance,Collaboration,0,0,1,1,89.6
InsightlySoft,chat,2025-06-22 7:01:37,1,4,1,Enterprise,886.87,16,2,AM_19,Security,40.67181047,31.53474837,Other,Billing,0,0,0,1,63.1
GlobalFinance Corp,email,2025-06-29 18:01:37,1,3,1,Pro,1936.7,21,1,AM_9,"Billing,Security",39.51347511,57.51962178,How-To,Integration,0,0,0,0,33.8
InsightlySoft,email,2025-06-24 12:01:37,0,2,3,Pro,1359.36,33,0,AM_17,"Billing,Collaboration",47.06998464,44.93357949,How-To,Billing,0,1,0,1,78.5
GlobalFinance Corp,email,2025-06-29 6:01:37,0,1,1,Pro,2431.39,26,1,AM_0,"Analytics,Integration,Billing",59.17990029,36.00207128,Bug,Analytics,0,0,0,0,69.2
InsightlySoft,web_form,2025-07-05 19:01:37,2,0,7,Enterprise,1678.54,3,3,AM_2,"Collaboration,Security,Integration",42.72632106,34.66309132,How-To,Billing,0,0,0,1,57.7
GlobalFinance Corp,chat,2025-07-14 3:01:37,1,2,2,Enterprise,1707.98,23,2,AM_2,Billing,55.37533629,45.75545175,How-To,Collaboration,0,0,0,1,61.8
GlobalFinance Corp,chat,2025-07-03 23:01:37,1,4,5,Basic,2023.69,25,2,AM_18,"Integration,Collaboration",52.20136558,45.27664593,Bug,Collaboration,0,1,0,1,62.7
InsightlySoft,email,2025-06-25 11:01:37,1,1,4,Enterprise,13237.51,54,1,AM_17,Collaboration,43.67143106,33.23784405,Performance,Collaboration,1,0,0,1,48.8
InsightlySoft,web_form,2025-07-09 18:01:37,0,1,4,Enterprise,2439.5,20,0,AM_12,Security,42.02682338,54.67915206,How-To,Collaboration,0,0,0,1,44.4
InsightlySoft,email,2025-07-09 10:01:37,2,1,4,Basic,3854.87,47,2,AM_2,"Billing,Collaboration",51.45220069,33.23698094,Performance,Billing,0,0,0,0,41.1
InsightlySoft,chat,2025-06-22 23:01:37,0,3,1,Basic,1617.4,52,0,AM_17,Analytics,36.32902351,33.80955472,Bug,Collaboration,0,0,0,0,37.4
GlobalFinance Corp,web_form,2025-06-16 2:01:37,0,1,2,Basic,1182.9,57,2,AM_18,"Integration,Billing",61.53898441,40.50471361,Feature Request,Analytics,1,0,0,0,59.8
GlobalFinance Corp,email,2025-06-17 21:01:37,4,5,3,Pro,7451.5,49,0,AM_7,"Billing,Collaboration",63.13553185,37.10049558,How-To,Security,0,0,0,1,67.9
InsightlySoft,email,2025-07-01 5:01:37,1,1,3,Pro,4068.58,54,0,AM_13,Analytics,46.36583979,31.84608335,Performance,Collaboration,0,0,1,1,48.2
GlobalFinance Corp,web_form,2025-07-01 10:01:37,0,2,3,Basic,2619.91,36,2,AM_0,Integration,67.48011026,33.69995139,Other,Integration,0,0,0,0,63.2
InsightlySoft,chat,2025-06-23 16:01:37,1,4,2,Basic,1230.37,35,1,AM_0,"Collaboration,Security",50.43375771,31.04702838,Other,Security,0,1,0,1,64.4
InsightlySoft,web_form,2025-06-22 20:01:37,1,0,1,Enterprise,894.65,43,3,AM_7,"Security,Billing,Collaboration",42.96510911,36.58899192,Feature Request,Billing,0,0,0,1,62.1
GlobalFinance Corp,email,2025-07-12 16:01:37,1,5,7,Enterprise,871.34,33,1,AM_11,"Billing,Analytics,Collaboration",44.16766565,34.65298169,How-To,Analytics,0,0,0,1,63.9
GlobalFinance Corp,email,2025-06-20 10:01:37,0,2,6,Basic,2101.91,5,0,AM_7,"Billing,Integration",46.02210838,39.59770562,How-To,Analytics,0,0,0,0,53.6
InsightlySoft,email,2025-07-11 21:01:37,5,2,6,Pro,6234.02,4,0,AM_10,"Integration,Security,Collaboration",42.6793136,38.07873235,How-To,Integration,1,1,0,1,57.2
InsightlySoft,email,2025-06-28 11:01:37,0,6,7,Enterprise,6387.1,58,0,AM_13,Collaboration,39.74282379,28.99126662,Other,Collaboration,0,0,0,1,43.9
InsightlySoft,chat,2025-06-28 19:01:37,0,4,7,Basic,4099.3,52,1,AM_17,Integration,58.90430096,32.12570696,Feature Request,Integration,1,0,0,0,57
GlobalFinance Corp,chat,2025-07-14 2:01:37,0,3,2,Basic,2345.88,8,0,AM_11,"Integration,Billing,Security",45.96110917,44.80060662,Other,Collaboration,0,0,0,0,48
GlobalFinance Corp,email,2025-06-26 11:01:37,1,1,5,Pro,803.28,11,2,AM_7,"Analytics,Security,Integration",29.18569536,35.1406413,How-To,Collaboration,0,0,0,0,38.1
GlobalFinance Corp,chat,2025-06-21 2:01:37,2,3,7,Pro,1955.17,43,0,AM_0,"Integration,Collaboration",72.49885788,27.93374498,Feature Request,Analytics,1,0,0,0,82.5
GlobalFinance Corp,chat,2025-06-19 1:01:37,0,2,5,Basic,3559.6,50,1,AM_9,Integration,54.52189383,33.84973443,Other,Analytics,0,0,1,1,59.2
InsightlySoft,chat,2025-07-09 6:01:37,0,5,4,Enterprise,2711.73,27,1,AM_4,"Security,Collaboration,Billing",29.28454688,35.95065106,How-To,Collaboration,0,0,0,1,40.8
InsightlySoft,email,2025-06-21 10:01:37,1,1,7,Pro,2164.85,10,0,AM_13,"Integration,Security,Analytics",33.46652482,53.31400921,Feature Request,Analytics,0,0,0,0,49.1
InsightlySoft,web_form,2025-07-04 10:01:37,0,3,6,Basic,1676.96,59,0,AM_7,"Collaboration,Integration,Billing",31.36071318,33.00041615,Feature Request,Analytics,1,0,0,0,26
InsightlySoft,web_form,2025-07-03 9:01:37,0,4,5,Basic,4189.21,58,2,AM_11,"Security,Billing,Analytics",49.07041875,33.35910236,Bug,Analytics,1,0,1,1,74.4
InsightlySoft,web_form,2025-06-18 19:01:37,0,3,4,Pro,5539.95,45,0,AM_3,Collaboration,52.48425311,37.74108185,Feature Request,Collaboration,0,1,0,1,68.7
InsightlySoft,email,2025-06-30 5:01:37,0,3,2,Basic,3850.25,20,0,AM_17,"Integration,Collaboration",50.515179,41.28945803,Bug,Collaboration,2,0,0,0,49.9
GlobalFinance Corp,chat,2025-06-24 14:01:37,1,2,3,Pro,8338.36,32,2,AM_14,Analytics,43.01015847,51.90751892,How-To,Security,0,0,1,1,64.9
GlobalFinance Corp,chat,2025-06-21 20:01:37,1,3,7,Basic,4540.66,48,1,AM_5,"Analytics,Billing",41.9739279,34.0593859,Bug,Analytics,0,0,0,0,55.2
InsightlySoft,email,2025-06-29 21:01:37,2,6,1,Pro,1796.81,27,3,AM_10,"Security,Integration,Analytics",49.6662785,34.41665686,How-To,Collaboration,1,0,0,0,48.9
InsightlySoft,email,2025-07-01 12:01:37,1,3,3,Enterprise,2877.23,49,0,AM_12,"Security,Collaboration,Billing",41.77446692,26.53507696,How-To,Analytics,0,0,1,1,49
GlobalFinance Corp,web_form,2025-06-18 9:01:37,3,3,4,Enterprise,2105.76,18,2,AM_19,"Billing,Analytics",48.42560287,25.87155259,Performance,Security,0,0,0,1,80.4
GlobalFinance Corp,web_form,2025-07-12 18:01:37,1,6,7,Enterprise,2371.11,26,1,AM_1,"Security,Billing,Analytics",55.80794372,36.24553955,Bug,Security,0,0,0,1,76.4
GlobalFinance Corp,email,2025-07-14 8:01:37,1,6,2,Basic,6781.45,58,1,AM_8,Security,41.67231468,28.94853616,Feature Request,Billing,0,0,1,1,57.6
GlobalFinance Corp,web_form,2025-07-05 1:01:37,0,3,7,Basic,1073.71,35,1,AM_8,"Integration,Analytics",61.78631896,23.61902755,Feature Request,Collaboration,0,1,0,1,88.5
InsightlySoft,chat,2025-07-13 6:01:37,2,3,1,Enterprise,39.54,28,1,AM_1,"Security,Analytics,Collaboration",34.41058656,30.08972016,How-To,Security,0,0,0,1,35.4
InsightlySoft,email,2025-06-27 13:01:37,0,4,6,Basic,3568.7,1,1,AM_2,"Analytics,Security,Billing",43.51014396,26.18187128,Bug,Collaboration,0,0,0,0,40
InsightlySoft,email,2025-06-25 12:01:37,5,4,4,Basic,599.06,34,1,AM_9,"Integration,Analytics,Billing",48.04005105,35.49158288,Other,Collaboration,0,0,0,0,41.6
InsightlySoft,chat,2025-07-14 14:01:37,0,2,2,Pro,502.53,55,1,AM_17,"Integration,Collaboration",34.6242716,25.89200854,Feature Request,Analytics,0,0,1,1,55.6
InsightlySoft,chat,2025-07-12 22:01:37,3,0,7,Enterprise,14669.06,26,0,AM_17,Integration,49.5860195,32.93474045,Other,Collaboration,1,0,0,1,72.2
GlobalFinance Corp,chat,2025-06-21 2:01:37,0,1,7,Enterprise,930.91,58,1,AM_0,Analytics,52.18214984,39.78822044,Bug,Analytics,1,0,0,1,70.8
InsightlySoft,web_form,2025-06-21 16:01:37,2,5,7,Pro,683.59,6,2,AM_14,"Billing,Security,Integration",35.32605134,34.25323971,Feature Request,Analytics,0,0,0,0,31.1
GlobalFinance Corp,email,2025-07-04 3:01:37,0,1,6,Enterprise,635.81,50,4,AM_12,"Collaboration,Security",41.01427615,35.29699954,Other,Analytics,0,0,0,1,58.7
InsightlySoft,web_form,2025-07-10 0:01:37,1,5,5,Pro,1594.89,49,1,AM_14,"Security,Billing",41.31719287,26.55768997,Feature Request,Integration,0,0,0,0,43.2
InsightlySoft,chat,2025-06-28 5:01:37,0,3,7,Pro,1579.94,58,3,AM_3,"Integration,Billing",32.37769561,40.9543459,Performance,Collaboration,1,0,0,0,39.3
InsightlySoft,web_form,2025-07-07 12:01:37,0,4,2,Basic,3003.09,46,1,AM_18,"Integration,Analytics,Billing",50.41886192,37.90659666,Performance,Security,0,0,0,0,49.4
InsightlySoft,chat,2025-07-04 3:01:37,1,2,6,Basic,328.24,25,3,AM_2,Collaboration,45.83568818,35.00915506,How-To,Collaboration,0,0,1,1,61
InsightlySoft,web_form,2025-06-25 8:01:37,1,4,4,Enterprise,3027.23,17,0,AM_12,"Billing,Collaboration",38.81159983,37.65836941,Bug,Billing,1,0,1,1,59.5
GlobalFinance Corp,web_form,2025-07-03 5:01:37,4,8,5,Basic,1813.39,26,0,AM_6,Analytics,45.07442131,34.68901357,Feature Request,Collaboration,0,0,0,0,39.8
GlobalFinance Corp,chat,2025-06-25 10:01:37,2,0,4,Pro,698.27,21,0,AM_11,"Integration,Billing",47.70881176,39.44562956,Other,Integration,0,0,0,0,37
GlobalFinance Corp,web_form,2025-06-23 20:01:37,1,5,2,Enterprise,4518.22,32,0,AM_1,"Analytics,Collaboration",25.51522947,41.70397127,Feature Request,Billing,1,0,0,1,41.9
InsightlySoft,email,2025-06-26 9:01:37,1,0,5,Basic,1927.72,25,0,AM_15,Billing,47.42491981,32.93370167,Feature Request,Billing,0,0,0,0,48.6
InsightlySoft,web_form,2025-07-11 21:01:37,1,4,6,Basic,3787.57,32,1,AM_7,"Analytics,Billing",40.21421333,32.34110574,Other,Analytics,1,0,0,0,43.4
GlobalFinance Corp,web_form,2025-06-23 13:01:37,0,2,2,Pro,7598.62,41,2,AM_11,Security,30.66272845,31.46909025,Other,Security,0,0,0,1,29.8
InsightlySoft,email,2025-07-01 4:01:37,3,5,3,Basic,1308.1,54,3,AM_1,"Collaboration,Billing",54.81914012,30.35551676,Performance,Billing,0,0,0,0,42.8
InsightlySoft,chat,2025-07-11 23:01:37,0,1,6,Pro,6845.54,19,1,AM_15,Analytics,40.11037542,28.88960701,How-To,Integration,0,0,0,0,46.1
GlobalFinance Corp,email,2025-07-02 2:01:37,1,1,4,Basic,670.71,2,1,AM_14,"Collaboration,Billing,Security",64.5666534,35.59904278,Other,Security,0,1,0,1,84.5
InsightlySoft,web_form,2025-06-24 14:01:37,0,2,3,Pro,753.59,35,0,AM_8,"Integration,Security",48.54721922,33.46576538,Feature Request,Collaboration,0,0,0,0,44.7
GlobalFinance Corp,chat,2025-06-21 22:01:37,1,4,7,Basic,3269.23,16,1,AM_14,"Integration,Collaboration",48.13650404,35.64187594,Performance,Integration,0,0,0,0,58.3
InsightlySoft,web_form,2025-06-27 9:01:37,0,1,6,Basic,324.87,16,1,AM_2,Integration,53.27445929,39.28558569,Bug,Security,0,0,0,0,53.2
GlobalFinance Corp,web_form,2025-07-08 3:01:37,0,2,3,Basic,1819.7,33,1,AM_10,Billing,65.86526045,38.36421087,Performance,Integration,0,1,1,1,74.9
InsightlySoft,email,2025-07-08 13:01:37,2,5,3,Basic,721.76,51,0,AM_18,Collaboration,42.0235235,46.37109103,Performance,Billing,1,0,0,0,46.9
InsightlySoft,email,2025-07-13 15:01:37,1,5,1,Basic,2537.89,50,1,AM_14,Security,59.98062014,36.33925126,Performance,Analytics,0,0,0,0,58.2
GlobalFinance Corp,chat,2025-06-20 10:01:37,3,4,6,Basic,4932.44,24,1,AM_0,"Security,Analytics,Collaboration",44.13217193,34.07530588,Feature Request,Analytics,0,0,0,0,46
InsightlySoft,chat,2025-07-04 10:01:37,1,1,6,Pro,130.05,31,2,AM_6,"Integration,Security",44.78699796,36.61986731,Other,Security,1,0,0,0,35.6
InsightlySoft,chat,2025-07-10 13:01:37,3,3,5,Basic,1599.78,42,2,AM_3,"Analytics,Security",46.79128794,41.17242136,How-To,Analytics,0,0,0,0,37.9
GlobalFinance Corp,web_form,2025-06-15 12:01:37,3,4,1,Pro,3935.48,23,0,AM_0,"Analytics,Collaboration",45.8994002,52.28777139,Bug,Billing,1,0,1,1,53
InsightlySoft,email,2025-07-10 18:01:37,0,2,5,Enterprise,1256.81,17,1,AM_19,"Analytics,Collaboration,Integration",44.91213565,38.67271965,How-To,Integration,0,1,0,1,52
GlobalFinance Corp,email,2025-06-28 18:01:37,1,2,7,Basic,127.8,33,1,AM_10,Billing,33.23590137,37.46576477,Feature Request,Analytics,1,0,1,1,48.7
InsightlySoft,email,2025-07-03 0:01:37,0,2,5,Pro,2684.91,37,1,AM_18,"Analytics,Integration,Billing",47.28605995,44.39507214,How-To,Billing,0,0,0,0,45.8
InsightlySoft,chat,2025-07-01 8:01:37,1,2,3,Basic,384.06,36,0,AM_11,"Billing,Analytics",44.71480202,32.25462306,How-To,Integration,0,0,0,0,46.2
InsightlySoft,email,2025-06-28 6:01:37,0,2,7,Pro,1385.72,56,2,AM_7,"Billing,Collaboration",58.8083909,35.24299768,Bug,Billing,0,0,0,0,67.4
InsightlySoft,email,2025-07-03 4:01:37,0,4,5,Enterprise,13979.89,56,0,AM_12,Analytics,47.25269522,38.44436841,Performance,Security,0,1,0,1,46.1
GlobalFinance Corp,email,2025-06-22 17:01:37,2,1,1,Pro,1522.59,19,0,AM_4,Billing,30.27093132,29.60751346,Other,Integration,1,0,1,1,44.9
InsightlySoft,chat,2025-07-03 19:01:37,0,2,5,Basic,5551.8,21,0,AM_0,"Integration,Analytics,Billing",43.89568464,25.14549893,Other,Integration,0,1,0,1,60.2
GlobalFinance Corp,email,2025-06-18 23:01:37,2,5,4,Pro,5894.19,39,1,AM_17,"Analytics,Billing",53.46933627,40.94695229,How-To,Billing,1,0,0,0,43.5
InsightlySoft,chat,2025-06-20 14:01:37,3,5,6,Pro,914.82,40,2,AM_1,"Collaboration,Billing,Integration",32.74636008,28.16857253,Bug,Analytics,1,0,1,1,42.7
InsightlySoft,email,2025-06-18 2:01:37,1,3,4,Basic,2715.35,19,2,AM_8,"Billing,Security",27.16289126,43.78126591,Other,Security,2,0,0,0,49.6
InsightlySoft,email,2025-07-02 13:01:37,0,1,4,Basic,8838.47,8,1,AM_12,Billing,52.98186438,33.04670539,Other,Analytics,0,0,0,1,52.7
InsightlySoft,email,2025-07-02 12:01:37,1,3,4,Pro,2796.75,26,1,AM_12,Collaboration,57.41896279,34.68680967,Other,Collaboration,1,0,0,0,72.5
GlobalFinance Corp,chat,2025-06-19 10:01:37,2,2,5,Enterprise,5034.02,41,1,AM_14,"Security,Collaboration",55.03152418,21.82168231,How-To,Security,0,0,0,1,65.1
GlobalFinance Corp,chat,2025-06-28 7:01:37,1,1,7,Pro,1862.83,51,1,AM_19,Collaboration,58.19851817,39.35793362,Feature Request,Security,0,0,0,0,61.6
GlobalFinance Corp,email,2025-06-23 9:01:37,2,3,2,Pro,3811.7,18,0,AM_8,"Analytics,Security",37.79644699,39.96903332,How-To,Billing,0,0,0,0,42
GlobalFinance Corp,web_form,2025-07-07 6:01:37,2,7,2,Enterprise,66.28,14,2,AM_14,Integration,50.57248976,40.19906274,How-To,Billing,1,0,0,1,63.5
InsightlySoft,chat,2025-06-15 21:01:37,0,3,1,Pro,4646.07,18,1,AM_6,Security,51.66599089,42.36626223,Feature Request,Security,0,0,0,0,55.3
GlobalFinance Corp,chat,2025-07-04 23:01:37,5,3,6,Pro,3342.85,37,0,AM_10,"Integration,Billing,Security",59.37773442,21.90526526,Other,Security,0,0,0,0,49.8
GlobalFinance Corp,email,2025-06-30 17:01:37,1,5,2,Enterprise,1333.47,28,1,AM_4,Integration,57.92680833,25.9358781,How-To,Integration,0,0,0,1,73.9
InsightlySoft,web_form,2025-07-14 10:01:37,1,3,2,Basic,1618.63,58,1,AM_8,"Analytics,Collaboration",55.164149,25.41556976,Performance,Analytics,0,0,0,0,58.1
InsightlySoft,email,2025-06-26 7:01:37,0,1,5,Basic,1186.31,33,0,AM_13,"Collaboration,Security",41.92753491,32.78487235,Other,Billing,0,0,0,0,49.1
InsightlySoft,chat,2025-06-22 7:01:37,4,5,1,Enterprise,2228.82,6,2,AM_18,"Security,Collaboration",29.75902698,28.96082761,Other,Integration,0,0,1,1,53.7
InsightlySoft,chat,2025-06-17 8:01:37,2,2,3,Enterprise,345.14,7,0,AM_14,"Integration,Security,Billing",27.49329854,38.72796695,Other,Collaboration,1,0,0,1,38.8
GlobalFinance Corp,email,2025-07-10 23:01:37,0,1,5,Enterprise,5591.34,5,0,AM_15,"Billing,Collaboration",53.38712771,35.83345017,How-To,Security,0,0,1,1,61.8
GlobalFinance Corp,email,2025-07-03 10:01:37,3,4,5,Basic,1950.57,27,0,AM_19,"Billing,Integration,Collaboration",56.36895348,39.49844064,Bug,Billing,0,0,0,0,45.4
InsightlySoft,web_form,2025-07-14 13:01:37,0,3,2,Pro,132.18,8,1,AM_14,"Collaboration,Billing,Integration",40.70030665,40.03557788,Bug,Security,0,0,0,0,35.6
InsightlySoft,web_form,2025-06-20 0:01:37,0,2,6,Pro,2415.33,38,5,AM_14,Security,54.7375459,19.95374352,Feature Request,Integration,0,0,0,0,55.9
InsightlySoft,chat,2025-07-05 15:01:37,2,4,7,Basic,8000.03,33,0,AM_3,Billing,53.1523061,42.86081388,Bug,Security,0,1,0,1,57.5
GlobalFinance Corp,web_form,2025-07-09 20:01:37,5,0,4,Basic,274.57,57,0,AM_18,"Analytics,Integration,Collaboration",37.21851906,32.83614707,Other,Security,0,0,0,0,44
GlobalFinance Corp,web_form,2025-06-20 1:01:37,0,2,6,Basic,394.4,12,1,AM_18,"Security,Billing",59.26378577,43.40199724,Performance,Integration,1,0,0,0,49.6
InsightlySoft,chat,2025-06-20 12:01:37,0,3,6,Basic,1469.07,37,2,AM_4,"Collaboration,Security,Integration",51.24871603,23.91222203,Performance,Analytics,0,0,1,1,59.5
InsightlySoft,chat,2025-07-09 23:01:37,1,3,4,Enterprise,3991.15,37,2,AM_1,Analytics,27.77920065,40.61937995,Other,Integration,0,0,0,1,39.8
GlobalFinance Corp,chat,2025-07-03 19:01:37,1,2,5,Basic,2783.74,15,0,AM_0,"Integration,Security,Collaboration",43.41200515,36.6460202,How-To,Security,0,0,0,0,35.4
InsightlySoft,chat,2025-07-02 0:01:37,0,3,4,Pro,1837.24,17,0,AM_8,"Billing,Security",58.01718772,48.2868476,How-To,Analytics,1,0,0,0,54.6
InsightlySoft,email,2025-06-17 12:01:37,0,3,3,Pro,14778.56,37,1,AM_7,"Security,Analytics,Integration",40.37657347,37.28998223,Other,Integration,0,0,0,1,57.4
GlobalFinance Corp,chat,2025-06-27 4:01:37,3,3,6,Enterprise,616.62,51,1,AM_11,Billing,58.43380921,43.39854167,Other,Integration,2,1,0,1,76.3
InsightlySoft,chat,2025-07-06 3:01:37,2,2,1,Pro,5173.82,42,0,AM_2,"Billing,Analytics,Collaboration",60.05618682,22.65261401,Feature Request,Billing,0,0,0,0,52.3
GlobalFinance Corp,chat,2025-06-18 19:01:37,1,1,4,Pro,396.61,29,0,AM_7,"Analytics,Collaboration",40.28592985,36.1052587,How-To,Integration,0,0,0,0,40.2
InsightlySoft,web_form,2025-07-02 3:01:37,3,6,4,Basic,593.92,3,1,AM_17,"Analytics,Security",37.4904817,29.72225218,Bug,Security,1,0,0,0,33.3
InsightlySoft,chat,2025-07-10 2:01:37,0,3,5,Pro,1050.56,11,0,AM_8,Security,54.43222551,33.17050049,Bug,Billing,2,0,0,0,70
GlobalFinance Corp,email,2025-06-27 9:01:37,1,1,6,Basic,6192.97,26,0,AM_3,Billing,52.95912454,35.27789557,How-To,Analytics,0,0,0,0,52.4
GlobalFinance Corp,email,2025-06-21 15:01:37,3,3,7,Pro,1762.07,40,0,AM_15,Integration,53.69810159,29.77632014,Performance,Billing,0,0,0,0,58.6
InsightlySoft,chat,2025-07-02 21:01:37,0,5,4,Basic,1511.48,57,1,AM_17,Security,46.57693082,40.93005537,Other,Collaboration,0,0,0,0,34.6
GlobalFinance Corp,email,2025-06-18 2:01:37,0,0,4,Pro,2024.31,45,2,AM_9,"Billing,Analytics,Collaboration",62.27532368,43.19540554,Feature Request,Analytics,0,0,0,0,56.6
InsightlySoft,web_form,2025-07-07 1:01:37,1,3,2,Pro,2990.11,6,0,AM_16,Analytics,56.97555463,28.23305825,Feature Request,Collaboration,0,0,0,0,48.1
InsightlySoft,chat,2025-07-05 13:01:37,3,5,7,Basic,1652.31,35,0,AM_7,"Integration,Security",43.60281753,37.88393712,Feature Request,Security,0,1,0,1,55
GlobalFinance Corp,email,2025-06-26 6:01:37,0,2,5,Basic,9852.78,24,1,AM_1,Integration,55.01084243,21.04933714,Bug,Analytics,0,0,0,1,71.4
InsightlySoft,email,2025-07-09 21:01:37,0,5,4,Pro,436.26,51,1,AM_9,"Billing,Integration,Analytics",49.4349809,43.64112904,Performance,Analytics,0,0,1,1,71.5
InsightlySoft,chat,2025-07-11 20:01:37,3,5,6,Enterprise,1936.88,39,0,AM_11,"Analytics,Security,Billing",33.52872314,36.60340226,Performance,Billing,0,0,0,1,45.1
GlobalFinance Corp,email,2025-07-11 20:01:37,1,1,6,Basic,1610.65,34,1,AM_6,"Analytics,Integration,Collaboration",32.87062677,35.21613455,Feature Request,Collaboration,1,0,0,0,43.3
GlobalFinance Corp,chat,2025-06-18 20:01:37,0,3,4,Basic,3539.86,54,0,AM_6,"Security,Collaboration,Integration",47.67090005,49.11165659,Other,Collaboration,0,1,0,1,70
InsightlySoft,email,2025-06-26 23:01:37,1,3,5,Basic,9897.28,24,1,AM_12,"Integration,Collaboration",42.3143185,38.49159608,Other,Billing,0,0,0,1,49.9
GlobalFinance Corp,web_form,2025-06-17 22:01:37,0,2,3,Basic,1020.77,19,1,AM_18,Collaboration,37.62442808,58.04282593,Other,Billing,1,0,0,0,48.7
GlobalFinance Corp,email,2025-06-21 2:01:37,1,7,7,Enterprise,9325.12,13,0,AM_9,Integration,43.90385943,27.26681894,Feature Request,Billing,0,0,0,1,68.7
GlobalFinance Corp,email,2025-06-26 7:01:37,2,7,5,Pro,5275.55,57,0,AM_19,Security,53.61319815,28.10920323,Other,Billing,0,0,0,0,53.4
GlobalFinance Corp,chat,2025-06-19 17:01:37,2,2,5,Basic,4989.75,43,0,AM_5,Billing,51.00505723,42.62136502,How-To,Integration,0,0,0,0,35.9
InsightlySoft,email,2025-07-09 1:01:37,2,1,4,Enterprise,227.65,9,2,AM_12,Collaboration,47.85056635,33.92842155,Feature Request,Billing,0,0,0,1,55.1
InsightlySoft,chat,2025-06-23 18:01:37,4,3,2,Basic,8469.55,19,0,AM_17,Integration,31.65800712,45.09453687,Performance,Billing,0,0,0,1,37.1
InsightlySoft,web_form,2025-07-09 7:01:37,1,2,4,Basic,5477.71,51,1,AM_15,Collaboration,29.35439262,27.99107285,Bug,Billing,0,0,1,1,43.9
GlobalFinance Corp,chat,2025-07-05 16:01:37,2,7,7,Basic,3461.58,32,2,AM_6,"Security,Analytics,Integration",61.31689098,45.6008382,How-To,Integration,0,0,1,1,65
GlobalFinance Corp,chat,2025-06-16 2:01:37,0,3,2,Basic,410.41,21,0,AM_7,"Billing,Security,Analytics",47.25794118,35.48007534,Bug,Security,1,0,0,0,38.2
GlobalFinance Corp,email,2025-07-07 15:01:37,2,3,2,Basic,1634.37,32,2,AM_7,"Integration,Billing",56.12825264,36.23061672,How-To,Security,1,0,0,0,49.7
GlobalFinance Corp,web_form,2025-06-24 23:01:37,2,7,3,Basic,5502.03,57,2,AM_15,"Collaboration,Billing,Integration",49.30950622,26.02533112,Feature Request,Billing,0,0,1,1,53
GlobalFinance Corp,chat,2025-06-19 6:01:37,1,3,5,Pro,1726.26,46,0,AM_7,"Security,Integration",40.54560888,45.33398228,Performance,Analytics,0,1,0,1,60.1
GlobalFinance Corp,email,2025-07-09 9:01:37,1,3,4,Basic,1720.53,12,1,AM_14,Security,43.97931609,39.68333407,How-To,Integration,0,0,0,0,52.4
GlobalFinance Corp,email,2025-07-12 9:01:37,2,6,7,Basic,944.65,29,0,AM_7,Billing,59.648283,40.71397289,Feature Request,Billing,0,0,0,0,51.3
InsightlySoft,chat,2025-07-07 5:01:37,0,4,2,Pro,157.63,33,0,AM_5,"Analytics,Integration,Security",53.86272517,24.92685126,Performance,Integration,0,0,0,0,69.3
InsightlySoft,email,2025-07-04 12:01:37,0,3,6,Pro,2158.5,1,1,AM_0,"Analytics,Billing,Security",40.25076053,34.28292122,Bug,Integration,0,0,0,0,30.7
GlobalFinance Corp,chat,2025-07-08 18:01:37,1,4,3,Basic,4467.9,49,2,AM_15,Analytics,56.96076176,35.61782451,How-To,Security,0,0,0,0,65.7
GlobalFinance Corp,chat,2025-07-12 15:01:37,1,4,7,Basic,473.72,4,0,AM_12,Integration,40.38873889,25.49427342,Feature Request,Collaboration,0,0,1,1,50.7
GlobalFinance Corp,chat,2025-06-29 10:01:37,1,1,1,Basic,6726.66,13,0,AM_3,"Analytics,Collaboration,Billing",51.96399922,41.6408121,How-To,Collaboration,1,0,0,0,66
InsightlySoft,web_form,2025-06-25 15:01:37,1,2,4,Basic,2430.96,23,2,AM_17,Analytics,31.55408719,43.45413055,Other,Collaboration,0,0,0,0,38.2
InsightlySoft,chat,2025-07-05 16:01:37,0,3,7,Basic,5018.71,28,0,AM_6,"Analytics,Billing,Collaboration",46.06241408,24.40461224,How-To,Billing,0,0,0,0,47.2
GlobalFinance Corp,email,2025-06-19 2:01:37,1,2,5,Basic,3299.2,43,0,AM_0,Analytics,50.54299656,35.74752549,Performance,Collaboration,0,0,0,0,57.4
GlobalFinance Corp,web_form,2025-06-21 3:01:37,2,0,7,Basic,434.89,50,0,AM_4,"Security,Collaboration,Billing",42.33919398,42.99608499,Other,Billing,0,1,0,1,62
InsightlySoft,email,2025-07-04 1:01:37,1,1,6,Pro,7112.34,12,0,AM_7,"Integration,Collaboration,Billing",55.73921064,49.83484108,Performance,Analytics,0,0,0,1,80.4
InsightlySoft,web_form,2025-07-08 6:01:37,1,0,3,Basic,3799.14,19,0,AM_3,Security,35.9868167,42.58269451,Bug,Security,2,0,0,0,39.6
InsightlySoft,web_form,2025-06-21 5:01:37,0,3,7,Pro,108.68,52,0,AM_6,Collaboration,55.53099119,27.96496934,Other,Analytics,1,0,1,1,69
InsightlySoft,web_form,2025-06-26 8:01:37,1,0,5,Basic,2602.82,33,0,AM_15,"Collaboration,Analytics,Billing",51.29504595,28.64829375,Other,Billing,0,0,1,1,51
GlobalFinance Corp,web_form,2025-06-15 15:01:37,2,2,1,Basic,1962.51,18,0,AM_4,"Billing,Security",40.25712451,38.21201359,Performance,Analytics,0,0,0,0,26.2
InsightlySoft,email,2025-06-17 4:01:37,0,1,3,Pro,5880.27,34,2,AM_16,"Analytics,Billing",31.59976805,41.68914251,Feature Request,Collaboration,1,0,0,0,29.2
InsightlySoft,chat,2025-07-13 17:01:37,1,2,1,Basic,393.01,30,0,AM_10,"Billing,Collaboration",63.79622908,35.98088032,How-To,Analytics,0,0,0,0,72.5
GlobalFinance Corp,email,2025-06-17 2:01:37,1,0,3,Basic,2680.98,43,1,AM_17,"Security,Integration",47.70861296,32.30439715,Bug,Integration,2,0,0,0,59.1
InsightlySoft,chat,2025-06-22 10:01:37,0,7,1,Enterprise,1114.41,47,4,AM_4,Billing,42.53880464,42.42702385,Bug,Integration,0,0,0,1,56.7
InsightlySoft,email,2025-07-12 6:01:37,2,3,7,Enterprise,845.57,47,2,AM_2,"Integration,Security",44.07798231,44.4805968,Feature Request,Security,2,0,0,1,58.6
InsightlySoft,web_form,2025-06-25 7:01:37,1,2,4,Pro,68.38,6,0,AM_19,"Analytics,Billing",38.19572056,33.50892292,Performance,Analytics,1,0,0,0,44.6
GlobalFinance Corp,web_form,2025-06-26 16:01:37,0,4,5,Basic,1211.43,4,0,AM_2,"Billing,Security,Integration",54.52162005,36.00642405,Bug,Billing,0,0,0,0,47
InsightlySoft,chat,2025-07-12 0:01:37,0,1,7,Pro,1513.02,12,1,AM_11,"Integration,Billing,Analytics",49.27949793,41.30806116,How-To,Security,0,0,0,0,56.4
GlobalFinance Corp,chat,2025-06-21 5:01:37,2,4,7,Basic,1781.46,23,0,AM_14,Integration,33.96828238,32.93257922,Feature Request,Collaboration,0,0,0,0,32.8
GlobalFinance Corp,email,2025-07-10 8:01:37,0,5,5,Basic,3980.93,28,1,AM_8,"Billing,Analytics,Integration",48.52004403,43.24665128,Other,Collaboration,1,0,0,0,67.4