date,revenue,unique_users,leads,costs
2019-01-01,13798.778225972916,1270,36,3000.0
2019-01-02,13537.548303041514,1494,26,3000.0
2019-01-03,13984.391938201687,1388,28,3000.0
2019-01-04,14473.529463112372,1449,30,7274.8173826212915
2019-01-05,12893.998902753661,1360,32,7086.096362048082
2019-01-06,12940.65968879575,1317,26,7206.352431412776
2019-01-07,14641.57878954823,1559,40,6626.766802297988
2019-01-08,14277.528482976906,1456,49,7091.744930111543
2019-01-09,13698.512821239263,1308,32,6922.447831437478
2019-01-10,14241.577460416132,1460,28,7520.976252062686
2019-01-11,13773.25562362749,1262,34,7069.8198866679595
2019-01-12,13054.399992524442,1316,37,6994.216782678651
2019-01-13,13438.196185969735,1340,46,7149.165757173888
2019-01-14,13138.193924218984,1293,37,7438.463582310158
2019-01-15,13257.684560394417,1312,45,6802.692046776405
2019-01-16,13862.023739729764,1198,40,7656.25695242386
2019-01-17,13657.517237193593,1310,34,7070.716902970206
2019-01-18,14339.59214891584,1443,36,6594.600570119605
2019-01-19,12994.794061030863,1315,43,7120.043233943342
2019-01-20,12756.827695340899,1172,47,6901.752634511154
2019-01-21,14957.849417318683,1622,39,6643.562903728745
2019-01-22,14122.092870489525,1325,47,7378.279500343395
2019-01-23,14276.652267931682,1524,38,7037.99107126827
2019-01-24,13536.415164073262,1396,35,7647.317020565398
2019-01-25,13980.537793609248,1333,35,7286.248959236768
2019-01-26,13560.216021926668,1533,37,6868.390409771773
2019-01-27,12929.417984684953,1173,48,6915.839407355347
2019-01-28,14441.108973808297,1536,43,7446.695570517978
2019-01-29,13949.52342065204,1495,36,6752.69879764325
2019-01-30,14098.87048711709,1342,35,6119.294600530241
2019-01-31,13937.086278193528,1532,34,7264.20088980821
2019-02-01,15155.705922064553,1490,39,7142.32975998735
2019-02-02,13462.90937064834,1375,39,7270.33017105954
2019-02-03,12929.417869824745,1318,35,7399.681476512419
2019-02-04,14606.746953115435,1447,53,7737.993520288728
2019-02-05,13570.902498447034,1438,40,7116.503752767679
2019-02-06,14270.318616149285,1506,40,7237.484777373436
2019-02-07,13169.39199225075,1142,29,6926.333151690636
2019-02-08,13467.318055356554,1477,32,7222.645293877327
2019-02-09,13460.936452420683,1179,36,7469.057093845869
2019-02-10,13711.812346557785,1474,41,6578.948911851153
2019-02-11,14157.383333567237,1528,42,6589.33423400225
2019-02-12,13992.111166680408,1290,38,6814.498297783524
2019-02-13,13876.805142843148,1346,28,6915.081271212747
2019-02-14,13264.773268212484,1215,22,7473.240839120901
2019-02-15,13620.115384039056,1340,26,7013.271714896793
2019-02-16,12975.117888664729,1266,32,6906.136987368583
2019-02-17,13708.865496933811,1448,29,6795.941859455377
2019-02-18,14076.51878528242,1538,37,7421.62431545798
2019-02-19,12997.203757125162,1439,36,6896.448378912504
2019-02-20,14014.459616613703,1345,20,7058.884341473069
2019-02-21,13633.320338744146,1342,16,7189.953985974411
2019-02-22,13460.664512710333,1177,19,7286.779227435505
2019-02-23,13328.117613255103,1252,24,6979.586367003139
2019-02-24,13510.892350606213,1447,24,7484.648588905275
2019-02-25,14184.173593627953,1579,34,7101.34824348955
2019-02-26,13272.16152885209,1203,27,6950.309469383927
2019-02-27,13510.563897664013,1291,21,7803.537854562148
2019-02-28,13804.431014548078,1377,10,6938.560231148807
2019-03-01,14100.495939526809,1438,10,6875.542730785525
2019-03-02,12597.419625379818,1178,21,6683.439797550003
2019-03-03,12718.883241194062,1314,13,7427.067895525274
2019-03-04,12983.73598681243,1250,30,7736.905461953546
2019-03-05,12914.536543618682,1290,22,7280.2027220353375
2019-03-06,13895.244322549344,1444,35,7182.84959830202
2019-03-07,14144.106272576737,1415,27,6835.834655704939
2019-03-08,13407.705959363453,1297,14,6764.78866983865
2019-03-09,13173.977203001845,1306,18,6667.222365016583
2019-03-10,12832.356892301552,1274,28,7853.993942327559
2019-03-11,13059.187233834336,1268,33,7163.005211253577
2019-03-12,13543.583192351467,1328,15,6804.606089439709
2019-03-13,14114.020103424613,1571,10,7248.124134386556
2019-03-14,13310.22959028043,1387,13,6625.9268151223005
2019-03-15,14094.673836013028,1379,19,7185.061567972241
2019-03-16,11237.79969851456,1193,22,7182.4172907401335
2019-03-17,12945.094756839675,1261,30,7184.672019048219
2019-03-18,13315.327352452578,1448,21,7209.330089048071
2019-03-19,13111.185396138797,1348,14,5936.061542221001
2019-03-20,13296.713317737655,1318,26,6906.201338852914
2019-03-21,12248.482343929125,1269,14,7309.257448298382
2019-03-22,13125.183854093868,1155,9,6924.590697085443
2019-03-23,12657.674982505976,1153,24,7221.548531798022
2019-03-24,13213.53492811355,1201,32,6360.885857476521
2019-03-25,12962.314324357962,1310,30,6929.676918247204
2019-03-26,12815.476059171002,1454,27,6609.949358225219
2019-03-27,12968.546793046431,1519,25,7188.154730465478
2019-03-28,13678.272507995589,1431,21,6898.141765985987
2019-03-29,13387.548977914352,1388,17,7051.664920652284
2019-03-30,12212.360785374594,1041,24,7216.87716576129
2019-03-31,12739.414687561151,1219,35,7310.9673249350935
2019-04-01,13288.337047982553,1250,37,7098.2002236623985
2019-04-02,13732.617352201698,1311,35,6364.2445580589565
2019-04-03,12907.243698860018,1273,25,6820.9885730682745
2019-04-04,13105.89035227035,1263,27,6826.573993790016
2019-04-05,13086.588770952065,1110,18,7016.5660186492405
2019-04-06,11815.268961528862,1256,33,6759.81286443293
2019-04-07,12710.921735261132,1163,44,6637.789433246432
2019-04-08,13460.66287043226,1369,32,6338.775054545422
2019-04-09,13351.388493380977,1542,36,6344.137773960329
2019-04-10,13251.63957190424,1233,36,6871.290356155588
2019-04-11,12682.733489745944,1015,38,6633.745747501431
2019-04-12,13202.943358329054,1291,30,7010.12121895578
2019-04-13,12516.092056796962,1361,33,7545.572398864561
2019-04-14,12311.802455694202,1427,31,7111.737013499455
2019-04-15,13409.068512268313,1217,44,7453.945460234875
2019-04-16,13719.75331698143,1421,52,6872.165980118907
2019-04-17,14490.049101153925,1402,39,7043.7936836041945
2019-04-18,13664.648362076514,1355,34,6805.531134540158
2019-04-19,13737.674150654546,1638,36,6922.623914987834
2019-04-20,12854.310742400397,1135,38,6525.272668504936
2019-04-21,11965.835085689358,1221,38,7455.238150835644
2019-04-22,13696.658006375184,1416,49,7583.399439142329
2019-04-23,13775.684631753371,1486,44,6690.340049115938
2019-04-24,15013.756696577293,1511,38,6513.565013787637
2019-04-25,13723.382188632968,1403,30,6882.838767805266
2019-04-26,14008.5719285609,1361,41,7247.501454969259
2019-04-27,13129.432472653216,1339,41,7841.606772564161
2019-04-28,12602.138299565118,1225,39,6594.183064425578
2019-04-29,14548.219354792493,1516,48,7325.403137760945
2019-04-30,14393.688102974796,1402,39,6855.828210280221
2019-05-01,14454.674160480403,1483,33,6814.659807459541
2019-05-02,13646.362659454931,1361,29,7502.164006940035
2019-05-03,14844.750746304906,1597,24,7261.645699260593
2019-05-04,12735.06051904571,1268,38,7305.326192122387
2019-05-05,13772.317493480783,1199,30,7029.746247570087
2019-05-06,15367.224286302153,1662,34,7744.520084427956
2019-05-07,13819.973760912211,1291,28,6946.146143751962
2019-05-08,14075.408909522701,1342,33,7197.870309365443
2019-05-09,14451.701458530422,1385,28,7228.881769562961
2019-05-10,14193.38921268751,1556,27,7032.4182053097165
2019-05-11,12962.910412206584,1082,26,7492.223420958562
2019-05-12,13815.432630831523,1695,29,7346.819409496303
2019-05-13,14042.63196591967,1509,38,7455.876204682994
2019-05-14,14852.865841406552,1507,31,7418.826663760266
2019-05-15,14198.225713143169,1414,30,7456.211610012102
2019-05-16,15474.284824046666,1575,20,7240.7370910858235
2019-05-17,14348.511542308406,1486,25,7302.563001363248
2019-05-18,13869.298056990316,1451,33,6493.402835126181
2019-05-19,14476.577582758431,1503,33,7591.769970472144
2019-05-20,14243.106261702302,1433,29,7206.749713947467
2019-05-21,15010.147249224692,1481,30,7277.899275415708
2019-05-22,15586.957533999093,1543,22,7296.801706735123
2019-05-23,14165.634583994068,1397,20,7176.8163606796525
2019-05-24,15096.636152548344,1623,17,6969.224495615242
2019-05-25,14418.08917083628,1501,21,7394.096911454708
2019-05-26,14711.706672437918,1177,27,7392.6856874383875
2019-05-27,14483.720563081506,1513,22,8043.763135104312
2019-05-28,14472.05683118935,1466,20,7296.169136127197
2019-05-29,15421.970094052222,1540,13,7511.855323803613
2019-05-30,15336.768378102559,1494,8,7630.859616010293
2019-05-31,15339.300626565057,1646,10,7098.34886849673
2019-06-01,14661.498122912597,1560,20,7736.635241201299
2019-06-02,14170.864794765992,1339,19,7378.883481531119
2019-06-03,15397.93364315473,1580,27,7861.23751951682
2019-06-04,15447.543949160037,1447,23,7443.870351259298
2019-06-05,14961.250651171857,1358,9,7340.794982624229
2019-06-06,16266.898192900222,1564,18,7384.600513720842
2019-06-07,15584.62792645187,1644,19,7846.372892631246
2019-06-08,14013.828113333655,1496,13,8113.789071720861
2019-06-09,14947.546808116467,1546,25,7577.695949241605
2019-06-10,14889.69696503305,1561,21,7573.460675641304
2019-06-11,15776.283555989756,1629,24,7273.630676250524
2019-06-12,15965.638315238002,1532,13,7720.185906033685
2019-06-13,14977.456832538744,1540,7,7299.045203923075
2019-06-14,15868.766367384893,1666,14,6882.975979754105
2019-06-15,14840.538901700229,1559,19,8197.448342820608
2019-06-16,15040.007838107416,1622,23,7721.388885636866
2019-06-17,16319.934543583158,1702,21,7237.745651069468
2019-06-18,15239.109528824863,1559,24,7269.891032976202
2019-06-19,14972.883065652866,1604,23,7982.457080290423
2019-06-20,14890.60286695826,1486,19,8330.319288612307
2019-06-21,14910.707190805155,1402,21,7853.324865451142
2019-06-22,14510.941625094667,1434,20,7439.0311895079
2019-06-23,14698.563750478634,1395,34,7492.07708573123
2019-06-24,15392.43351730557,1471,25,7433.9344157037085
2019-06-25,15641.377820668768,1549,32,7691.7544225090505
2019-06-26,15205.578337389172,1441,32,7146.816403195057
2019-06-27,15894.72689408487,1558,26,7375.990158726409
2019-06-28,15002.106098452734,1310,23,7995.495722251435
2019-06-29,15708.589667386374,1592,26,7548.365064563282
2019-06-30,14623.011746710788,1462,38,8181.958274861603
2019-07-01,14590.884015484635,1377,29,7299.178167441656
2019-07-02,14440.925114738424,1510,30,7696.143392114264
2019-07-03,15172.154911647112,1610,29,7110.17962856005
2019-07-04,14771.391142548306,1316,35,7379.474009072461
2019-07-05,15190.003617481467,1442,31,6888.713453321887
2019-07-06,14267.203316724444,1349,28,7405.356447207645
2019-07-07,13939.477543227373,1299,36,7000.541183286056
2019-07-08,14245.557809370499,1507,37,7765.178055201818
2019-07-09,13852.380440939414,1365,35,7495.137796945229
2019-07-10,14325.21692629013,1406,40,6662.764443822909
2019-07-11,14913.202039587824,1290,26,7673.833066461321
2019-07-12,14526.47522104053,1516,41,7904.938670207781
2019-07-13,12978.924323047144,1173,41,7311.366993907941
2019-07-14,13618.733964536974,1367,47,7281.626333808953
2019-07-15,14403.183714169145,1468,41,8205.241743613073
2019-07-16,13695.05936617109,1505,41,6497.98674742339
2019-07-17,14138.447488635278,1282,31,7091.652129421822
2019-07-18,14013.474593537088,1099,32,7374.84179604032
2019-07-19,13333.9158372592,1351,37,7512.062095987051
2019-07-20,13253.630173059815,1505,45,7349.45593912862
2019-07-21,13272.830557767831,1451,37,7054.4522093245905
2019-07-22,14200.09573156901,1440,43,6714.819440061373
2019-07-23,14100.098799816802,1360,42,6873.542505844104
2019-07-24,12797.554487638416,1360,31,6679.770959046806
2019-07-25,12929.301652257767,1195,38,7274.376315406107
2019-07-26,13566.26219109381,1404,31,7060.770785986895
2019-07-27,12724.94692546471,1323,37,6391.055008304599
2019-07-28,12633.741581459466,1369,39,7255.334232189801
2019-07-29,14959.678745313953,1771,39,6920.576900299431
2019-07-30,13224.863678076663,1361,41,6437.043036146819
2019-07-31,13412.3970433854,1290,35,6739.644734091577
2019-08-01,13225.98294634773,1320,31,7508.415093384483
2019-08-02,12978.300596644975,1120,28,6443.519085749289
2019-08-03,11647.932619455003,1095,36,7123.2134131533485
2019-08-04,12087.438973381179,1167,47,6653.64761329724
2019-08-05,11973.440311251252,1144,40,7406.798821750728
2019-08-06,12142.941194244233,1229,42,6651.567939459522
2019-08-07,11919.853830067284,1109,26,6506.261694981558
2019-08-08,12104.434631200475,1322,29,6368.48176228017
2019-08-09,13121.65570306521,1312,22,6611.392046004182
2019-08-10,10181.480261878542,1017,23,6759.793371495172
2019-08-11,11359.078185005566,1103,30,6623.6821507845825
2019-08-12,10860.565828160634,1101,41,6871.349068778505
2019-08-13,11332.16593432457,1215,37,6071.955165808931
2019-08-14,12014.139925531463,1114,29,6226.565776130583
2019-08-15,11403.75442026175,1074,16,6155.207970395279
2019-08-16,10735.201238070302,1043,22,5773.91204862587
2019-08-17,10069.482772042982,872,27,6896.359846915149
2019-08-18,10670.68847701233,985,30,6510.765660175054
2019-08-19,10620.24717439575,1014,21,5988.523618211061
2019-08-20,10999.078163450999,1187,23,6590.465326019466
2019-08-21,10820.021780650737,1108,23,6227.311487221415
2019-08-22,10378.881860771515,1057,22,5875.231080726166
2019-08-23,11685.249350090573,1253,8,6556.744675476437
2019-08-24,10090.070348762838,995,21,6365.420999148
2019-08-25,8671.699654295457,906,26,6232.03855387672
2019-08-26,10440.072165368447,1033,31,6377.848123631695
2019-08-27,9930.02611949196,1019,28,6162.169821762262
2019-08-28,10602.795846362249,1002,23,5522.982409222309
2019-08-29,9697.648093083604,725,12,6298.804085104287
2019-08-30,9955.621635772484,982,6,5407.524499644396
2019-08-31,9436.398246810964,1085,17,6050.676715014917
2019-09-01,9539.610059701536,1046,28,6425.940957267539
2019-09-02,9181.403381461816,1014,32,5756.566254111654
2019-09-03,9541.1878481074,1077,26,5649.767984795332
2019-09-04,9399.995186770035,948,21,5727.4946163754685
2019-09-05,9242.047997235863,943,17,5389.979173671953
2019-09-06,10384.970882076756,976,12,5199.872121563745
2019-09-07,8890.621130231235,857,18,5750.822636473927
2019-09-08,7995.9970908194455,861,31,5813.372226395256
2019-09-09,9776.165886385576,1098,20,6099.73974406143
2019-09-10,10321.658462933668,1018,31,5623.722770485005
2019-09-11,9722.768322947095,927,18,5411.711388500949
2019-09-12,8395.473833057213,839,23,6239.702207380902
2019-09-13,8864.388201109625,946,10,6039.3636831013355
2019-09-14,8944.083558158092,750,23,5744.605723757948
2019-09-15,7913.742812465848,561,22,5434.304504450738
2019-09-16,9199.311536974848,864,20,5833.12048825992
2019-09-17,9327.463099527793,810,27,6106.833131010402
2019-09-18,8442.387621723803,793,28,5185.679721989001
2019-09-19,8844.799320564207,869,15,5789.47359720112
2019-09-20,7225.676862684102,677,13,5899.746162439126
2019-09-21,7558.938849982052,901,24,5234.942884498494
2019-09-22,7922.775683721853,824,29,5659.564946333137
2019-09-23,8156.2286566607145,845,34,4728.000901602602
2019-09-24,9580.545306011027,1020,35,4736.966563872796
2019-09-25,8036.669850228605,689,27,5486.856627484233
2019-09-26,8522.32023725988,956,34,5331.7061745989795
2019-09-27,8801.53233957718,872,26,5934.847714089674
2019-09-28,8703.849444277375,937,27,5405.632461966075
2019-09-29,7265.5741628717105,619,26,5263.776056578826
2019-09-30,9318.628704809882,776,35,5626.883411283853
2019-10-01,8748.958504675196,956,34,5241.224441778756
2019-10-02,8263.137689929024,863,37,5596.963956261933
2019-10-03,8998.246966019018,809,31,5388.797507984976
2019-10-04,8883.27667605605,801,24,5565.951970111984
2019-10-05,7753.430531629268,887,35,5166.259830564533
2019-10-06,8111.461805305314,692,42,5870.600441813944
2019-10-07,8660.141479304391,1030,49,5565.553591432364
2019-10-08,8938.99323824883,803,44,5170.429143602418
2019-10-09,9245.91501211858,988,40,5689.3990051070605
2019-10-10,9743.629081727973,941,33,5606.871621294583
2019-10-11,8370.613926031507,897,35,5836.691305255439
2019-10-12,9348.040554848863,880,43,5479.376722680334
2019-10-13,7350.551643161216,718,35,5501.643641340139
2019-10-14,9048.809587996186,908,42,5543.346566421491
2019-10-15,9469.96486145861,846,38,5708.758259806239
2019-10-16,9370.363678219088,1011,40,5393.095894684548
2019-10-17,8975.493932138796,846,41,5690.670340600091
2019-10-18,9242.627386484173,901,32,5902.512060207972
2019-10-19,8412.853508814776,741,26,5324.094344483353
2019-10-20,8430.106895840407,586,41,6259.179261525916
2019-10-21,9967.7421154709,977,49,5723.515620435643
2019-10-22,9792.261288711923,1220,45,5733.132143746192
2019-10-23,9340.713697057101,1012,40,5278.2045676862335
2019-10-24,10212.925292252668,1019,33,6082.725605306473
2019-10-25,9995.21104981175,973,28,5546.824957556154
2019-10-26,9578.842315354794,960,40,5937.8344605950315
2019-10-27,9570.422496194982,1011,37,5957.0853623600515
2019-10-28,9676.585001046064,849,54,6007.320466124195
2019-10-29,9898.672803308269,1101,43,6083.044903645468
2019-10-30,10642.224194874085,1135,33,5501.364655492411
2019-10-31,10665.634885422003,1138,29,5697.62798112998
2019-11-01,10443.852902510691,1088,31,6106.79912531851
2019-11-02,9858.724558849452,987,33,6822.133700826249
2019-11-03,10536.473763787519,1120,44,6158.265765228157
2019-11-04,10451.177924423031,1104,40,6310.496706130388
2019-11-05,11121.493642221223,1076,33,5925.525926697291
2019-11-06,10849.404856635323,1027,41,6743.615807563146
2019-11-07,10945.706364406593,1104,28,5611.186877237333
2019-11-08,11709.384258851442,1325,31,6364.834406067174
2019-11-09,10929.468462130804,969,27,5767.158246921978
2019-11-10,11031.50672057835,956,35,5531.740438160962
2019-11-11,12136.620817742933,1230,36,6602.053893590778
2019-11-12,11604.56074108428,1165,22,6320.689877483478
2019-11-13,12046.169963598293,1221,37,6224.000934850845
2019-11-14,11662.060823578358,1190,29,6609.128018310954
2019-11-15,12092.052539402779,1186,20,7410.8580525466605
2019-11-16,11228.355461408355,1271,19,6536.398447670058
2019-11-17,11455.972842590527,985,30,6651.65555544853
2019-11-18,12569.599127005655,1174,30,6432.806315936669
2019-11-19,11977.861500467397,1187,29,6457.076410934687
2019-11-20,13548.429826009531,1190,23,6365.321750260473
2019-11-21,12114.712759493385,1193,21,6647.7241932827765
2019-11-22,12126.241371575023,1378,25,7139.028009800317
2019-11-23,12678.042708167763,1269,24,7417.684436758161
2019-11-24,12610.416425971116,1284,19,6675.4378220677845
2019-11-25,13392.098403167649,1213,33,5946.608830689316
2019-11-26,13509.430308962374,1289,32,6695.110045474557
2019-11-27,13304.029645132194,1292,35,7594.03319711286
2019-11-28,12976.009346152623,1265,10,6948.431020958383
2019-11-29,13576.52286551884,1485,17,7383.794364304809
2019-11-30,12563.43788813707,1312,8,7423.791614125438
2019-12-01,13502.305528323048,1239,26,6958.491978602579
2019-12-02,13803.188504112353,1404,22,6820.410370095206
2019-12-03,13575.101886384853,1407,32,6038.437666906254
2019-12-04,13937.37112379379,1507,15,7255.9406210796005
2019-12-05,14413.743571399147,1599,7,6896.529750386641
2019-12-06,14033.551116491511,1301,13,7125.375701481763
2019-12-07,13261.283621985967,1245,9,6806.265235261328
2019-12-08,13899.98755868497,1264,27,7244.551809278683
2019-12-09,14755.073681432506,1452,15,7220.18105141777
2019-12-10,14482.190014231122,1494,24,7058.963160909079
2019-12-11,14601.768793580755,1558,9,6835.549611399767
2019-12-12,15053.426765105387,1497,15,7785.595389058157
2019-12-13,14311.895407547652,1399,25,7165.588568849746
2019-12-14,13679.099955052185,1383,23,6878.189799938254
2019-12-15,14118.801214086812,1328,21,7483.321003542577
2019-12-16,15214.729432106275,1730,28,7303.8812149722335
2019-12-17,15568.517959684514,1396,27,7151.9068164671835
2019-12-18,16240.480581570178,1642,25,7644.2800853315675
2019-12-19,16019.445757735904,1804,13,7493.484178611125
2019-12-20,15596.485836804975,1560,24,7634.669500594723
2019-12-21,15000.764843471132,1481,11,7541.188860101126
2019-12-22,14590.760352023708,1423,27,8051.99977818714
2019-12-23,15912.412929063812,1573,30,7734.238470264923
2019-12-24,15854.83777002564,1722,34,7374.22113485309
2019-12-25,16235.840498146299,1402,28,6805.825697567473
2019-12-26,15733.962499438514,1726,18,8207.04753723567
2019-12-27,16478.09940399334,1505,21,7388.147341670875
2019-12-28,16303.366731563243,1603,31,7693.368746632978
2019-12-29,15548.885564285869,1511,34,7827.692103154354
2019-12-30,16618.064150543687,1720,34,7584.462442612995
2019-12-31,16823.877059274026,1522,34,7442.95708599303
2020-01-01,16349.810913524381,1681,33,7027.481394475561
2020-01-02,16718.726694532317,1874,24,8201.718331034797
2020-01-03,16666.843869542237,1530,27,7883.607244364311
2020-01-04,16010.852584182778,1620,42,8783.124301799313
2020-01-05,15624.570698187597,1496,29,7717.3114886704325
2020-01-06,16819.98325439981,1724,29,7723.617853833995
2020-01-07,17100.97152741726,1712,41,7633.637884169212
2020-01-08,17619.382922297973,1697,30,7760.311605997826
2020-01-09,17412.88542724934,1790,29,7904.93397468435
2020-01-10,18046.888667378927,1985,28,8313.991122425932
2020-01-11,15871.290688589697,1568,34,7992.238359692796
2020-01-12,16723.425187669913,1744,48,7809.388112635726
2020-01-13,17158.886053055892,1586,46,7874.602178390946
2020-01-14,18189.73551315672,1723,45,7094.31495619575
2020-01-15,16715.994333973358,1718,30,7861.606850458456
2020-01-16,16723.306583259862,1820,28,8057.371722198801
2020-01-17,16864.236474638794,1721,20,8267.489545702061
2020-01-18,15370.520620463301,1505,34,8387.820039348157
2020-01-19,16185.928587951088,1618,47,8385.401037860398
2020-01-20,16833.413215231696,1558,47,7958.830046158287
2020-01-21,17300.22192609601,1790,41,7072.979852181401
2020-01-22,17405.859008621374,1828,38,7685.76704396881
2020-01-23,18180.97358519566,1772,32,7870.07754639439
2020-01-24,17724.001176273014,1725,36,7992.926089145385
2020-01-25,16214.277328040638,1648,42,8012.442031416938
2020-01-26,16055.547391397555,1561,34,8258.253206841257
2020-01-27,17500.874359149355,1743,46,8201.237868112576
2020-01-28,16593.14336112514,1869,47,7673.620868767524
2020-01-29,18165.57214853862,1791,35,7879.160970006944
2020-01-30,17834.437422374373,1747,37,8358.372922516264
2020-01-31,17003.351758255874,1635,47,7704.749482182795
2020-02-01,15622.999565264647,1636,36,8830.991242363696
2020-02-02,17146.594170100012,1696,42,8056.312536160127
2020-02-03,17151.003411676385,1650,38,7615.665343332161
2020-02-04,17814.382653050572,1913,40,7801.133290988909
2020-02-05,16384.110494035365,1780,37,7898.755810705702
2020-02-06,16866.19930717002,1626,31,8241.688464730132
2020-02-07,17151.848904049733,1528,25,7623.214215585012
2020-02-08,16404.90137668814,1741,33,8332.96993065553
2020-02-09,16137.473098746499,1545,43,8261.547814563126
2020-02-10,17404.00402273383,1819,39,7695.4117064660195
2020-02-11,16537.888978280953,1456,40,7477.837275852557
2020-02-12,16978.74556536388,1787,29,8342.921700853209
2020-02-13,17087.504806493744,1587,29,7999.98723577076
2020-02-14,17261.253680425572,1799,26,7711.111238864499
2020-02-15,16585.844927280854,1660,23,7413.808041364378
2020-02-16,15643.116228225688,1468,33,8021.017980267657
2020-02-17,16163.247298456543,1575,27,8110.060219676945
2020-02-18,17543.548051447444,1822,27,8190.401407215101
2020-02-19,17044.880840796326,1715,26,7273.2113400123635
2020-02-20,16478.174363638027,1706,22,7392.8881518647795
2020-02-21,17601.437466713567,1957,14,8398.353205867177
2020-02-22,16106.962830009745,1454,28,8415.483273607017
2020-02-23,16611.928060866583,1822,30,7472.106603756043
2020-02-24,16779.151830063292,1688,25,8604.885465903992
2020-02-25,17748.90749651085,1685,18,7843.351401448969
2020-02-26,17569.440711685013,1623,20,8311.120019982369
2020-02-27,16540.688011350085,1635,15,8012.679440563703
2020-02-28,17124.58477432347,1804,17,7567.9888737068695
2020-02-29,16185.411350758204,1605,18,8225.24199881069
2020-03-01,16521.32252306864,1803,14,8280.249549006407
2020-03-02,16079.25099923592,1462,23,7869.251626571927
2020-03-03,16879.929203814663,1686,22,7739.233914555226
2020-03-04,17041.852099083815,1578,22,7903.556705855298
2020-03-05,15609.611668140687,1597,12,6953.921135810231
2020-03-06,15874.357001958439,1676,23,8565.383033775643
2020-03-07,14674.09493127357,1425,9,7842.142925755992
2020-03-08,15537.507336833554,1293,29,7834.604130184046
2020-03-09,16760.310007675715,1695,23,7736.296759743069
2020-03-10,17132.92563718491,1756,27,7779.514196289879
2020-03-11,16399.93277980715,1680,19,7783.06903777849
2020-03-12,17159.309592977275,1839,21,7957.615720846422
2020-03-13,15638.09188072796,1456,14,7871.823163399689
2020-03-14,14710.660788428448,1539,14,8159.335044356787
2020-03-15,15519.898401111122,1671,31,7585.760486706798
2020-03-16,16476.176229121716,1469,26,7885.194690301155
2020-03-17,16255.456444286447,1657,26,7083.484811062072
2020-03-18,15226.968021351793,1472,27,8031.654618920329
2020-03-19,16206.272909713509,1612,13,7991.242731535323
2020-03-20,15590.032050977145,1593,22,8069.874063640967
2020-03-21,15819.856072427643,1533,20,7592.687050552953
2020-03-22,15662.417819798527,1498,27,7336.168744371753
2020-03-23,15754.648012579115,1578,30,7418.790866274541
2020-03-24,15964.515974826438,1487,21,7947.673623011708
2020-03-25,15690.116099673121,1460,21,7748.7220911475115
2020-03-26,16188.085766202114,1686,29,8080.691375365436
2020-03-27,16698.14260939517,1554,27,7910.3371613590825
2020-03-28,14980.310399916738,1564,27,7417.024262691139
2020-03-29,15729.264145017036,1619,33,7617.606488544443
2020-03-30,15967.652161818252,1424,33,8040.317999975522
2020-03-31,15843.361857177362,1516,40,6799.879900174989
2020-04-01,16194.779676957975,1738,29,8220.811809192006
2020-04-02,15740.64908458901,1475,28,7922.819669458742
2020-04-03,15992.896772895643,1552,33,8121.11893626787
2020-04-04,14933.70390122372,1539,28,7384.252720844642
2020-04-05,16529.389002053118,1731,44,8095.56427348328
2020-04-06,16330.493372714709,1607,32,8467.318705177018
2020-04-07,15980.272480346022,1538,46,7083.847663753921
2020-04-08,16455.821720426855,1787,32,8190.237239087066
2020-04-09,16312.769113746397,1805,30,7899.480995220601
2020-04-10,16279.934061004544,1725,22,7330.751589629333
2020-04-11,15970.349369733445,1605,34,8084.611707683617
2020-04-12,16066.203170084,1525,35,8143.911695575123
2020-04-13,16197.690516499748,1536,40,7703.642252500708
2020-04-14,16201.802247778978,1672,41,8140.879766996601
2020-04-15,16380.20203999834,1679,42,7319.83192898844
2020-04-16,15395.995568180868,1679,35,7410.880311015031
2020-04-17,15819.76392456132,1647,36,7901.519893010319
2020-04-18,16542.336089015425,1503,33,7921.676195391184
2020-04-19,16714.017557034123,1776,38,7403.826623927029
2020-04-20,16550.702673560692,1555,53,7988.807508159962
2020-04-21,16998.193425627676,1661,39,8121.969120969412
2020-04-22,16901.194604054625,1715,47,8271.646988390441
2020-04-23,18321.57604456227,2031,34,7928.269871462527
2020-04-24,17379.350126740817,2048,35,8280.232108081806
2020-04-25,16043.83946165371,1665,43,7936.663290307389
2020-04-26,15669.018137205625,1548,48,9112.61842039466
2020-04-27,16133.254158246098,1666,43,7970.0413069856495
2020-04-28,17078.53976546859,1796,40,8444.741067333607
2020-04-29,16639.546213989255,1631,37,7711.17182528851
2020-04-30,16348.031332160044,1814,35,7427.322980603206
2020-05-01,16777.76994473104,1700,37,8533.985734787158
2020-05-02,15852.57958902966,1635,36,8029.634280715264
2020-05-03,17279.55686797813,1794,43,8159.746629162085
2020-05-04,17669.708825055375,1809,49,8400.48775898209
2020-05-05,17268.010152738854,1810,40,7857.160542952405
2020-05-06,18055.213992922567,1743,35,8006.194806949596
2020-05-07,17397.241928147894,1683,22,8593.626660817386
2020-05-08,16971.233675322474,1587,16,8180.629698058035
2020-05-09,17456.689078380437,1789,34,8622.321543459297
2020-05-10,17007.697149581978,1778,35,7573.05340630693
2020-05-11,17012.52806626528,1747,34,8225.464617699698
2020-05-12,17478.61448374092,1915,35,8045.430975970623
2020-05-13,17178.260499396583,1717,29,8598.302036028153
2020-05-14,16966.5379647779,1763,31,8290.684624246313
2020-05-15,18162.40639530372,1707,25,8315.541668877064
2020-05-16,17944.84650871159,1755,23,8299.371147824042
2020-05-17,16331.045028183584,1702,35,7790.429133570355
2020-05-18,18101.303592418884,1895,31,8935.698925749532
2020-05-19,17533.217135358365,1723,32,8980.865078138548
2020-05-20,17652.854590040282,1758,22,8017.18756161954
2020-05-21,17637.18919473845,1611,17,8907.512148297756
2020-05-22,17537.380816434772,1718,20,8089.22068100575
2020-05-23,17278.580037254607,1816,23,8056.7223071445915
2020-05-24,16872.672715506546,1744,29,8303.43418304021
2020-05-25,18206.023649439183,1870,26,8391.6965564408
2020-05-26,18077.07686379598,1812,16,8065.378006803446
2020-05-27,18012.81111429828,1801,18,8223.132271762508
2020-05-28,17707.217480222975,1704,21,8553.72393945378
2020-05-29,17899.8903762018,1859,15,8123.631026551478
2020-05-30,17841.749814305,1826,18,8559.481239525001
2020-05-31,17738.7326119763,1823,28,8571.223716823348
2020-06-01,17772.09953315596,1724,21,8421.407908137659
2020-06-02,18331.472947288843,1617,15,8698.319375270008
2020-06-03,18676.701274196592,1977,18,7956.398645543805
2020-06-04,17483.723719624355,1700,13,8472.014986586344
2020-06-05,18605.69103351781,1774,10,8148.357672267621
2020-06-06,17266.399586523054,1795,18,8268.78597478905
2020-06-07,17894.77919623156,1750,25,8055.8378657659705
2020-06-08,17987.640425528294,1904,25,8299.08925498307
2020-06-09,17474.596749814453,1809,24,8015.521130334575
2020-06-10,17568.97003517695,1825,28,8304.188665656113
2020-06-11,18410.38299906499,1704,14,8647.438473557904
2020-06-12,18517.65924257534,1972,17,8146.031313332624
2020-06-13,17184.91999021053,1744,17,7795.003298522206
2020-06-14,17953.444667620668,1758,20,8865.135253668046
2020-06-15,17548.217726975694,1769,24,8304.170732688091
2020-06-16,18338.498152932523,1656,23,8137.85986893177
2020-06-17,17756.29548694507,1816,23,8519.994352368414
2020-06-18,18023.833093930527,1699,30,8324.348443613544
2020-06-19,18359.059417429227,1700,16,8829.8033101362
2020-06-20,17138.4056506459,1561,21,8470.589589101348
2020-06-21,17357.214707686806,1846,28,8148.757054270026
2020-06-22,18781.134167677534,1815,32,9161.286477426265
2020-06-23,17965.64218287899,1949,31,8199.821734195239
2020-06-24,18645.632252183324,1810,32,8162.96234431959
2020-06-25,17634.223964121407,1592,11,8923.51787721993
2020-06-26,18432.861944463853,1731,12,8464.527938642717
2020-06-27,18105.21882540066,1934,25,8713.458133536797
2020-06-28,16112.68283402792,1595,38,9037.922388816629
2020-06-29,17661.73044509305,1711,27,8447.32215486264
2020-06-30,18307.998857283044,1846,19,8336.237379414979
2020-07-01,17874.848670747484,1837,33,7868.778403812114
2020-07-02,18116.491640711174,1923,29,8619.973914202228
2020-07-03,17581.12994185332,1902,23,8040.439448127793
2020-07-04,17126.29826417187,1676,28,7772.7878337812945
2020-07-05,16952.74588674163,1562,32,8258.812911027308
2020-07-06,18309.78303038571,1789,40,7784.162094838211
2020-07-07,17796.165090055307,1805,35,8010.4400749938695
2020-07-08,17778.605384319948,1681,37,8236.573674861276
2020-07-09,17342.53591926241,1638,18,8225.710250050033
2020-07-10,17241.19953038984,1758,28,7910.801553982188
2020-07-11,16453.149255065615,1640,31,8354.38276381059
2020-07-12,16799.019783592285,1683,40,8461.523821163273
2020-07-13,17071.651261201252,1631,40,7663.867827561969
2020-07-14,17355.412452752935,1712,46,8182.014496011479
2020-07-15,18174.688483594375,1725,28,8284.897796199184
2020-07-16,17497.14728737836,1838,35,8407.720909007363
2020-07-17,16821.35846823017,1785,37,8572.167800287387
2020-07-18,16756.007947256483,1490,48,9113.010722476198
2020-07-19,15870.698806374898,1494,40,8142.316571627791
2020-07-20,15723.376026994787,1422,46,8079.279014492408
2020-07-21,16154.526954522673,1550,34,7901.870854202537
2020-07-22,15637.801813286424,1555,26,7761.802695339213
2020-07-23,16310.632429596306,1486,39,8176.874814789329
2020-07-24,16407.423361810103,1548,35,7442.853741177601
2020-07-25,16396.963213627125,1539,44,7433.025642336254
2020-07-26,15631.517636890687,1583,35,8306.34400983026
2020-07-27,16016.66747390201,1608,46,8228.237960613658
2020-07-28,16448.015790578334,1572,51,7810.149470043014
2020-07-29,14833.850768226137,1501,39,7945.775891403421
2020-07-30,15962.421502349383,1541,34,7907.364994918213
2020-07-31,16134.414661544613,1586,32,8384.487119873796
2020-08-01,14163.311848102154,1583,27,7472.5081086158725
2020-08-02,15377.444263378642,1671,46,8096.41608486659
2020-08-03,15627.202566881753,1432,37,8632.92797161117
2020-08-04,15152.208961569639,1598,40,7428.423300944886
2020-08-05,15577.74143066738,1638,25,7628.031728752046
2020-08-06,16297.882032884034,1514,23,7904.894865630819
2020-08-07,15154.43068903656,1597,36,7436.078431009726
2020-08-08,14338.436712878623,1587,29,8389.712740857634
2020-08-09,13885.432408404295,1276,42,7943.385921174005
2020-08-10,14341.025905085917,1342,36,7464.449210643314
2020-08-11,15082.091672027584,1609,24,7050.824312357576
2020-08-12,14140.089954264853,1441,33,7494.79578000322
2020-08-13,14505.447745657475,1505,21,7562.463995374097
2020-08-14,14132.785687331461,1447,27,7375.421190184046
2020-08-15,13763.563539908151,1415,26,7414.962389816183
2020-08-16,13593.965679316441,1226,22,6899.067533233386
2020-08-17,14599.659574673942,1564,32,7295.326878721386
2020-08-18,13730.422290826948,1490,40,7264.895967595454
2020-08-19,13755.911401013327,1352,26,7590.388646662699
2020-08-20,13307.854002807677,1326,19,7148.6522315835755
2020-08-21,13482.535404536367,1195,24,6735.620898607386
2020-08-22,13051.927551950335,1356,23,6858.145032026486
2020-08-23,13151.605145926507,1372,27,6591.385650747828
2020-08-24,12973.188285535447,1291,22,7445.7578286886055
2020-08-25,13781.647968036563,1490,26,7380.170054092311
2020-08-26,13938.738281278633,1360,25,7041.546517162601
2020-08-27,13383.296630575991,1394,12,7258.344969366179
2020-08-28,14032.306368578988,1301,23,7174.681904585039
2020-08-29,11876.095256954148,1185,19,7153.08799007336
2020-08-30,11561.577255665026,1138,19,6915.077703456669
2020-08-31,11967.372338164336,1219,30,7116.574613160426
2020-09-01,13529.573740734295,1316,21,6098.488110193534
2020-09-02,13035.621294204902,1290,22,6547.74960578171
2020-09-03,12609.675506895284,1343,14,6578.111528385088
2020-09-04,12708.696926682633,1227,15,7282.480339443651
2020-09-05,11189.499238287019,958,21,6938.743437193054
2020-09-06,12911.006264559172,1466,24,6734.091541597858
2020-09-07,12441.049658974582,1382,15,6551.2511690025
2020-09-08,12371.932310160635,1107,18,6378.495742532635
2020-09-09,12623.463676376698,1331,24,7094.773048612599
2020-09-10,12447.040308539878,1194,15,6389.313200367216
2020-09-11,12267.100828173785,1253,14,6737.821819152412
2020-09-12,10961.268009820098,1125,13,6856.951988371855
2020-09-13,11546.362162132778,1131,19,6518.692657476484
2020-09-14,12958.589793512756,1217,17,6503.773356979735
2020-09-15,12650.111845979223,1195,25,6357.5636575758945
2020-09-16,12736.739386132824,1182,19,6123.882343152047
2020-09-17,11650.245019297252,1081,14,6992.554052628645
2020-09-18,11379.759588465817,1131,19,6526.427241696007
2020-09-19,11033.417072668815,1031,26,7139.877923749812
2020-09-20,11098.995126793545,1178,39,7196.421829405666
2020-09-21,12346.155518653906,1383,24,6155.700836029199
2020-09-22,10933.887932785728,1035,36,6470.287480513048
2020-09-23,12529.114813775515,1276,31,6111.675966573457
2020-09-24,11672.736589919428,1217,20,7016.1329077355085
2020-09-25,11528.901945634663,1200,25,5900.588857110154
2020-09-26,10480.10986330405,1055,26,6902.910471660969
2020-09-27,10155.784463811431,1089,34,6239.924286909023
2020-09-28,12145.090530442389,1262,43,6396.575206960888
2020-09-29,11773.705812326603,1053,38,5834.725376447022
2020-09-30,11098.861524294876,1196,34,6293.440480412156
2020-10-01,11106.352629421193,1199,26,6392.43305280084
2020-10-02,11599.30287924232,1083,22,6697.701021497529
2020-10-03,11868.257590914012,1190,32,6226.429048809762
2020-10-04,10923.743294526863,1160,44,6297.564077286699
2020-10-05,11074.989286251252,1086,33,6524.117635992735
2020-10-06,11729.9267456923,1280,34,6331.929875776549
2020-10-07,11745.872780749372,1410,36,6340.233122420324
2020-10-08,10566.40635338727,978,28,6781.597155181698
2020-10-09,11923.473240396394,1054,29,6285.549587957876
2020-10-10,11124.054410340594,1142,35,6875.304877206965
2020-10-11,11629.62704992744,1235,34,6619.3511960625165
2020-10-12,13001.073590395139,1277,39,6332.1954754105045
2020-10-13,12687.984650287855,1414,45,5900.699941575013
2020-10-14,12041.36191293891,1070,31,6579.476385029761
2020-10-15,11676.604789980738,1236,27,6736.099820288479
2020-10-16,13573.523593674023,1296,32,7366.976360835257
2020-10-17,11626.297728670055,1334,42,6622.850836031623
2020-10-18,11666.318622100667,1365,42,6262.321614583668
2020-10-19,12462.726730757511,1169,42,6727.909224798694
2020-10-20,12641.983447344315,1209,43,6814.860806328265
2020-10-21,12541.573339767428,1340,30,6328.540394404944
2020-10-22,12400.33749124731,1201,37,6751.9666590653815
2020-10-23,12489.695883915849,1244,36,7079.335857737038
2020-10-24,12075.184654265448,1210,36,6617.1944963509795
2020-10-25,11900.698870368431,998,47,6706.322598752145
2020-10-26,12649.185183894595,1263,38,6741.938242227998
2020-10-27,13144.297620353049,1245,47,6827.552749734462
2020-10-28,13051.274714696327,1255,37,6747.432961763628
2020-10-29,14020.5738866038,1546,31,6728.721435791929
2020-10-30,12034.964848508764,1077,32,6962.3840045548695
2020-10-31,13250.057125453997,1406,34,6803.848710951851
2020-11-01,13423.103463443877,1314,45,6762.888443905305
2020-11-02,12610.946199689231,1233,34,6687.769711772068
2020-11-03,13575.619821800772,1436,33,7542.67466588612
2020-11-04,13662.224518638308,1400,38,6761.815296825844
2020-11-05,13246.745335493359,1381,25,6551.374947025958
2020-11-06,13665.638622224766,1463,32,6811.467615047109
2020-11-07,12854.707910124933,1252,39,7316.044889208429
2020-11-08,14392.895509348604,1378,32,7108.569236906939
2020-11-09,14842.591099151761,1375,39,7052.130278942493
2020-11-10,15119.658961662846,1429,27,6581.00665454579
2020-11-11,14954.894852289519,1790,31,7345.581690296558
2020-11-12,14140.667592342197,1538,25,6983.390691544787
2020-11-13,14554.9340687352,1320,25,7578.925658556102
2020-11-14,14424.656643772516,1310,22,7747.925771513235
2020-11-15,13682.363084146224,1416,21,6866.840536712556
2020-11-16,15513.974075180366,1606,33,6906.724737571661
2020-11-17,15151.85791520813,1570,18,7801.2283606402125
2020-11-18,15199.561438309336,1494,22,6921.181033392491
2020-11-19,15857.716172268547,1573,24,7994.976576337256
2020-11-20,15839.853105986256,1616,20,7499.35807500309
2020-11-21,14802.852595059348,1488,31,7511.281986410402
2020-11-22,15678.652173099854,1345,30,7888.838661529558
2020-11-23,15424.053415189699,1519,23,7486.756274771944
2020-11-24,16388.006298113705,1553,24,7480.604921566498
2020-11-25,16491.808183314424,1666,19,7589.148827482728
2020-11-26,16155.379811898656,1914,8,7231.0679915354
2020-11-27,16587.703043016598,1695,11,8017.646511852031
2020-11-28,15163.063798229326,1484,16,7868.550112930952
2020-11-29,16364.032253496576,1728,13,7799.506495036185
2020-11-30,16672.29459339268,1715,25,7613.262629880732
2020-12-01,16615.3556846039,1703,21,8026.339249797639
2020-12-02,17512.355097699558,1811,10,8172.223931964808
2020-12-03,16745.89219934891,1880,17,8290.935143269397
2020-12-04,16503.047196079555,1537,19,7892.973294648665
2020-12-05,15787.09880613155,1626,20,7734.951662458841
2020-12-06,16975.398795442,1604,21,8609.642874551526
2020-12-07,16887.92927669087,1744,28,7932.584906422106
2020-12-08,18509.987486870326,1759,27,7511.489703033449
2020-12-09,16694.696897974827,1627,21,8217.660110977535
2020-12-10,18685.51613053494,1839,12,8416.515019408249
2020-12-11,18042.910530027882,1901,18,8546.081079235459
2020-12-12,17237.58102236112,1815,26,8391.98161977426
2020-12-13,17110.37229883599,1586,22,8930.554820715543
2020-12-14,18427.591381889066,1848,38,8089.958802787747
2020-12-15,18302.635656749775,1759,24,7969.137275010493
2020-12-16,18964.71511789377,1770,23,8420.372838634728
2020-12-17,18559.91629742642,1834,16,7714.493645423589
2020-12-18,18665.766826865834,1835,21,8445.953989075435
2020-12-19,17744.648995679763,2017,16,8260.165174880729
2020-12-20,17981.80013556194,1841,26,8425.00874879787
2020-12-21,18995.925918788642,1761,26,8510.084021350991
2020-12-22,18066.585300731695,1750,31,8215.921385331676
2020-12-23,18325.07437843285,1934,32,8228.8616650348
2020-12-24,19446.11326498861,2153,28,8369.634680747948
2020-12-25,19233.010690278647,1764,13,9107.548970265114
2020-12-26,18376.434478696414,1649,39,9057.76091477826
2020-12-27,18546.214241594655,2041,35,8485.214233419698
2020-12-28,19527.056491195133,1991,33,9244.538232474662
2020-12-29,19147.328449339537,1827,36,8393.090696467068
2020-12-30,19089.652700717317,1962,33,8602.62051447791
2020-12-31,19635.961216721793,1700,26,8839.134759389464
2021-01-01,19069.453938741975,1907,27,8546.27394242567
2021-01-02,19069.026009566533,1939,27,9022.05151329704
2021-01-03,18067.47504511461,1899,33,8928.554324189536
2021-01-04,20234.811531653377,1922,34,8577.870754656818
2021-01-05,20005.593509404043,2009,29,8329.330969729817
2021-01-06,19943.96221250947,1901,33,8152.164009418648
2021-01-07,20351.53705184948,2060,33,8578.029424815384
2021-01-08,20734.767518713932,1983,33,9005.345117345763
2021-01-09,19698.654224797992,1929,38,8624.188986067522
2021-01-10,18308.07950103952,1731,41,9025.792961799281
2021-01-11,19373.395164748064,2002,39,9631.46081169729
2021-01-12,19733.074758543924,2059,44,9269.386139315873
2021-01-13,20088.479753374326,1985,29,8482.740782081071
2021-01-14,20361.882734864637,2040,29,8785.893131581473
2021-01-15,19765.49074815639,1831,29,9483.88479238948
2021-01-16,19494.77006467098,1919,43,9182.770762119912
2021-01-17,19044.460509266337,1899,47,9010.222882496433
2021-01-18,19884.928759204424,2250,46,8501.841789310782
2021-01-19,19503.69472844955,1839,48,8966.592984850717
2021-01-20,19759.58210103529,2122,34,8962.135284554759
2021-01-21,19557.40190813193,2055,37,8775.983170407235
2021-01-22,19755.26357232632,2003,34,8938.469245076276
2021-01-23,20027.92824197383,2178,43,8818.802641836079
2021-01-24,19032.30899084621,1940,42,8812.010852679878
2021-01-25,21577.139366372725,2196,42,8180.232454429196
2021-01-26,20509.632855594373,2045,45,8941.844051477308
2021-01-27,20355.552013325734,2157,42,9000.50348797628
2021-01-28,19832.300252627047,2092,31,9283.721043241849
2021-01-29,20608.21688339813,1998,34,9168.647767142907
2021-01-30,19215.117626977033,1789,32,8879.880391990144
2021-01-31,19557.1636697131,1935,28,9057.822578675947
2021-02-01,21517.828277026674,2071,43,9117.508105758587
2021-02-02,20179.847211237175,2011,43,8482.762825888507
2021-02-03,20791.129175527727,2202,37,9266.914541213468
2021-02-04,19852.105462583088,1939,22,9734.028087167666
2021-02-05,20172.04925626626,2012,29,8872.4821341927
2021-02-06,20309.506314546856,2036,23,9386.675245483651
2021-02-07,19093.962703378944,1994,44,9116.85523962104
2021-02-08,21045.854536886425,1879,33,9244.30514738323
2021-02-09,20474.60098029605,1986,42,8584.575125565532
2021-02-10,19819.56484669514,2003,36,9030.17077332347
2021-02-11,20396.122240582205,2159,23,9142.846672188207
2021-02-12,20544.431710770088,2005,21,9035.031914056437
2021-02-13,19596.48114982858,1771,31,9737.233979686602
2021-02-14,18477.141081533162,1909,28,9209.398686390965
2021-02-15,19624.68807840617,1898,34,9047.432770596874
2021-02-16,19839.897134451065,1865,29,8217.356033121801
2021-02-17,19901.30684735652,1927,17,8960.071564643855
2021-02-18,20223.26486735572,2003,11,8483.843522279269
2021-02-19,19975.793513355347,1937,23,8650.937469285467
2021-02-20,18442.964630643448,1623,22,8870.986364480603
2021-02-21,19274.17958253748,2017,25,9491.902997716803
2021-02-22,20112.637563587417,2138,33,9224.710050006332
2021-02-23,20060.39387088238,2071,33,8485.538136240957
2021-02-24,20294.002130217737,1915,21,8874.74149385289
2021-02-25,20143.7137894265,1994,16,8853.675561214892
2021-02-26,19929.57950815982,1992,20,9060.014268134319
2021-02-27,18888.306407942488,1948,14,9110.201662498763
2021-02-28,18066.538010170494,1873,25,9333.745105532356
2021-03-01,19835.751663614115,1910,29,9269.02728917963
2021-03-02,19699.06976596621,1978,27,8814.685137044438
2021-03-03,19705.72132620585,2016,9,8311.257135787317
2021-03-04,18906.748363987484,2036,12,9173.272187401271
2021-03-05,18980.33076353708,1968,11,8882.130389928949
2021-03-06,19273.777016100892,2006,19,8587.142087247814
2021-03-07,18704.427859445186,1878,25,8551.038171622964
2021-03-08,19792.680546922125,2120,32,8719.457324196423
2021-03-09,19444.589120203258,1985,20,9055.197839929691
2021-03-10,19424.6361276078,1856,16,8556.26990618641
2021-03-11,19859.108192207088,2126,21,8575.044550704757
2021-03-12,19113.082203570764,1981,17,8850.399241050023
2021-03-13,18651.28138674431,1820,25,8861.427650299305
2021-03-14,18355.224143565076,1787,25,9013.483746332951
2021-03-15,19103.32307247206,1939,20,9009.886115857558
2021-03-16,19151.305366907305,1961,17,8901.061388050262
2021-03-17,19403.429568551113,1960,12,8328.303981355024
2021-03-18,19040.648685583947,1935,20,8546.153884326935
2021-03-19,19896.78631224068,2159,24,8433.33199678555
2021-03-20,18061.748456442347,1913,31,9030.673571649475
2021-03-21,18407.050157231082,1859,30,9146.840638176498
2021-03-22,19023.373446957725,1996,34,8874.511315299527
2021-03-23,19960.82681700916,1892,24,8346.095367515207
2021-03-24,19331.084472080773,1972,18,8962.14981423902
2021-03-25,19745.590881311295,2155,25,8858.67939005182
2021-03-26,18485.161852181307,1826,24,9119.118756543065
2021-03-27,18611.16962585552,1776,26,8442.050389832113
2021-03-28,18923.60602503846,1827,32,9127.295685177212
2021-03-29,19272.534595804413,1818,35,8266.807653501464
2021-03-30,19768.200252872983,1898,38,8243.14483197617
2021-03-31,18982.355924036478,1861,35,8573.050334481524
2021-04-01,19952.691171483515,1854,28,8606.022561706717
2021-04-02,20405.96309682707,2042,31,8863.980167546382
2021-04-03,18335.070143661058,1923,33,8262.412286853469
2021-04-04,18305.18934295104,1739,33,9273.452243385356
2021-04-05,20017.55426415919,2153,42,9460.094817403051
2021-04-06,20095.031686542472,2060,30,7916.318300856073
2021-04-07,19059.6507612344,2009,38,8785.094144585277
2021-04-08,19128.26100387658,1847,24,8762.107690301269
2021-04-09,19216.158638711684,2007,32,9285.602167057577
2021-04-10,17954.927061156865,1686,31,8697.361280570394
2021-04-11,18189.312065611248,1907,42,8747.110970387273
2021-04-12,18919.41481441789,1909,42,8709.31829678714
2021-04-13,19061.769710590474,1961,33,8750.116879617104
2021-04-14,19453.817824693815,1827,39,8084.917215925866
2021-04-15,19615.03791245177,1871,31,8858.176545945871
2021-04-16,20301.197313063392,2089,38,9048.929962644008
2021-04-17,18305.998308261456,1735,38,9051.047371570268
2021-04-18,19327.739832981082,1979,44,9581.921048032556
2021-04-19,19510.1237112626,1814,39,8931.675165101607
2021-04-20,19625.02102353946,2047,40,8778.990939256495
2021-04-21,20020.849617504373,1878,36,8766.4947592919
2021-04-22,19156.773111400835,1970,39,9223.058936284582
2021-04-23,19944.993577957077,2057,43,8885.199608345427
2021-04-24,19123.58092252337,1842,34,8889.89215069257
2021-04-25,19324.007481109795,1990,48,9138.853594581738
2021-04-26,20010.601757430195,2027,33,8836.029491681444
2021-04-27,21132.657605543478,2059,36,8313.256549086846
2021-04-28,19625.826504331417,1861,33,8642.148179380789
2021-04-29,19719.528648116262,1775,27,9188.890411205619
2021-04-30,19714.37050150122,2006,26,9757.40890713917
2021-05-01,19039.638805460945,1747,39,8921.08676388838
2021-05-02,19040.582001281233,1913,39,9311.317714605086
2021-05-03,20746.081034472823,2048,44,8506.858674007088
2021-05-04,20904.45735251897,2158,43,8578.912602192913
2021-05-05,19951.7349777881,1964,36,8625.60206523814
2021-05-06,19864.037864927242,1953,34,9189.45648210009
2021-05-07,20559.16887975295,2129,30,9296.56552223075
2021-05-08,19340.66543026579,1967,27,9192.793780554088
2021-05-09,19976.56086294655,2029,42,8825.769308027026
2021-05-10,20554.80772825345,2102,35,9209.459270011823
2021-05-11,19738.589248323227,1820,31,8788.662761982521
2021-05-12,21313.12292217573,2206,30,8715.20128771662
2021-05-13,21479.941837412676,2209,22,9132.342311751603
2021-05-14,20317.894458928964,1930,24,8878.478915527832
2021-05-15,19722.306228374266,1947,30,9344.412707151805
2021-05-16,20100.469494982543,2006,34,9453.510388198238
2021-05-17,20915.58576155223,2078,29,9118.070399862707
2021-05-18,21117.82012951176,2145,28,8787.00331478008
2021-05-19,21833.140421538963,2326,31,9411.955268686143
2021-05-20,20778.28398425445,2186,24,8923.831539704765
2021-05-21,20505.487837735596,1919,31,9119.05500631256
2021-05-22,19501.94572093281,2012,30,10383.931213728756
2021-05-23,19862.130359385912,2119,33,8922.087788779565
2021-05-24,20995.974914927487,2138,22,8745.519948907753
2021-05-25,21943.645883553156,2303,30,9070.926739780207
2021-05-26,20820.20876511337,2283,21,8335.50315168361
2021-05-27,21222.30907242219,2224,15,9228.210301486515
2021-05-28,21132.292867777305,2138,18,10226.841242588893
2021-05-29,21013.415126050008,2205,25,8782.581852887992
2021-05-30,21709.961432504973,2185,26,8772.103376005043
2021-05-31,20956.83899301415,2098,21,8889.933499745883
2021-06-01,21001.77347498719,2065,27,9573.532408319099
2021-06-02,21791.176772171966,2335,16,9850.421445747235
2021-06-03,21630.971717469576,2081,16,9133.275058810692
2021-06-04,22232.580553460903,2376,14,9505.495763696477
2021-06-05,20868.609630930216,2136,17,9954.429629905188
2021-06-06,20412.584070016506,1901,26,10025.495439569819
2021-06-07,21651.258059424326,2201,19,9595.873581684316
2021-06-08,21922.050830308628,1982,32,8570.141373978067
2021-06-09,21787.730272480425,2241,9,8877.511544282044
2021-06-10,21638.89399378255,2252,12,9367.33615934672
2021-06-11,21924.2977769953,2133,17,9498.933610119071
2021-06-12,21229.20749903933,2135,22,9479.961261441513
2021-06-13,21337.096665315556,2329,23,9827.336577513965
2021-06-14,21719.652424639742,2121,26,9959.617861104864
2021-06-15,21308.808576155745,2024,26,9317.260153534364
2021-06-16,21460.553779409027,2294,19,9730.674462410212
2021-06-17,21983.011713592557,2394,25,9623.19413738125
2021-06-18,20961.554929414873,2096,22,9411.994364705493
2021-06-19,20792.30698035025,2180,26,9710.129380955697
2021-06-20,20396.909853689533,2173,22,9616.579128549141
2021-06-21,21341.203922837474,2059,29,9905.809831953791
2021-06-22,21946.93758918756,2146,26,8806.168744066706
2021-06-23,21381.756475162456,2261,19,8964.521686379254
2021-06-24,21285.52556980083,2297,23,9364.405507765057
2021-06-25,20556.077303742986,2111,20,9715.917083893664
2021-06-26,20830.423352546022,1995,30,9794.915088679663
2021-06-27,20748.92112415894,2273,26,9378.338100769402
2021-06-28,22224.281054806634,2169,42,8740.154296271034
2021-06-29,20952.835144697256,2061,28,9501.881174700307
2021-06-30,21177.97241474245,2152,30,9451.163967090271
2021-07-01,21152.373813630344,2270,30,9084.726718628168
2021-07-02,21773.31718173291,2262,24,9284.709303307936
2021-07-03,20141.49011591424,2055,35,8876.349175218646
2021-07-04,20280.85247617859,2074,30,9146.316814838483
2021-07-05,21145.170803375884,2118,46,9261.152476431032
2021-07-06,20882.108244098043,2144,37,9285.226444246868
2021-07-07,20510.894370362737,1798,31,9119.304795105232
2021-07-08,20774.218842936047,2047,29,8957.873940785958
2021-07-09,21154.839106294425,2139,35,9528.652262116615
2021-07-10,19293.435930700303,1814,32,8723.126563930296
2021-07-11,19809.706657581715,2019,36,9331.299790022098
2021-07-12,20077.587119588035,1987,41,9102.248531100859
2021-07-13,20957.53620494775,2271,35,8678.327654450934
2021-07-14,19528.769227301687,2110,46,9094.19322168603
2021-07-15,19939.283278751125,1947,31,9179.71095559427
2021-07-16,20333.81319988611,2018,38,9688.351583551115
2021-07-17,20102.566128361876,2002,39,8833.954658289069
2021-07-18,19209.71428185979,1875,37,9073.720242514339
2021-07-19,19636.020400910103,1983,44,8968.822763244536
2021-07-20,20773.534205688156,2001,46,9085.366803295401
2021-07-21,19026.650522457785,1789,37,8894.76009896049
2021-07-22,18567.38630975352,1919,41,8861.313166036718
2021-07-23,19801.42417690821,2043,40,8690.935116478699
2021-07-24,18493.581237522845,1768,43,8807.436425636604
2021-07-25,18145.816941732162,1904,40,8679.584336132692
2021-07-26,19671.14195922135,1903,39,8736.375210168078
2021-07-27,19348.173484976393,1960,39,8162.7582604351
2021-07-28,18852.39760102027,1967,38,8886.508827670837
2021-07-29,18401.379978733334,1836,36,9048.776241034726
2021-07-30,19383.866264952343,1983,22,8735.727736216406
2021-07-31,18427.933990356625,1791,36,8314.609415361836
2021-08-01,17957.61331079363,1776,41,8273.869545093597
2021-08-02,19584.1426470981,1937,40,9205.93699852157
2021-08-03,18028.744036694294,1728,46,8569.678779367401
2021-08-04,17703.410955754367,1752,36,8222.107873137877
2021-08-05,18022.118061661604,1647,37,9028.149563496827
2021-08-06,18246.77666751868,1775,29,8164.3037547743925
2021-08-07,17542.424506725376,1725,37,8761.276195810424
2021-08-08,17201.09871066134,1694,44,8812.475578967498
2021-08-09,18148.573296067796,1790,44,8334.060778894771
2021-08-10,17247.562324161387,1718,29,8074.126277908355
2021-08-11,18496.049569937135,1897,29,7374.889653590718
2021-08-12,17634.067352641367,1850,24,8000.097757354928
2021-08-13,18134.998961095545,1748,27,7772.427764761089
2021-08-14,16899.24647831882,1569,31,8589.371973277355
2021-08-15,16858.2101983731,1581,27,8192.350094460002
2021-08-16,17567.17644523325,1707,33,8036.89904210409
2021-08-17,17409.208084763817,1705,20,7985.424730756278
2021-08-18,17410.470160560955,1664,32,8209.064203806134
2021-08-19,17658.225933402726,1636,18,8428.50473854465
2021-08-20,16997.32863159294,1654,21,7652.86134117148
2021-08-21,16409.95691757528,1659,22,8184.662004023137
2021-08-22,15918.033365513002,1651,32,7882.465546929334
2021-08-23,17341.555091234837,1678,14,8369.717198619965
2021-08-24,16193.133864656389,1578,26,8158.231000178634
2021-08-25,17342.96034216186,1641,20,7506.0018417565625
2021-08-26,16334.985210743753,1630,15,7972.652966650332
2021-08-27,15553.750978899325,1470,25,7719.560044247425
2021-08-28,15498.850564501729,1607,15,7527.050084229156
2021-08-29,15011.601811644709,1322,27,8001.2860152552985
2021-08-30,16441.530809082484,1608,27,7584.271929767759
2021-08-31,15615.811795751732,1591,29,7940.707694120876
2021-09-01,15641.859924091277,1582,15,7173.957778104646
2021-09-02,14845.000397599131,1753,11,7746.722358249765
2021-09-03,15490.504484485527,1584,21,7232.785961313784
2021-09-04,13683.747357118225,1267,21,7391.270808179107
2021-09-05,14034.980379862052,1393,15,7098.905520459273
2021-09-06,15890.670268090546,1411,22,7945.943448999592
2021-09-07,15839.24953215837,1575,25,6895.645652510049
2021-09-08,15597.387026961644,1476,23,7247.746819382
2021-09-09,14841.966019375774,1575,12,7652.972059268622
2021-09-10,15244.943864438554,1469,1,7370.935279843668
2021-09-11,14462.95360120843,1434,22,7628.7259811369995
2021-09-12,13834.195649520141,1319,18,7632.320805371811
2021-09-13,15866.423566508522,1760,16,7211.15534156856
2021-09-14,15507.528306934812,1518,11,7581.619917581942
2021-09-15,14915.314636442596,1674,25,6895.342418412733
2021-09-16,14999.063920481192,1581,19,7615.031892130703
2021-09-17,15052.556654869093,1553,17,7811.463428983458
2021-09-18,13143.204601382891,1351,29,7275.5635437669325
2021-09-19,14009.192485417001,1440,31,7510.991633945117
2021-09-20,14513.537586801931,1258,38,7421.3597478243
2021-09-21,14328.541843783933,1404,22,6981.771782426013
2021-09-22,14666.728791057645,1551,25,6488.536013968051
2021-09-23,15687.182689150093,1563,14,6805.156731478154
2021-09-24,15092.980262760906,1368,22,7483.352654949231
2021-09-25,13724.370222399715,1367,26,7711.173059012009
2021-09-26,14286.853049368645,1599,35,7433.008795685571
2021-09-27,15444.058947309328,1669,35,7454.685573176931
2021-09-28,15203.748819282893,1514,36,7205.726842590605
2021-09-29,14771.539601503708,1572,33,7494.021195308204
2021-09-30,14421.797617961809,1405,38,7024.914502691544
2021-10-01,15101.172809054387,1339,26,7295.312571691355
2021-10-02,14208.853886246072,1328,27,7331.688066496149
2021-10-03,14473.011016983442,1603,38,7537.481344559357
2021-10-04,15109.551907192492,1483,35,8279.880987832765
2021-10-05,15336.534505950525,1509,45,7194.2544478309055
2021-10-06,14567.162335112213,1426,33,6919.810066463836
2021-10-07,15519.714488634629,1742,29,7653.545995318136
2021-10-08,14989.253546051597,1661,30,7997.25908864737
2021-10-09,15210.699289252883,1742,39,7402.552936827514
2021-10-10,13864.245942692705,1370,40,7383.9197830441
2021-10-11,15865.72275510975,1616,40,7784.174246259485
2021-10-12,15138.698437334248,1362,50,7762.273472325395
2021-10-13,14759.105719197434,1623,33,6851.449529549124
2021-10-14,14890.978396569008,1372,34,7874.144511793227
2021-10-15,15023.851782201355,1524,38,7840.789201497936
2021-10-16,14700.169895634725,1360,30,7782.298728526897
2021-10-17,14806.480614149035,1421,45,7447.358826377866
2021-10-18,15068.057687775716,1423,39,7399.731700806611
2021-10-19,15405.395858095893,1479,47,7778.233115314796
2021-10-20,16554.143631700637,1601,34,7078.896033350445
2021-10-21,16414.931830092937,1586,38,7651.991093609016
2021-10-22,15840.134558648608,1667,40,7210.610769219439
2021-10-23,14964.389411853721,1385,42,8285.855971188072
2021-10-24,15081.360195977364,1530,43,7847.065894344532
2021-10-25,16156.53945382085,1737,43,8132.615338288822
2021-10-26,15419.234151418303,1490,39,7636.740650462774
2021-10-27,15885.1389846037,1516,44,7157.44198977463
2021-10-28,15265.009647650497,1503,30,8274.350155769427
2021-10-29,16386.594062791588,1756,28,8091.143825353809
2021-10-30,15850.394540246018,1604,39,8030.227643160874
2021-10-31,15377.075699637775,1484,36,7351.026534784282
2021-11-01,17249.516259219974,1773,36,7824.1740325302535
2021-11-02,15945.397213776083,1484,31,7798.746527295532
2021-11-03,15923.673053870592,1660,31,7402.009590091902
2021-11-04,16867.408706203125,1727,29,8682.558849504952
2021-11-05,17379.713281024473,1707,30,7826.917105650636
2021-11-06,17050.684206663394,1621,37,6966.097502028971
2021-11-07,16083.324012667925,1519,38,8162.029355687803
2021-11-08,17707.555427655687,1824,36,8109.466765262148
2021-11-09,17255.725230968626,1848,33,8092.727295163484
2021-11-10,17296.65743068982,1665,32,7714.411394064668
2021-11-11,17933.930560991295,1839,31,8554.380553278712
2021-11-12,17928.439437556804,1584,25,8512.623902856601
2021-11-13,16175.21657754088,1559,25,8273.91317788454
2021-11-14,17813.68355482023,1778,26,8278.38581215594
2021-11-15,18628.234218314476,1771,25,8366.130669824292
2021-11-16,17738.864815919624,1680,33,7858.444858235552
2021-11-17,18363.595804895067,1769,27,8103.376054486616
2021-11-18,18527.25488551076,1881,23,8762.148860065714
2021-11-19,18525.527903078284,1833,19,8459.672141934027
2021-11-20,17485.302789326284,1524,30,8971.211113401521
2021-11-21,17540.128944356402,1541,24,8934.781399739772
2021-11-22,18728.777820555362,1812,32,8351.955895646444
2021-11-23,19443.570959129604,1990,25,8491.680349150574
2021-11-24,19244.604334369054,1649,17,7976.752668378579
2021-11-25,18902.950506680707,1840,20,8827.412976448863
2021-11-26,19589.3260877366,1906,18,8678.087028110847
2021-11-27,17144.100899322806,1853,21,8466.405333298042
2021-11-28,19257.238560163787,1887,24,8754.898754813434
2021-11-29,18676.982875115118,1905,25,8074.427687874739
2021-11-30,19479.01745127375,1962,35,7617.937597475273
2021-12-01,19213.12989238329,1708,24,8723.92400291685
2021-12-02,19237.595635085163,2000,19,8627.827392524989
2021-12-03,20576.483056552563,2079,16,8732.909604334667
2021-12-04,19122.43262204653,1963,23,8290.108078099709
2021-12-05,19638.748963208884,2356,25,8525.911137883997
2021-12-06,20300.172281536103,1821,25,9290.307715136985
2021-12-07,20669.133411462935,2239,21,8911.264317802468
2021-12-08,20574.77407655133,2028,18,8886.757753683882
2021-12-09,19999.31346186605,2028,0,9437.10181877193
2021-12-10,21242.01418972245,2119,17,9319.95913047665
2021-12-11,19848.628832891452,1942,17,8948.195526777936
2021-12-12,19417.33002517889,1884,32,8915.64342253633
2021-12-13,20830.099175895546,2115,27,8951.744409754378
2021-12-14,21891.430915639816,2037,19,8922.14695275001
2021-12-15,21661.35337385197,2241,21,9158.829193320069
2021-12-16,21155.34611884046,2073,13,9454.616778181953
2021-12-17,21246.654502808487,2011,21,9988.032072467682
2021-12-18,20600.204125568904,2015,25,9407.540439015893
2021-12-19,21887.209115997506,2314,33,9750.433774006417
2021-12-20,21875.642005984657,2134,26,9316.005082908156
2021-12-21,21983.512949100208,2234,29,9621.53676244164
2021-12-22,22365.385939440726,2163,19,9559.605710566613
2021-12-23,22049.283254655456,2280,26,9774.86201393668
2021-12-24,21877.86519465755,2256,26,10037.58759402302
2021-12-25,21234.525471516954,2308,30,9651.587493257855
2021-12-26,21369.996519589837,2119,33,9680.301672659889
2021-12-27,22208.034206700024,2287,37,9950.018585959155
2021-12-28,22659.031224962637,2275,42,9330.456692276068
2021-12-29,22387.45775950014,2368,29,9014.731271125103
2021-12-30,22791.7475061842,2207,28,10305.312378385479
2021-12-31,22446.665951446375,2319,23,9656.78002818765
2022-01-01,21847.957922707537,2165,25,9763.864143131304
2022-01-02,20865.799289443243,2080,34,10184.326252690598
2022-01-03,23126.93068458477,2321,42,9551.451614314552
2022-01-04,22893.47795093955,2314,34,9252.027002845622
2022-01-05,23268.299823127345,2315,31,9335.860975865422
2022-01-06,21367.81965625569,2158,27,9400.156286001713
2022-01-07,23904.378912267086,2548,27,9781.671562221489
2022-01-08,22082.23548240506,2306,35,10054.001546232825
2022-01-09,22745.560600657685,2361,31,9329.36032782916
2022-01-10,22458.563653142577,2200,47,9708.2783907244
2022-01-11,23319.5706006472,2243,36,10102.924031582723
2022-01-12,22518.776265804936,2347,39,9854.729626382059
2022-01-13,22763.54974792101,2363,27,10166.914731271296
2022-01-14,24060.068901563463,2553,37,9917.860305140028
2022-01-15,22283.021454351452,2167,40,9491.629285234252
2022-01-16,22510.103119022304,2228,44,9909.819200452852
2022-01-17,23607.185840787373,2196,39,10153.284532570573
2022-01-18,23438.5286046867,2304,43,9331.577998908027
2022-01-19,23282.23472944545,2427,32,10193.96621334294
2022-01-20,23403.679225323853,2293,34,9895.474685368014
2022-01-21,24434.952003559236,2507,40,9479.478665967341
2022-01-22,22464.39080029819,2227,42,10383.120235020833
2022-01-23,22601.656867027395,2292,43,9869.814362853369
2022-01-24,23782.33563326599,2263,40,10148.138433283084
2022-01-25,23813.711300433024,2389,46,9209.700963980466
2022-01-26,23856.48905793412,2086,38,10302.779506087316
2022-01-27,23582.499062492887,2339,23,9747.85651381689
2022-01-28,22689.976686352413,2105,38,10161.648234341603
2022-01-29,23324.777709844184,2453,37,10430.73281414237
2022-01-30,21929.763843586577,2270,47,10201.264798648795
2022-01-31,23397.47649500994,2386,37,9789.096712308065
2022-02-01,22860.648082882595,2438,25,9486.93355546703
2022-02-02,23195.807987803004,2224,37,9336.011702345788
2022-02-03,23380.87371753663,2512,33,10075.583049915738
2022-02-04,23364.37228287117,2429,23,9622.04220386868
2022-02-05,22650.50387863238,2241,29,10019.750234340532
2022-02-06,23230.96163125842,2436,52,10218.785137905532
2022-02-07,23384.213383029823,2227,38,10298.06255060138
2022-02-08,23017.551940242633,2219,40,9427.297356245908
2022-02-09,23602.768596712496,2299,29,10628.282305871213
2022-02-10,23695.533479104593,2316,17,10245.507818275184
2022-02-11,22466.11446348595,2140,26,9904.751335972069
2022-02-12,22606.85452088165,2382,28,10407.691553936742
2022-02-13,22636.162539875433,2237,31,10818.282375331371
2022-02-14,22863.471689798396,2321,34,9308.218308728725
2022-02-15,23676.11007297441,2310,33,9714.477563517088
2022-02-16,22888.628658710553,2106,26,9077.319264000631
2022-02-17,23001.311788642317,2327,17,9916.836966733927
2022-02-18,22826.392906438447,2091,25,10212.451294469864
2022-02-19,22144.732536679454,2207,15,9854.839962980337
2022-02-20,21562.499266550898,2019,18,9704.033465293203
2022-02-21,22114.05521573735,2410,34,9233.063517075037
2022-02-22,23604.597222557986,2451,30,9755.479866027366
2022-02-23,22357.017972757698,2246,22,9905.380125139867
2022-02-24,22257.915592712274,2352,12,9456.911028001176
2022-02-25,21650.05765535019,2080,15,10213.397145474339
2022-02-26,21630.508594700852,2217,20,9236.662097801294
2022-02-27,21261.844366968064,2146,17,9814.538596921435
2022-02-28,23468.026056996674,2373,23,9377.002607281658
2022-03-01,23125.85109871914,2439,27,9260.427193229381
2022-03-02,22251.150749795794,2298,27,9150.444217725579
2022-03-03,23696.149810280316,2398,14,9922.3243424891
2022-03-04,23036.005395393437,2138,19,10052.485324323503
2022-03-05,21608.4433419869,2064,9,9281.696264580081
2022-03-06,20497.497731997657,2037,26,9989.71034361374
2022-03-07,23619.676722668886,2371,21,9898.360085218288
2022-03-08,21757.143964854014,2062,24,9152.82123523651
2022-03-09,21607.730558659583,2401,17,9688.248880101803
2022-03-10,22921.043273864747,2443,22,9829.854372782262
2022-03-11,23609.842492388725,2421,11,9326.312115366158
2022-03-12,22313.24097693471,2238,22,9188.826782651126
2022-03-13,21885.175558300005,2167,22,10415.857008300858
2022-03-14,22633.73895875024,2168,24,10248.824316296463
2022-03-15,22747.278965578374,2282,23,9412.994691207321
2022-03-16,22685.35572353501,2294,15,9897.422135147992
2022-03-17,22432.958394718942,2119,17,9850.331295911736
2022-03-18,22332.123548391624,2266,17,9901.359716006962
2022-03-19,21487.611685504162,2133,22,9702.263554434767
2022-03-20,21132.06981311876,1922,26,9505.06272232859
2022-03-21,22110.148440878373,2124,32,9800.966894233867
2022-03-22,21396.760568997124,2098,31,9282.757336652572
2022-03-23,22188.16806143492,2407,18,9884.647632808159
2022-03-24,21738.511530249525,2229,25,9252.25720069058
2022-03-25,21677.87395296909,2034,15,9879.87520255562
2022-03-26,21567.88911427653,2205,28,9623.054763791135
2022-03-27,22173.64563609319,2062,33,9611.27917928119
2022-03-28,22687.9489302279,2377,23,9753.309515879559
2022-03-29,21446.142299355113,2097,32,9281.291945781628
2022-03-30,21740.645997055137,2164,25,9911.368206237548
2022-03-31,22711.385743080773,2403,21,8994.121522454017
2022-04-01,21756.773754621572,2046,32,9217.845829839951
2022-04-02,21394.19746001893,1999,27,9244.97495691422
2022-04-03,21791.515473393163,2120,31,9437.363919212703
2022-04-04,21793.768376219607,2283,38,9462.545674962787
2022-04-05,22343.549778673318,2082,39,9533.984228460187
2022-04-06,21638.23286621801,1880,32,9748.25264156774
2022-04-07,22020.396952835432,2156,36,9610.393540026005
2022-04-08,22498.245379495776,2304,33,9503.356894133933
2022-04-09,20810.554076376102,2201,23,9602.174791212954
2022-04-10,21847.389685654205,2138,36,9643.404794305887
2022-04-11,22388.819139390005,2197,39,10030.290464229536
2022-04-12,22697.7301750025,2385,42,9476.247233792286
2022-04-13,22557.625560174867,2068,23,9563.35982987245
2022-04-14,23153.230483374125,2276,46,9447.469839968624
2022-04-15,22560.542797507464,2275,36,9613.434005751124
2022-04-16,21561.244296093726,2201,38,9602.35086016105
2022-04-17,21866.324080146995,2135,48,9851.38924483736
2022-04-18,22857.22764826098,2289,56,9848.577967529165
2022-04-19,22641.548168538207,2015,47,9682.925605866534
2022-04-20,22670.04872396761,2201,43,9544.561616139485
2022-04-21,22332.444027517697,2278,36,9862.005730848437
2022-04-22,22386.68366340651,2140,34,9835.456342061465
2022-04-23,21302.48606896521,2136,36,9646.243023250581
2022-04-24,22915.143190010313,2336,38,9422.115530962421
2022-04-25,22205.850231410077,2186,41,9189.37372982874
2022-04-26,22519.56483657833,2269,36,9182.2010132665
2022-04-27,22545.803902803433,2158,38,10016.48659298343
2022-04-28,23392.158684929298,2318,26,9450.881638011153
2022-04-29,22837.55228647116,2344,35,9684.527339745719
2022-04-30,22899.81180105047,2305,37,9903.670557064725
2022-05-01,21980.63205291914,2139,42,10173.85445440559
2022-05-02,23248.772646046396,2347,40,9527.405830291536
2022-05-03,22733.899242289168,2344,55,10169.061347251232
2022-05-04,24266.779792410736,2221,42,9932.394642682386
2022-05-05,22643.30891514808,2380,25,9635.67683664835
2022-05-06,23435.12600659287,2309,32,9573.018711794404
2022-05-07,22890.349542025797,2331,31,10637.361142667078
2022-05-08,22823.676501132028,2402,32,9748.936618167834
2022-05-09,23317.451124629944,2194,32,9364.604417742306
2022-05-10,23388.43586796109,2267,38,9447.200411187932
2022-05-11,23518.367041811398,2322,28,9772.292062787865
2022-05-12,23465.869320696456,2268,32,9646.322542303602
2022-05-13,24063.94255926237,2579,31,9892.503629197394
2022-05-14,23979.550304966833,2312,36,10065.228976648494
2022-05-15,22637.411115838342,2208,28,10478.437177419355
2022-05-16,23022.63530983055,2322,36,10132.046592910374
2022-05-17,23704.21634238309,2250,34,10515.627631361878
2022-05-18,25078.40266200251,2468,24,10219.851383362535
2022-05-19,23426.20086817092,2374,18,10337.083493754788
2022-05-20,24686.316000723506,2435,30,10196.691280730598
2022-05-21,23993.48686704304,2390,25,9934.53405424906
2022-05-22,22914.81121408608,2238,31,10166.107720072434
2022-05-23,24262.08691894951,2274,25,10720.414766561113
2022-05-24,24826.736712928654,2514,21,10173.725928482287
2022-05-25,23856.803081300517,2561,19,10397.818525248398
2022-05-26,23977.224234580273,2399,17,10536.57614412509
2022-05-27,23819.57463962842,2404,12,10618.50302702443
2022-05-28,22883.125950467245,2357,20,10482.955137751907
2022-05-29,23094.579716792963,2182,16,10293.178225752345
2022-05-30,23584.525086187034,2528,20,9398.02924206992
2022-05-31,24239.315113603923,2444,27,9715.196099699064
2022-06-01,23861.50658071698,2549,22,10287.524323212247
2022-06-02,24385.989289532805,2365,14,9833.080123826621
2022-06-03,23512.07814955461,2533,10,10204.752782510095
2022-06-04,23724.667006700114,2449,13,9845.001080044174
2022-06-05,23993.410019071693,2454,21,10850.973565420374
2022-06-06,23345.36229412431,2357,28,10558.071182091786
2022-06-07,24542.958929001958,2429,27,9852.239433467814
2022-06-08,24981.53353625382,2618,16,10242.212405838234
2022-06-09,23772.66867253614,2391,9,9799.460473908077
2022-06-10,25221.543171647754,2325,17,10547.37107041
2022-06-11,23850.469936883743,2273,15,10647.364984048845
2022-06-12,23292.05377593729,2310,21,10375.312273244823
2022-06-13,24368.13263096794,2467,32,10666.038485806692
2022-06-14,24674.46093710578,2461,28,11035.762842981665
2022-06-15,24430.37031202038,2564,21,9679.239003277964
2022-06-16,24656.574932415548,2270,11,9797.258782959427
2022-06-17,23919.420433798696,2406,19,10284.411220921296
2022-06-18,23704.70317692653,2188,27,9858.714613938033
2022-06-19,22901.113077461316,2366,24,9949.233798722866
2022-06-20,24287.966229178863,2419,35,9875.43173388022
2022-06-21,23874.877690637673,2429,34,9834.754281448471
2022-06-22,23939.946686589028,2307,32,9583.948492653377
2022-06-23,24904.253528757723,2618,22,10441.855553887282
2022-06-24,24807.96235601989,2584,25,10010.606588865701
2022-06-25,23790.574434686536,2437,33,10128.129633514964
2022-06-26,22911.140187196124,2278,33,10739.545890977597
2022-06-27,24017.974808741,2459,31,10212.491949371539
2022-06-28,24749.202543143496,2404,30,10057.808560794543
2022-06-29,24177.582718993708,2503,30,9983.070051986711
2022-06-30,25228.062020901325,2687,19,9622.922102436234
2022-07-01,24224.340891472155,2529,26,9709.289110257874
2022-07-02,23330.615100096184,2260,36,10357.11001433743
2022-07-03,23034.579650006464,2339,24,10716.022890440467
2022-07-04,23958.11216568456,2266,46,10886.568307897369
2022-07-05,23764.987630327345,2433,42,10046.612992788898
2022-07-06,24142.85802086416,2459,31,10156.295810179368
2022-07-07,24212.462336035293,2234,33,10128.791856629576
2022-07-08,23284.17911623292,2212,31,10218.664455573728
2022-07-09,22202.40675458565,2191,41,10743.034458784108
2022-07-10,21888.590893854187,2158,44,9626.540855372896
2022-07-11,23747.217483964552,2253,35,10109.338612141379
2022-07-12,22875.964223970685,2326,43,10301.398045398902
2022-07-13,22283.567594009088,2253,36,9651.18753391906
2022-07-14,23484.65198195906,2329,34,10619.33713415922
2022-07-15,24465.243961103315,2370,30,9674.025622332372
2022-07-16,22392.1718065839,2344,46,9675.456029953612
2022-07-17,22739.049500970526,2439,47,10055.453005304293
2022-07-18,23033.504091670064,2254,41,9674.295864523363
2022-07-19,22864.17533766113,2225,36,9367.19819362011
2022-07-20,23292.493912461745,2378,36,9492.652326475963
2022-07-21,22605.520200571584,2224,37,10156.671050910776
2022-07-22,22800.485445099515,2266,36,10120.898533003556
2022-07-23,21992.26585497955,2273,45,10084.959106550485
2022-07-24,21410.56312287763,1950,46,10028.886929228185
2022-07-25,22902.454525065783,2422,49,9790.900809713321
2022-07-26,22229.483857223968,2230,44,9958.259257355727
2022-07-27,21848.400548344373,2143,31,9425.80546965291
2022-07-28,22402.69183817384,2231,33,9888.095571747761
2022-07-29,21592.298187173263,2155,39,9589.167367188467
2022-07-30,21211.72817949684,1948,36,9759.85530779424
2022-07-31,21098.273903055193,2259,43,9594.447906468278
2022-08-01,22300.14902559911,2234,40,9770.618869311398
2022-08-02,21898.17326551424,2234,34,9023.87371163425
2022-08-03,21551.2729404848,2250,34,8999.807294498101
2022-08-04,21875.05669081688,2085,32,9896.272734217682
2022-08-05,22063.175871110885,2253,27,9542.888715279369
2022-08-06,20798.474828872364,2053,32,9329.214457299502
2022-08-07,20425.93109198572,2127,32,9829.534326987701
2022-08-08,20415.798623414426,1828,44,9436.77433710744
2022-08-09,20439.98876627296,2034,34,9179.482072371598
2022-08-10,20720.719684079275,2011,38,9547.547712617063
2022-08-11,20469.411166820864,2090,34,9586.482290767522
2022-08-12,20581.657290344927,2105,25,9603.716092962984
2022-08-13,19854.676007750037,1914,23,9131.578172143609
2022-08-14,19992.730182308336,1928,21,9510.0342215416
2022-08-15,20344.584199766672,2023,26,8889.811338772874
2022-08-16,20525.54362703025,1962,24,8684.331939908392
2022-08-17,20217.59101216022,2105,33,8292.68229890519
2022-08-18,19101.375497450248,1873,22,9605.23572049956
2022-08-19,19523.981971427133,1661,23,8898.469133386252
2022-08-20,19077.0242688814,1870,13,9027.317529723947
2022-08-21,18450.60766736047,1741,21,8457.315346656587
2022-08-22,20012.865577654717,1838,33,9065.74416592718
2022-08-23,20386.87189968195,1914,28,8610.417182449217
2022-08-24,20140.710941534682,2025,21,8143.7372330782555
2022-08-25,19335.768690241348,2066,20,9136.358442552233
2022-08-26,20100.4272544909,2041,25,8685.942562461516
2022-08-27,18593.472258559406,1798,19,8790.991564865757
2022-08-28,18266.25537148731,1872,24,8168.66387268458
2022-08-29,18795.426308611677,1833,26,8602.940742687986
2022-08-30,18869.97419134406,1817,35,8631.600428483964
2022-08-31,18748.035376132317,1759,8,7890.515800015317
2022-09-01,18950.159751886415,1719,19,8194.284175196988
2022-09-02,18870.057753596826,1848,15,8660.281582563375
2022-09-03,17968.180654186774,1812,21,8461.32854401178
2022-09-04,18114.15610530588,1801,19,9282.658916353716
2022-09-05,19172.254928998085,1875,24,9211.18628988636
2022-09-06,18985.24000773906,1803,26,8130.077457430686
2022-09-07,17703.900468608,1831,34,8601.388117112809
2022-09-08,17107.697678618184,1579,19,8976.46124576326
2022-09-09,18792.614046560022,1956,11,8516.328344914396
2022-09-10,16835.360193301833,1583,17,7862.507679632938
2022-09-11,17352.37216980737,1659,21,8128.619768793038
2022-09-12,17578.321481086732,1611,17,8585.930511523773
2022-09-13,17213.734196834936,1671,23,7919.878708899363
2022-09-14,18339.57852574937,1931,24,8338.406711391557
2022-09-15,18405.37430350875,1892,11,8048.27756222434
2022-09-16,17697.36580062057,1867,23,7818.520994776738
2022-09-17,15902.844104822861,1642,24,8534.598448829762
2022-09-18,16890.949811468796,1578,23,8637.403318823288
2022-09-19,18078.683179378575,1774,28,7956.216257016156
2022-09-20,17115.073926413766,1633,36,8049.280414744183
2022-09-21,17921.03180862097,1925,28,7536.1406021078155
2022-09-22,17799.624012914126,1660,22,8250.170916198878
2022-09-23,18077.985175525875,1897,21,8057.119617064847
2022-09-24,17082.349016334476,1797,27,8185.442428790713
2022-09-25,16523.42524685034,1835,29,8170.369061808879
2022-09-26,18348.847409522812,1793,23,8984.717897350198
2022-09-27,17665.11644250284,1837,43,7869.439478188672
2022-09-28,17727.779708071543,2000,30,8689.394090796675
2022-09-29,17275.090437007028,1665,28,8635.792256776158
2022-09-30,17523.624881218842,1598,27,8327.15147394445
2022-10-01,16559.65979523414,1467,27,8461.206018437762
2022-10-02,16925.638163573483,1763,35,8941.505455877694
2022-10-03,18631.268647040746,1674,31,7959.009563186219
2022-10-04,17106.01543488583,1673,49,7631.772562889325
2022-10-05,17004.977449352486,1744,28,7851.231590100469
2022-10-06,18570.365104639302,1875,26,8599.02353820159
2022-10-07,17756.355617241534,1818,29,7614.073293021977
2022-10-08,16805.917374375436,1702,42,8108.195006601328
2022-10-09,17693.02119663829,1897,40,9079.173671415892
2022-10-10,17656.032081869056,1670,36,8372.328902359894
2022-10-11,18910.745710300595,1823,47,7953.969574620048
2022-10-12,18378.70598127256,1760,41,8122.4582243864
2022-10-13,17840.85901693181,1867,37,8566.363135926185
2022-10-14,19211.57542022892,2011,38,8425.473881118764
2022-10-15,17131.16797479685,1758,50,9067.530570561543
2022-10-16,17859.13460843842,1904,53,8932.265629393849
2022-10-17,18444.709160334532,1726,41,8840.497865667214
2022-10-18,19005.778334444407,2067,51,8135.895866016061
2022-10-19,19198.328752589812,2072,40,8666.938325003995
2022-10-20,18499.01052692759,1923,37,8861.852298768557
2022-10-21,18174.451309869488,1995,26,8459.935981015497
2022-10-22,18101.95879528115,1644,37,8601.532085835932
2022-10-23,17606.529987893566,1708,38,8152.998927673287
2022-10-24,19778.038156381546,1904,48,8575.054874461062
2022-10-25,18918.048132997006,1963,47,8630.57600362141
2022-10-26,18747.96965836145,1769,27,7876.981305009688
2022-10-27,19106.167406247827,1986,34,8796.851775469615
2022-10-28,18425.738539824444,1979,39,8271.238264624697
2022-10-29,17951.175482233622,1864,35,8354.750954435283
2022-10-30,19127.00352436686,1941,44,8897.15533994224
2022-10-31,19040.221791301763,1805,43,8307.676941943848
2022-11-01,18939.06738623399,1809,41,8295.104857860395
2022-11-02,19826.606421540895,2107,33,8249.907538925863
2022-11-03,20248.712571307,2102,24,8768.163600307927
2022-11-04,20114.65945225567,2007,24,8668.438219916801
2022-11-05,19604.187972621305,1918,36,8729.294151452319
2022-11-06,18830.322816649732,1680,36,9017.90948208736
2022-11-07,19351.860810731472,1828,37,9088.486299827733
2022-11-08,20918.881836917782,2283,33,8636.79594711359
2022-11-09,20113.639546297916,1883,28,8206.218081794386
2022-11-10,20257.554572432702,2044,31,9347.230573025487
2022-11-11,21156.19766317249,2216,23,9085.682739662252
2022-11-12,20130.393003050423,1887,21,9005.063832933307
2022-11-13,20191.35654207381,2037,35,9380.518292235904
2022-11-14,21907.914552407823,2284,31,10405.57585522289
2022-11-15,20616.42942605068,2062,30,8665.771965948468
2022-11-16,21515.56623071501,2438,33,9192.355126740096
2022-11-17,21194.200600624907,1952,21,9360.108680134113
2022-11-18,21414.53593180102,2247,22,9023.29173644219
2022-11-19,21409.425233372596,2123,17,9238.606262912466
2022-11-20,21014.373244393806,2178,26,9020.563689847297
2022-11-21,21895.08866785025,2233,31,9411.973371004908
2022-11-22,22277.808524705986,2154,18,8980.476763897306
2022-11-23,21674.73008472848,2190,22,9588.354243271702
2022-11-24,21553.199423402337,1969,18,9585.027481165087
2022-11-25,21565.853075713247,2216,17,9810.073049282228
2022-11-26,20470.29843772443,2076,25,9362.562441834676
2022-11-27,22596.475774608007,2323,25,9355.798646757175
2022-11-28,21881.251527116892,2293,33,9556.025094264172
2022-11-29,22436.212952711285,2280,18,8791.87434159558
2022-11-30,22521.831272030857,2266,19,9671.5456020584
2022-12-01,22926.668188600914,2204,16,9306.491403971531
2022-12-02,23292.804979215263,2258,10,9463.693242636082
2022-12-03,22676.306407043176,2386,23,9123.597909421564
2022-12-04,22064.74450341801,2350,34,10279.798433424274
2022-12-05,23131.93616545032,2289,24,9781.879867818448
2022-12-06,23464.92254621984,2351,25,10151.904738662019
2022-12-07,23306.267434759604,2240,19,9940.061047443689
2022-12-08,24340.0359190312,2551,12,9553.780937680147
2022-12-09,23886.297049779463,2455,7,9712.953393164098
2022-12-10,23361.319673023787,2530,16,10760.031118234585
2022-12-11,23426.947758805818,2254,17,10827.288558287504
2022-12-12,24532.357903251428,2415,35,10156.433560935406
2022-12-13,24134.667535730357,2436,24,10085.607833832342
2022-12-14,23492.635046344734,2413,19,9838.830406757588
2022-12-15,24436.086478671543,2422,22,10489.413185235531
2022-12-16,24003.993739148475,2313,13,10025.245690502365
2022-12-17,23406.975014092823,2428,19,9438.084384613903
2022-12-18,24054.20366055514,2477,28,9934.359207648147
2022-12-19,25217.976659933905,2430,35,10207.525946099719
2022-12-20,24695.31006823691,2605,31,9682.77233357707
2022-12-21,24922.908631804155,2609,26,10196.077858692483
2022-12-22,25701.351684742425,2583,23,10242.994686150314
2022-12-23,25050.265264886486,2512,25,10173.886843720475
2022-12-24,25558.227824658097,2611,28,10732.822181465204
2022-12-25,24615.455218875217,2375,27,10784.64966971476
2022-12-26,24275.41576971896,2430,35,10512.180253071941
2022-12-27,25603.31613550721,2345,28,10931.157539318625
2022-12-28,25485.79564558554,2636,30,10528.819143666768
2022-12-29,26006.361193637862,2444,25,10716.593718291097
2022-12-30,25762.018143211393,2726,40,10543.03706195762
2022-12-31,24667.796249508778,2433,32,10516.848200117409
2023-01-01,24196.49120940481,2398,26,10411.575578173954
2023-01-02,25510.388003066284,2488,35,10599.91122775169
2023-01-03,25243.506620128883,2495,37,10689.769843143367
2023-01-04,25429.971988088193,2684,40,10648.943574500085
2023-01-05,26063.583970407824,2357,25,10941.207951345885
2023-01-06,26650.899597528238,2792,21,10034.794426073833
2023-01-07,25307.527324788214,2564,37,10953.935160224679
2023-01-08,24554.088765465054,2334,31,10267.519604140725
2023-01-09,26163.770526399,2508,38,11264.705076495175
2023-01-10,26576.83236002817,2825,38,10481.922839465147
2023-01-11,25708.292195956223,2476,35,10576.986623819674
2023-01-12,25978.475464055307,2482,36,10449.39665355133
2023-01-13,26082.778325633513,2722,29,11324.399997820294
2023-01-14,24960.604068088953,2529,35,10272.9952349554
2023-01-15,25702.502871655055,2476,41,10593.006165960638
2023-01-16,26090.912608128554,2630,44,10525.405109359343
2023-01-17,26381.918197396513,2535,42,9961.895764579936
2023-01-18,25746.941571799347,2684,40,10739.109131773055
2023-01-19,25988.296126711957,2704,39,11369.100517789655
2023-01-20,26582.389403004625,2711,37,11714.647025914956
2023-01-21,25296.82763489422,2565,41,10753.22920766568
2023-01-22,26356.68212443169,2811,35,11131.493220533845
2023-01-23,26051.28925086261,2605,45,11044.345212279948
2023-01-24,26369.35079813813,2518,45,10738.713248898728
2023-01-25,26727.243749890575,2717,42,10804.360041991335
2023-01-26,25553.791038687414,2763,31,10873.909852885563
2023-01-27,25382.72954548791,2436,31,11072.048850823368
2023-01-28,24748.650985432607,2438,35,10844.635206304272
2023-01-29,26139.353995407226,2655,44,10642.889021638328
2023-01-30,25977.0074671497,2592,48,10597.289827947126
2023-01-31,27525.25840522455,2654,39,10672.516290828939
2023-02-01,25955.66220856358,2707,41,10521.996547133864
2023-02-02,26320.152812698023,2864,33,10777.639577562613
2023-02-03,26987.547488668824,2718,31,11831.179162283175
2023-02-04,26456.740119225593,2555,34,11135.916708344854
2023-02-05,26470.295289832935,2492,42,11300.799558476017
2023-02-06,26778.28911202567,2703,41,11103.593798654058
2023-02-07,26669.477495178562,2777,49,11033.321304873483
2023-02-08,26435.893732488552,2691,28,11241.759436960758
2023-02-09,26509.905550651634,2650,31,11501.56339246698
2023-02-10,25825.205376478007,2523,25,10415.362374688702
2023-02-11,24920.81892934329,2382,26,10536.13572763161
2023-02-12,25306.467257251246,2614,34,11345.804895616284
2023-02-13,25950.48385745752,2686,36,10664.49480621276
2023-02-14,25785.639416814753,2423,47,10274.729442025564
2023-02-15,26336.450390046957,2792,27,10215.691881076691
2023-02-16,26441.309056512073,2701,18,10618.640146774022
2023-02-17,25982.72700505247,2738,24,10314.981040017277
2023-02-18,25901.693859108018,2455,15,11528.263398833831
2023-02-19,24566.098455821968,2320,29,10925.66190135945
2023-02-20,25763.807080358638,2561,31,10777.432938986925
2023-02-21,25475.669496733095,2597,32,10946.931160282755
2023-02-22,24874.076382408974,2667,28,10658.53308752656
2023-02-23,25739.15830399551,2644,17,11012.908571073984
2023-02-24,25692.738013248785,2545,18,10964.787432192199
2023-02-25,25733.477583773114,2470,18,10272.969249485435
2023-02-26,25265.39531082299,2649,20,10632.387449711596
2023-02-27,25161.29585150721,2419,28,10938.530900607317
2023-02-28,26574.064760095585,2820,18,10561.82655664005
2023-03-01,26231.459401810498,2594,18,10578.08660363873
2023-03-02,25886.274774118963,2747,11,10668.017884779607
2023-03-03,25456.689858183247,2613,18,11207.774952721787
2023-03-04,24315.4030335359,2417,28,10336.133531832089
2023-03-05,24584.75564570568,2406,16,10980.306127202371
2023-03-06,26041.574899286537,2570,15,10566.889740099457
2023-03-07,26416.49858934082,2684,22,10506.858223320085
2023-03-08,26223.551962371905,2630,18,10608.506201418153
2023-03-09,25186.00522124489,2459,16,11294.846988121708
2023-03-10,24849.949341215422,2468,13,11330.985671088607
2023-03-11,24710.409412674693,2478,18,11271.03708749466
2023-03-12,23736.884884898027,2160,25,10988.902662123337
2023-03-13,25514.804855366216,2597,30,10542.39849780941
2023-03-14,25262.560494768262,2428,14,10422.77834991346
2023-03-15,25087.552935254098,2393,18,10382.910590422909
2023-03-16,24508.539895008227,2282,17,10874.065742039771
2023-03-17,25549.162736019116,2375,12,10486.048277409
2023-03-18,24263.67257658473,2290,29,10647.71290321871
2023-03-19,23933.94983159878,2322,22,10342.03302846709
2023-03-20,23822.921000911276,2577,27,10408.568948267717
2023-03-21,25236.728526786443,2471,29,10666.239995388323
2023-03-22,26129.36477442969,2630,20,10196.74472223866
2023-03-23,26067.96748210623,2646,10,10761.488777583038
2023-03-24,25004.25895553185,2513,18,10083.370876975981
2023-03-25,24178.562581396087,2410,29,10671.775800475898
2023-03-26,24712.329166737305,2351,28,10830.181895639129
2023-03-27,24728.451773326746,2617,28,10842.492015948228
2023-03-28,25379.686577136476,2718,35,10373.409586199481
2023-03-29,25614.432740359047,2393,25,10506.840576275416
2023-03-30,25848.92667728246,2482,22,10080.356394231778
2023-03-31,25190.923110846692,2491,26,10266.823553972103
2023-04-01,24396.180576302242,2343,33,10781.081220194685
2023-04-02,24067.522741639164,2457,46,10345.44620503923
2023-04-03,24853.04924686096,2412,41,10397.71360816721
2023-04-04,25164.701157700663,2732,41,10469.12937161643
2023-04-05,25474.544779008425,2666,29,9925.559540808716
2023-04-06,25762.03792679374,2597,24,10937.521562766831
2023-04-07,24919.491299470865,2594,30,10916.591250581565
2023-04-08,25334.69869690427,2644,34,10170.937434201036
2023-04-09,24471.489142620652,2390,33,10448.900005083524
2023-04-10,25366.468669499787,2455,40,9790.114216492775
2023-04-11,25025.032199279434,2510,42,10365.632200306842
2023-04-12,24209.365067657454,2507,38,10571.363285757916
2023-04-13,25887.69119132306,2602,35,10485.772118167479
2023-04-14,25839.58221693342,2426,35,10645.748832868621
2023-04-15,24607.266767624402,2380,35,9806.109224812713
2023-04-16,24809.442425268793,2473,39,11005.69993377149
2023-04-17,25813.144937482903,2573,38,10585.34189670152
2023-04-18,24804.305705299517,2677,51,10385.830934972191
2023-04-19,25352.59179470221,2396,38,10414.970377162721
2023-04-20,26046.885218176587,2655,34,10362.478924977186
2023-04-21,25056.29515983645,2654,30,10095.36641206792
2023-04-22,25114.9130882653,2738,53,10896.11587911169
2023-04-23,24325.497802553353,2392,37,10933.763212703485
2023-04-24,26023.569809633605,2651,42,10831.903260416962
2023-04-25,25809.961107956977,2637,45,10631.871397130346
2023-04-26,25058.45152752353,2525,41,10340.54653120877
2023-04-27,26487.377212816617,2638,39,10289.26775729005
2023-04-28,25577.400708058052,2601,43,10661.878323358742
2023-04-29,24829.900907109983,2229,40,10509.320162135935
2023-04-30,25376.225363329075,2605,36,11532.145323326757
2023-05-01,26641.696039755432,2676,42,10879.307202047017
2023-05-02,25601.364655445297,2537,42,10909.788626645852
2023-05-03,26182.41269384303,2822,46,10792.12892076714
2023-05-04,26408.613478689327,2573,25,10779.117843841785
2023-05-05,26583.660928294412,2618,37,10715.546661478546
2023-05-06,25618.43642911797,2760,35,10925.590902032178
2023-05-07,25389.947182018088,2455,42,10640.837372675593
2023-05-08,25952.981842081917,2540,39,10859.782065510448
2023-05-09,26453.166895591985,2630,32,10623.800830632239
2023-05-10,25917.276711835,2675,36,11098.670104374962
2023-05-11,25035.78606407454,2524,31,10161.672395007281
2023-05-12,26757.650223589535,2546,32,11297.695594892408
2023-05-13,26283.970421408012,2575,30,10494.144443062683
2023-05-14,24692.822586400238,2408,30,10099.112063041477
2023-05-15,26161.29165598729,2608,27,11381.2777060884
2023-05-16,27017.11393012269,2744,36,11104.760547192718
2023-05-17,27777.105101414567,2819,29,10784.20238663443
2023-05-18,26798.944847013056,2502,18,11088.59808105986
2023-05-19,26464.03668154122,2752,20,11723.087679558026
2023-05-20,26025.30937744905,2627,23,11500.748681507715
2023-05-21,26842.074669578913,2822,21,10992.740241266969
2023-05-22,26618.623245377807,2706,26,11042.088917658768
2023-05-23,26577.999376031745,2767,22,11180.633551738503
2023-05-24,26771.166640273368,2723,20,10818.809803295639
2023-05-25,26569.702647664904,2791,15,10790.020398853929
2023-05-26,27140.349572628853,2766,10,10880.711808430151
2023-05-27,27172.754325837526,2707,31,10399.97515245241
2023-05-28,26552.043952371692,2882,31,11012.334316824734
2023-05-29,27043.041738262822,2793,22,10576.266260603348
2023-05-30,27050.58958511039,2762,25,11167.744091631042
2023-05-31,26440.677975125982,2516,21,11225.200112552082
2023-06-01,27688.048084819882,2639,22,10969.849583285697
2023-06-02,27230.17773513103,2752,11,11618.311636589176
2023-06-03,26449.78601586111,2659,24,10494.053122712248
2023-06-04,28155.780674515318,2754,20,11663.792629935515
2023-06-05,27476.021992450074,2761,18,11371.594437461385
2023-06-06,26966.334590362443,2855,26,10420.125830265128
2023-06-07,27142.751845975403,2783,25,12259.972492066756
2023-06-08,27941.921894615552,2680,28,11223.683012083831
2023-06-09,27434.124387150623,2732,9,10826.655170462043
2023-06-10,25916.11798907022,2511,22,10720.699395357415
2023-06-11,27100.574899488325,2671,21,11316.571160086763
2023-06-12,27060.487661047,2664,29,11192.0152544282
2023-06-13,28332.666057905564,2785,16,10805.629055282963
2023-06-14,27935.321513702245,2668,13,11040.83362297931
2023-06-15,27168.706668484796,2704,13,11308.113891348627
2023-06-16,28027.705117059922,2746,18,11383.510867572695
2023-06-17,26663.68498560208,2373,18,10800.107218938532
2023-06-18,27046.4096024696,2909,29,11105.803551850548
2023-06-19,27600.336734561042,2868,33,10698.068239105993
2023-06-20,26920.400932357777,2654,30,11105.23668494804
2023-06-21,27005.056595211336,2702,31,10820.132811656089
2023-06-22,27822.69206667449,2665,22,11329.109126843054
2023-06-23,27118.819275099235,2881,15,11470.342774164714
2023-06-24,26310.483064101758,2820,32,10816.892369983001
2023-06-25,26008.444084558272,2616,27,11665.184497555983
2023-06-26,27419.096102329142,2844,37,11005.628912523924
2023-06-27,28207.441493209975,2838,39,11419.103359850202
2023-06-28,26608.88723602677,2527,30,10692.987441408019
2023-06-29,27118.833990510135,2670,18,10973.580935046735
2023-06-30,27774.507528618193,2790,21,11668.403983081578
2023-07-01,26237.86127615211,2578,36,10851.929251920941
2023-07-02,26460.776439976038,2624,34,10883.215342914336
2023-07-03,26407.941118034276,2631,38,11189.00030337432
2023-07-04,27105.495261897242,2702,40,10857.976423190732
2023-07-05,26747.65041601534,2679,36,11340.886971366266
2023-07-06,27281.668680359795,2622,31,10342.15601177241
2023-07-07,27327.80420342038,2661,29,11138.5727762543
2023-07-08,27221.9556674962,2593,33,11211.766203200814
2023-07-09,26157.839817971326,2713,43,11242.535176605477
2023-07-10,26719.591738696916,2461,44,11591.300811856174
2023-07-11,26590.413971296948,2774,39,11144.283101321302
2023-07-12,26251.06438065228,2763,42,10791.986512735615
2023-07-13,26529.254812216175,2622,33,11193.576385713077
2023-07-14,26142.661974624065,2353,29,11006.918335874489
2023-07-15,25552.974690521725,2519,34,10758.196692711543
2023-07-16,26054.006030157827,2598,37,11113.619655540766
2023-07-17,25566.532831104887,2455,43,10647.040104422225
2023-07-18,26562.528692960805,2604,48,10482.539261550719
2023-07-19,26572.177697926636,2810,34,10657.803602517663
2023-07-20,25773.921407472324,2643,36,11075.880597381389
2023-07-21,24689.73002316161,2376,32,10002.453701092527
2023-07-22,24612.878294516348,2301,37,11090.332959806874
2023-07-23,25479.914225162098,2515,35,10742.457966501763
2023-07-24,25483.17431854971,2526,43,9902.657869177046
2023-07-25,24906.782234150065,2540,41,10476.781522095705
2023-07-26,25064.576274957566,2452,41,10786.699865098088
2023-07-27,25646.583141343075,2615,35,10821.844064972132
2023-07-28,25407.803700489327,2734,28,9676.486251331535
2023-07-29,24172.066128483933,2498,42,10929.289706043603
2023-07-30,24014.22539490493,2396,42,10472.653930997469
2023-07-31,24656.954326855383,2447,43,10828.31143417275
2023-08-01,24295.996150434068,2393,40,10473.941972749864
2023-08-02,25468.51199380899,2664,33,9941.258492785691
2023-08-03,24402.6261852517,2377,33,10595.22428376208
2023-08-04,25074.752801629485,2511,33,10173.150872856511
2023-08-05,24378.730122563455,2442,25,10019.140444341248
2023-08-06,24018.72512477041,2351,35,10671.110433233842
2023-08-07,23954.944625705004,2258,37,10289.912351583975
2023-08-08,24273.581784757815,2459,37,10057.27099794762
2023-08-09,23960.44779461519,2389,37,10084.697777020108
2023-08-10,23421.481105891544,2392,23,10268.154405309719
2023-08-11,23936.34690876131,2340,24,10264.893412180714
2023-08-12,22335.62304625775,2355,27,10352.554415796707
2023-08-13,23420.190739532263,2254,29,9624.597521808866
2023-08-14,23245.575156480776,2495,32,9958.188161499173
2023-08-15,23480.413416732637,2173,35,9665.887792180865
2023-08-16,23423.936740890218,2385,21,10595.42340965729
2023-08-17,23055.90131790312,2353,24,9939.528785420105
2023-08-18,23382.45568136482,2258,13,10369.69070411828
2023-08-19,22006.19784002525,2243,22,10038.74757290236
2023-08-20,22584.71669547083,2386,26,9771.672804139665
2023-08-21,22132.46519865765,1991,38,9940.719377175114
2023-08-22,22776.09100242982,2327,25,9551.33343839891
2023-08-23,23590.960983039244,2109,11,9956.50873032947
2023-08-24,22031.16435338324,2106,8,10052.122939870262
2023-08-25,22103.617640444027,2373,18,9940.731555034843
2023-08-26,21862.01811089538,2128,24,10433.4115985343
2023-08-27,21608.929420928147,2043,26,9319.912384726065
2023-08-28,22360.11340668311,2216,27,9506.696139488999
2023-08-29,22346.72120545598,2441,29,9341.314673006314
2023-08-30,22338.56976886901,2050,16,9577.012203540899
2023-08-31,22496.973706381043,2144,20,9600.34650645111
2023-09-01,22069.860969162924,2356,7,9922.948242747052
2023-09-02,20919.141935762622,2277,14,9422.27041717097
2023-09-03,21302.94449471143,2119,14,9762.001403910697
2023-09-04,22595.627987880314,2135,23,9827.015664052553
2023-09-05,21510.614918413627,2360,22,8656.151748216604
2023-09-06,21023.198287683077,2261,19,10027.37274061249
2023-09-07,21999.88978747644,2267,15,9693.742830900132
2023-09-08,21324.46766409236,2051,11,8845.672501421237
2023-09-09,19489.119317933364,1944,18,9354.38765587796
2023-09-10,20942.510381084754,2078,16,9609.999976634877
2023-09-11,20947.090777776753,2127,32,9372.77198535596
2023-09-12,21118.11135296433,2256,22,9144.09312925801
2023-09-13,21280.714580909455,2216,18,9506.986605753544
2023-09-14,21164.09700153651,2008,25,9373.49009064018
2023-09-15,21380.522631926946,2275,11,9470.480096073294
2023-09-16,20017.87781569901,2033,16,9352.906839441412
2023-09-17,20454.918149983358,2114,21,9881.876355232967
2023-09-18,20784.29869680308,2225,28,8970.397984070752
2023-09-19,21252.18641712105,2014,29,9047.258846974471
2023-09-20,21162.21345280736,2112,27,9155.98283435164
2023-09-21,20361.632497709095,1983,34,9479.273730860301
2023-09-22,21350.26999558814,1978,10,9122.499761908844
2023-09-23,19770.35770316831,2011,29,8825.562255123248
2023-09-24,20426.587731267973,2293,28,9155.536654142186
2023-09-25,20943.603373991788,1910,30,9489.450146342022
2023-09-26,21669.65349708813,2163,29,9377.987133784787
2023-09-27,20632.6482378304,2127,24,8746.867705482866
2023-09-28,20566.77357976741,2068,34,9629.489142212553
2023-09-29,20732.014613599757,2061,31,10211.120358334576
2023-09-30,19843.67611539746,1854,31,9076.465005092377
2023-10-01,20402.03210321862,2063,42,8782.749408082254
2023-10-02,19953.9558893169,1919,30,9097.512074167915
2023-10-03,20248.5731973964,1805,30,8957.30432483065
2023-10-04,20258.064545561916,2145,22,9289.745993467659
2023-10-05,21286.911944277646,2224,27,8808.768347843656
2023-10-06,21690.08662718346,2174,32,9541.131519463122
2023-10-07,20058.79284654873,2028,35,8743.059669166156
2023-10-08,20056.042882110396,2113,40,8864.312037631455
2023-10-09,20958.09493449684,2118,35,9839.039115441232
2023-10-10,21539.77900304158,2244,45,8335.25154460276
2023-10-11,20534.06428643184,2023,38,8955.573933971304
2023-10-12,21158.927536970317,2247,37,10222.732819111467
2023-10-13,21572.413535895874,2189,25,9458.320635024496
2023-10-14,20633.468398566092,2082,39,8823.988990720676
2023-10-15,20528.81624459789,1925,36,9330.459021955057
2023-10-16,21738.609968717337,2202,42,9456.483824182902
2023-10-17,19943.446723631667,1911,45,9238.235501675763
2023-10-18,21693.845349510462,2105,39,9357.323768027252
2023-10-19,21090.535312662672,2027,31,9209.84964010488
2023-10-20,20567.69200396648,1950,35,9489.298433660539
2023-10-21,21056.761544805067,2318,31,9581.687890164923
2023-10-22,21558.80199639307,2289,48,9545.198807719344
2023-10-23,21626.663415455772,2354,43,8981.86278126325
2023-10-24,22247.781806219708,2102,48,9702.94310454018
2023-10-25,22655.919596449963,2272,35,9390.524876274003
2023-10-26,22588.087660809528,2129,31,9571.26477868479
2023-10-27,22833.809518001068,2213,30,9394.40271870978
2023-10-28,21720.36543012524,2080,41,9497.696391014351
2023-10-29,21474.699320939744,2271,37,9982.887890178723
2023-10-30,21475.81366444606,2107,45,9717.060806338106
2023-10-31,22245.637686722486,2331,38,9259.962702786259
2023-11-01,22040.899579916866,2264,25,9249.454793673814
2023-11-02,23643.75140402616,2594,28,9652.430020849044
2023-11-03,22567.917587759333,2108,24,9484.979947655664
2023-11-04,22066.785200315382,2332,33,9576.973394494411
2023-11-05,22381.906817738633,2352,31,10097.633746293977
2023-11-06,22980.52158412069,2200,43,9195.170610524709
2023-11-07,23910.29166431777,2491,35,9178.697638482558
2023-11-08,22856.890330072813,2319,30,9815.45541209586
2023-11-09,23372.283193337607,2314,30,9673.047666890398
2023-11-10,23011.7357878112,2218,31,10490.104972679457
2023-11-11,22082.089336637608,2136,28,10147.109230297006
2023-11-12,22546.393452897453,2459,28,10227.435557907913
2023-11-13,23694.894257508797,2369,24,10449.452272537139
2023-11-14,23610.76226769865,2439,27,9599.700002668327
2023-11-15,23591.97805130382,2280,23,9958.582613640387
2023-11-16,23348.487434838473,2256,22,9933.14798427383
2023-11-17,24124.141251862016,2520,19,10818.939654170214
2023-11-18,22777.87960535389,2142,27,10672.683511121952
2023-11-19,24025.21900201113,2361,24,10008.11036080688
2023-11-20,24551.675242716243,2458,28,10353.218244530164
2023-11-21,23897.16487859297,2400,32,10241.153161415608
2023-11-22,24586.950317526153,2440,23,10163.423849159108
2023-11-23,24481.12824670463,2487,17,10168.51535157496
2023-11-24,25132.39151228143,2582,14,10431.346388879956
2023-11-25,25008.48289573534,2574,17,10399.616869082947
2023-11-26,23515.890497589557,2253,20,10399.236808904967
2023-11-27,25375.88524921155,2509,23,10289.43605076404
2023-11-28,25352.789312194414,2654,27,9987.243224211583
2023-11-29,25882.5098027294,2677,18,10125.609872240599
2023-11-30,25766.836236094165,2439,9,10884.254187211725
2023-12-01,25396.980173826956,2574,24,10538.09476893551
2023-12-02,24975.409405112307,2299,20,11195.68179668648
2023-12-03,24848.056734461556,2489,16,10518.875973203585
2023-12-04,26644.28679200178,2854,22,10302.68271565831
2023-12-05,26226.1528466795,2527,23,10472.453729374853
2023-12-06,27274.227913852195,2643,27,10429.639247733081
2023-12-07,26400.28259094407,2716,10,11224.2766570011
2023-12-08,26182.159747565973,2463,20,10635.357006784652
2023-12-09,25133.952377653924,2450,26,11592.696645200127
2023-12-10,25092.310941870906,2568,20,11510.159866035696
2023-12-11,26053.439152969368,2541,24,10842.90471617929
2023-12-12,27079.184300014505,2684,19,10915.098839351473
2023-12-13,27298.51926799347,2804,19,10210.744161373694
2023-12-14,26350.455669306593,2677,17,11138.598208245385
2023-12-15,27683.761659833282,2795,21,11437.938212572191
2023-12-16,26338.141660202673,2599,27,11448.586964455004
2023-12-17,26744.679860960478,2711,23,10900.46777413089
2023-12-18,28317.131965305307,2819,19,10418.853815577375
2023-12-19,28047.254782149852,2850,28,10708.924354965164
2023-12-20,27550.408955915966,2705,26,10835.629152982763
2023-12-21,27322.896012797028,2714,23,11201.663108173449
2023-12-22,26774.336511760153,2578,21,11450.849336009074
2023-12-23,26820.312015520994,2678,27,11139.43365311842
2023-12-24,27151.821148154053,2634,39,10949.485200909601
2023-12-25,27589.110632483855,2647,36,10714.660909053699
2023-12-26,28090.168665750716,2834,31,10831.43970901073
2023-12-27,28265.07126643433,2847,27,11481.996108001193
2023-12-28,28182.78846224011,2896,26,11078.42567335691
2023-12-29,28036.483526184762,2760,35,11272.568987795234
2023-12-30,27759.75480355978,2816,30,11342.512095423324
2023-12-31,27957.994566285368,2850,36,11556.534592814858
