user_id,temperature_out,humidity_out,avg_daily_usage,has_solar,home_size,day_of_week,month,work_from_home_days,region,energy_contract,num_children,device_count,energy_consumption,high_usage_flag
user_444,30.8,84.3,3.7,0,151.5,Sun,Oct,3,north,fixed,1,7,26.52,1
user_384,29.0,41.6,3.4,1,133.5,Sun,Mar,2,west,fixed,0,3,11.02,0
user_97,28.6,70.0,4.4,0,95.8,Wed,Aug,2,east,green,0,6,15.1,0
user_79,23.4,43.0,1.4,0,63.2,Sun,Jul,6,west,green,1,4,15.19,0
user_326,20.2,52.6,7.2,0,87.4,Thu,Oct,3,east,variable,2,3,20.89,0
user_208,16.5,71.3,5.8,1,173.9,Fri,Oct,6,south,variable,1,12,35.56,1
user_149,27.6,70.7,4.5,1,128.3,Wed,Jul,4,east,fixed,0,6,10.85,0
user_287,8.8,27.9,5.2,0,79.1,Thu,Feb,2,north,fixed,2,6,35.12,1
user_260,32.8,59.7,4.5,1,143.0,Sun,Sep,0,north,fixed,0,6,15.61,0
user_401,22.5,78.9,1.6,1,120.1,Wed,Dec,5,east,variable,1,8,17.18,0
user_112,26.9,23.4,1.8,0,120.5,Tue,Oct,7,north,fixed,1,7,24.22,0
user_311,24.7,77.6,1.9,0,117.3,Fri,Jun,1,north,variable,1,5,13.47,0
user_269,23.2,74.0,1.8,1,87.8,Mon,Aug,2,east,fixed,0,3,11.63,0
user_68,23.8,74.1,2.3,0,104.3,Wed,Jun,0,east,green,4,7,5.0,0
user_282,28.6,31.5,1.7,1,143.4,Sat,Jun,5,south,green,1,8,19.78,0
user_35,18.0,83.6,7.0,0,180.4,Sat,Dec,7,west,green,0,11,30.62,1
user_316,15.2,67.1,5.3,0,134.2,Sun,May,6,south,variable,0,8,31.5,1
user_195,24.7,42.2,4.1,0,148.3,Wed,Sep,4,north,variable,1,8,25.36,0
user_340,16.3,58.7,3.2,0,78.4,Fri,Oct,0,east,green,0,3,6.5,0
user_7,22.6,46.8,6.1,1,150.0,Sat,Jan,6,west,green,2,10,30.24,1
user_247,12.8,40.2,7.2,0,79.2,Wed,Aug,3,east,green,1,7,27.92,1
user_494,16.9,40.7,3.7,0,114.5,Tue,May,4,south,fixed,1,3,24.21,0
user_421,26.7,56.9,6.1,0,161.2,Tue,Feb,2,west,variable,2,7,32.26,1
user_256,22.5,70.3,6.5,0,119.1,Sat,Jan,5,west,green,0,8,26.25,0
user_160,19.1,40.0,3.5,1,118.8,Sun,Aug,1,west,green,2,5,13.21,0
user_476,17.7,47.4,6.9,0,107.6,Sat,Aug,2,west,variable,4,9,34.6,1
user_257,25.5,88.6,3.0,1,88.9,Thu,Dec,1,north,fixed,0,1,5.0,0
user_313,23.9,83.7,3.6,0,109.8,Tue,Dec,0,west,fixed,0,3,9.82,0
user_318,23.8,31.6,3.5,0,142.3,Sat,Feb,2,west,fixed,0,8,15.19,0
user_407,15.9,26.2,6.3,1,91.2,Thu,Jul,5,north,variable,0,7,22.57,0
user_154,24.0,32.7,7.1,0,157.2,Fri,Jun,6,west,variable,1,9,30.07,1
user_359,27.3,31.8,6.3,1,124.4,Tue,Apr,7,south,fixed,1,12,30.32,1
user_293,23.4,81.4,1.4,0,122.3,Wed,Dec,6,east,variable,2,7,18.98,0
user_263,23.7,50.2,3.8,0,137.9,Sat,Apr,4,north,green,2,9,22.63,0
user_257,25.0,41.7,2.9,0,106.8,Tue,May,0,north,fixed,1,4,16.89,0
user_464,25.2,57.3,6.7,0,110.4,Mon,Jan,5,west,variable,3,6,17.96,0
user_417,26.1,37.6,4.5,1,176.2,Mon,May,3,south,fixed,0,6,15.84,0
user_366,17.3,67.1,2.0,1,120.5,Fri,Dec,3,south,variable,1,7,13.98,0
user_325,26.7,83.4,6.2,0,115.3,Thu,Jan,4,east,fixed,1,4,17.82,0
user_184,22.3,29.1,6.5,0,96.9,Sun,Jul,0,west,green,1,6,21.37,0
user_468,24.9,38.2,7.7,1,150.4,Wed,Oct,1,south,fixed,0,6,18.41,0
user_337,17.4,69.2,7.1,0,144.1,Fri,Jul,2,south,variable,1,4,20.16,0
user_319,28.6,84.8,7.4,0,94.2,Thu,Jun,5,west,variable,0,5,18.64,0
user_151,20.0,66.3,2.0,0,81.2,Sun,Jun,1,south,green,0,2,10.4,0
user_321,19.5,21.3,3.3,0,115.0,Sun,Nov,2,south,variable,1,2,19.65,0
user_140,19.5,40.3,2.3,1,162.2,Tue,Feb,6,south,fixed,0,8,17.22,0
user_492,30.2,44.9,2.7,1,92.0,Thu,May,3,south,green,1,5,13.72,0
user_419,16.4,21.5,2.3,0,50.0,Sat,Jun,4,west,fixed,0,6,16.92,0
user_404,18.8,68.3,7.7,1,159.4,Tue,Jun,3,north,variable,0,8,21.7,0
user_450,16.5,36.3,6.0,0,119.1,Thu,Nov,6,south,variable,2,8,29.08,1
user_137,15.9,43.2,4.7,0,93.2,Fri,Jul,7,east,variable,0,6,24.43,0
user_124,18.5,61.2,4.2,0,89.5,Fri,Mar,1,west,variable,0,1,19.42,0
user_403,26.2,54.7,4.6,1,151.9,Sat,Nov,3,east,fixed,2,6,12.55,0
user_422,23.0,20.8,4.8,0,108.3,Wed,Oct,7,west,variable,1,6,24.91,0
user_473,24.5,31.8,7.6,0,99.6,Sat,Dec,7,north,variable,0,7,25.79,0
user_184,23.9,74.3,5.7,0,98.1,Wed,Nov,3,north,variable,1,6,17.86,0
user_397,26.7,47.2,6.5,0,161.5,Tue,Sep,1,south,variable,1,7,17.96,0
user_188,22.2,77.7,4.1,0,161.2,Fri,May,1,west,fixed,0,7,26.57,1
user_97,9.9,58.9,4.0,1,113.9,Sat,Mar,7,west,variable,0,9,56.74,1
user_47,14.6,52.6,1.4,0,101.3,Tue,Mar,0,south,variable,4,6,15.86,0
user_401,27.0,21.6,3.7,0,167.1,Thu,Feb,3,south,green,1,4,15.53,0
user_281,28.7,29.1,5.4,1,115.5,Wed,Oct,7,north,green,0,6,22.44,0
user_296,23.7,29.3,1.5,0,127.4,Mon,Apr,6,east,variable,1,6,23.49,0
user_285,26.4,20.6,6.4,0,160.3,Mon,Nov,6,south,green,0,7,26.95,1
user_196,20.0,66.8,6.0,1,94.2,Sat,Jul,7,south,variable,0,5,20.88,0
user_343,15.0,21.8,7.9,1,111.5,Mon,Feb,5,south,variable,2,9,27.08,1
user_262,17.8,22.5,2.0,0,133.9,Wed,Mar,7,west,fixed,1,8,17.52,0
user_106,24.2,63.8,5.5,0,142.9,Wed,Jul,1,west,fixed,0,3,12.8,0
user_232,26.2,70.1,3.4,0,100.8,Fri,Apr,1,west,green,2,4,15.22,0
user_328,20.6,37.7,7.7,0,123.7,Wed,Sep,6,south,green,1,7,29.79,1
user_489,18.7,38.5,3.4,0,126.6,Thu,Oct,6,east,fixed,0,9,24.19,0
user_384,23.8,51.6,3.7,1,208.0,Tue,Dec,7,north,green,2,10,23.61,0
user_237,25.7,63.3,7.6,1,116.1,Tue,Oct,4,north,green,0,5,14.7,0
user_275,8.8,52.5,4.3,0,107.7,Tue,Oct,4,north,green,0,5,21.81,0
user_147,6.3,37.1,6.6,0,66.9,Fri,Dec,7,east,green,1,8,36.93,1
user_259,39.5,55.7,1.6,0,109.4,Thu,Jan,1,north,green,0,6,14.8,0
user_149,26.5,47.7,5.0,0,120.0,Thu,Jan,5,south,fixed,0,5,25.16,0
user_218,26.1,69.9,1.3,0,90.1,Fri,May,5,north,variable,0,4,16.88,0
user_356,23.2,53.8,3.1,0,124.5,Sun,Dec,7,north,variable,2,10,32.88,1
user_399,13.2,29.8,7.8,0,95.9,Fri,Dec,4,north,variable,1,7,29.8,1
user_165,29.4,83.6,1.8,0,91.9,Sat,Apr,6,north,fixed,1,5,20.69,0
user_412,25.3,84.4,6.9,1,70.1,Sun,Oct,5,north,fixed,1,5,19.15,0
user_393,18.9,73.8,4.8,0,114.6,Mon,Mar,4,east,variable,3,6,27.95,1
user_139,23.7,69.2,4.3,0,83.2,Tue,Aug,5,east,fixed,1,7,28.82,1
user_28,24.8,54.6,1.7,0,71.5,Thu,Nov,2,east,green,0,1,5.0,0
user_435,22.1,30.2,4.7,0,139.1,Mon,Aug,0,west,variable,1,5,18.14,0
user_73,32.8,41.3,6.1,0,123.9,Fri,Aug,1,south,variable,1,6,20.2,0
user_143,35.9,27.5,7.0,0,145.8,Mon,Feb,5,south,variable,1,8,31.96,1
user_490,23.7,35.3,3.8,0,165.3,Mon,Oct,7,east,green,0,12,29.99,1
user_179,25.0,69.0,3.7,0,136.8,Thu,Jun,7,east,fixed,0,5,24.19,0
user_285,30.9,25.0,3.4,0,171.1,Thu,May,1,west,variable,0,6,16.68,0
user_464,23.6,65.1,1.6,0,87.7,Thu,Mar,2,south,variable,1,5,13.71,0
user_17,26.1,57.2,7.9,1,146.0,Wed,Oct,2,east,green,0,7,20.45,0
user_454,25.9,70.9,3.6,0,86.3,Fri,Apr,3,south,fixed,1,2,15.49,0
user_174,29.5,48.5,1.2,0,96.6,Fri,Sep,3,east,green,3,7,22.95,0
user_312,20.6,62.2,5.7,0,132.4,Thu,Jun,5,west,green,0,7,22.21,0
user_259,24.2,54.7,2.2,0,102.4,Tue,May,7,west,fixed,0,8,25.07,0
user_423,25.2,27.9,1.4,1,150.7,Sun,May,5,west,variable,1,10,10.15,0
user_32,35.2,39.8,5.5,0,101.7,Wed,Aug,4,east,variable,1,6,21.98,0
user_69,27.2,48.0,5.8,0,90.4,Sat,Sep,3,west,variable,2,4,24.17,0
user_104,23.1,26.9,5.9,1,109.4,Tue,Mar,4,east,variable,1,6,13.3,0
user_213,16.7,40.3,3.8,1,96.9,Tue,Apr,3,west,fixed,1,3,15.92,0
user_483,25.8,27.1,7.4,0,158.8,Tue,Jun,2,east,green,0,7,24.4,0
user_168,23.3,27.5,2.4,0,91.1,Sun,Dec,0,north,fixed,0,6,11.69,0
user_385,23.6,81.6,3.4,0,140.7,Sun,Aug,6,east,green,0,6,19.71,0
user_362,14.8,44.9,3.5,0,67.0,Tue,Nov,3,west,fixed,0,2,11.38,0
user_210,30.8,79.9,7.2,1,129.6,Wed,Jun,7,south,green,2,10,36.03,1
user_100,26.8,28.6,6.8,0,119.0,Sat,Mar,6,east,green,1,9,28.5,1
user_428,22.7,51.7,6.0,0,90.4,Sat,Aug,1,east,fixed,0,4,22.35,0
user_422,33.1,74.4,2.7,0,130.6,Sat,Jan,2,north,variable,3,8,21.18,0
user_324,32.8,60.8,1.2,1,107.2,Mon,Dec,6,west,fixed,1,8,17.37,0
user_500,39.6,82.6,3.5,0,157.7,Wed,Oct,4,north,green,1,7,24.25,0
user_5,16.9,28.5,3.2,0,152.4,Fri,Dec,1,north,green,0,6,16.07,0
user_295,19.8,37.8,7.9,0,102.2,Sat,Jul,1,east,fixed,0,4,18.16,0
user_369,24.1,69.9,5.8,0,107.0,Fri,Sep,2,north,variable,1,3,25.14,0
user_175,23.1,73.3,5.4,0,169.9,Mon,Aug,3,east,green,0,4,23.14,0
user_251,30.4,48.8,6.1,0,60.5,Mon,Feb,0,south,variable,2,3,7.66,0
user_380,26.0,79.9,6.2,1,134.5,Fri,Feb,0,south,variable,3,4,15.09,0
user_173,18.7,31.6,5.1,0,153.5,Tue,Dec,5,north,fixed,2,7,36.11,1
user_271,21.0,26.4,6.1,0,121.3,Mon,Aug,7,west,variable,2,6,25.14,0
user_159,17.6,73.0,5.4,0,116.6,Fri,Jun,6,north,fixed,2,15,35.31,1
user_86,16.6,52.9,5.0,1,102.4,Sat,Jan,4,west,variable,0,4,12.87,0
user_386,26.4,51.0,6.1,0,120.0,Tue,Oct,4,west,variable,2,7,23.55,0
user_12,17.3,75.7,4.1,0,161.4,Sun,Jun,5,west,green,0,6,16.51,0
user_30,18.1,78.5,6.6,1,121.2,Sun,Oct,0,east,variable,0,2,16.06,0
user_195,9.5,81.3,3.1,0,99.5,Mon,Apr,0,west,variable,3,5,22.78,0
user_81,25.1,56.2,5.9,0,80.3,Sun,Oct,0,north,green,1,1,11.93,0
user_49,18.6,59.0,7.8,0,95.4,Fri,Apr,6,north,variable,1,10,33.21,1
user_18,17.1,20.9,6.1,0,66.7,Fri,May,2,south,variable,2,1,14.34,0
user_350,22.0,31.7,6.3,0,81.0,Sat,Oct,1,east,variable,3,1,16.52,0
user_75,20.9,22.0,4.5,1,150.8,Sun,Nov,1,west,green,2,9,15.66,0
user_461,19.5,49.1,4.9,0,127.5,Mon,Sep,5,west,variable,0,6,23.57,0
user_428,18.2,52.5,2.8,0,170.9,Sun,May,7,east,fixed,0,10,35.57,1
user_460,21.2,47.1,3.1,0,145.8,Wed,Aug,6,north,variable,0,11,27.72,1
user_380,20.9,46.5,7.3,0,163.9,Sun,Jul,6,west,fixed,0,8,66.16,1
user_458,21.9,81.4,4.7,0,94.5,Sat,Apr,1,west,fixed,0,3,9.83,0
user_442,25.3,30.4,5.3,0,110.4,Fri,Jul,5,west,variable,3,7,27.22,1
user_405,7.1,78.5,1.9,1,116.3,Sat,Oct,4,west,variable,0,7,17.05,0
user_11,21.4,30.7,5.3,1,119.7,Wed,Sep,4,south,fixed,1,7,14.06,0
user_84,24.4,70.6,5.4,1,57.0,Thu,Sep,6,south,fixed,1,7,14.5,0
user_278,26.2,47.0,6.1,0,50.0,Sun,Apr,1,east,fixed,0,1,11.57,0
user_149,28.0,31.7,6.7,1,126.0,Mon,Apr,2,east,fixed,0,4,22.04,0
user_417,30.0,27.4,1.5,0,120.8,Sun,Nov,3,south,fixed,1,5,20.91,0
user_217,12.3,23.9,7.1,0,151.0,Thu,Mar,7,south,variable,0,11,37.99,1
user_173,38.2,32.7,6.2,0,103.6,Tue,Aug,4,south,variable,1,7,31.1,1
user_422,28.5,74.2,5.0,0,99.0,Thu,Jan,5,north,variable,1,5,24.03,0
user_89,20.0,84.5,2.3,0,135.0,Sun,Nov,7,north,fixed,0,10,31.14,1
user_72,27.7,60.5,7.4,0,120.7,Sun,Nov,6,south,fixed,0,4,31.4,1
user_173,26.6,37.7,4.2,0,98.6,Wed,Jul,1,south,variable,0,5,18.67,0
user_173,26.2,57.5,2.1,1,73.0,Tue,Apr,0,east,green,1,2,5.0,0
user_145,19.2,51.5,7.0,0,154.0,Wed,Mar,1,east,green,0,1,15.56,0
user_305,27.0,87.6,5.8,0,112.0,Mon,Sep,7,west,variable,2,10,27.05,1
user_360,26.2,41.9,7.3,0,122.0,Sat,May,3,west,green,2,9,25.77,0
user_445,28.9,71.8,7.1,0,127.5,Fri,May,1,west,green,1,5,23.04,0
user_229,23.8,60.8,6.0,0,123.0,Mon,Jan,2,north,fixed,0,7,29.35,1
user_77,29.0,70.7,7.0,0,104.0,Fri,Aug,4,east,variable,2,9,30.82,1
user_317,19.0,39.2,4.7,0,135.4,Tue,Apr,7,west,fixed,0,9,20.67,0
user_1,21.8,75.8,3.8,1,108.9,Mon,Nov,0,north,fixed,1,7,12.98,0
user_288,14.8,76.1,3.0,0,137.0,Wed,Apr,7,north,fixed,1,11,25.63,0
user_298,18.2,68.1,4.3,0,128.2,Tue,Jan,3,south,variable,1,7,27.0,1
user_224,32.5,60.2,2.4,0,78.1,Thu,Nov,3,south,variable,1,4,14.4,0
user_126,13.0,82.8,5.0,0,105.0,Fri,Jul,2,south,fixed,1,6,25.38,0
user_157,26.3,30.8,3.2,0,172.2,Sun,Feb,5,east,variable,0,10,30.2,1
user_277,25.1,50.0,5.1,0,103.1,Wed,Apr,3,west,variable,0,5,17.88,0
user_280,23.6,86.1,2.4,0,137.8,Wed,Sep,1,south,green,0,7,15.16,0
user_273,21.8,67.1,3.6,0,82.8,Tue,Jan,0,south,fixed,1,3,5.0,0
user_128,21.0,73.6,1.9,1,146.2,Wed,Jan,7,north,fixed,0,13,24.46,0
user_316,19.1,23.1,2.9,0,161.2,Sat,Jan,1,west,green,0,4,31.73,1
user_285,20.5,44.9,2.1,1,146.9,Tue,Jan,1,east,fixed,2,6,10.93,0
user_258,23.5,80.5,5.0,1,111.6,Sun,May,0,west,fixed,0,5,22.9,0
user_391,17.4,39.9,3.4,0,134.5,Sun,Jul,7,north,fixed,3,9,26.13,0
user_76,17.3,52.8,3.0,0,115.3,Thu,Sep,6,south,variable,0,6,27.48,1
user_121,25.1,53.7,3.4,1,140.9,Wed,Dec,6,north,variable,0,7,15.61,0
user_30,20.0,33.1,7.5,0,116.2,Wed,Dec,5,south,fixed,1,7,23.13,0
user_51,16.9,37.6,3.3,0,110.7,Mon,Jul,5,north,variable,0,5,17.94,0
user_253,11.2,42.0,1.2,1,154.6,Mon,May,0,west,variable,2,5,14.67,0
user_447,30.4,31.8,4.6,1,110.9,Sat,Dec,1,east,green,1,5,10.23,0
user_303,24.9,89.5,7.2,0,132.5,Mon,Oct,7,west,variable,3,7,35.94,1
user_437,22.9,72.4,6.3,0,102.3,Thu,Sep,0,north,green,0,4,17.71,0
user_286,19.1,41.9,6.0,0,188.4,Thu,May,1,south,variable,3,9,25.41,0
user_321,20.1,27.3,4.0,0,88.2,Wed,Oct,0,west,fixed,1,6,12.13,0
user_63,11.9,37.4,4.7,0,101.6,Sat,Jan,1,west,fixed,1,5,13.7,0
user_45,20.0,80.9,2.5,1,182.2,Tue,Dec,7,north,variable,1,8,13.26,0
user_110,26.3,84.9,5.0,0,128.5,Mon,Jan,5,south,fixed,2,3,19.1,0
user_393,24.7,52.9,4.5,1,119.2,Tue,Jan,5,north,fixed,1,7,14.98,0
user_66,25.5,63.7,4.0,0,150.8,Sat,Dec,3,south,variable,4,8,28.25,1
user_138,29.9,30.7,7.2,0,95.9,Sat,Aug,3,south,fixed,0,1,45.52,1
user_50,18.7,82.1,6.2,0,154.2,Sat,Dec,1,north,variable,1,4,48.61,1
user_60,24.3,27.4,2.5,1,50.0,Fri,Aug,1,north,fixed,1,4,6.13,0
user_96,22.0,76.8,2.7,0,86.0,Sat,Sep,3,north,fixed,0,7,21.78,0
user_450,17.0,55.6,4.5,0,82.5,Sun,Mar,0,north,green,2,5,18.5,0
user_465,24.0,44.5,2.0,0,120.5,Sun,Jan,3,north,green,3,4,15.9,0
user_188,20.6,77.0,4.4,1,147.8,Thu,Jan,5,north,green,1,10,22.6,0
user_303,22.5,34.5,2.6,0,121.8,Sat,Apr,4,east,green,1,5,17.51,0
user_145,33.0,25.9,7.5,0,129.4,Wed,May,4,east,fixed,2,7,30.96,1
user_401,21.7,80.9,6.3,0,141.8,Fri,Apr,3,north,variable,2,1,21.25,0
user_349,17.1,34.6,7.2,0,94.3,Thu,Apr,0,south,fixed,2,5,18.61,0
user_258,34.6,64.9,4.9,0,130.1,Sun,Aug,5,north,green,0,10,23.43,0
user_285,24.2,49.9,7.3,0,172.9,Thu,Jun,0,east,variable,0,10,31.72,1
user_380,31.2,24.5,4.7,1,106.1,Sun,Feb,3,north,fixed,1,3,24.95,0
user_161,31.5,58.7,4.4,0,115.4,Sun,Mar,2,north,variable,1,7,29.78,1
user_256,25.8,74.7,2.1,0,156.9,Mon,Mar,1,east,variable,0,7,22.34,0
user_225,23.0,37.5,4.1,1,135.6,Sun,Nov,6,west,variable,1,9,21.48,0
user_241,19.1,51.4,7.5,0,97.9,Fri,Feb,4,north,fixed,1,5,24.4,0
user_399,16.2,62.9,3.7,1,104.0,Mon,Mar,4,south,fixed,1,6,15.45,0
user_55,15.5,48.1,4.6,0,102.0,Wed,Dec,7,south,fixed,2,9,28.03,1
user_393,24.7,83.7,6.0,0,92.9,Mon,Jul,6,south,fixed,0,7,27.01,1
user_272,22.1,73.2,2.9,1,109.4,Sun,Mar,1,north,variable,0,4,5.0,0
user_158,15.9,53.5,6.0,0,130.6,Fri,Nov,7,north,variable,2,9,30.44,1
user_249,13.4,75.8,4.2,0,102.8,Fri,Jul,1,north,fixed,0,2,16.4,0
user_391,16.1,65.3,4.3,0,89.2,Tue,May,6,east,fixed,1,4,19.69,0
user_47,15.4,65.2,2.8,1,109.8,Sat,Feb,4,north,green,1,9,12.02,0
user_350,29.6,24.9,4.8,0,113.1,Thu,Apr,5,north,fixed,2,8,25.52,0
user_81,26.0,40.7,7.0,1,111.8,Tue,May,5,south,fixed,0,12,29.71,1
user_225,15.2,79.6,5.1,1,98.3,Wed,Aug,0,south,green,1,8,16.86,0
user_326,12.9,53.3,1.7,0,105.4,Mon,Feb,4,west,green,1,8,23.37,0
user_476,23.6,42.5,3.0,1,144.0,Sun,Oct,3,south,variable,2,7,11.18,0
user_107,22.0,37.8,6.7,0,80.8,Sat,Aug,3,north,fixed,0,1,22.1,0
user_247,24.8,50.3,4.8,0,170.5,Fri,May,2,east,fixed,2,8,29.59,1
user_170,28.7,43.4,7.1,1,117.5,Mon,Mar,0,south,green,1,2,9.9,0
user_76,25.1,30.6,1.9,0,61.2,Tue,Jun,2,north,variable,0,1,10.26,0
user_75,23.8,73.1,5.1,0,160.7,Fri,Dec,5,west,variable,0,6,25.87,0
user_160,20.7,26.7,5.0,0,152.9,Thu,Feb,6,east,fixed,2,11,38.66,1
user_63,24.2,60.8,1.4,0,94.0,Fri,Mar,4,north,green,3,6,18.86,0
user_180,22.2,55.9,5.1,0,170.5,Tue,Feb,0,south,variable,1,8,13.64,0
user_165,30.3,37.0,4.9,0,81.1,Fri,Nov,0,south,fixed,0,3,18.88,0
user_170,29.3,54.4,4.7,0,50.0,Thu,Aug,7,north,fixed,3,7,33.4,1
user_227,31.3,31.8,4.1,1,112.2,Thu,Jun,5,south,green,0,8,10.29,0
user_359,20.7,62.7,6.9,0,120.8,Thu,Oct,5,south,green,0,9,26.89,1
user_489,9.5,43.7,5.7,1,140.0,Fri,Jan,4,west,fixed,1,8,35.33,1
user_490,22.1,79.0,2.4,0,149.7,Sat,Feb,5,south,fixed,0,11,23.42,0
user_72,8.5,57.8,6.3,0,160.3,Tue,Jan,1,north,green,1,9,33.99,1
user_302,17.4,62.3,1.5,1,107.8,Sat,May,7,east,fixed,0,9,19.4,0
user_183,29.7,58.3,4.0,0,130.9,Sat,May,5,east,fixed,0,9,21.64,0
user_17,23.3,50.1,2.3,0,149.7,Fri,Apr,0,east,fixed,1,3,17.56,0
user_16,31.8,85.3,2.6,0,104.0,Wed,Apr,4,east,variable,2,5,16.32,0
user_64,22.9,61.8,2.8,0,147.6,Mon,Nov,1,west,variable,0,7,21.22,0
user_369,25.0,56.5,4.0,1,156.1,Mon,Sep,2,south,variable,0,4,11.87,0
user_130,25.1,81.1,5.6,0,151.2,Mon,Oct,2,north,variable,2,9,28.7,1
user_35,34.3,49.5,1.3,0,139.7,Sun,Mar,4,north,fixed,3,8,31.53,1
user_394,15.1,50.8,6.8,0,121.7,Fri,Feb,1,north,green,1,7,21.83,0
user_284,17.0,24.3,4.8,0,138.9,Wed,Sep,0,south,variable,0,2,8.69,0
user_122,39.6,72.6,5.4,1,100.8,Fri,Aug,6,west,fixed,1,6,23.54,0
user_39,25.8,82.2,5.9,0,143.7,Tue,Sep,6,east,fixed,1,8,33.48,1
user_444,19.6,45.1,2.5,0,163.4,Mon,Oct,1,west,variable,3,9,21.68,0
user_126,22.9,33.4,5.5,0,132.7,Sun,Apr,7,south,fixed,1,9,26.41,1
user_411,19.8,75.2,7.2,0,138.5,Wed,Oct,6,north,fixed,1,7,33.11,1
user_453,19.8,72.8,2.7,1,113.7,Sun,Apr,0,east,variable,1,3,9.86,0
user_151,27.7,89.2,3.3,1,124.1,Wed,Jun,6,north,fixed,1,8,17.59,0
user_84,6.9,50.4,6.4,0,155.1,Tue,Oct,2,north,fixed,1,6,34.26,1
user_395,18.5,83.7,4.2,1,129.0,Wed,May,5,west,variable,1,10,19.04,0
user_328,15.2,79.5,4.9,0,85.0,Wed,Jul,3,east,fixed,3,4,19.96,0
user_154,23.1,36.2,1.5,0,95.1,Mon,May,3,west,green,1,3,13.26,0
user_188,38.0,25.1,2.1,1,103.0,Wed,Aug,6,south,variable,1,6,24.57,0
user_216,21.4,39.6,2.6,1,107.1,Mon,Oct,2,south,variable,0,4,13.85,0
user_83,28.6,33.3,1.4,0,92.0,Sat,Oct,2,north,variable,2,8,17.13,0
user_148,28.0,62.8,3.3,0,117.6,Sun,Nov,6,north,variable,1,6,27.17,1
user_334,23.2,83.8,7.9,1,121.4,Sun,Jun,2,west,green,0,3,17.43,0
user_343,8.8,62.0,3.7,1,147.4,Mon,May,6,west,green,1,5,13.44,0
user_127,22.3,83.8,3.1,0,155.4,Sun,May,5,east,fixed,1,9,29.66,1
user_144,28.2,63.2,7.0,1,79.3,Sat,Jun,2,east,fixed,3,9,23.7,0
user_375,26.5,88.6,6.6,0,133.8,Wed,Jun,3,north,fixed,0,6,26.23,0
user_427,9.7,52.5,5.8,0,114.8,Wed,Feb,7,north,variable,3,5,33.73,1
user_423,5.8,62.6,2.4,1,50.0,Thu,Feb,1,east,fixed,0,1,14.07,0
user_25,14.9,21.8,3.1,1,109.2,Tue,Nov,5,north,green,0,5,12.47,0
user_233,20.8,74.4,7.6,0,152.3,Fri,Apr,6,east,fixed,2,6,36.13,1
user_288,30.7,53.2,2.4,1,121.3,Tue,Aug,1,south,fixed,0,4,5.0,0
user_352,21.4,50.9,6.6,1,159.8,Sun,Jan,4,south,green,1,10,22.3,0
user_370,19.4,87.4,1.3,0,109.1,Thu,Nov,2,west,variable,0,3,13.75,0
user_102,19.7,56.1,1.1,0,120.8,Sat,Feb,7,south,fixed,0,8,19.09,0
user_169,22.9,38.0,4.7,1,114.4,Wed,Dec,0,east,fixed,2,5,10.54,0
user_112,23.2,55.0,2.5,0,126.6,Fri,Jan,6,east,variable,3,8,23.52,0
user_242,13.9,73.8,6.2,0,69.4,Tue,Aug,5,west,variable,1,6,24.73,0
user_423,11.8,33.0,7.5,1,112.0,Mon,Sep,5,north,fixed,1,8,29.81,1
user_487,20.5,78.0,2.9,1,129.5,Fri,Jun,2,north,variable,0,7,8.08,0
user_20,28.1,54.3,6.2,1,78.9,Sat,Feb,2,west,green,1,7,12.53,0
user_5,21.7,72.2,4.0,0,142.7,Tue,Sep,2,south,fixed,0,10,20.16,0
user_229,15.5,82.2,2.7,0,141.3,Mon,Apr,7,west,green,0,6,25.23,0
user_359,21.5,40.4,4.3,0,123.0,Fri,Aug,7,east,fixed,1,7,22.6,0
user_439,16.6,67.6,6.4,1,89.8,Tue,Dec,7,east,green,1,3,20.28,0
user_306,26.7,51.0,1.3,1,120.0,Mon,Mar,4,east,green,1,7,12.66,0
user_96,20.8,69.4,5.5,0,97.0,Thu,Jan,4,north,variable,0,6,24.32,0
user_401,23.0,76.8,2.2,0,131.9,Thu,Jul,1,east,fixed,0,9,18.22,0
user_489,24.5,68.1,4.7,1,165.7,Sat,Dec,2,north,green,1,7,10.8,0
user_349,21.1,44.4,3.5,0,72.3,Sun,Dec,0,north,variable,0,1,5.0,0
user_344,18.5,56.4,1.3,0,122.2,Wed,Dec,7,south,green,1,5,16.36,0
user_98,25.5,65.3,6.9,0,132.0,Tue,Dec,2,north,green,1,9,27.43,1
user_101,18.6,78.0,4.1,0,87.1,Thu,Sep,2,south,fixed,0,6,26.29,0
user_424,20.1,53.4,6.9,0,121.8,Sun,Sep,1,north,variable,2,5,22.35,0
user_21,29.3,74.5,1.4,0,127.9,Sat,Oct,1,west,variable,0,5,9.29,0
user_256,23.9,50.8,6.3,0,86.6,Wed,Nov,1,east,green,0,4,12.88,0
user_421,22.0,89.0,5.5,1,163.5,Fri,Jul,5,east,fixed,0,3,22.18,0
user_428,27.2,65.3,6.1,0,161.5,Mon,May,4,south,green,0,5,20.06,0
user_313,29.8,49.9,4.2,1,109.9,Thu,Feb,1,south,variable,1,6,18.88,0
user_177,20.7,22.7,7.3,1,108.1,Tue,Jun,2,south,fixed,1,5,16.68,0
user_195,19.9,27.1,1.4,0,122.6,Sat,Jan,3,south,fixed,3,8,21.61,0
user_273,23.8,20.3,6.3,0,133.5,Mon,Mar,0,north,fixed,1,4,9.62,0
user_55,24.1,21.2,3.8,0,107.1,Wed,May,3,north,fixed,0,2,16.05,0
user_102,30.2,67.5,3.2,0,132.8,Fri,May,6,east,fixed,0,6,21.33,0
user_247,19.8,28.3,7.0,0,134.6,Sat,Nov,3,west,green,0,5,25.06,0
user_332,26.6,21.3,6.5,1,96.5,Thu,Apr,7,south,variable,1,5,24.05,0
user_93,17.1,23.6,7.7,0,113.6,Sun,Aug,6,north,fixed,2,11,37.22,1
user_283,16.5,65.6,2.3,0,192.4,Fri,Apr,0,west,variable,0,9,17.62,0
user_293,32.5,82.1,6.8,0,158.7,Fri,Dec,3,south,variable,1,8,24.37,0
user_439,23.4,83.6,1.4,0,117.4,Wed,Dec,2,south,green,1,5,10.42,0
user_23,21.6,75.9,2.6,0,128.1,Fri,Mar,7,north,variable,1,9,25.36,0
user_313,31.8,74.3,3.7,0,129.3,Tue,May,3,east,fixed,0,10,19.44,0
user_479,24.8,20.7,6.2,1,154.7,Fri,Oct,1,north,variable,1,5,19.44,0
user_111,13.2,67.5,4.7,0,129.9,Thu,Mar,4,north,variable,1,6,21.68,0
user_309,19.1,28.0,1.0,1,122.1,Thu,Apr,3,east,fixed,0,4,7.4,0
user_103,18.5,67.0,1.8,0,125.0,Thu,Apr,2,east,fixed,0,7,19.55,0
user_341,25.3,63.5,7.9,0,70.5,Mon,Feb,3,west,variable,1,4,18.29,0
user_146,26.1,58.5,4.8,1,133.2,Tue,Sep,4,north,variable,0,8,16.32,0
user_238,25.3,55.3,4.7,0,138.6,Sun,Jun,1,south,variable,0,7,19.18,0
user_282,20.7,54.6,5.7,0,96.2,Tue,Nov,2,north,variable,2,2,20.29,0
user_41,22.1,60.7,2.7,1,103.9,Fri,Aug,4,west,fixed,1,7,17.94,0
user_61,21.4,67.7,1.2,0,93.6,Mon,Jul,6,north,fixed,1,4,25.35,0
user_23,19.1,56.5,2.6,1,94.6,Mon,Jun,1,north,variable,0,4,10.58,0
user_283,20.6,38.9,6.4,0,141.9,Thu,Sep,7,north,variable,0,9,40.3,1
user_143,23.8,61.5,6.1,0,111.5,Sat,Sep,2,south,fixed,0,6,15.29,0
user_20,25.2,89.2,6.9,0,105.3,Fri,May,4,south,green,1,6,28.71,1
user_151,13.9,29.1,1.6,0,164.3,Wed,Dec,5,south,fixed,4,7,23.21,0
user_371,15.4,84.7,4.4,1,79.0,Thu,Feb,2,east,variable,2,6,20.6,0
user_210,21.8,67.4,3.2,0,167.6,Mon,May,7,east,variable,2,9,28.36,1
user_128,25.5,63.2,5.0,1,113.2,Mon,Jul,1,north,green,1,2,5.0,0
user_185,25.4,66.0,3.7,0,172.3,Tue,Jul,1,south,fixed,0,7,21.11,0
user_497,26.0,36.2,3.2,0,133.4,Thu,Nov,5,west,variable,0,5,17.08,0
user_347,24.3,47.1,3.3,0,158.9,Wed,Jun,3,west,fixed,2,6,26.72,1
user_347,13.9,34.9,3.5,0,176.6,Tue,Dec,4,north,variable,1,7,22.07,0
user_233,13.1,62.5,4.9,0,100.9,Mon,Sep,3,west,green,2,6,22.1,0
user_428,19.1,48.8,1.5,0,107.6,Mon,Feb,3,north,green,0,5,19.16,0
user_485,23.3,23.8,2.4,0,172.3,Wed,Apr,7,east,green,2,10,25.45,0
user_19,19.2,63.7,7.3,0,90.3,Mon,Mar,4,south,green,2,3,19.01,0
user_327,30.9,38.0,1.5,0,126.3,Thu,Oct,3,south,green,4,10,29.02,1
user_101,19.5,61.7,6.5,1,101.9,Sat,Mar,0,east,green,1,6,26.51,1
user_311,19.3,77.9,2.7,0,129.4,Mon,Aug,4,north,fixed,0,5,25.39,0
user_206,2.9,63.2,3.4,0,191.7,Thu,Mar,3,south,green,1,6,27.4,1
user_310,29.4,23.2,6.8,0,96.6,Sun,Oct,1,south,variable,0,6,21.35,0
user_269,28.5,80.4,3.5,1,50.0,Fri,Apr,6,south,fixed,3,7,17.45,0
user_344,15.8,85.2,6.5,0,119.9,Sat,Feb,0,south,variable,0,4,16.93,0
user_449,25.1,49.8,2.1,0,130.6,Tue,Jun,0,south,green,1,3,13.34,0
user_310,17.2,75.1,6.6,0,58.5,Tue,May,0,north,variable,0,1,18.16,0
user_371,16.3,76.8,1.7,0,140.1,Wed,Dec,6,east,green,1,9,23.96,0
user_186,23.6,33.8,3.9,0,113.5,Fri,Feb,5,north,green,1,4,22.51,0
user_341,20.4,79.5,6.1,1,118.8,Wed,Jun,3,east,variable,0,10,16.34,0
user_76,27.0,56.9,5.7,1,118.2,Fri,Feb,3,south,green,0,6,15.42,0
user_310,20.5,29.1,3.9,0,92.0,Sun,Jul,7,south,green,1,7,21.03,0
user_485,16.5,29.1,2.6,1,151.1,Sat,Aug,2,east,variable,1,8,10.33,0
user_40,12.6,42.0,7.9,0,119.4,Wed,Oct,3,north,fixed,1,4,41.67,1
user_323,28.0,29.4,8.0,0,166.6,Fri,Jan,2,west,fixed,1,6,22.12,0
user_58,25.9,86.8,3.4,0,125.4,Fri,Jun,1,east,variable,2,6,14.05,0
user_454,31.8,41.6,3.1,0,126.8,Fri,Mar,1,north,fixed,3,8,29.58,1
user_99,33.0,38.0,4.9,0,111.9,Tue,Apr,2,east,fixed,3,4,14.47,0
user_350,13.7,32.1,5.0,1,128.2,Mon,Oct,5,north,variable,1,7,22.07,0
user_292,18.3,32.1,2.0,0,79.4,Tue,Nov,6,south,fixed,1,8,25.53,0
user_65,15.8,32.4,4.8,0,151.7,Fri,Dec,7,west,variable,0,9,37.33,1
user_63,16.7,56.3,7.5,1,147.2,Tue,Aug,5,north,variable,2,9,37.73,1
user_15,17.9,64.5,2.5,0,73.3,Fri,Jul,4,east,fixed,0,7,13.78,0
user_177,20.5,83.0,6.8,0,155.8,Fri,Jan,2,east,variable,1,13,31.69,1
user_62,26.8,76.9,3.0,0,147.9,Fri,Mar,5,north,variable,1,8,33.88,1
user_98,27.8,58.2,7.4,0,80.4,Wed,Oct,3,north,variable,1,6,25.6,0
user_324,24.5,77.8,6.3,0,145.5,Fri,May,3,north,variable,0,4,24.96,0
user_286,25.4,80.6,2.5,1,64.9,Sun,Feb,7,west,fixed,0,5,20.31,0
user_12,10.3,74.6,4.5,1,141.1,Thu,May,5,south,variable,2,7,20.32,0
user_390,23.8,32.2,7.6,0,121.7,Fri,Dec,1,west,variable,2,4,20.25,0
user_397,15.2,82.4,4.1,1,150.6,Fri,Oct,0,west,fixed,0,7,15.73,0
user_43,24.6,89.4,7.7,0,85.9,Thu,Mar,0,east,variable,2,4,26.3,0
user_225,22.5,37.7,4.6,0,87.8,Wed,Jun,6,east,variable,0,7,17.86,0
user_104,22.9,48.5,6.8,0,95.7,Wed,Aug,1,west,green,1,7,25.33,0
user_167,20.0,87.7,5.3,0,157.4,Thu,Jul,4,south,variable,2,8,30.0,1
user_446,21.2,48.6,2.0,0,131.6,Tue,Oct,3,south,fixed,0,6,8.54,0
user_401,25.0,88.0,5.4,1,71.5,Fri,Feb,2,north,fixed,0,5,8.34,0
user_142,21.4,57.2,5.9,1,77.7,Mon,Aug,1,south,fixed,0,1,9.7,0
user_325,15.9,44.9,5.1,0,90.6,Wed,Nov,5,north,variable,0,5,27.99,1
user_168,23.1,77.7,4.0,0,97.3,Wed,Nov,2,south,variable,0,1,10.82,0
user_303,23.9,21.0,3.2,0,104.1,Tue,Jan,6,west,fixed,2,10,26.05,0
user_365,21.3,20.4,1.3,0,134.6,Sat,Oct,3,south,fixed,1,9,20.38,0
user_19,19.7,26.2,6.2,0,132.5,Thu,Feb,7,north,variable,0,9,33.37,1
user_154,26.2,27.7,3.3,0,116.2,Mon,Apr,5,south,variable,0,4,18.46,0
user_369,20.0,36.4,3.7,0,141.7,Sat,May,3,south,fixed,0,6,17.31,0
user_406,20.0,80.4,4.0,0,169.2,Fri,Mar,3,south,variable,1,10,27.92,1
user_278,20.7,61.5,3.3,0,140.2,Wed,Oct,5,south,variable,0,7,18.24,0
user_405,14.7,68.6,2.5,0,104.5,Sun,Apr,1,north,variable,1,3,13.11,0
user_117,19.2,60.6,6.5,1,166.9,Sat,Jul,2,north,variable,1,9,23.06,0
user_358,26.3,37.8,3.5,0,103.5,Thu,Jan,3,east,variable,0,6,16.86,0
user_141,23.8,87.9,5.1,1,117.4,Fri,Jul,0,north,fixed,1,3,10.17,0
user_226,18.7,35.8,7.0,1,139.3,Thu,Aug,4,east,variable,2,6,19.7,0
user_96,26.5,32.6,7.9,1,121.6,Mon,Aug,3,east,variable,0,5,21.56,0
user_192,16.9,26.2,5.2,0,124.2,Tue,Apr,2,south,variable,4,10,26.46,1
user_386,26.9,87.1,2.5,0,84.7,Mon,Aug,7,west,fixed,1,7,19.02,0
user_217,21.1,31.3,4.8,0,140.1,Wed,Feb,7,east,fixed,1,9,33.24,1
user_277,9.8,88.2,4.1,1,108.9,Wed,Apr,3,north,fixed,0,7,20.68,0
user_414,17.6,35.6,4.4,0,112.4,Thu,Aug,5,west,variable,1,6,15.54,0
user_245,15.8,36.2,2.6,1,83.9,Tue,Apr,3,west,green,2,4,10.79,0
user_76,26.1,42.6,4.6,0,190.4,Thu,Dec,4,north,green,0,8,21.82,0
user_16,23.5,59.2,2.0,0,54.6,Thu,Jan,4,north,fixed,0,6,16.73,0
user_8,22.0,59.0,4.7,1,70.4,Tue,Sep,0,north,variable,1,1,5.0,0
user_371,22.2,45.3,5.1,1,93.3,Fri,Dec,2,north,variable,2,4,15.88,0
user_12,19.3,85.8,7.6,0,144.1,Sun,Apr,2,south,green,1,5,26.64,1
user_209,27.8,65.3,1.2,0,110.7,Thu,Oct,6,south,fixed,0,5,16.98,0
user_55,13.1,20.6,2.3,0,139.7,Tue,May,4,north,variable,0,6,27.25,1
user_8,15.7,56.5,5.0,1,187.3,Sun,Sep,2,east,green,1,10,18.27,0
user_92,20.7,81.7,4.0,0,119.2,Wed,Mar,7,east,variable,1,7,29.5,1
user_113,20.5,70.5,4.0,1,105.6,Mon,Mar,6,south,variable,0,6,21.5,0
user_450,22.1,75.0,5.2,0,143.8,Sat,Jan,6,west,green,1,8,29.99,1
user_118,11.0,38.6,4.6,1,165.2,Mon,Jun,4,west,variable,1,7,27.12,1
user_33,23.4,50.9,1.8,0,205.2,Mon,Jul,3,north,fixed,2,8,26.54,1
user_288,15.2,69.3,1.0,0,104.8,Tue,Oct,1,south,fixed,4,7,18.31,0
user_291,21.0,87.2,1.2,0,124.4,Mon,Feb,5,north,variable,4,7,16.35,0
user_318,15.1,34.0,7.1,0,105.9,Fri,May,7,west,variable,1,8,36.29,1
user_361,17.0,31.2,3.5,0,88.8,Thu,Sep,6,east,variable,0,7,24.94,0
user_147,21.6,72.8,7.7,0,146.5,Wed,Jul,7,south,variable,1,7,29.85,1
user_357,16.2,20.8,3.3,0,87.5,Wed,Mar,6,east,fixed,3,11,27.0,1
user_416,26.9,46.1,7.8,0,131.8,Thu,Jun,7,west,variable,2,7,24.36,0
user_290,26.2,51.9,6.3,0,108.2,Mon,Feb,3,north,variable,1,6,24.85,0
user_275,23.6,67.1,3.2,0,144.6,Mon,Sep,4,north,fixed,1,6,23.61,0
user_20,15.7,53.3,6.7,0,57.2,Sat,Oct,6,south,variable,2,3,23.86,0
user_374,18.4,27.6,5.1,0,97.4,Sun,Nov,0,south,variable,1,4,15.55,0
user_196,27.6,85.3,2.0,1,104.8,Sat,May,0,north,fixed,0,7,16.36,0
user_7,18.7,22.5,1.7,1,131.5,Sun,Aug,5,west,fixed,1,6,14.92,0
user_360,16.2,88.6,5.1,0,117.5,Wed,Aug,4,east,fixed,0,6,16.89,0
user_325,15.8,82.6,5.7,0,94.3,Fri,Jul,3,west,variable,0,4,25.21,0
user_11,11.1,74.2,7.2,0,71.8,Mon,Jun,1,south,green,0,5,19.13,0
user_63,19.3,28.6,6.5,0,144.6,Wed,Dec,3,south,fixed,0,8,22.69,0
user_459,19.6,20.6,4.2,1,105.0,Wed,Jan,5,west,green,1,7,13.03,0
user_361,24.0,34.0,6.7,0,150.1,Thu,Jul,0,south,fixed,1,9,20.43,0
user_324,23.4,21.4,5.8,0,100.1,Sat,Oct,1,south,fixed,2,6,17.01,0
user_461,23.6,67.8,3.1,0,117.2,Fri,Oct,6,west,fixed,1,5,21.19,0
user_366,15.3,38.5,2.6,1,182.6,Thu,Aug,7,west,variable,1,10,22.95,0
user_498,27.3,36.0,6.1,1,146.3,Fri,Oct,5,north,green,0,4,19.69,0
user_384,20.0,58.6,5.3,0,123.1,Thu,May,4,south,variable,1,10,25.72,0
user_175,24.3,38.5,2.9,0,148.7,Sat,Feb,4,south,variable,0,5,17.69,0
user_338,26.1,21.3,2.6,0,138.5,Fri,Nov,5,west,green,0,10,15.35,0
user_297,17.5,89.9,3.0,0,154.7,Sat,Apr,7,west,variable,0,10,25.97,0
user_10,29.1,75.0,3.4,0,107.7,Sun,Nov,3,north,fixed,2,6,20.58,0
user_337,13.5,74.3,7.2,0,115.3,Mon,Nov,6,west,variable,2,6,27.17,1
user_149,13.5,87.0,4.9,0,91.5,Sun,Apr,6,south,variable,1,7,33.39,1
user_348,20.0,72.0,3.3,1,148.2,Sun,Jul,4,east,fixed,1,3,15.34,0
user_284,19.6,84.1,1.3,0,127.5,Fri,Feb,1,west,green,0,6,8.73,0
user_206,21.5,53.4,3.5,0,111.5,Sun,Oct,6,north,fixed,1,4,20.12,0
user_353,28.3,47.9,7.3,0,132.7,Mon,May,4,west,variable,0,2,46.52,1
user_72,31.9,52.8,6.2,0,159.8,Sat,Jul,0,north,variable,1,5,19.42,0
user_477,21.8,41.9,1.5,0,139.6,Thu,Jul,0,north,fixed,0,7,12.93,0
user_313,26.7,71.7,3.6,0,170.2,Sat,Sep,2,north,fixed,2,10,28.54,1
user_28,30.2,21.4,5.0,0,176.2,Sat,Jun,4,west,variable,1,8,28.68,1
user_194,25.2,81.9,2.0,0,84.7,Thu,Nov,0,west,green,1,2,5.11,0
user_226,34.6,50.7,5.2,1,82.6,Wed,Dec,7,west,fixed,1,9,25.37,0
user_235,35.3,68.0,1.4,0,73.6,Sun,Dec,4,south,fixed,0,4,17.26,0
user_433,27.4,70.1,6.7,0,146.7,Mon,Jun,5,west,variable,2,7,28.43,1
user_229,21.4,51.5,7.6,0,126.8,Fri,Apr,7,west,fixed,1,7,26.81,1
user_292,19.8,68.9,6.4,0,130.8,Mon,Jul,0,north,variable,1,5,19.96,0
user_290,20.2,35.5,2.5,0,133.4,Sat,Aug,3,south,fixed,3,8,27.61,1
user_469,19.1,35.6,4.5,0,120.6,Tue,Feb,4,west,fixed,0,4,13.59,0
user_453,25.6,78.3,6.1,0,147.8,Sun,Mar,2,west,fixed,1,6,23.66,0
user_161,21.5,41.7,2.6,0,126.9,Thu,Oct,1,north,variable,3,6,23.95,0
user_463,17.2,66.4,6.1,0,129.6,Wed,Jan,5,east,fixed,1,7,26.88,1
user_335,18.7,76.8,4.5,0,122.0,Mon,Sep,6,south,fixed,1,11,26.96,1
user_260,22.8,55.7,3.5,1,148.0,Tue,Mar,5,west,green,2,11,28.06,1
user_106,21.6,58.4,3.6,0,161.0,Wed,Dec,1,south,variable,1,10,26.05,0
user_434,26.5,46.3,5.2,0,110.2,Tue,Mar,5,east,fixed,0,3,19.53,0
user_166,26.0,84.5,5.1,0,86.0,Mon,Apr,0,north,variable,0,5,16.6,0
user_435,14.5,36.2,2.5,1,115.8,Sun,Dec,7,west,fixed,0,7,20.21,0
user_130,18.8,74.3,4.0,0,126.7,Sun,Oct,5,north,variable,1,10,32.86,1
user_10,17.5,76.3,7.5,0,106.3,Sat,Sep,0,west,variable,0,1,15.83,0
user_132,19.2,40.7,2.2,0,154.0,Mon,Feb,6,south,fixed,0,9,20.54,0
user_49,24.0,89.5,7.7,0,86.8,Sun,Apr,7,east,variable,2,7,28.99,1
user_400,17.3,58.6,4.8,1,94.4,Sat,Oct,3,north,fixed,2,6,8.9,0
user_460,28.1,87.9,7.3,1,84.0,Mon,Jan,3,north,variable,2,5,21.01,0
user_357,15.9,24.3,4.7,1,112.4,Tue,Sep,4,west,fixed,0,6,14.87,0
user_393,16.6,86.3,4.3,0,188.3,Mon,May,0,east,fixed,1,3,18.42,0
user_44,29.1,73.5,2.5,0,143.2,Fri,May,0,east,variable,0,6,20.63,0
user_431,20.4,43.2,4.0,0,161.2,Sun,Jan,3,north,green,2,9,22.2,0
user_119,21.5,44.3,1.9,0,148.4,Sat,Jun,7,north,fixed,1,7,22.41,0
user_320,7.0,55.6,7.4,1,128.7,Sat,Nov,3,south,variable,0,9,31.18,1
user_196,18.8,57.9,6.8,0,182.1,Tue,Jan,3,south,fixed,0,8,27.47,1
user_428,21.9,44.0,3.7,0,105.4,Sat,Sep,7,west,fixed,1,8,24.78,0
user_334,34.9,34.8,6.8,0,127.6,Wed,Oct,0,west,fixed,1,5,13.23,0
user_417,21.9,23.9,4.0,1,140.1,Mon,Aug,6,west,green,1,8,19.96,0
user_8,41.5,47.3,7.1,0,96.8,Sat,Aug,5,east,green,0,6,31.95,1
user_56,17.6,27.2,5.7,0,124.5,Thu,Apr,0,east,variable,3,1,10.91,0
user_228,20.6,86.2,1.4,1,120.5,Mon,Mar,0,north,fixed,2,5,13.17,0
user_198,30.2,78.0,2.0,0,108.5,Tue,Oct,6,west,green,0,7,16.55,0
user_121,19.8,25.2,5.0,0,102.4,Sun,Jan,6,north,fixed,2,3,17.26,0
user_267,24.7,33.2,2.5,0,135.9,Mon,Nov,7,east,fixed,3,10,23.85,0
user_485,25.9,43.6,5.1,0,71.7,Sun,Oct,1,east,green,1,3,15.06,0
user_419,20.7,62.9,3.9,0,93.1,Thu,Oct,1,west,fixed,0,5,19.38,0
user_138,14.9,33.2,5.3,0,158.1,Sun,Sep,0,east,fixed,0,4,18.46,0
user_437,17.6,85.6,6.2,0,114.6,Wed,Dec,6,north,fixed,0,9,30.11,1
user_4,22.2,82.6,6.5,0,163.0,Fri,Jun,0,south,variable,1,5,19.74,0
user_213,19.7,23.7,2.6,0,101.8,Fri,Jul,7,west,green,1,7,14.33,0
user_238,25.2,88.6,3.4,0,145.9,Sat,Feb,3,east,variable,0,4,19.08,0
user_5,18.8,33.8,6.1,0,149.9,Wed,Sep,3,east,fixed,0,8,21.78,0
user_426,20.1,62.5,7.6,0,116.9,Wed,Jun,6,west,variable,1,7,24.34,0
user_305,27.3,29.7,1.0,0,122.1,Mon,Jun,5,west,variable,2,8,30.0,1
user_371,24.8,59.1,5.5,0,126.8,Sun,Dec,5,north,variable,3,11,34.0,1
user_214,26.3,62.9,7.3,0,109.9,Wed,Mar,0,east,variable,0,1,21.75,0
user_379,20.8,59.4,5.9,1,125.9,Mon,Apr,0,east,fixed,1,3,16.85,0
user_220,17.9,83.1,3.2,0,173.5,Sun,Nov,0,south,fixed,1,3,18.32,0
user_167,28.4,50.0,3.6,0,50.0,Thu,Jul,1,south,fixed,1,2,17.16,0
user_481,23.7,27.0,2.7,1,124.8,Wed,Apr,2,south,fixed,1,5,5.0,0
user_377,22.7,66.8,4.6,1,139.8,Sat,May,3,east,variable,2,7,19.44,0
user_192,18.4,48.9,1.3,0,90.7,Mon,Apr,6,west,variable,1,6,24.19,0
user_120,19.4,71.7,4.6,0,69.5,Thu,Aug,4,west,variable,1,3,17.29,0
user_202,34.3,22.6,7.7,0,113.5,Sun,Feb,0,north,fixed,2,7,25.64,0
user_153,13.6,74.5,5.7,0,110.7,Mon,Oct,6,east,variable,1,10,29.49,1
user_73,17.3,59.5,7.3,0,100.4,Mon,Feb,1,north,variable,3,6,24.62,0
user_82,22.1,56.0,3.3,1,125.2,Thu,May,2,east,variable,0,6,6.87,0
user_149,27.2,33.2,4.6,1,127.6,Fri,Mar,1,east,variable,2,8,17.17,0
user_133,20.5,52.9,2.1,0,121.3,Sat,Apr,6,east,variable,0,13,27.29,1
user_483,22.6,63.6,7.6,1,100.2,Thu,Jan,2,west,variable,2,8,29.52,1
user_434,17.7,35.5,4.1,1,165.6,Sat,Apr,7,west,green,0,8,21.28,0
user_20,36.6,66.0,5.6,0,153.2,Sun,Jun,4,north,green,1,6,27.81,1
user_8,12.2,48.7,7.2,0,136.7,Thu,Apr,1,east,fixed,0,4,18.14,0
user_209,22.2,26.7,2.5,1,117.8,Sat,Mar,7,north,variable,2,12,23.01,0
user_171,21.8,83.2,4.5,0,96.4,Thu,Mar,7,north,variable,0,5,23.49,0
user_92,22.2,35.1,7.3,0,86.7,Mon,Apr,1,south,variable,2,2,23.66,0
user_39,26.5,59.0,4.8,0,97.6,Mon,Oct,0,east,variable,0,1,11.03,0
user_108,13.0,82.3,7.1,1,149.0,Sun,Jan,7,south,green,0,5,24.78,0
user_392,9.0,40.6,2.2,1,58.6,Fri,Jan,2,south,fixed,0,1,5.0,0
user_61,23.0,88.5,5.4,0,90.5,Sat,Aug,7,north,fixed,2,6,32.7,1
user_206,30.2,70.0,2.5,0,119.7,Mon,Apr,0,north,variable,2,7,14.77,0
user_359,21.4,53.9,1.7,0,121.8,Tue,Mar,6,west,fixed,1,9,18.65,0
user_113,19.2,61.7,6.9,0,160.2,Sat,Apr,6,south,variable,2,9,38.98,1
user_125,22.9,32.7,7.4,0,66.6,Sat,Apr,6,west,green,0,5,29.58,1
user_497,25.7,54.8,7.6,1,69.6,Tue,Nov,5,west,fixed,4,9,28.65,1
user_90,6.0,50.5,6.4,0,132.7,Fri,May,2,north,green,0,8,25.82,0
user_266,16.1,40.5,4.3,1,109.2,Mon,Apr,6,north,variable,3,8,27.03,1
user_347,13.8,71.8,4.2,1,149.0,Sun,Oct,7,east,variable,1,10,20.12,0
user_161,23.6,23.8,1.7,0,90.3,Tue,Sep,4,east,green,0,6,14.91,0
user_418,24.2,20.3,7.2,1,88.9,Sat,Sep,3,north,variable,1,6,23.94,0
user_15,24.9,86.2,3.5,1,177.7,Sun,Apr,7,east,fixed,3,12,19.48,0
user_158,21.4,68.5,7.6,0,91.6,Mon,Feb,3,east,fixed,0,9,27.5,1
user_92,23.3,49.7,7.3,0,167.5,Sat,Jan,3,north,variable,1,6,29.48,1
user_486,15.0,54.4,5.5,1,136.7,Sat,Jun,3,east,fixed,1,9,21.1,0
user_294,28.4,43.3,6.2,0,127.6,Mon,Sep,6,north,variable,2,8,34.0,1
user_260,31.9,50.5,4.4,0,148.2,Thu,Dec,4,south,green,1,5,21.8,0
user_332,28.9,43.4,4.0,0,120.8,Thu,Apr,4,east,variable,1,5,25.17,0
user_323,19.2,20.8,6.8,0,104.2,Mon,Jun,0,east,variable,3,7,17.64,0
user_22,30.3,52.3,4.2,0,112.2,Sat,Nov,6,south,green,0,9,18.51,0
user_485,10.9,56.3,6.3,0,77.7,Sun,Jul,0,west,variable,0,4,17.28,0
user_75,31.4,56.1,1.7,0,119.8,Sun,Jan,7,west,variable,0,7,26.09,0
user_154,28.4,57.1,3.4,0,114.9,Sat,May,6,north,variable,2,7,27.48,1
user_333,23.1,22.9,3.1,0,173.0,Sat,Dec,6,south,fixed,2,11,27.19,1
user_289,28.9,32.5,6.9,0,127.8,Thu,Apr,5,west,fixed,2,8,29.12,1
user_271,21.5,64.1,5.7,0,104.9,Mon,Feb,2,south,fixed,4,9,22.22,0
user_433,40.7,40.7,5.6,1,116.5,Mon,Mar,2,west,fixed,2,4,23.61,0
user_99,23.1,71.9,5.4,0,118.8,Sat,Feb,3,south,variable,0,11,27.51,1
user_288,15.7,58.1,1.1,0,137.0,Sat,Dec,7,west,fixed,0,7,22.63,0
user_135,16.0,60.6,7.3,1,143.6,Thu,Jul,5,north,fixed,2,9,27.98,1
user_308,15.0,43.5,1.7,0,91.7,Tue,Sep,2,north,green,0,3,9.49,0
user_340,11.6,20.4,5.5,1,75.1,Sun,Sep,2,west,variable,0,4,22.46,0
user_350,11.2,24.6,3.0,0,144.5,Tue,Nov,1,north,fixed,1,6,16.86,0
user_500,16.3,42.1,4.9,1,130.3,Wed,Mar,3,west,fixed,2,8,19.21,0
user_310,35.7,26.9,6.1,0,88.2,Thu,Feb,0,north,fixed,3,2,20.91,0
user_13,30.1,46.4,4.1,0,92.6,Mon,Feb,0,west,fixed,2,5,22.07,0
user_362,21.1,81.4,5.5,0,115.8,Sun,Jan,5,south,variable,1,11,29.64,1
user_420,26.2,72.7,1.9,0,157.0,Mon,Oct,3,north,green,1,8,19.57,0
user_2,21.6,31.5,6.1,1,113.4,Fri,Mar,1,north,fixed,2,6,23.31,0
user_251,23.6,24.1,5.3,0,99.9,Wed,Nov,3,south,variable,0,4,23.23,0
user_220,17.1,22.8,4.2,1,149.3,Tue,Dec,2,south,variable,0,4,9.48,0
user_382,17.7,66.8,5.0,0,121.8,Mon,Sep,7,north,variable,0,6,30.47,1
user_89,17.7,31.9,4.9,0,161.3,Sat,Feb,6,north,variable,0,10,29.18,1
user_304,25.4,32.8,7.9,0,75.1,Wed,Aug,2,west,fixed,2,4,27.23,1
user_67,27.1,34.6,7.2,1,95.3,Thu,Sep,0,north,fixed,1,6,22.44,0
user_228,27.3,56.3,2.2,1,159.8,Thu,Mar,4,east,fixed,0,7,16.13,0
user_203,24.6,34.4,6.4,0,95.7,Mon,Jun,6,west,variable,1,9,27.01,1
user_59,24.2,36.9,2.8,0,119.8,Mon,Feb,7,west,variable,0,8,26.08,0
user_441,19.9,22.6,1.7,0,115.3,Sat,Dec,6,west,variable,3,7,18.99,0
user_392,12.9,64.5,5.9,1,167.1,Mon,Jan,4,south,variable,1,11,25.63,0
user_255,34.1,50.3,7.7,0,128.1,Sat,Jan,1,north,fixed,1,5,15.8,0
user_164,16.7,48.7,4.2,1,190.8,Tue,Dec,3,north,fixed,0,8,31.77,1
user_363,17.6,50.4,2.6,0,129.3,Sat,May,1,east,variable,2,8,15.56,0
user_425,22.5,80.9,3.7,1,134.6,Sun,Nov,1,north,fixed,0,7,10.02,0
user_228,14.0,24.4,5.8,1,108.2,Fri,Dec,2,north,variable,1,11,26.87,1
user_469,25.3,56.0,6.3,1,111.1,Sat,Oct,4,west,green,1,4,10.63,0
user_137,24.6,66.2,7.0,0,151.4,Mon,Oct,6,north,green,0,8,32.86,1
user_68,26.3,78.3,7.8,0,142.3,Sun,May,6,west,fixed,1,12,40.52,1
user_289,18.6,20.4,6.9,0,125.4,Mon,Aug,6,north,fixed,2,8,32.39,1
user_327,27.8,55.8,7.7,0,164.5,Tue,Aug,1,north,variable,2,5,24.59,0
user_319,27.1,73.8,3.5,0,169.5,Fri,Oct,4,west,fixed,2,9,23.3,0
user_173,23.3,25.1,4.8,1,168.1,Thu,Sep,5,west,variable,3,7,20.17,0
user_212,18.2,65.8,3.6,1,111.1,Tue,Oct,1,east,variable,0,4,17.02,0
user_74,12.3,52.7,7.8,1,92.1,Fri,Jan,1,east,green,2,4,20.2,0
user_79,22.4,49.5,7.2,0,133.0,Fri,May,5,south,fixed,2,7,27.17,1
user_426,21.2,54.0,4.1,1,167.5,Tue,Jul,4,east,fixed,1,9,39.41,1
user_387,32.2,77.1,1.5,0,88.3,Thu,Mar,6,east,green,2,7,22.52,0
user_411,12.4,88.3,2.8,0,130.3,Thu,Nov,7,east,fixed,0,13,34.1,1
user_324,17.9,28.9,5.5,1,134.3,Mon,Jun,1,east,variable,1,5,22.25,0
user_245,22.1,30.1,3.2,0,131.6,Sat,May,7,east,fixed,2,10,26.64,1
user_58,21.3,21.6,5.4,0,87.9,Thu,Feb,6,south,variable,1,4,18.39,0
user_285,17.4,67.7,5.8,0,103.5,Sun,Aug,7,east,fixed,0,8,30.04,1
user_500,21.3,77.9,6.2,0,120.2,Sat,Feb,6,north,variable,0,8,33.96,1
user_1,25.1,88.5,3.8,0,92.4,Sun,Oct,4,east,variable,0,5,19.7,0
user_62,21.2,86.7,7.8,1,114.7,Tue,Mar,5,west,fixed,1,6,23.56,0
user_102,19.9,60.2,7.3,0,147.3,Sun,Jan,6,north,variable,2,6,31.26,1
user_162,18.9,48.3,2.9,0,145.2,Thu,Nov,5,north,variable,1,8,23.75,0
user_188,22.8,38.6,4.8,0,112.1,Thu,Mar,3,south,fixed,0,4,12.58,0
user_435,14.0,80.7,1.6,1,112.3,Wed,Dec,0,west,variable,2,7,9.89,0
user_384,12.4,44.2,5.0,0,175.6,Sun,Aug,3,north,variable,2,8,32.68,1
user_222,27.3,68.1,2.9,0,71.2,Thu,May,5,east,fixed,2,9,21.72,0
user_118,22.7,22.6,3.3,0,117.8,Wed,Jun,4,north,fixed,3,7,24.44,0
user_296,21.6,84.2,2.8,0,137.0,Sun,Oct,4,south,variable,3,7,23.52,0
user_189,16.7,39.0,2.8,0,117.9,Sat,Aug,1,south,fixed,2,7,22.76,0
user_109,21.0,82.2,7.6,0,121.3,Tue,May,6,north,fixed,1,6,32.24,1
user_101,26.7,69.1,4.9,1,76.9,Sat,Feb,6,north,variable,0,5,19.56,0
user_473,19.9,53.0,1.9,0,62.8,Tue,Jul,6,east,variable,0,6,17.88,0
user_283,19.7,81.1,2.1,1,80.4,Fri,Mar,1,east,variable,0,2,5.0,0
user_282,5.0,85.7,1.8,1,112.9,Wed,Dec,4,west,fixed,0,6,26.37,0
user_15,22.3,34.8,1.9,0,140.9,Wed,May,5,north,variable,2,10,17.52,0
user_231,29.6,75.8,1.4,1,152.1,Mon,Jun,4,north,variable,0,7,16.51,0
user_459,29.2,25.9,3.1,0,92.1,Sat,Dec,4,north,variable,4,9,27.9,1
user_465,24.1,33.2,1.1,1,71.9,Thu,Dec,3,west,fixed,2,5,15.35,0
user_75,20.8,57.2,5.3,1,101.6,Fri,Sep,0,south,variable,0,1,14.01,0
user_492,27.9,75.3,1.8,0,117.1,Mon,Oct,1,north,fixed,2,5,12.88,0
user_233,23.8,72.0,3.7,0,103.5,Mon,Jun,5,south,variable,1,2,11.78,0
user_31,22.2,30.4,5.4,0,168.9,Wed,Nov,0,north,variable,0,7,17.0,0
user_164,26.2,76.4,1.7,0,135.7,Sun,Sep,5,north,green,0,11,24.36,0
user_264,36.6,36.6,2.0,0,110.2,Sat,Nov,2,north,fixed,1,4,26.44,1
user_390,19.9,74.0,2.5,1,63.1,Sun,Dec,2,south,variable,1,5,12.94,0
user_465,22.8,39.3,5.6,0,136.4,Thu,Mar,2,south,variable,0,4,20.4,0
user_136,11.5,75.0,4.9,1,155.9,Fri,Jun,6,east,green,0,7,19.64,0
user_457,25.7,33.7,5.8,1,132.1,Sun,Jan,7,west,variable,0,9,28.89,1
user_190,12.7,68.9,7.1,0,141.2,Thu,Mar,5,north,fixed,0,12,39.85,1
user_349,20.0,41.9,3.4,0,129.2,Sun,Apr,6,south,variable,1,8,26.4,0
user_398,16.8,53.0,2.7,0,151.3,Wed,Dec,7,north,variable,0,13,32.49,1
user_82,24.0,43.8,1.6,1,137.6,Tue,Jun,2,east,variable,1,2,5.96,0
user_371,21.0,84.7,6.0,0,144.5,Tue,Feb,1,north,variable,1,5,20.51,0
user_487,26.4,58.0,6.8,1,157.0,Mon,Jan,0,west,variable,0,6,10.05,0
user_2,22.5,83.3,3.9,1,160.8,Sat,Jun,5,south,fixed,0,10,28.45,1
user_356,21.3,37.6,7.1,0,180.1,Sat,Nov,1,west,fixed,1,10,16.02,0
user_410,26.1,31.2,6.7,0,161.1,Sat,Feb,5,south,fixed,1,7,27.69,1
user_342,17.1,29.7,8.0,1,108.8,Fri,Jun,7,south,variable,1,6,26.23,0
user_478,22.3,57.6,4.3,1,155.5,Wed,Jun,5,east,variable,3,6,13.86,0
user_346,30.0,54.8,1.8,1,107.6,Sat,May,0,south,fixed,0,4,5.0,0
user_28,26.0,47.0,3.8,1,127.0,Sun,Nov,7,north,variable,2,10,29.8,1
user_181,22.6,62.9,6.1,1,123.0,Fri,Jan,3,north,fixed,1,8,21.72,0
user_386,20.6,61.9,6.1,0,181.8,Sun,Nov,2,west,variable,2,10,27.02,1
user_175,21.4,49.4,7.1,1,130.8,Mon,May,3,west,fixed,0,6,21.59,0
user_147,18.8,68.7,7.2,0,128.2,Mon,May,1,west,fixed,1,5,25.36,0
user_408,16.6,26.4,3.8,1,162.5,Thu,Jul,6,west,variable,1,7,25.6,0
user_146,20.7,54.9,5.1,0,107.2,Sat,Jul,3,west,green,0,6,20.16,0
user_259,25.7,81.2,3.6,0,100.1,Fri,Sep,2,west,variable,3,5,16.73,0
user_115,28.1,23.2,1.8,0,112.9,Tue,Dec,3,west,fixed,2,7,15.53,0
user_499,16.5,61.0,7.7,0,128.1,Wed,Apr,5,west,green,2,7,30.41,1
user_359,13.7,78.2,4.6,0,174.1,Wed,Dec,2,north,variable,0,8,35.62,1
user_475,12.7,60.0,1.1,1,78.9,Sun,Jan,4,south,fixed,2,6,10.89,0
user_492,21.7,27.9,1.6,0,139.3,Mon,Apr,4,east,variable,2,6,22.96,0
user_435,17.6,89.7,4.3,0,170.0,Thu,Nov,3,south,variable,0,11,33.53,1
user_7,19.6,46.8,6.3,1,107.3,Thu,Aug,6,south,fixed,0,6,21.02,0
user_270,20.1,81.3,7.5,0,126.8,Fri,Nov,2,west,fixed,3,5,25.64,0
user_399,22.5,62.4,3.2,0,116.2,Mon,Jul,1,west,fixed,0,2,15.99,0
user_408,12.6,58.3,4.6,0,105.4,Tue,Dec,5,east,green,0,4,21.72,0
user_314,17.4,71.5,1.2,0,134.2,Mon,Aug,4,east,variable,0,4,15.51,0
user_108,26.2,25.4,3.9,0,122.0,Tue,Mar,2,north,variable,3,8,18.73,0
user_41,17.8,29.9,7.9,1,78.5,Sun,Aug,1,east,fixed,1,2,9.45,0
user_316,18.9,53.1,6.4,0,93.1,Mon,Jun,6,west,fixed,0,4,22.92,0
user_134,24.4,82.8,1.7,0,106.9,Wed,Apr,2,south,fixed,1,4,12.42,0
user_376,13.5,81.1,3.6,0,117.8,Wed,May,7,east,variable,1,11,31.07,1
user_154,28.5,22.3,2.5,1,137.9,Thu,Feb,5,south,green,3,8,5.0,0
user_160,17.7,32.3,3.0,0,100.0,Thu,May,7,north,green,1,10,28.02,1
user_221,12.9,73.6,4.5,1,118.7,Mon,Jan,2,north,green,1,6,17.93,0
user_148,25.3,31.1,6.7,1,165.9,Wed,Jul,6,north,variable,1,8,28.05,1
user_120,25.9,75.5,4.3,0,146.0,Mon,Oct,6,north,variable,2,7,32.55,1
user_142,22.8,79.7,5.5,0,108.4,Mon,Jun,7,west,fixed,0,5,22.31,0
user_426,26.9,66.3,3.1,1,132.3,Mon,Jun,1,west,fixed,1,5,16.44,0
user_277,17.1,80.5,1.7,0,62.0,Tue,Mar,7,south,fixed,0,6,17.95,0
user_342,17.0,48.1,3.1,0,89.4,Wed,Dec,7,south,green,0,5,19.74,0
user_325,24.6,79.3,2.7,0,98.6,Mon,Dec,7,east,fixed,1,9,28.53,1
user_407,19.3,56.9,5.2,0,85.0,Thu,Jul,7,east,green,2,10,25.33,0
user_150,22.5,29.9,6.5,0,131.9,Sat,Aug,1,west,variable,2,5,30.04,1
user_246,19.6,40.0,1.1,0,84.3,Wed,May,3,south,fixed,1,8,12.01,0
user_446,15.3,47.6,4.3,0,129.1,Sun,Aug,7,west,variable,2,11,26.05,0
user_119,30.9,84.2,7.3,0,126.1,Tue,Oct,3,south,fixed,0,8,29.11,1
user_450,28.7,76.1,1.2,0,135.0,Mon,Apr,7,east,fixed,1,8,21.81,0
user_142,38.7,60.7,1.8,1,105.3,Thu,Sep,4,east,variable,0,7,19.45,0
user_164,16.4,88.3,2.0,0,133.5,Fri,Mar,1,east,green,1,6,9.49,0
user_325,27.1,81.5,1.3,0,142.4,Sun,Mar,2,west,green,0,5,20.1,0
user_283,18.3,88.2,8.0,0,135.0,Sun,Dec,1,west,green,2,7,26.1,0
user_435,22.6,89.3,3.8,0,131.3,Sun,Oct,4,north,variable,1,7,18.87,0
user_62,28.6,62.1,6.5,1,133.8,Fri,Feb,1,south,fixed,0,4,14.65,0
user_214,18.2,50.5,1.6,1,58.0,Sun,Oct,3,south,green,0,2,6.01,0
user_132,35.6,26.2,5.1,1,137.2,Sun,Jun,7,west,fixed,1,10,27.74,1
user_289,28.5,79.1,4.2,0,142.9,Sun,Apr,4,east,green,0,8,21.89,0
user_229,35.9,42.1,1.7,0,143.5,Fri,Jul,6,north,fixed,1,11,24.56,0
user_141,18.8,58.5,4.7,0,139.2,Wed,Jun,6,north,variable,2,9,23.97,0
user_208,18.6,43.5,5.9,0,179.4,Wed,Apr,3,east,green,0,11,25.31,0
user_427,13.6,37.2,6.9,0,91.4,Tue,Sep,7,east,fixed,0,4,25.65,0
user_156,20.6,45.1,1.2,0,134.3,Sat,May,7,north,variable,0,10,32.59,1
user_461,19.2,46.0,3.6,0,91.5,Thu,Jan,4,north,variable,1,5,18.29,0
user_168,22.7,85.7,3.7,0,171.3,Sun,Apr,0,south,variable,1,6,14.5,0
user_443,20.6,40.5,4.2,0,111.9,Tue,Jun,6,north,green,1,11,24.43,0
user_35,20.9,43.7,2.3,0,123.9,Fri,Jan,5,east,variable,0,6,26.5,1
user_393,20.9,71.4,7.4,0,165.1,Wed,Jul,1,west,variable,1,5,25.63,0
user_483,20.3,86.3,7.0,1,145.3,Sun,Feb,0,south,fixed,3,9,24.11,0
user_222,28.0,23.1,4.0,1,125.1,Tue,Apr,1,north,variable,2,7,16.05,0
user_84,32.0,46.1,1.1,0,120.4,Fri,Dec,4,east,variable,2,7,23.55,0
user_187,19.5,62.1,7.0,0,141.8,Mon,Dec,4,south,green,2,4,19.6,0
user_136,24.4,55.2,4.6,0,90.1,Tue,Mar,1,east,variable,3,7,15.12,0
user_208,15.5,86.3,5.2,0,88.7,Fri,Feb,5,south,variable,1,2,17.69,0
user_139,23.4,58.3,3.7,0,107.6,Mon,Dec,7,south,green,1,11,19.86,0
user_412,25.0,29.9,7.8,0,138.2,Sat,May,2,west,variable,3,3,30.43,1
user_226,15.6,88.2,6.6,1,116.3,Sat,Jun,4,east,green,2,8,18.66,0
user_220,29.5,40.1,7.2,0,148.4,Fri,Oct,4,west,fixed,4,5,29.94,1
user_414,12.4,72.9,7.8,0,135.6,Wed,Dec,3,west,fixed,0,7,28.28,1
user_364,20.0,33.5,1.6,1,123.3,Tue,May,1,east,fixed,1,7,9.07,0
user_477,28.8,37.4,5.5,0,81.9,Thu,Sep,4,north,fixed,1,6,19.55,0
user_35,18.4,62.9,5.2,1,82.8,Mon,Jun,0,east,variable,0,7,9.12,0
user_439,14.9,38.0,6.2,1,91.7,Mon,Jun,1,east,variable,2,5,24.66,0
user_324,27.3,88.0,1.4,0,131.6,Fri,Jan,3,west,variable,1,6,17.14,0
user_202,29.0,40.3,2.0,0,136.6,Mon,Aug,7,north,variable,1,9,28.35,1
user_493,18.9,78.6,3.3,0,50.9,Tue,Feb,4,south,variable,1,6,20.67,0
user_201,28.7,56.7,3.2,0,85.7,Fri,Oct,0,south,green,1,4,8.09,0
user_152,21.2,67.5,2.1,1,77.9,Sat,Nov,5,east,variable,3,10,15.95,0
user_420,25.3,25.7,4.0,1,163.6,Tue,Sep,5,north,variable,0,10,27.46,1
user_354,30.8,87.1,7.4,0,114.0,Mon,Aug,3,west,fixed,0,2,19.43,0
user_92,23.9,61.1,3.2,1,69.4,Fri,Apr,5,east,fixed,2,8,10.06,0
user_376,29.6,67.2,5.6,1,96.3,Tue,Jul,5,south,fixed,3,7,18.24,0
user_204,20.5,53.1,1.7,0,111.9,Mon,Dec,2,east,fixed,2,5,24.2,0
user_259,17.6,87.0,2.5,0,114.0,Tue,Dec,1,east,variable,2,4,6.04,0
user_185,23.6,60.0,3.2,1,124.7,Sat,May,5,north,variable,1,7,17.32,0
user_474,17.4,74.9,4.8,0,109.3,Tue,Dec,4,south,variable,1,4,25.04,0
user_51,16.3,55.3,2.0,0,88.1,Wed,Oct,0,south,variable,4,2,9.73,0
user_155,21.4,86.0,3.1,0,104.3,Mon,Jul,6,west,variable,1,7,25.41,0
user_49,23.2,47.1,5.9,1,122.7,Mon,Dec,0,east,green,1,7,11.68,0
user_188,18.2,30.5,1.1,1,77.6,Thu,Sep,3,east,green,1,7,8.26,0
user_424,23.1,84.9,6.1,0,170.0,Sun,Aug,6,east,variable,1,8,35.64,1
user_297,17.0,70.0,4.6,0,85.1,Wed,Jan,1,east,variable,2,5,14.9,0
user_358,20.8,67.4,6.9,1,62.7,Fri,Oct,5,north,green,2,4,21.16,0
user_36,17.9,88.2,1.2,1,150.4,Thu,Aug,4,east,green,2,10,16.85,0
user_497,23.2,52.5,1.3,1,90.7,Fri,Oct,5,west,variable,3,3,9.36,0
user_451,26.4,29.7,4.9,1,169.5,Tue,Feb,0,east,fixed,0,6,13.68,0
user_476,23.7,65.2,2.3,0,125.9,Tue,Mar,7,west,variable,3,5,22.17,0
user_137,17.7,22.5,7.0,0,86.0,Sat,Dec,4,south,variable,1,4,27.03,1
user_493,24.4,74.9,2.1,0,162.9,Fri,Aug,0,west,fixed,1,7,15.29,0
user_497,28.4,45.8,5.5,0,156.2,Tue,Jul,1,west,fixed,2,8,23.74,0
user_22,24.8,27.7,6.0,1,124.8,Mon,Oct,4,east,variable,0,2,10.96,0
user_178,18.6,54.2,5.6,1,125.9,Sun,Dec,1,west,variable,0,2,17.97,0
user_51,17.0,56.7,1.8,1,98.6,Sun,Oct,2,north,fixed,2,6,13.67,0
user_381,11.4,73.5,3.4,0,92.7,Wed,Feb,7,south,variable,0,5,20.59,0
user_142,15.1,81.1,6.6,0,109.8,Mon,Jul,6,north,fixed,1,10,39.56,1
user_87,16.5,59.0,3.7,0,135.4,Thu,Aug,3,east,green,0,8,28.48,1
user_13,15.0,75.9,2.8,0,122.4,Thu,Aug,2,east,variable,1,2,18.1,0
user_390,14.6,22.2,1.5,1,122.9,Thu,Aug,1,west,fixed,1,6,7.42,0
user_465,16.6,76.2,5.0,0,112.8,Fri,Nov,7,south,fixed,1,8,26.95,1
user_109,20.5,63.1,5.2,1,133.2,Sun,Mar,7,north,variable,1,5,19.72,0
user_318,18.5,63.8,2.1,0,160.4,Mon,Jul,0,south,fixed,0,7,20.46,0
user_285,25.9,28.0,5.4,0,106.3,Sat,Aug,7,north,fixed,1,7,26.16,0
user_399,18.8,26.1,5.4,1,133.0,Thu,Dec,3,west,variable,2,8,24.97,0
user_317,19.5,85.1,6.1,0,101.7,Wed,Mar,7,east,variable,0,11,30.34,1
user_463,22.7,77.6,6.3,1,149.7,Mon,Feb,1,south,variable,2,5,21.8,0
user_191,38.9,76.8,7.9,1,71.6,Fri,Dec,7,west,variable,2,10,31.28,1
user_152,18.5,82.3,1.7,0,154.8,Tue,Feb,7,south,fixed,1,8,20.37,0
user_445,24.3,76.4,1.9,0,136.5,Sun,Feb,5,north,fixed,0,9,30.45,1
user_447,23.2,46.1,7.5,0,96.9,Thu,Oct,6,south,variable,1,11,36.37,1
user_460,15.4,59.2,5.8,1,131.6,Wed,Mar,4,west,fixed,0,7,15.44,0
user_274,27.1,75.9,3.9,0,115.1,Fri,Dec,3,west,variable,4,6,24.88,0
user_230,23.6,73.3,7.6,1,184.0,Mon,Mar,5,east,fixed,1,8,23.0,0
user_338,24.7,49.2,4.3,0,81.9,Mon,Aug,1,north,fixed,2,1,23.0,0
user_29,28.8,29.4,1.8,0,133.0,Sat,Dec,6,north,variable,0,10,34.04,1
user_377,21.6,61.4,4.3,1,112.4,Mon,Jul,7,east,fixed,2,11,25.65,0
user_189,22.4,51.1,7.5,0,142.4,Thu,Jan,6,north,fixed,4,14,41.69,1
user_459,4.6,76.7,7.1,0,85.9,Mon,Feb,3,north,fixed,1,5,29.44,1
user_126,20.6,36.5,2.1,0,74.8,Wed,Nov,1,west,variable,0,2,14.62,0
user_75,32.5,27.7,4.5,0,78.6,Wed,Aug,7,west,green,0,6,13.73,0
user_139,20.9,52.1,2.0,0,79.0,Thu,Aug,3,north,variable,1,4,14.27,0
user_220,33.9,56.2,3.9,0,130.1,Wed,Jun,6,south,variable,0,7,24.6,0
user_351,23.0,27.6,7.6,0,147.4,Sun,Jul,0,north,variable,0,8,21.16,0
user_349,20.4,25.9,4.3,0,98.0,Sun,Jul,2,north,green,1,5,16.37,0
user_29,19.1,24.5,3.5,0,90.8,Fri,Oct,3,east,variable,0,5,17.11,0
user_168,22.1,44.3,5.2,0,123.1,Wed,Aug,3,south,fixed,0,6,20.05,0
user_427,22.3,67.5,7.9,1,115.1,Sun,Jul,7,east,green,3,8,30.05,1
user_259,22.9,88.4,1.4,0,93.9,Wed,Jan,7,east,variable,0,7,22.82,0
user_448,29.2,62.2,4.4,0,84.7,Mon,Feb,4,south,variable,1,7,17.14,0
user_208,30.0,28.6,6.7,0,124.4,Sat,May,2,west,variable,1,8,34.56,1
user_401,15.3,25.7,4.5,0,103.0,Mon,Dec,7,north,variable,3,11,26.43,1
user_435,16.8,71.9,3.3,1,110.8,Sat,Jun,4,south,fixed,0,8,19.43,0
user_220,16.2,85.5,4.3,0,122.3,Sat,Nov,1,north,variable,0,4,16.88,0
user_122,14.1,22.7,1.3,0,112.8,Fri,Sep,0,west,fixed,2,4,14.06,0
user_289,25.3,36.0,6.8,0,69.6,Wed,Dec,2,north,fixed,1,2,21.91,0
user_321,36.2,58.5,3.6,0,165.3,Tue,Nov,7,east,fixed,1,7,21.22,0
user_86,24.5,51.7,6.6,1,88.9,Wed,Jan,5,north,variable,1,2,18.88,0
user_236,32.2,36.4,1.9,0,106.2,Tue,Jan,3,south,fixed,1,5,16.14,0
user_113,27.8,71.6,2.7,0,120.4,Sun,Nov,2,east,fixed,1,7,20.76,0
user_78,32.2,30.9,4.3,0,104.8,Sat,Jul,0,north,variable,0,1,22.01,0
user_73,27.1,41.6,3.3,1,149.5,Thu,Oct,2,east,variable,1,9,21.95,0
user_409,12.9,36.6,2.0,0,157.1,Fri,Nov,3,south,variable,0,7,20.48,0
user_394,24.0,30.1,4.2,1,87.8,Wed,Nov,4,west,fixed,0,5,16.18,0
user_172,21.4,86.7,2.6,0,114.8,Thu,Jul,5,east,variable,1,5,26.08,0
user_147,17.1,52.9,3.1,1,140.9,Sun,May,0,north,variable,1,7,13.98,0
user_75,28.3,28.7,6.3,1,123.6,Thu,Feb,2,west,green,1,8,16.31,0
user_430,26.1,79.1,5.3,0,107.0,Tue,Apr,1,west,variable,2,6,17.47,0
user_343,19.7,20.1,4.0,0,107.6,Sat,Jul,2,south,variable,0,4,16.6,0
user_92,33.2,51.4,7.2,0,147.1,Thu,Feb,3,north,variable,0,8,33.59,1
user_464,14.1,47.8,7.3,1,124.9,Sun,Sep,2,west,fixed,0,7,22.0,0
user_432,15.6,20.3,3.5,0,149.4,Sat,Mar,3,west,green,0,4,15.11,0
user_140,24.3,87.0,5.3,0,108.1,Tue,Dec,5,west,variable,0,4,23.72,0
user_161,21.9,57.7,7.9,0,121.0,Sat,Jul,4,north,fixed,1,2,29.67,1
user_231,33.4,82.7,4.3,1,122.7,Sat,Apr,5,south,fixed,0,8,16.64,0
user_330,21.5,65.8,4.4,0,156.9,Sat,May,6,east,fixed,0,6,27.71,1
user_380,30.7,37.3,6.8,0,151.6,Wed,Mar,6,north,fixed,1,11,35.63,1
user_491,15.3,34.5,7.0,0,203.5,Wed,Aug,1,west,fixed,0,11,23.01,0
user_446,21.2,79.7,3.5,1,128.2,Tue,Feb,7,east,green,0,10,15.87,0
user_295,29.2,50.1,1.7,1,124.2,Wed,Jan,2,west,green,1,6,5.0,0
user_356,18.8,77.6,5.5,0,127.9,Thu,Oct,6,north,variable,1,9,30.04,1
user_41,31.5,74.2,4.6,1,93.6,Sun,Sep,1,north,fixed,1,5,18.05,0
user_394,23.5,65.7,2.6,0,159.8,Thu,Mar,1,west,fixed,0,5,9.02,0
user_266,16.5,33.6,3.4,1,157.7,Mon,Feb,5,west,green,0,7,14.78,0
user_84,24.2,27.0,7.9,0,103.6,Mon,May,4,south,variable,1,4,26.4,0
user_357,13.0,53.3,6.6,0,90.0,Mon,Oct,3,south,green,2,3,26.03,0
user_265,23.4,40.3,1.6,0,171.5,Mon,Apr,0,west,fixed,1,5,11.8,0
user_95,16.2,33.1,3.3,0,119.8,Sun,Oct,0,north,fixed,1,6,18.27,0
user_416,27.3,68.1,7.1,1,125.0,Fri,Sep,1,south,green,1,5,10.04,0
user_7,20.3,67.0,2.4,0,161.1,Sat,Jan,6,west,variable,1,7,19.81,0
user_182,16.5,79.4,6.7,0,72.8,Tue,Feb,5,north,variable,2,6,21.04,0
user_228,23.9,88.1,7.5,0,72.5,Fri,May,3,east,variable,0,6,28.91,1
user_332,24.8,43.0,1.9,0,97.6,Thu,Jun,6,north,fixed,0,7,26.1,0
user_172,34.1,74.9,5.2,1,90.2,Mon,Nov,2,north,green,0,1,14.05,0
user_405,25.6,34.6,8.0,1,89.4,Thu,Jul,7,north,green,1,10,29.23,1
user_233,20.0,59.0,4.3,0,99.6,Tue,Mar,2,east,fixed,1,4,15.29,0
user_47,28.4,45.8,6.0,0,144.9,Sun,Mar,3,east,variable,1,7,28.21,1
user_64,28.8,48.8,7.5,0,87.9,Thu,Nov,3,west,green,1,4,21.23,0
user_283,18.0,69.2,7.8,0,117.3,Thu,Jun,6,south,variable,2,9,31.96,1
user_117,18.5,73.1,7.0,0,159.2,Sat,Jul,0,west,fixed,0,7,28.33,1
user_37,11.7,62.9,6.8,0,79.0,Fri,Oct,6,west,fixed,0,5,26.3,0
user_105,31.6,63.2,7.2,0,140.2,Tue,Apr,2,west,fixed,0,5,22.49,0
user_342,25.3,31.0,4.9,0,104.0,Sat,Oct,2,west,fixed,0,2,16.88,0
user_281,16.0,76.1,4.5,0,59.3,Wed,Feb,2,south,fixed,1,4,11.37,0
user_400,26.3,54.2,5.7,0,93.7,Thu,Feb,7,east,green,4,10,34.84,1
user_147,24.8,86.1,6.5,0,207.9,Tue,Jan,7,west,fixed,1,8,34.38,1
user_147,19.2,44.0,7.8,0,52.2,Tue,May,2,south,green,1,2,13.23,0
user_357,24.2,48.8,1.5,0,174.4,Wed,Apr,6,west,variable,1,9,21.85,0
user_328,18.3,80.1,1.5,1,65.8,Fri,Nov,4,east,green,1,4,12.35,0
user_150,28.8,73.4,7.4,0,144.9,Mon,Aug,1,west,variable,1,7,21.45,0
user_236,27.0,37.2,4.7,0,102.9,Mon,May,5,east,fixed,1,8,20.36,0
user_9,24.5,28.1,4.8,1,105.6,Tue,Jan,4,north,variable,2,7,19.99,0
user_211,21.1,79.5,4.6,0,90.5,Mon,Sep,4,south,variable,2,3,17.01,0
user_65,24.7,82.3,4.2,0,91.6,Sun,Jul,3,west,green,2,4,17.95,0
user_37,20.3,31.2,6.5,0,125.2,Mon,Aug,2,south,fixed,0,5,25.09,0
user_418,27.4,58.1,3.6,1,84.8,Wed,Apr,7,east,green,1,6,15.18,0
user_345,26.5,41.7,6.2,0,50.0,Tue,Mar,2,east,green,1,5,17.37,0
user_293,14.6,84.2,8.0,0,122.2,Tue,Jun,1,east,fixed,0,3,22.77,0
user_171,26.7,61.6,7.5,0,110.1,Tue,Aug,6,east,green,1,5,25.65,0
user_143,21.2,60.5,1.1,0,130.6,Fri,Jan,4,west,fixed,0,8,17.89,0
user_109,21.6,60.4,3.1,0,95.1,Wed,Nov,5,south,variable,0,6,19.82,0
user_441,31.2,82.5,7.6,0,91.4,Tue,Nov,7,north,variable,2,11,39.03,1
user_442,19.9,86.8,4.4,1,112.2,Sat,May,7,north,variable,2,8,22.86,0
user_347,10.8,65.1,5.0,0,81.0,Mon,Feb,0,west,variable,0,1,14.51,0
user_341,13.1,34.8,6.0,1,130.4,Wed,Sep,0,west,green,3,5,11.51,0
user_118,31.8,88.3,4.5,1,144.4,Fri,Sep,5,east,variable,3,9,32.38,1
user_134,10.2,37.1,1.2,0,151.8,Mon,Nov,1,north,variable,1,6,22.87,0
user_166,28.9,57.1,6.0,0,91.8,Sun,May,6,south,fixed,1,11,35.12,1
user_15,16.7,30.8,3.2,0,83.1,Thu,Aug,2,west,green,1,4,13.82,0
user_432,19.8,81.4,7.8,0,130.2,Wed,Aug,0,north,variable,0,6,24.38,0
user_7,26.7,89.2,2.3,0,111.1,Thu,Jul,2,east,variable,1,6,17.88,0
user_334,27.8,20.3,7.2,0,132.3,Fri,Jan,2,west,fixed,0,5,19.69,0
user_424,27.7,44.6,5.2,0,110.1,Thu,Apr,2,south,variable,1,6,16.03,0
user_166,24.5,64.0,5.4,0,56.2,Sat,Apr,5,south,variable,0,1,22.42,0
user_421,11.6,70.7,5.6,0,115.8,Mon,Sep,5,north,fixed,0,6,29.94,1
user_48,21.9,72.6,6.7,1,134.3,Wed,Jun,5,west,variable,0,9,26.42,1
user_335,24.7,22.2,2.8,1,161.3,Sun,Dec,3,east,green,1,5,8.54,0
user_466,14.7,25.1,2.6,1,111.5,Sun,Jun,5,west,fixed,0,5,17.05,0
user_333,27.7,69.2,4.4,0,98.2,Mon,May,1,north,variable,0,6,13.66,0
user_201,21.4,78.3,6.0,0,110.7,Fri,Dec,0,west,green,2,4,24.38,0
user_431,25.3,55.6,4.1,0,119.4,Mon,Nov,5,west,variable,0,7,25.67,0
user_403,16.0,59.9,5.0,0,127.3,Tue,Aug,5,south,fixed,2,11,28.28,1
user_320,11.9,25.9,5.5,0,98.6,Sun,Apr,3,west,fixed,2,10,29.0,1
user_23,10.2,23.6,7.0,0,120.7,Wed,Oct,4,north,variable,0,10,34.02,1
user_46,13.7,53.8,4.9,0,157.4,Sun,Oct,4,east,fixed,1,5,27.92,1
user_216,25.0,38.8,6.1,1,124.7,Wed,Apr,7,west,fixed,1,8,26.74,1
user_292,12.8,41.1,7.4,0,128.0,Thu,Jan,3,south,variable,2,6,28.9,1
user_68,27.4,22.6,6.4,0,152.5,Tue,Mar,6,north,fixed,2,10,29.0,1
user_122,27.5,48.2,5.5,1,156.5,Fri,Sep,3,west,variable,0,8,20.49,0
user_328,20.1,30.7,3.8,0,111.7,Tue,Dec,7,south,green,2,14,34.94,1
user_401,19.8,69.4,4.9,0,78.7,Tue,Dec,7,south,variable,2,7,27.43,1
user_108,23.8,66.3,2.9,1,90.3,Tue,Mar,0,south,green,1,2,5.0,0
user_402,29.9,81.9,6.0,0,88.6,Thu,Apr,7,west,fixed,1,7,27.02,1
user_462,14.4,76.4,5.3,0,166.6,Fri,May,6,south,fixed,0,8,30.83,1
user_454,22.4,69.6,1.9,0,93.0,Mon,Nov,0,west,variable,1,6,14.9,0
user_195,13.4,34.0,5.5,1,121.2,Tue,Feb,4,west,variable,2,3,18.69,0
user_384,31.2,44.6,2.7,0,108.0,Sun,Jan,6,north,fixed,0,8,25.93,0
user_404,21.6,86.0,7.2,1,103.8,Tue,Dec,7,east,fixed,0,7,18.31,0
user_133,21.1,86.5,1.4,0,108.2,Tue,Feb,2,north,variable,0,5,19.71,0
user_157,15.9,37.8,1.1,0,94.2,Sat,Sep,5,south,variable,1,5,20.24,0
user_53,18.7,64.6,2.8,0,109.8,Mon,Jan,2,south,fixed,0,5,12.0,0
user_188,25.3,35.3,3.3,1,133.4,Tue,Nov,0,north,fixed,0,4,5.0,0
user_141,26.4,68.3,5.4,1,108.4,Sun,Aug,7,west,fixed,1,10,47.64,1
user_50,18.6,72.5,2.8,0,106.1,Sat,Feb,6,south,fixed,0,5,18.78,0
user_31,15.3,24.3,4.3,0,160.9,Sat,Apr,5,east,green,2,9,24.17,0
user_400,13.7,53.3,3.4,0,116.1,Sat,Oct,2,east,green,0,7,20.56,0
user_78,33.0,49.2,1.9,0,147.1,Sat,Apr,4,east,variable,1,7,15.84,0
user_398,24.0,67.6,2.0,0,118.3,Tue,Aug,2,south,variable,0,4,9.57,0
user_42,23.6,46.4,4.8,0,109.7,Mon,Jun,6,south,fixed,1,5,28.42,1
user_190,25.9,87.3,7.7,0,149.6,Wed,Jul,5,east,fixed,0,5,29.65,1
user_396,28.3,23.1,2.9,1,107.7,Sun,Dec,5,north,fixed,1,8,14.38,0
user_251,16.9,75.3,4.3,0,91.8,Fri,Apr,7,north,variable,0,9,29.12,1
user_34,30.1,37.0,3.1,0,115.1,Mon,Aug,4,west,variable,1,6,24.26,0
user_134,16.3,65.1,6.8,1,106.2,Fri,Feb,0,west,green,2,2,17.59,0
user_56,21.7,57.3,6.7,0,89.9,Wed,Jul,2,north,green,1,4,10.13,0
user_172,11.3,87.2,4.5,1,85.6,Sun,Sep,2,west,fixed,2,5,28.18,1
user_412,30.7,22.9,7.2,0,124.0,Sat,Dec,2,east,variable,1,2,16.03,0
user_83,20.9,73.4,6.3,0,120.8,Mon,Dec,0,west,variable,1,6,20.2,0
user_310,15.3,81.0,2.0,0,129.0,Tue,Nov,6,north,green,0,7,19.05,0
user_62,10.6,54.4,7.1,1,134.5,Sun,Oct,3,north,variable,2,10,33.16,1
user_318,26.0,68.9,2.6,0,85.8,Fri,Aug,2,north,green,0,2,13.02,0
user_178,26.6,39.0,6.0,0,120.7,Sat,Jun,0,south,variable,1,7,21.75,0
user_1,23.7,70.1,4.4,1,135.1,Fri,Feb,7,south,green,2,10,22.84,0
user_233,15.5,22.2,5.7,0,107.1,Wed,Feb,7,west,variable,2,12,27.37,1
user_13,24.9,24.8,6.4,0,148.3,Thu,Jul,0,north,fixed,1,6,16.15,0
user_278,22.9,50.3,1.9,0,105.6,Mon,Feb,5,west,variable,0,8,20.34,0
user_374,20.9,77.6,5.6,0,108.1,Sun,Jun,2,east,variable,1,4,16.66,0
user_373,21.3,49.1,7.1,0,88.2,Sat,Apr,6,south,fixed,2,5,30.05,1
user_497,29.2,35.4,4.0,1,122.6,Sun,May,1,east,variable,2,7,12.95,0
user_436,22.0,21.8,5.8,0,89.9,Tue,Feb,0,north,variable,0,1,15.17,0
user_145,20.2,22.3,1.4,0,50.0,Fri,Apr,1,west,variable,2,5,15.42,0
user_63,28.4,39.1,4.2,0,110.4,Mon,Jun,4,south,fixed,2,7,26.54,1
user_130,31.8,39.9,5.8,1,113.2,Sun,Jan,6,east,variable,0,3,18.74,0
user_188,11.5,64.8,2.1,0,156.8,Fri,Oct,0,east,green,2,5,18.62,0
user_328,13.2,60.7,7.2,0,167.1,Thu,Feb,7,north,green,1,10,36.99,1
user_192,22.8,70.5,6.4,1,151.0,Fri,Sep,7,west,variable,1,9,33.65,1
user_298,34.3,89.2,4.4,0,92.3,Sat,Nov,1,south,green,2,3,13.15,0
user_13,19.8,85.6,7.9,0,94.3,Mon,Jun,3,west,green,0,3,12.45,0
user_440,7.1,29.5,4.9,0,151.8,Fri,Aug,7,south,variable,0,7,34.15,1
user_99,23.3,34.3,5.1,1,134.4,Thu,Jun,0,north,green,2,4,11.13,0
user_129,19.9,54.6,1.5,1,154.9,Fri,Oct,7,north,variable,0,8,15.61,0
user_259,29.9,86.6,1.6,0,66.9,Tue,Jan,4,north,variable,2,6,14.82,0
user_160,13.8,79.0,1.4,1,122.5,Wed,Oct,5,south,fixed,1,10,23.29,0
user_178,12.7,83.6,4.4,1,193.3,Tue,Nov,4,east,green,2,9,16.18,0
user_476,22.9,60.3,1.7,0,85.9,Thu,Aug,4,east,fixed,1,5,15.83,0
user_238,18.3,73.3,7.9,1,89.4,Sat,Apr,0,north,variable,1,4,23.37,0
user_470,27.7,74.3,1.2,1,114.1,Sun,Mar,7,west,green,0,7,16.96,0
user_231,31.7,87.3,4.8,0,171.7,Thu,Oct,1,north,fixed,2,5,23.47,0
user_424,22.5,73.4,3.3,1,50.0,Sun,Jan,6,east,fixed,0,6,15.65,0
user_305,34.8,53.0,1.9,0,96.0,Sun,Aug,1,west,fixed,3,2,13.83,0
user_372,23.8,39.7,2.5,0,123.6,Fri,Dec,0,north,fixed,0,5,18.7,0
user_37,16.2,21.7,6.6,0,99.8,Sat,Nov,1,west,green,3,8,16.74,0
user_266,24.7,50.4,2.4,0,168.5,Tue,Jan,3,east,variable,2,8,25.73,0
user_123,36.1,70.3,6.3,0,81.2,Tue,Jan,5,west,fixed,1,6,26.87,1
user_364,31.6,78.4,2.1,0,114.0,Mon,Feb,3,north,green,1,6,20.56,0
user_118,14.1,27.7,5.1,0,124.3,Fri,Jul,0,north,green,1,2,22.18,0
user_82,30.9,66.0,3.6,0,160.1,Fri,May,2,south,fixed,1,6,24.81,0
user_407,23.5,47.1,3.2,1,80.1,Mon,Dec,6,east,fixed,1,7,14.4,0
user_103,18.2,76.3,3.9,1,146.4,Wed,Jun,3,west,green,0,7,13.35,0
user_75,16.5,86.4,6.5,1,105.9,Thu,Mar,3,north,fixed,2,6,24.16,0
user_430,22.2,57.7,1.6,0,160.2,Sat,Feb,1,west,green,1,8,18.09,0
user_87,26.2,74.7,1.7,1,87.6,Tue,Nov,2,west,variable,1,3,11.99,0
user_373,23.8,23.5,6.3,0,96.5,Tue,Jul,7,east,fixed,2,10,26.86,1
user_210,27.5,26.5,7.1,0,142.8,Wed,Sep,7,south,green,4,8,28.15,1
user_66,25.5,78.6,6.1,1,138.0,Sat,Aug,0,east,fixed,1,3,18.1,0
user_395,24.8,49.5,2.7,0,125.1,Wed,Mar,4,east,fixed,2,8,25.1,0
user_191,21.9,52.3,3.6,0,97.4,Sat,Jun,4,north,variable,2,8,27.59,1
user_93,24.1,33.9,2.3,0,169.8,Sun,Jul,3,north,green,1,8,16.29,0
user_105,20.0,78.1,6.1,0,104.6,Fri,Apr,5,east,green,2,5,24.02,0
user_380,26.7,87.4,1.8,0,135.3,Thu,Aug,5,north,fixed,2,10,26.81,1
user_422,25.2,86.8,3.1,0,126.2,Sun,Apr,5,west,fixed,2,6,26.43,1
user_312,26.5,78.0,4.4,1,103.6,Tue,Aug,7,east,fixed,0,11,26.55,1
user_491,17.6,46.1,6.7,0,136.7,Sun,Nov,6,south,green,0,9,28.73,1
user_145,18.2,62.9,4.7,0,111.5,Sun,Nov,7,north,variable,1,7,31.22,1
user_110,20.5,60.7,4.8,1,157.9,Sat,Aug,3,north,variable,0,9,24.58,0
user_173,20.8,64.5,3.3,0,146.0,Mon,Apr,1,north,variable,1,8,20.57,0
user_339,28.6,36.3,2.2,1,50.0,Sat,Feb,0,north,fixed,1,2,12.56,0
user_329,22.5,41.0,3.2,1,117.8,Thu,Aug,2,west,variable,0,6,11.55,0
user_131,13.5,39.2,6.5,0,117.5,Sat,Jun,7,south,variable,0,7,29.63,1
user_270,10.8,27.1,1.9,0,140.2,Wed,Feb,2,east,variable,0,4,9.2,0
user_279,21.4,26.5,6.1,1,85.5,Wed,May,3,west,variable,2,6,21.83,0
user_75,24.4,58.9,6.4,0,138.1,Sat,Jun,5,north,variable,3,9,37.45,1
user_388,10.5,71.5,1.7,0,100.1,Sat,Apr,4,east,green,0,6,26.19,0
user_181,18.7,60.5,3.1,1,144.9,Wed,Sep,2,north,green,2,8,19.8,0
user_260,26.0,67.6,1.5,0,140.8,Thu,Mar,4,north,fixed,1,9,16.06,0
user_457,20.3,55.9,5.0,0,111.3,Mon,Aug,2,west,variable,1,5,18.57,0
user_95,13.7,67.4,5.8,1,104.6,Sun,Feb,7,east,variable,1,9,26.91,1
user_375,32.5,41.7,3.6,0,129.2,Wed,Oct,5,west,fixed,1,12,33.28,1
user_224,22.9,85.9,5.8,0,75.2,Sun,May,3,east,variable,1,4,23.46,0
user_163,25.5,86.5,5.8,1,150.4,Sun,May,1,west,fixed,1,9,20.7,0
user_83,25.5,34.3,7.6,0,107.9,Sat,Apr,5,east,variable,0,2,24.49,0
user_160,20.9,25.3,5.5,1,146.4,Sat,Nov,4,east,green,1,5,19.19,0
user_456,17.4,42.6,6.1,0,103.7,Fri,Sep,3,west,green,0,6,21.64,0
user_403,22.2,58.4,6.8,1,130.9,Sun,Dec,6,south,fixed,0,4,20.12,0
user_293,24.9,51.9,6.1,0,138.3,Wed,Feb,1,west,fixed,0,7,25.62,0
user_127,18.9,32.0,6.8,0,126.1,Sun,Jun,3,west,variable,0,6,36.03,1
user_226,21.6,27.9,1.9,0,116.5,Wed,Oct,4,west,fixed,1,7,13.28,0
user_267,21.0,83.6,3.1,0,144.4,Mon,Jul,4,south,fixed,1,10,17.56,0
user_239,22.4,27.8,4.0,0,160.2,Fri,Mar,7,east,variable,0,6,23.67,0
user_152,40.6,70.6,1.4,1,131.3,Mon,Jun,6,south,fixed,0,9,16.72,0
user_199,15.4,53.9,4.1,0,147.1,Wed,Feb,2,west,variable,0,7,20.91,0
user_114,22.0,72.2,6.8,0,112.1,Tue,Aug,6,west,green,2,4,28.28,1
user_473,20.9,43.5,5.6,0,148.9,Tue,Oct,6,north,green,3,10,26.0,0
user_223,31.4,29.7,7.8,0,119.1,Fri,Jan,0,north,variable,0,8,22.11,0
user_270,20.6,37.7,2.9,0,120.2,Tue,May,7,south,variable,1,8,16.69,0
user_437,16.9,52.8,6.5,1,100.8,Wed,Jul,0,east,variable,2,3,20.14,0
user_20,20.7,32.0,3.3,0,153.4,Sun,Apr,3,east,fixed,2,6,18.65,0
user_422,26.1,30.3,7.2,1,90.6,Thu,Jan,6,east,variable,2,6,26.9,1
user_37,19.9,58.0,2.7,1,150.5,Wed,Jul,3,east,variable,1,9,14.31,0
user_443,30.5,31.9,2.5,1,138.0,Sun,Jun,0,west,variable,1,4,5.0,0
user_64,24.3,88.7,2.8,1,107.4,Sat,Dec,0,west,variable,2,5,8.59,0
user_146,24.3,52.2,6.0,0,154.1,Tue,Mar,4,west,fixed,3,10,27.1,1
user_199,25.9,46.1,6.8,0,77.6,Tue,Feb,0,south,fixed,3,5,25.95,0
user_153,17.1,82.2,2.0,0,78.7,Sun,May,0,south,green,0,1,6.22,0
user_179,18.5,20.8,2.8,1,102.8,Sun,Jun,6,east,fixed,0,4,14.76,0
user_57,13.6,62.2,4.1,0,202.3,Sat,Nov,7,east,variable,3,11,35.51,1
user_168,35.0,45.2,3.5,1,124.6,Wed,Mar,6,south,variable,1,9,21.91,0
user_242,11.4,27.9,2.9,0,98.5,Tue,Dec,7,south,variable,0,7,23.52,0
user_154,17.3,75.7,5.6,0,149.2,Thu,Feb,4,north,fixed,0,13,34.32,1
user_349,16.9,33.1,3.3,1,101.9,Tue,Mar,3,south,variable,2,5,14.72,0
user_266,23.0,66.8,2.3,1,59.7,Tue,Mar,5,south,fixed,1,4,16.1,0
user_173,16.2,53.3,4.3,1,120.9,Thu,Mar,4,west,fixed,0,5,15.78,0
user_171,21.6,53.3,3.3,0,125.1,Sun,Aug,4,north,variable,2,7,24.92,0
user_68,28.5,25.3,1.2,0,124.6,Mon,Mar,1,north,fixed,0,3,11.09,0
user_104,39.9,56.2,2.4,0,90.8,Thu,Aug,1,south,fixed,0,3,9.53,0
user_149,20.9,27.8,6.2,0,128.8,Mon,Mar,6,south,fixed,2,6,23.81,0
user_16,28.4,78.8,4.2,0,137.4,Thu,Sep,3,north,fixed,0,7,19.34,0
user_51,18.3,31.7,2.0,1,134.5,Fri,Jun,1,east,fixed,1,7,11.36,0
user_122,21.1,89.0,4.8,1,118.0,Mon,Jun,2,south,fixed,0,4,12.14,0
user_227,32.0,79.3,1.6,1,108.6,Thu,Nov,4,north,fixed,0,6,11.55,0
user_456,6.4,85.3,7.2,0,122.5,Fri,Oct,7,south,variable,2,11,42.71,1
user_232,18.3,50.4,2.3,1,77.0,Sat,Jan,0,east,variable,1,7,8.26,0
user_154,20.4,29.2,1.6,1,173.3,Thu,Jul,1,south,green,1,6,5.23,0
user_108,29.3,40.4,4.9,0,120.8,Wed,Aug,6,north,variable,2,8,32.74,1
user_14,14.4,67.7,6.0,0,138.7,Thu,Jul,3,south,fixed,0,8,31.27,1
user_316,24.5,37.7,6.2,0,110.8,Sat,May,2,east,fixed,2,4,19.8,0
user_417,22.8,32.2,2.1,0,78.1,Tue,Nov,5,east,variable,1,5,19.3,0
user_196,18.4,53.2,6.9,1,157.6,Thu,Oct,7,south,fixed,1,11,31.91,1
user_411,25.3,24.1,1.2,0,124.5,Tue,Oct,4,north,variable,2,9,25.43,0
user_116,13.3,58.0,5.5,0,106.2,Thu,Aug,6,north,variable,1,9,30.67,1
user_133,17.5,74.7,4.7,0,125.9,Sat,Aug,7,east,fixed,0,8,28.73,1
user_375,29.9,27.7,6.5,0,113.0,Mon,Sep,4,east,green,0,6,18.58,0
user_494,23.6,37.0,6.2,0,132.4,Thu,May,4,east,variable,0,9,22.5,0
user_312,26.1,81.8,5.1,1,169.0,Sun,May,2,east,green,0,6,19.44,0
user_291,7.7,37.3,6.0,1,130.0,Wed,Oct,2,south,fixed,1,4,24.06,0
user_240,21.3,23.8,3.9,0,146.8,Thu,Jul,6,south,fixed,1,5,20.78,0
user_211,17.5,65.2,3.0,0,89.9,Thu,Jul,0,south,green,0,2,5.0,0
user_491,16.9,73.0,1.4,0,94.8,Sun,Oct,2,west,green,0,4,5.0,0
user_36,24.4,89.8,3.3,1,121.4,Wed,Jul,4,south,fixed,0,7,14.32,0
user_307,22.6,21.7,1.2,1,153.8,Thu,Mar,5,north,variable,0,7,17.26,0
user_133,15.4,61.2,5.7,0,86.9,Fri,Oct,0,west,fixed,0,4,20.35,0
user_291,13.9,51.7,6.4,0,85.8,Wed,Mar,1,west,fixed,1,1,18.71,0
user_356,29.4,45.5,4.5,0,74.3,Mon,Oct,4,north,fixed,1,6,22.14,0
user_77,20.4,51.5,3.4,1,99.1,Thu,May,2,east,green,1,5,13.24,0
user_496,14.2,45.9,1.2,0,110.2,Wed,Dec,1,west,variable,1,6,15.03,0
user_104,27.8,68.8,1.6,0,96.1,Sat,May,5,west,variable,0,8,24.93,0
user_222,16.7,40.8,6.5,0,72.5,Mon,Apr,6,east,fixed,1,6,25.78,0
user_485,27.4,22.3,5.2,0,73.3,Fri,Mar,6,south,variable,2,9,36.35,1
user_63,16.3,42.7,3.0,0,144.0,Wed,Feb,1,east,variable,2,5,14.57,0
user_108,18.2,59.5,8.0,0,131.5,Mon,Sep,2,south,fixed,1,7,33.18,1
user_185,31.1,86.8,5.6,1,110.3,Sat,Mar,5,south,green,1,1,22.3,0
user_284,27.4,72.2,3.9,0,128.5,Tue,Aug,7,south,green,0,6,16.99,0
user_336,14.2,23.6,1.8,0,116.8,Tue,Apr,1,south,variable,1,5,13.71,0
user_10,26.9,23.6,7.4,0,130.3,Mon,May,2,east,variable,0,7,30.11,1
user_67,19.3,77.3,7.0,1,144.8,Thu,Jan,1,north,variable,1,4,19.16,0
user_316,10.5,83.8,1.9,0,147.8,Tue,Oct,5,west,fixed,2,9,22.69,0
user_425,28.5,50.2,6.9,1,111.0,Sat,Feb,4,south,fixed,0,5,19.58,0
user_259,25.5,51.8,7.3,0,191.8,Tue,Mar,3,east,variable,1,11,28.32,1
user_264,14.2,78.2,3.8,0,166.3,Sun,Jan,2,north,fixed,0,4,22.11,0
user_256,23.9,61.9,6.7,1,123.7,Tue,Jan,2,west,variable,2,10,21.03,0
user_202,23.8,47.4,1.8,1,146.3,Wed,Jun,6,east,fixed,2,6,16.8,0
user_223,21.7,78.2,7.6,0,65.6,Wed,Mar,3,east,variable,1,8,26.37,0
user_5,18.6,81.0,3.7,1,142.2,Sun,Aug,7,west,fixed,1,10,23.34,0
user_141,15.4,44.2,2.7,1,100.9,Wed,Aug,4,west,fixed,2,4,17.35,0
user_162,22.0,61.8,5.5,0,120.5,Fri,Oct,4,south,variable,0,8,22.33,0
user_8,20.6,23.0,3.0,0,85.4,Thu,Aug,5,south,variable,0,6,19.51,0
user_54,25.1,76.7,6.7,0,122.6,Sat,Sep,2,east,variable,2,6,30.45,1
user_254,11.8,27.2,1.6,1,163.7,Fri,May,0,north,variable,1,7,18.11,0
user_206,11.3,76.0,5.0,0,94.7,Tue,Jun,3,east,fixed,1,7,22.64,0
user_44,29.8,52.2,3.5,1,162.0,Fri,Sep,6,west,variable,1,10,18.94,0
user_72,14.1,67.1,3.1,0,95.4,Sat,Jun,6,north,fixed,1,8,23.14,0
user_406,19.6,86.0,7.3,0,134.7,Tue,Apr,0,east,fixed,3,7,26.02,0
user_184,29.3,62.7,3.2,1,137.8,Thu,Dec,6,west,fixed,1,9,16.44,0
user_55,27.6,58.3,1.9,0,146.5,Tue,Jan,1,east,variable,2,4,16.69,0
user_25,26.2,51.9,5.4,1,145.5,Wed,Jun,3,south,green,2,7,15.44,0
user_42,14.3,75.0,6.8,0,109.1,Sun,Jul,0,south,green,1,5,13.48,0
user_250,32.0,44.6,4.5,0,130.8,Thu,Jan,4,west,variable,1,10,24.12,0
user_242,14.9,55.4,4.5,1,180.2,Tue,Jul,3,north,fixed,1,8,21.35,0
user_311,18.2,42.8,1.7,0,175.6,Sat,Feb,2,north,fixed,0,7,25.32,0
user_102,25.8,70.0,1.5,1,99.2,Tue,Mar,3,east,variable,2,4,11.2,0
user_268,22.4,68.4,3.4,1,95.0,Thu,Jan,3,north,variable,1,5,17.78,0
user_222,25.6,70.2,1.8,0,134.8,Mon,Sep,0,north,fixed,0,6,7.09,0
user_441,29.5,84.3,1.4,0,146.9,Thu,Feb,1,south,variable,1,6,13.66,0
user_129,23.6,41.3,6.8,0,83.7,Tue,May,6,east,fixed,2,5,32.79,1
user_183,17.3,72.5,1.1,1,139.7,Mon,Oct,2,north,variable,0,9,13.57,0
user_58,22.6,61.7,4.1,1,128.1,Wed,Apr,4,west,variable,1,10,10.62,0
user_344,23.5,42.0,1.2,0,134.3,Wed,Jul,2,north,green,0,9,6.18,0
user_235,20.2,42.7,5.2,0,108.0,Sat,Jul,5,east,fixed,1,6,20.62,0
user_456,20.6,53.7,7.0,1,144.6,Thu,Apr,2,north,green,1,4,9.1,0
user_249,23.7,43.0,3.9,0,90.6,Thu,Sep,0,north,fixed,1,2,11.15,0
user_482,20.4,88.8,1.6,1,92.0,Sat,Feb,2,north,variable,1,4,12.41,0
user_147,17.4,26.2,5.7,0,179.4,Sun,Jun,2,west,variable,3,8,27.72,1
user_109,26.9,56.4,6.4,0,87.2,Mon,Nov,2,south,fixed,4,6,29.81,1
user_161,17.9,33.9,2.2,0,160.6,Mon,Jul,0,east,fixed,3,6,18.46,0
user_393,20.1,58.4,4.8,0,100.7,Wed,Sep,4,south,variable,1,7,28.02,1
user_469,18.9,51.6,1.7,0,122.4,Thu,Aug,3,south,fixed,1,8,22.74,0
user_227,28.4,52.9,7.9,0,95.5,Fri,Nov,4,south,variable,0,3,21.5,0
user_391,20.7,45.6,4.2,0,112.0,Wed,Nov,1,north,fixed,0,7,22.38,0
user_446,28.2,88.4,3.3,0,80.1,Fri,Jun,4,south,variable,0,5,15.27,0
user_314,23.8,85.5,5.5,0,132.4,Sat,Jul,0,west,variable,1,4,22.25,0
user_338,19.4,80.3,1.9,0,146.9,Mon,Apr,3,north,fixed,4,10,25.13,0
user_266,19.8,71.8,5.9,0,116.8,Sun,Oct,4,east,fixed,0,6,16.46,0
user_226,29.8,25.0,1.8,0,138.8,Sun,Dec,5,south,variable,1,10,13.84,0
user_335,19.5,66.3,4.5,1,89.5,Sun,Sep,5,north,fixed,1,5,18.07,0
user_56,22.2,57.6,2.1,1,117.9,Sun,Oct,0,west,variable,0,2,9.85,0
user_99,20.7,76.2,6.3,0,134.4,Mon,Jun,6,south,variable,0,8,23.76,0
user_313,20.9,85.0,4.8,0,144.6,Tue,Mar,7,east,fixed,1,7,34.48,1
user_158,24.7,60.5,6.0,0,59.7,Sat,Mar,7,west,variable,1,7,30.83,1
user_226,31.9,46.2,4.5,1,83.0,Fri,Jul,6,east,variable,0,6,18.36,0
user_338,19.9,89.0,5.3,0,75.4,Thu,Jul,6,south,variable,2,9,23.72,0
user_303,17.3,83.6,5.3,0,166.5,Fri,Mar,4,north,green,2,8,24.79,0
user_379,32.9,24.2,2.1,1,89.9,Wed,Mar,4,north,fixed,0,7,14.52,0
user_139,7.9,86.2,3.5,1,98.1,Sat,Jun,4,east,fixed,1,8,26.37,0
user_332,24.6,85.2,4.4,0,146.0,Fri,Sep,5,north,fixed,0,8,29.46,1
user_60,20.9,83.8,2.9,1,145.1,Thu,Jul,4,east,variable,1,8,12.5,0
user_265,13.3,72.8,1.8,1,139.3,Fri,Apr,6,north,fixed,1,7,17.6,0
user_388,26.2,73.4,1.6,0,129.7,Thu,Jan,5,west,green,1,3,9.05,0
user_134,17.5,69.1,7.4,0,98.6,Thu,Feb,2,north,fixed,2,6,29.14,1
user_129,26.2,57.1,7.7,0,129.8,Thu,Jan,2,south,green,1,2,15.91,0
user_74,24.9,72.9,7.8,0,108.8,Thu,Sep,2,north,green,0,4,19.81,0
user_107,15.1,26.9,2.8,0,50.0,Fri,Oct,1,east,variable,1,4,12.68,0
user_496,26.9,34.1,5.2,1,114.1,Wed,Feb,4,west,variable,1,9,24.81,0
user_33,31.4,54.5,5.4,0,71.6,Thu,Oct,2,east,fixed,1,4,20.38,0
user_215,21.9,39.1,6.7,0,69.9,Sun,Oct,2,west,fixed,1,1,18.66,0
user_481,23.7,88.5,7.4,0,116.6,Tue,Feb,1,north,variable,0,5,24.41,0
user_408,15.1,46.8,6.1,0,131.5,Sat,Nov,1,south,fixed,0,4,23.11,0
user_76,13.9,49.2,3.7,1,87.6,Mon,Feb,0,north,fixed,3,1,14.11,0
user_130,17.2,21.1,1.4,1,93.4,Fri,Feb,1,south,variable,2,8,11.71,0
user_101,16.8,52.5,7.5,0,127.7,Sun,Apr,5,south,variable,2,9,33.38,1
user_16,29.6,42.9,3.9,0,107.5,Mon,Jan,3,south,fixed,1,6,24.66,0
user_452,18.8,31.5,4.7,1,93.7,Sun,Nov,0,south,variable,0,5,12.29,0
user_85,21.1,85.5,1.2,0,134.5,Mon,Nov,5,north,green,1,7,23.31,0
user_213,14.9,56.2,5.1,0,98.9,Wed,Feb,7,west,variable,1,8,24.7,0
user_378,10.4,46.8,6.3,0,77.6,Wed,Nov,3,west,fixed,0,2,23.19,0
user_293,29.2,56.8,6.7,0,167.0,Sat,Jul,0,west,green,2,11,26.99,1
user_252,22.3,49.3,3.6,0,149.3,Mon,Feb,4,south,variable,1,10,22.89,0
user_459,24.6,35.7,2.1,1,133.9,Fri,May,2,north,variable,0,2,13.4,0
user_98,35.0,62.6,6.8,0,121.9,Sun,Dec,1,west,variable,1,7,23.94,0
user_284,26.2,63.7,1.5,0,109.8,Sun,Jan,5,east,green,1,5,25.8,0
user_41,11.2,68.0,2.8,0,74.9,Sat,Jun,7,west,fixed,0,5,26.0,0
user_286,22.4,83.4,2.2,1,89.4,Wed,Nov,2,east,fixed,1,2,5.0,0
user_495,17.8,31.9,5.7,1,123.5,Fri,Feb,6,south,variable,0,7,28.15,1
user_131,19.4,47.9,6.2,0,132.3,Thu,Feb,6,south,green,1,11,23.23,0
user_137,13.0,66.6,3.9,0,69.0,Wed,Mar,6,east,variable,0,8,25.29,0
user_276,18.4,69.2,3.9,0,93.9,Sat,Jun,3,east,variable,0,5,29.49,1
user_251,29.7,62.6,4.6,0,165.2,Mon,Oct,4,west,fixed,0,6,20.83,0
user_284,22.8,51.9,3.5,0,129.4,Sun,Oct,1,north,variable,0,6,14.54,0
user_7,33.5,36.3,7.9,0,124.4,Fri,Aug,4,north,fixed,2,5,31.06,1
user_202,21.7,29.3,5.9,1,135.4,Wed,Jan,3,north,variable,1,9,19.4,0
user_417,24.2,84.7,7.7,1,135.5,Mon,May,7,north,fixed,1,11,34.58,1
user_381,8.7,49.9,4.0,1,110.3,Mon,Jan,4,east,variable,0,4,23.1,0
user_277,26.5,88.5,7.5,0,138.2,Wed,Jul,4,south,variable,1,7,34.26,1
user_460,19.6,47.1,2.3,1,84.2,Sat,Jan,1,north,green,1,2,8.28,0
user_205,20.4,40.4,4.3,0,129.0,Thu,Jul,2,north,green,0,7,17.67,0
user_3,20.7,45.0,5.5,1,143.6,Sat,Sep,5,east,variable,0,8,28.5,1
user_74,23.3,79.6,6.6,0,143.5,Tue,Aug,1,north,variable,0,4,16.38,0
user_500,22.2,40.6,5.8,0,148.5,Thu,Feb,1,south,variable,2,7,27.0,1
user_148,24.3,49.5,4.2,0,90.7,Wed,Oct,3,west,variable,0,5,17.39,0
user_94,23.0,27.5,4.5,0,133.4,Tue,Sep,4,north,fixed,2,9,29.56,1
user_245,14.9,30.5,4.8,1,139.2,Wed,Jan,3,south,fixed,1,5,13.75,0
user_169,14.0,45.9,1.3,1,146.0,Wed,Nov,0,north,green,1,7,5.0,0
user_132,24.9,59.3,4.0,1,136.2,Wed,Mar,4,north,variable,1,7,24.7,0
user_409,25.1,50.3,3.8,0,128.1,Sat,Dec,7,south,green,0,8,22.51,0
user_82,27.6,90.0,7.2,1,125.6,Sat,Mar,0,south,green,0,4,13.51,0
user_295,22.8,28.9,5.9,1,81.7,Thu,May,4,south,variable,1,1,12.37,0
user_183,28.7,31.8,2.1,0,127.6,Fri,Sep,4,east,variable,0,11,27.07,1
user_12,22.0,71.9,7.2,1,137.8,Sun,Mar,3,south,variable,0,3,17.2,0
user_54,20.5,78.1,2.4,0,164.2,Fri,Jul,0,east,variable,3,5,18.59,0
user_222,15.3,62.2,3.4,0,84.6,Wed,Dec,5,west,green,2,3,25.75,0
user_58,22.8,72.5,4.6,0,114.7,Sun,Oct,4,south,green,2,5,18.66,0
user_205,23.9,44.5,4.0,0,113.4,Sun,Oct,6,south,fixed,2,7,25.99,0
user_23,23.1,61.6,4.2,0,153.6,Sat,Sep,7,west,fixed,2,12,30.74,1
user_69,23.0,72.1,5.9,0,99.9,Sun,May,4,east,green,1,8,21.22,0
user_417,18.4,68.2,2.8,0,111.3,Mon,Mar,7,west,fixed,0,8,19.89,0
user_281,22.8,67.2,7.3,0,137.5,Sat,Nov,4,south,variable,0,4,23.98,0
user_68,33.6,47.4,4.5,1,93.6,Tue,Dec,2,east,green,0,3,13.89,0
user_8,26.4,27.7,4.8,0,148.6,Fri,May,0,south,fixed,2,5,24.73,0
user_177,16.9,79.3,5.6,0,136.4,Mon,Jan,1,north,green,2,8,22.97,0
user_261,15.0,86.8,1.1,0,161.1,Sat,May,2,south,fixed,0,9,24.88,0
user_184,16.9,25.7,3.3,0,106.4,Thu,Oct,0,north,fixed,0,1,9.43,0
user_152,24.9,47.6,3.5,0,63.7,Fri,Feb,3,south,variable,1,3,16.53,0
user_406,26.3,25.4,2.1,0,140.5,Thu,Mar,1,east,green,0,3,18.47,0
user_217,25.3,34.8,3.5,0,136.6,Tue,Oct,2,south,variable,2,7,19.12,0
user_289,21.2,26.8,1.9,0,68.1,Sat,Jul,0,south,variable,0,7,12.4,0
user_92,22.5,61.3,4.8,1,85.6,Sat,Jan,0,north,fixed,1,4,12.39,0
user_426,18.6,49.4,3.4,1,136.7,Tue,Nov,5,east,variable,0,6,24.73,0
user_254,11.2,23.8,3.9,1,79.9,Wed,Oct,4,west,fixed,3,4,22.76,0
user_482,22.3,21.7,5.8,0,91.4,Mon,Jan,0,north,green,0,2,9.8,0
user_53,34.0,62.0,6.4,1,178.6,Sat,Jun,1,east,variable,2,9,33.05,1
user_490,24.9,70.2,1.2,0,136.7,Sun,Nov,5,north,fixed,1,9,27.03,1
user_175,20.9,21.0,2.3,0,141.9,Tue,May,1,south,green,1,3,5.0,0
user_90,18.8,66.5,5.9,0,171.9,Sat,Jul,4,east,variable,3,5,35.29,1
user_323,17.0,41.1,6.5,1,82.4,Sat,Sep,1,north,variable,0,2,13.34,0
user_217,23.6,35.2,4.0,1,80.8,Sun,Aug,1,east,fixed,2,5,14.3,0
user_121,9.6,84.7,2.3,0,122.6,Sat,Dec,6,west,fixed,3,11,36.02,1
user_103,21.2,82.8,2.2,0,64.4,Fri,May,1,south,green,0,2,16.3,0
user_9,11.8,53.9,4.6,1,145.8,Sat,Nov,6,north,variable,0,9,28.46,1
user_230,35.7,76.6,4.7,1,126.2,Sun,Oct,5,east,variable,1,9,30.57,1
user_219,12.2,59.8,6.5,0,101.8,Tue,Oct,7,north,variable,0,9,35.2,1
user_221,29.4,27.0,1.9,1,135.2,Mon,Jun,1,south,fixed,1,8,8.56,0
user_113,16.0,83.2,6.3,0,136.2,Sat,Nov,3,east,fixed,0,5,30.09,1
user_124,12.6,55.9,7.0,0,99.0,Wed,Jul,3,east,fixed,0,1,20.39,0
user_264,20.0,40.0,5.2,0,100.0,Wed,May,5,south,green,2,7,25.52,0
user_277,35.1,47.2,2.2,1,135.7,Sun,Jan,4,north,fixed,2,7,21.3,0
user_274,25.7,50.1,6.5,0,80.8,Wed,Nov,6,north,fixed,1,5,27.5,1
user_379,24.4,35.1,7.5,0,139.5,Tue,Oct,3,east,variable,2,6,32.27,1
user_98,24.9,47.6,1.4,1,106.4,Fri,Dec,5,east,variable,1,6,37.68,1
user_129,21.4,47.8,1.5,0,99.6,Tue,Sep,6,north,fixed,2,7,23.55,0
user_107,25.0,48.0,6.8,0,121.3,Thu,Feb,7,south,fixed,1,6,33.51,1
user_362,20.7,59.0,6.4,0,158.6,Sat,May,4,east,green,0,14,32.64,1
user_261,11.9,88.5,3.5,0,128.4,Sat,Mar,3,west,variable,1,5,24.85,0
user_429,21.6,40.8,7.1,0,59.4,Sun,Jun,7,east,green,0,8,22.08,0
user_232,11.5,26.7,4.2,1,110.4,Tue,May,6,west,green,0,3,15.28,0
user_2,26.1,42.8,3.1,0,82.7,Fri,Mar,2,north,variable,2,5,14.26,0
user_46,24.6,45.5,5.7,0,113.0,Wed,Feb,3,west,fixed,0,7,22.09,0
user_392,20.5,39.2,1.1,0,163.1,Mon,Aug,4,west,fixed,0,9,17.18,0
user_493,24.3,74.8,7.2,0,123.8,Sun,Feb,7,east,variable,0,6,26.89,1
user_483,16.4,24.7,7.3,1,138.5,Fri,Apr,2,north,fixed,2,3,24.0,0
user_209,29.7,84.5,1.4,0,122.0,Sun,Jun,2,north,variable,3,8,13.7,0
user_421,24.2,70.2,6.0,0,122.0,Wed,Dec,4,west,variable,1,6,17.94,0
user_144,18.2,58.8,1.4,0,159.1,Sat,Feb,7,north,variable,2,13,29.05,1
user_419,17.0,75.9,3.0,0,129.9,Wed,Jul,2,south,fixed,1,7,16.01,0
user_293,10.9,70.2,7.2,1,160.3,Sat,Mar,1,east,variable,0,6,21.49,0
user_39,23.1,87.0,2.0,0,99.0,Sat,Apr,2,west,variable,1,3,9.26,0
user_24,21.9,31.6,1.5,1,143.6,Wed,Aug,3,south,variable,1,5,5.0,0
user_242,25.6,43.3,2.4,0,85.9,Sun,Mar,7,west,variable,0,5,22.39,0
user_165,17.7,33.7,4.0,0,137.1,Sun,Dec,7,north,fixed,2,8,29.45,1
user_198,23.9,26.0,4.9,0,161.3,Sun,Apr,5,east,fixed,1,9,27.43,1
user_184,27.1,52.8,5.5,1,107.6,Mon,Feb,0,south,green,2,4,9.47,0
user_116,13.3,59.6,1.5,1,141.7,Mon,Dec,0,north,fixed,1,7,18.11,0
user_9,12.4,51.9,2.3,0,103.5,Tue,Apr,1,west,green,0,4,7.79,0
user_133,16.2,53.1,6.4,1,148.5,Mon,Nov,5,north,fixed,4,8,26.39,0
user_215,20.3,82.5,5.6,0,80.6,Thu,Oct,1,east,variable,1,5,33.27,1
user_268,26.6,72.3,7.3,0,109.4,Thu,Jul,6,east,variable,2,8,32.91,1
user_304,25.0,52.8,6.5,0,138.3,Thu,Jun,1,north,fixed,1,6,29.69,1
user_290,19.7,51.6,4.3,0,111.7,Mon,Dec,5,east,variable,2,8,28.15,1
user_313,20.6,51.8,2.7,0,120.9,Wed,Jun,3,east,variable,1,2,12.89,0
user_49,9.7,80.0,7.7,0,140.7,Tue,Feb,4,east,fixed,4,15,44.45,1
user_470,13.8,63.7,7.0,0,140.6,Tue,Aug,0,east,fixed,1,6,25.85,0
user_20,23.5,75.7,5.5,1,69.3,Wed,Dec,1,north,fixed,2,3,11.02,0
user_133,28.7,87.1,6.6,0,80.3,Tue,Apr,0,east,green,1,1,9.28,0
user_215,22.3,86.5,1.6,0,117.5,Fri,Oct,3,south,green,1,9,21.98,0
user_363,23.3,79.8,7.2,0,173.8,Thu,Dec,0,east,variable,1,7,23.83,0
user_67,19.7,28.8,2.1,0,140.4,Tue,Jun,2,west,fixed,1,9,14.0,0
user_417,24.1,84.8,7.8,0,102.9,Sun,Sep,4,east,variable,2,4,30.58,1
user_376,25.0,78.6,3.6,1,121.0,Sat,Dec,4,west,variable,1,5,10.89,0
user_143,19.4,42.8,3.0,0,93.7,Thu,Oct,3,west,green,2,9,13.91,0
user_122,18.7,67.2,5.2,0,56.3,Mon,Nov,5,south,variable,1,4,22.45,0
user_127,18.5,35.1,5.0,0,110.7,Fri,Aug,2,west,variable,0,2,15.12,0
user_143,27.6,89.5,6.5,1,99.1,Fri,Jul,4,north,green,0,5,9.65,0
user_89,18.9,23.7,2.7,1,94.5,Wed,Feb,0,south,variable,3,4,8.5,0
user_397,22.3,39.5,2.1,0,59.0,Sun,Mar,0,north,fixed,2,1,13.29,0
user_463,21.7,81.7,5.8,0,180.7,Sun,Feb,1,west,fixed,1,8,22.55,0
user_187,22.9,35.4,2.8,0,122.1,Sat,May,2,west,variable,1,2,6.47,0
user_59,12.4,45.9,4.5,0,111.8,Fri,Sep,7,south,variable,0,7,34.29,1
user_438,21.9,46.3,4.4,0,143.9,Wed,Sep,3,east,fixed,2,8,24.87,0
user_252,23.8,57.6,2.9,0,98.9,Wed,Nov,7,north,fixed,0,9,20.12,0
user_12,21.9,54.0,5.2,0,104.9,Thu,Jun,6,west,fixed,1,11,25.7,0
user_35,22.1,68.2,6.0,0,145.4,Thu,Mar,2,south,fixed,0,5,26.85,1
user_268,18.6,49.0,1.0,1,70.7,Tue,Apr,5,south,variable,2,7,9.64,0
user_357,23.7,29.2,6.4,0,114.7,Fri,Apr,4,north,variable,0,9,27.24,1
user_480,21.6,33.0,6.8,0,174.1,Fri,Jun,0,east,green,1,7,17.24,0
user_418,24.3,87.9,7.8,0,124.2,Fri,May,4,west,variable,1,6,28.49,1
user_451,9.2,21.4,7.5,0,120.1,Sat,Feb,5,south,variable,1,5,37.58,1
user_150,20.5,43.9,4.0,0,106.6,Mon,Jul,7,north,fixed,0,3,17.84,0
user_445,18.0,86.5,5.0,0,73.6,Wed,Oct,0,south,fixed,0,3,8.28,0
user_450,30.6,74.7,4.8,0,167.7,Sat,Jul,0,east,green,0,5,18.85,0
user_302,27.3,68.6,7.0,0,83.0,Fri,Jun,4,south,green,0,5,30.03,1
user_346,22.4,73.9,5.3,1,136.4,Wed,Mar,3,south,variable,0,6,13.82,0
user_324,30.5,67.5,4.7,0,50.0,Mon,Jul,2,east,fixed,0,4,17.46,0
user_343,23.8,64.4,5.6,0,113.8,Sat,Jul,7,west,green,0,7,25.54,0
user_107,15.8,73.1,3.0,0,150.4,Tue,Jun,6,west,green,3,12,31.6,1
user_303,35.1,55.1,2.2,0,112.6,Wed,Dec,1,west,fixed,1,5,18.68,0
user_41,27.1,65.7,5.3,1,193.7,Sat,Dec,1,west,variable,2,8,23.82,0
user_281,25.7,86.6,2.7,0,123.8,Sun,Mar,4,west,green,3,6,25.33,0
user_109,34.4,45.3,6.9,0,111.3,Sun,Jun,2,west,variable,0,5,22.32,0
user_288,5.6,34.8,3.1,0,68.3,Wed,Apr,5,east,fixed,1,6,25.01,0
user_214,15.5,61.2,4.4,0,144.1,Wed,Oct,1,east,fixed,0,4,16.49,0
user_486,18.0,81.2,7.7,0,132.6,Wed,Apr,0,south,green,2,8,29.09,1
user_87,22.0,66.6,3.8,0,148.0,Tue,Feb,5,south,variable,3,7,26.18,0
user_337,33.9,27.4,2.3,1,113.4,Mon,Mar,5,west,fixed,2,6,12.21,0
user_222,11.3,62.3,4.3,1,108.5,Wed,Oct,1,east,green,1,6,11.83,0
user_345,13.3,65.9,6.4,1,138.3,Wed,Apr,5,south,green,2,5,24.33,0
user_422,16.7,32.6,1.5,1,98.1,Wed,Oct,3,east,green,1,9,19.71,0
user_130,22.9,77.2,2.2,0,155.7,Tue,Mar,5,south,variable,0,6,21.91,0
user_41,22.6,34.7,6.2,0,122.6,Sun,Dec,5,south,variable,0,4,28.48,1
user_163,25.3,58.9,6.4,0,136.2,Sun,Apr,4,north,fixed,1,7,27.21,1
user_117,17.3,42.3,7.6,0,126.5,Tue,Dec,5,west,fixed,1,4,24.66,0
user_105,25.3,55.1,6.4,1,137.0,Wed,Jan,5,west,variable,2,11,21.5,0
user_268,9.4,27.3,5.9,0,121.6,Fri,Apr,3,west,fixed,2,8,27.02,1
user_361,27.7,55.6,5.4,0,120.7,Tue,Dec,2,west,fixed,1,1,9.41,0
user_156,23.2,37.1,7.8,0,110.8,Tue,Sep,1,east,variable,0,5,19.95,0
user_170,21.4,24.1,2.7,1,143.1,Sun,Oct,5,south,variable,1,5,15.23,0
user_38,16.4,51.8,4.7,0,177.1,Mon,Jun,7,west,green,1,7,27.75,1
user_58,32.3,60.1,6.9,1,147.5,Thu,Dec,1,east,fixed,3,8,9.46,0
user_472,17.5,21.0,6.9,1,137.9,Wed,Aug,2,east,variable,1,4,23.0,0
user_258,21.2,54.0,3.9,0,113.3,Sun,Dec,5,north,variable,0,2,19.8,0
user_353,24.7,43.7,4.1,0,125.8,Fri,Nov,3,east,fixed,3,9,17.86,0
user_174,18.9,31.0,1.5,1,154.6,Wed,Apr,0,east,fixed,1,3,7.26,0
user_387,24.6,51.4,5.6,1,139.5,Wed,May,7,south,variable,0,5,10.72,0
user_347,14.7,23.5,5.5,0,84.7,Wed,Dec,4,west,variable,1,8,27.84,1
user_461,13.4,83.2,1.6,1,106.2,Sun,Apr,2,east,fixed,0,4,9.97,0
user_135,28.5,31.3,4.9,1,152.8,Sun,Jul,0,south,green,1,6,5.0,0
user_239,14.8,78.7,5.3,1,81.8,Sun,Mar,0,south,fixed,0,3,11.7,0
user_101,12.6,47.2,6.4,1,114.4,Thu,May,2,west,variable,1,5,12.37,0
user_292,20.8,74.7,7.5,1,82.3,Wed,May,3,north,green,0,1,14.38,0
user_332,7.4,75.6,5.2,0,154.9,Sat,Apr,7,north,variable,2,13,40.84,1
user_210,25.0,55.7,4.9,0,131.1,Sun,Dec,5,north,variable,1,7,26.0,0
user_445,26.2,87.2,1.1,0,117.1,Sun,Dec,1,west,fixed,0,8,16.74,0
user_87,15.7,89.9,6.4,0,147.6,Sun,Feb,0,south,green,2,5,23.74,0
user_342,13.4,80.7,1.4,0,127.1,Tue,Jan,2,east,fixed,1,5,17.87,0
user_47,24.2,33.1,4.3,0,127.2,Tue,Jul,0,west,variable,2,5,14.93,0
user_224,17.6,88.0,7.4,0,90.6,Thu,Oct,2,east,fixed,0,5,28.12,1
user_374,23.3,75.4,1.9,0,120.6,Tue,Dec,4,west,fixed,2,4,14.0,0
user_89,19.6,56.8,7.1,1,77.4,Thu,May,4,south,variable,0,5,21.14,0
user_436,16.9,20.9,4.7,0,131.2,Sat,Aug,7,west,green,0,8,26.53,1
user_458,17.0,34.6,7.8,0,172.3,Mon,Apr,6,west,green,0,8,27.07,1
user_459,20.7,54.7,5.9,0,182.2,Thu,Aug,3,east,variable,1,6,25.59,0
user_116,23.9,80.4,6.2,1,169.0,Thu,Jun,4,east,variable,1,4,21.0,0
user_31,20.5,39.0,1.6,0,100.6,Sat,May,4,west,fixed,0,6,13.4,0
user_297,12.9,32.2,4.3,1,102.4,Fri,Apr,0,north,fixed,0,1,15.85,0
user_26,27.0,35.6,7.2,0,133.4,Tue,Nov,5,east,variable,0,8,26.15,0
user_167,20.5,48.0,3.0,1,133.5,Thu,Jun,5,west,variable,0,10,21.48,0
user_85,23.5,65.8,6.7,1,154.1,Mon,Sep,1,west,fixed,1,3,18.04,0
user_247,20.1,75.4,7.5,0,108.3,Tue,Mar,6,west,green,0,10,29.61,1
user_214,19.7,67.8,6.3,0,98.6,Sat,Apr,2,west,variable,1,8,23.03,0
user_320,27.0,69.6,2.2,0,163.9,Sat,May,7,north,fixed,0,10,31.13,1
user_251,22.2,49.8,2.4,0,79.2,Wed,Mar,2,south,fixed,0,6,15.3,0
user_268,25.3,33.0,4.9,1,140.8,Fri,Nov,1,east,fixed,0,7,12.06,0
user_369,27.2,49.8,6.9,1,134.6,Mon,Mar,0,north,fixed,1,4,12.3,0
user_244,25.5,40.4,2.0,1,98.9,Sun,Sep,6,north,variable,0,5,15.98,0
user_6,23.5,70.8,7.6,1,121.2,Thu,Jun,1,south,green,0,3,15.85,0
user_29,23.9,56.7,6.5,0,146.8,Sun,Feb,6,west,variable,2,7,27.62,1
user_114,15.1,67.1,3.3,1,111.3,Sun,Jun,0,east,green,1,1,8.16,0
user_93,22.6,51.0,2.4,1,104.9,Sat,Feb,1,east,fixed,2,7,18.22,0
user_355,23.5,70.8,2.2,0,154.4,Wed,Sep,5,north,variable,2,14,27.86,1
user_346,24.9,26.0,7.8,0,102.7,Fri,Mar,5,west,fixed,0,4,32.05,1
user_423,12.9,29.2,7.6,0,125.6,Mon,May,2,south,variable,3,4,27.41,1
user_387,19.9,57.8,7.2,0,123.4,Thu,May,1,south,green,1,6,18.64,0
user_44,21.0,60.6,7.9,0,107.5,Sun,May,0,south,fixed,0,4,17.86,0
user_311,27.1,44.4,2.5,1,78.8,Thu,Oct,3,south,fixed,1,3,11.79,0
user_55,19.6,77.4,2.4,0,134.9,Fri,Nov,4,west,green,1,9,18.42,0
user_432,25.6,80.9,7.6,0,122.2,Sat,Apr,4,north,fixed,2,8,29.77,1
user_145,19.2,29.2,5.4,1,95.8,Mon,Jun,2,west,green,1,5,7.03,0
user_229,21.2,76.4,7.7,0,100.5,Mon,Mar,1,south,variable,0,8,23.06,0
user_433,24.3,82.2,4.2,1,159.8,Sat,Jul,4,north,variable,2,4,17.38,0
user_355,25.9,27.0,8.0,0,66.9,Sat,Aug,2,west,variable,2,5,28.86,1
user_170,17.1,59.5,6.5,0,110.4,Fri,Feb,3,north,green,1,5,24.47,0
user_241,22.5,34.2,7.6,1,116.4,Mon,Aug,4,south,fixed,2,8,20.33,0
user_258,22.1,75.5,5.7,0,105.6,Mon,Oct,7,north,variable,1,6,28.47,1
user_281,27.9,77.7,6.7,0,153.1,Thu,Nov,7,north,variable,2,7,28.3,1
user_57,21.7,70.0,3.5,0,93.6,Wed,Feb,0,east,green,2,1,6.4,0
user_361,30.3,66.8,1.6,0,139.0,Sat,Apr,2,south,variable,1,4,18.09,0
user_286,19.6,66.3,3.2,0,95.5,Sat,Jun,0,east,green,1,1,10.22,0
user_438,21.4,55.9,3.0,0,102.4,Fri,Oct,5,north,variable,1,6,24.09,0
user_164,19.9,40.8,5.1,1,82.5,Sat,Feb,7,south,fixed,3,7,34.6,1
user_106,25.7,35.0,4.2,0,62.1,Fri,Jun,3,west,variable,2,4,15.69,0
user_424,19.5,76.0,7.0,0,101.8,Fri,Oct,4,north,variable,0,1,28.18,1
user_399,16.9,20.3,4.7,0,117.0,Tue,Feb,7,east,fixed,0,9,24.02,0
user_491,18.4,53.3,5.6,1,111.3,Tue,Jun,2,south,fixed,1,5,12.62,0
user_149,16.0,52.8,1.7,1,147.7,Sun,Sep,7,west,variable,1,7,25.18,0
user_471,29.2,61.4,5.2,0,98.9,Thu,Oct,3,west,variable,1,7,25.24,0
user_110,27.1,42.1,5.0,0,134.4,Sat,Aug,3,east,variable,1,4,19.03,0
user_162,16.5,61.1,5.7,0,116.3,Wed,Apr,3,south,green,0,9,23.18,0
user_130,28.2,63.6,4.6,1,143.4,Mon,Feb,5,west,fixed,1,8,28.57,1
user_396,20.0,40.0,3.2,0,161.0,Fri,Oct,6,west,fixed,1,9,29.2,1
user_218,27.2,28.9,6.5,1,130.7,Wed,Jan,4,south,green,0,5,13.53,0
user_254,25.0,82.0,2.0,0,153.4,Sun,Oct,4,north,fixed,2,12,27.17,1
user_255,10.3,42.7,6.6,0,98.0,Thu,Jul,4,east,variable,1,4,21.05,0
user_335,25.8,86.7,1.6,0,74.8,Fri,Feb,0,east,variable,0,3,14.82,0
user_311,13.4,52.7,6.0,0,97.1,Thu,Apr,6,south,fixed,1,7,27.68,1
user_377,28.5,37.8,4.4,0,140.3,Tue,Jul,3,west,green,1,8,20.76,0
user_393,24.3,49.1,2.8,0,115.3,Thu,Oct,3,west,variable,1,5,9.12,0
user_500,24.1,61.3,6.5,0,81.0,Mon,May,7,east,fixed,1,6,27.13,1
user_472,32.0,56.2,1.1,0,107.1,Tue,Oct,6,south,green,2,9,21.91,0
user_343,29.5,88.1,3.6,0,100.9,Mon,Jul,5,east,variable,4,13,31.3,1
user_352,24.8,70.1,3.1,0,125.4,Mon,Sep,0,north,variable,0,7,21.22,0
user_214,19.8,61.2,3.1,0,91.9,Tue,Nov,2,west,fixed,2,7,22.48,0
user_91,19.0,85.7,5.1,0,125.7,Wed,Oct,5,east,fixed,0,8,26.87,1
user_459,26.1,46.4,1.6,0,93.1,Sat,Nov,6,south,variable,0,5,16.51,0
user_137,21.6,59.2,7.1,1,140.7,Mon,Aug,0,east,variable,0,4,14.2,0
user_304,24.9,56.4,7.7,0,110.4,Thu,Mar,4,west,variable,1,6,24.35,0
user_401,26.1,38.7,1.6,0,119.8,Thu,Dec,1,east,fixed,2,3,12.94,0
user_213,18.3,33.6,2.9,1,103.3,Fri,Sep,5,west,green,1,6,12.4,0
user_472,24.7,46.0,7.7,0,140.9,Sun,Aug,6,south,fixed,1,7,26.61,1
user_207,18.8,25.2,3.8,0,72.0,Tue,May,2,south,variable,0,6,17.81,0
user_303,26.6,29.8,6.5,0,127.4,Fri,Jan,0,north,fixed,0,1,19.52,0
user_489,17.1,50.1,7.1,1,142.5,Sat,Sep,0,east,fixed,1,2,22.98,0
user_474,22.0,57.3,6.3,0,103.3,Fri,Dec,5,east,variable,0,5,18.32,0
user_249,13.9,59.8,5.2,0,97.6,Sat,Apr,7,west,variable,0,8,25.18,0
user_338,14.2,53.4,2.3,0,102.8,Thu,Jul,1,east,variable,0,2,13.91,0
user_149,18.6,49.4,4.5,1,190.5,Thu,Apr,3,east,variable,1,10,21.18,0
user_269,21.0,23.0,1.9,0,141.5,Fri,Sep,0,east,fixed,0,2,6.19,0
user_396,26.9,35.9,3.2,0,89.9,Sat,Dec,7,west,green,0,11,16.76,0
user_474,15.0,34.1,2.0,1,131.9,Fri,Jan,6,south,variable,0,11,18.74,0
user_193,18.5,45.2,1.1,0,108.7,Sun,Jul,3,west,variable,2,6,14.27,0
user_14,22.0,65.1,1.1,0,61.8,Thu,Feb,2,north,variable,1,6,15.51,0
user_265,22.2,30.4,1.1,0,83.6,Fri,Aug,3,north,variable,1,7,14.35,0
user_77,18.4,36.8,5.5,1,172.0,Fri,Aug,7,south,fixed,0,9,26.62,1
user_9,12.7,27.7,1.4,1,103.3,Sat,Dec,2,east,fixed,0,4,15.38,0
user_333,26.8,35.4,1.6,0,78.9,Sun,Sep,0,east,green,2,2,6.95,0
user_10,10.6,78.2,1.1,1,146.2,Fri,Oct,6,south,fixed,0,9,30.18,1
user_485,20.8,60.7,6.7,0,109.5,Mon,Nov,5,east,variable,0,5,31.55,1
user_485,27.8,60.0,6.3,0,144.7,Thu,Apr,4,south,fixed,2,7,24.56,0
user_25,22.7,39.1,2.3,0,130.4,Mon,Nov,2,north,fixed,0,4,11.48,0
user_280,21.0,81.8,3.0,0,74.7,Thu,Dec,1,east,green,0,5,8.87,0
user_95,27.2,46.3,2.0,0,137.7,Mon,Sep,3,east,variable,2,9,20.88,0
user_146,22.5,25.6,5.7,0,160.3,Wed,Feb,2,south,green,1,3,17.97,0
user_289,16.0,66.2,3.5,1,145.9,Sun,Feb,0,west,green,1,7,11.22,0
user_196,22.2,25.9,4.7,1,108.5,Fri,Apr,4,south,green,2,6,16.48,0
user_382,14.7,20.5,1.1,0,152.4,Thu,Jun,7,south,variable,0,8,18.73,0
user_45,21.9,66.9,3.5,0,89.3,Tue,May,3,south,variable,1,5,11.11,0
user_50,25.1,39.4,5.0,1,138.7,Thu,Jul,7,east,variable,1,9,22.51,0
user_337,16.2,68.6,3.2,1,97.8,Wed,Feb,0,west,variable,0,3,5.88,0
user_156,18.4,46.7,6.1,0,123.5,Tue,Aug,7,east,fixed,1,9,29.45,1
user_397,20.7,33.4,1.2,0,148.4,Sun,Sep,6,south,variable,1,9,28.67,1
user_122,28.0,44.7,5.3,1,160.9,Fri,Apr,5,south,variable,1,6,19.63,0
user_158,27.2,61.3,4.2,0,120.9,Tue,Jan,2,south,fixed,0,4,26.44,1
user_439,16.6,23.9,2.9,0,133.2,Mon,Nov,3,south,fixed,0,4,13.95,0
user_265,27.2,50.0,5.9,1,112.7,Sun,Aug,1,west,variable,2,7,13.42,0
user_73,14.5,20.6,7.0,0,138.2,Sun,Aug,1,north,green,0,3,22.08,0
user_418,27.9,22.1,6.6,0,161.1,Sat,Jul,6,west,fixed,1,7,26.94,1
user_69,32.0,37.5,7.6,0,113.6,Wed,Jan,2,west,variable,4,8,28.31,1
user_12,34.1,25.4,5.3,0,146.6,Wed,Jul,2,west,green,2,6,18.48,0
user_238,28.5,73.4,3.7,1,156.5,Wed,Aug,1,north,variable,1,6,20.24,0
user_390,11.1,40.7,3.8,0,110.7,Mon,Feb,7,north,green,0,10,33.6,1
user_400,18.6,24.5,4.2,1,135.0,Tue,Aug,0,east,fixed,1,6,8.44,0
user_450,15.5,48.1,1.8,0,82.2,Sat,Jun,5,east,fixed,0,5,27.66,1
user_243,28.1,31.6,3.7,1,152.3,Sat,Apr,1,west,green,0,8,9.78,0
user_111,30.7,22.5,6.5,0,81.8,Thu,May,0,west,fixed,2,1,18.19,0
user_361,20.5,39.1,2.6,0,124.0,Wed,Sep,4,south,variable,0,8,14.18,0
user_372,29.4,27.0,2.5,0,95.1,Thu,Nov,0,east,fixed,1,6,10.78,0
user_395,19.8,85.3,5.0,0,77.2,Sun,Jul,7,east,fixed,1,5,31.33,1
user_192,17.4,39.9,1.5,0,79.9,Fri,Jun,4,east,variable,1,6,18.79,0
user_291,28.4,22.0,7.2,1,147.0,Sat,Mar,6,south,green,2,6,21.08,0
user_399,29.8,38.7,7.9,0,127.1,Mon,Jul,7,east,fixed,1,7,36.43,1
user_357,15.2,86.1,5.7,0,64.3,Mon,Feb,6,east,fixed,2,4,22.26,0
user_129,13.3,34.1,6.4,0,101.9,Mon,Feb,3,east,variable,2,2,21.8,0
user_162,22.2,40.1,6.8,1,137.8,Sun,Jul,0,east,variable,0,3,9.78,0
user_321,22.4,40.8,7.4,0,148.0,Mon,Dec,2,south,fixed,2,8,29.19,1
user_435,25.5,21.7,6.2,0,173.5,Thu,Sep,4,north,fixed,4,10,24.72,0
user_103,13.6,36.1,2.7,0,123.2,Tue,Jan,5,east,fixed,0,7,25.94,0
user_354,12.3,55.6,7.9,1,136.0,Fri,Jan,7,west,variable,1,8,33.02,1
user_222,19.0,32.4,4.9,1,73.2,Thu,Sep,6,east,variable,3,13,22.89,0
user_478,14.0,87.6,5.0,0,143.5,Wed,Nov,4,north,green,0,8,23.3,0
user_359,27.1,35.0,3.7,1,149.7,Tue,Jan,3,north,fixed,2,8,13.93,0
user_172,32.6,80.5,7.0,0,76.1,Sat,Feb,0,west,variable,1,5,22.89,0
user_364,27.7,44.9,5.0,0,144.9,Tue,Oct,1,south,variable,1,8,18.35,0
user_350,24.6,31.8,1.2,0,100.4,Fri,Jan,4,north,fixed,0,3,14.77,0
user_120,16.2,83.8,5.0,0,127.8,Mon,Feb,6,south,variable,0,4,23.2,0
user_159,31.6,50.1,7.3,0,133.4,Sat,Sep,5,east,fixed,1,9,39.54,1
user_229,26.6,28.5,3.1,0,83.0,Sat,Feb,5,east,variable,0,5,24.32,0
user_67,13.9,24.4,4.0,1,99.5,Wed,Nov,1,north,fixed,0,5,9.18,0
user_224,25.7,50.7,1.8,1,137.2,Wed,Nov,5,west,fixed,1,6,8.2,0
user_39,15.4,30.5,3.7,0,157.1,Fri,Jan,2,east,variable,0,2,16.52,0
user_133,26.6,37.7,4.8,0,173.7,Fri,Feb,6,south,green,0,7,36.33,1
user_342,20.9,76.8,4.3,0,120.0,Wed,Dec,3,north,green,0,7,17.59,0
user_469,13.9,32.6,2.7,0,125.8,Sun,Jan,5,west,green,1,9,23.95,0
user_416,30.8,81.2,2.1,0,119.2,Sun,Mar,2,south,green,2,5,12.03,0
user_264,27.2,32.2,6.9,1,131.9,Sun,Oct,7,west,green,0,8,25.99,0
user_12,23.7,57.4,1.2,1,123.4,Thu,Jun,3,east,fixed,1,8,5.25,0
user_397,11.5,85.3,5.8,1,105.9,Mon,Feb,1,north,variable,0,2,12.75,0
user_481,24.5,65.4,6.5,0,148.3,Sun,Dec,1,south,green,0,5,21.16,0
user_392,17.1,37.0,1.1,0,109.5,Sat,May,7,west,fixed,0,8,24.2,0
user_300,30.6,36.2,5.2,0,136.8,Sat,May,7,south,variable,1,10,30.47,1
user_268,15.4,45.8,3.4,0,84.3,Wed,Sep,3,east,fixed,1,4,11.69,0
user_76,30.9,20.7,7.2,0,98.4,Fri,Jan,0,east,fixed,1,3,25.15,0
user_113,27.9,77.0,5.4,0,125.1,Tue,Jul,1,west,fixed,2,7,18.55,0
user_337,22.9,86.3,7.9,1,162.9,Fri,Sep,6,north,green,2,7,36.08,1
user_309,20.3,58.2,1.7,1,123.6,Sun,May,0,south,green,2,5,9.32,0
user_151,23.9,51.2,2.7,0,180.6,Sun,Sep,5,south,fixed,0,6,18.86,0
user_136,21.0,81.4,7.9,0,169.9,Mon,Apr,5,south,fixed,2,11,35.51,1
user_283,17.4,60.7,4.3,1,142.8,Wed,Aug,6,east,fixed,0,9,22.17,0
user_98,24.7,26.5,5.9,0,124.2,Thu,Aug,0,west,variable,2,7,25.57,0
user_477,34.3,40.0,5.9,0,148.1,Sun,Dec,0,east,variable,0,2,15.58,0
user_344,17.0,22.1,3.4,0,97.8,Mon,Feb,4,west,variable,0,5,18.57,0
user_491,15.7,37.6,1.6,0,121.8,Fri,Sep,1,east,green,1,5,16.52,0
user_406,17.1,59.6,2.1,0,129.5,Sat,Jun,6,south,green,1,9,24.31,0
user_361,19.4,80.6,2.7,0,100.1,Sun,Oct,3,south,green,0,3,19.36,0
user_240,26.9,26.1,7.3,0,137.9,Sat,Oct,2,west,variable,2,9,32.47,1
user_25,23.3,27.1,5.3,1,120.0,Sun,Oct,4,west,fixed,3,10,32.74,1
user_379,20.6,69.2,4.4,1,98.2,Sat,Mar,7,south,variable,3,10,27.54,1
user_163,20.2,74.8,5.7,0,107.9,Wed,Nov,5,south,variable,3,8,32.15,1
user_246,24.9,48.1,1.7,0,105.7,Sat,Aug,6,south,green,2,11,21.77,0
user_273,23.1,56.9,7.8,0,179.9,Sat,Feb,0,east,fixed,0,7,30.03,1
user_265,13.8,66.1,5.0,0,177.0,Thu,Jun,3,north,fixed,1,10,31.91,1
user_263,17.0,64.7,7.1,0,99.4,Sun,Jun,7,west,variable,1,9,37.71,1
user_303,22.6,67.5,3.2,1,123.2,Sun,Oct,1,west,variable,0,3,8.85,0
user_323,24.2,63.3,7.9,1,136.9,Mon,Oct,1,north,fixed,2,4,17.21,0
user_204,16.3,25.1,1.4,0,148.6,Tue,Jul,0,south,green,1,10,17.73,0
user_43,13.6,41.6,6.3,0,147.2,Thu,Apr,4,west,fixed,2,10,37.67,1
user_47,22.7,42.3,7.0,0,137.2,Tue,Jan,5,north,variable,0,8,33.4,1
user_336,27.1,73.0,3.5,0,121.0,Thu,Nov,5,north,fixed,4,9,31.23,1
user_460,18.6,44.6,5.7,0,84.1,Sat,Jan,3,west,variable,1,4,20.7,0
user_386,25.0,63.7,3.8,0,146.9,Tue,Feb,5,north,fixed,1,10,27.74,1
user_144,26.1,47.9,2.6,0,64.9,Fri,Aug,3,south,fixed,1,5,9.49,0
user_354,22.4,39.4,3.3,0,110.5,Sun,Mar,0,east,variable,1,2,19.99,0
user_284,18.7,75.1,1.1,0,135.7,Tue,Mar,6,east,fixed,2,6,29.84,1
user_318,24.4,48.1,1.1,0,124.4,Sat,Jan,0,north,fixed,0,3,5.0,0
user_188,18.9,27.4,2.8,0,93.9,Mon,Apr,0,east,variable,0,4,16.18,0
user_29,19.5,83.3,5.0,1,131.3,Sat,Apr,2,north,fixed,0,4,19.09,0
user_184,30.1,84.5,6.7,0,135.7,Fri,Sep,4,east,fixed,3,10,30.6,1
user_325,23.7,53.1,4.0,0,127.1,Wed,Sep,7,west,variable,1,8,26.08,0
user_379,29.5,36.7,6.6,0,95.3,Sun,Mar,3,east,variable,0,3,17.55,0
user_402,26.8,64.9,3.8,1,112.2,Thu,Aug,3,north,fixed,2,9,12.59,0
user_153,18.3,38.3,7.2,0,91.4,Fri,Oct,3,south,green,2,4,26.78,1
user_27,17.0,79.9,3.5,1,93.5,Mon,Aug,7,north,green,2,7,18.06,0
user_395,36.3,21.8,5.0,1,103.7,Sat,Aug,1,west,variable,0,4,21.35,0
user_308,16.8,84.0,1.7,1,92.9,Sat,Oct,3,south,fixed,1,6,10.2,0
user_381,21.9,73.0,1.2,1,88.5,Fri,Aug,4,south,variable,4,7,17.06,0
user_148,20.1,86.0,4.2,0,110.0,Mon,Nov,6,south,fixed,1,5,17.64,0
user_233,24.0,21.1,2.3,1,71.4,Sat,Feb,3,east,fixed,1,5,10.48,0
user_247,24.8,32.0,7.6,1,129.6,Sun,Oct,5,south,fixed,2,8,23.3,0
user_468,22.2,87.0,5.9,1,91.6,Tue,May,5,south,fixed,1,7,22.86,0
user_487,21.8,87.2,7.5,1,113.7,Sat,Jul,3,north,green,1,4,14.72,0
user_352,32.0,37.1,7.5,1,170.1,Thu,Jun,2,south,variable,1,4,21.23,0
user_468,13.8,63.0,6.8,0,89.1,Wed,Aug,2,south,green,3,6,24.64,0
user_67,21.5,72.3,5.2,1,106.9,Thu,Apr,3,east,fixed,0,7,13.3,0
user_426,19.3,76.0,4.9,0,96.8,Mon,Aug,6,south,variable,1,5,16.77,0
user_189,23.1,49.3,6.4,0,179.2,Tue,May,7,east,fixed,1,8,33.61,1
user_306,32.7,22.8,2.5,1,143.1,Mon,Feb,7,west,fixed,2,8,18.65,0
user_450,19.3,67.0,2.0,0,82.8,Tue,Jul,6,south,fixed,0,4,24.56,0
user_288,24.9,33.9,6.6,0,138.0,Sat,Aug,1,east,green,0,8,26.01,0
user_39,25.8,82.4,7.2,1,132.5,Tue,Dec,2,north,variable,3,6,21.29,0
user_173,15.1,43.8,6.9,1,126.5,Sat,Sep,0,north,variable,0,5,18.55,0
user_115,22.3,53.9,4.7,0,158.6,Mon,Dec,7,north,fixed,0,9,32.41,1
user_314,30.7,29.3,4.4,0,130.1,Tue,Feb,1,west,fixed,2,4,18.49,0
user_177,28.9,80.9,7.4,0,94.9,Sat,Apr,3,south,green,1,5,25.02,0
user_423,20.2,35.0,7.8,0,109.8,Sat,Jan,0,north,fixed,2,5,26.04,0
user_86,25.1,65.2,3.0,0,124.1,Fri,Aug,4,north,variable,2,7,25.12,0
user_446,23.3,63.0,3.8,0,124.7,Wed,Dec,6,east,variable,1,7,26.48,1
user_459,29.4,61.6,2.3,0,95.8,Sun,Sep,6,north,variable,0,6,16.06,0
user_376,14.6,72.2,5.4,0,108.0,Sat,Dec,1,north,fixed,1,4,23.32,0
user_338,16.5,44.5,3.8,0,51.3,Fri,Oct,7,west,fixed,0,4,22.39,0
user_39,32.2,71.5,2.8,0,128.4,Tue,Oct,0,north,green,0,6,15.86,0
user_4,16.0,32.6,6.0,0,67.0,Tue,May,4,west,variable,3,5,22.54,0
user_401,32.1,62.8,2.2,1,111.0,Sat,Jul,6,east,fixed,1,12,24.84,0
user_186,22.5,43.9,6.4,0,117.9,Sun,Aug,4,east,green,0,7,23.95,0
user_203,26.2,78.2,4.1,1,140.6,Sun,Apr,0,east,fixed,1,3,9.56,0
user_294,22.3,32.0,5.4,1,95.5,Wed,Jul,7,north,variable,0,6,17.55,0
user_431,18.0,33.5,7.8,1,130.7,Tue,Jun,7,north,variable,0,10,19.44,0
user_291,23.3,31.3,3.6,0,141.2,Mon,Jul,0,west,fixed,1,7,10.1,0
user_436,18.8,61.3,3.0,0,116.5,Wed,Mar,6,north,fixed,2,8,27.99,1
user_367,19.6,60.6,1.1,0,150.2,Mon,Apr,4,north,green,0,7,17.71,0
user_175,25.6,53.1,2.4,0,122.7,Thu,Oct,6,north,fixed,1,5,25.12,0
user_470,12.4,88.3,7.9,0,137.6,Mon,Aug,3,east,fixed,2,8,33.94,1
user_17,18.3,35.7,3.4,0,155.2,Sat,Mar,1,north,variable,2,5,31.37,1
user_42,14.0,24.4,4.8,1,183.8,Wed,Dec,7,north,fixed,0,7,29.11,1
user_383,20.2,80.0,2.7,0,140.4,Thu,Jan,7,west,fixed,1,11,34.13,1
user_335,32.8,43.3,5.0,1,102.6,Sat,Oct,4,north,fixed,3,9,27.06,1
user_405,18.2,53.9,6.3,1,110.8,Tue,Mar,7,north,green,3,8,30.75,1
user_54,21.6,48.4,5.0,1,112.4,Thu,Aug,0,west,fixed,3,6,12.14,0
user_388,19.6,25.3,6.5,0,127.8,Tue,Jul,7,west,fixed,1,8,32.67,1
user_187,20.9,52.7,3.6,0,126.9,Sat,Jul,6,north,variable,0,7,21.07,0
user_14,20.6,36.8,4.3,0,161.2,Mon,Mar,2,west,variable,0,7,18.29,0
user_169,21.7,44.3,5.9,1,124.9,Mon,Feb,7,north,fixed,2,7,21.53,0
user_197,17.4,35.1,5.8,0,143.1,Sun,May,1,west,green,0,4,14.96,0
user_152,24.7,64.1,1.6,0,113.6,Mon,Sep,5,south,fixed,1,8,16.88,0
user_386,15.1,46.0,3.6,0,149.2,Tue,Nov,0,west,green,1,4,11.94,0
user_293,29.4,79.4,7.8,1,156.8,Thu,Dec,2,north,green,1,3,13.75,0
user_357,27.5,38.4,3.7,0,107.9,Fri,Jul,2,south,variable,1,6,22.31,0
user_83,24.6,43.2,1.3,0,50.0,Thu,Nov,0,south,variable,3,4,8.63,0
user_219,22.5,80.6,4.0,0,136.4,Sun,Jul,1,south,green,2,8,18.47,0
user_86,16.7,75.7,4.5,0,133.5,Thu,May,0,north,variable,0,3,18.12,0
user_291,26.0,79.6,2.8,0,153.1,Fri,Nov,1,south,variable,1,5,12.6,0
user_495,10.3,43.4,5.6,1,95.2,Sat,Sep,1,north,fixed,2,7,15.69,0
user_214,24.6,88.4,7.8,0,94.8,Tue,Oct,6,north,fixed,0,4,32.15,1
user_374,19.8,52.2,6.4,1,50.0,Tue,Sep,1,east,green,1,2,12.51,0
user_476,27.3,65.7,3.7,0,146.2,Tue,Nov,5,east,variable,0,7,31.63,1
user_477,25.8,43.8,7.4,0,50.0,Thu,Feb,2,north,fixed,1,3,14.86,0
user_428,13.9,80.1,4.8,0,102.9,Sat,Mar,5,west,fixed,0,5,28.59,1
user_73,17.3,22.7,4.0,0,147.5,Sat,Sep,5,east,variable,0,5,23.84,0
user_227,8.7,43.2,7.8,0,149.6,Thu,Apr,4,north,variable,2,7,38.91,1
user_28,15.9,47.5,4.3,0,96.0,Wed,May,5,north,variable,0,7,32.49,1
user_493,17.9,83.8,6.5,0,120.4,Sat,Jan,7,south,fixed,1,4,29.55,1
user_202,14.0,79.3,6.4,0,112.6,Tue,Jun,6,east,variable,0,8,26.33,0
user_454,21.5,59.6,2.2,0,117.8,Tue,Jan,7,south,green,0,7,22.73,0
user_76,17.2,75.2,3.9,1,114.5,Wed,May,6,south,green,0,8,18.22,0
user_191,30.3,36.9,3.2,1,118.8,Fri,Jan,2,east,green,1,5,8.58,0
user_320,21.8,58.7,6.9,1,126.0,Wed,Apr,7,east,green,1,9,13.96,0
user_424,30.0,86.7,3.4,0,104.8,Fri,Apr,6,west,fixed,1,6,23.53,0
user_166,23.7,34.0,7.6,1,118.2,Wed,Oct,6,south,green,1,4,11.07,0
user_224,22.9,47.6,6.3,0,107.9,Tue,Aug,3,east,fixed,0,5,23.23,0
user_258,14.1,46.3,6.8,0,123.1,Sat,Sep,7,south,fixed,3,10,39.32,1
user_25,34.1,22.7,6.6,1,167.8,Sat,Feb,6,east,variable,0,12,30.35,1
user_443,15.5,89.3,7.0,0,131.6,Sat,Nov,4,south,variable,2,9,33.91,1
user_280,19.9,88.9,5.4,1,133.7,Mon,Mar,1,east,fixed,2,5,17.22,0
user_418,19.3,45.5,3.9,0,133.2,Thu,Apr,5,north,green,1,8,19.15,0
user_366,13.6,72.1,2.1,0,74.4,Mon,Jan,5,east,variable,2,6,18.17,0
user_280,13.6,43.0,6.6,1,110.1,Mon,Sep,4,west,variable,1,5,22.12,0
user_366,23.8,83.8,6.6,0,70.2,Wed,Feb,1,north,green,0,1,12.7,0
user_46,14.8,22.2,2.7,0,157.0,Wed,Feb,1,west,fixed,1,10,17.51,0
user_173,18.7,27.2,3.3,1,122.8,Mon,Jan,4,east,fixed,0,6,10.62,0
user_196,17.8,36.7,1.7,0,107.3,Sat,Dec,0,west,fixed,0,2,5.0,0
user_145,29.2,38.9,4.1,0,100.6,Mon,Oct,0,south,green,1,2,14.43,0
user_78,14.6,36.3,5.8,0,114.4,Thu,Mar,1,north,variable,2,2,15.7,0
user_101,24.2,83.2,5.7,0,84.1,Thu,Oct,5,south,fixed,1,5,27.77,1
user_177,18.2,37.9,6.5,0,117.1,Tue,Jul,2,south,fixed,1,3,28.64,1
user_147,14.6,78.1,6.5,1,86.0,Sun,Nov,3,west,green,1,5,22.57,0
user_21,23.2,61.8,4.8,0,86.0,Tue,Sep,7,south,variable,2,11,29.6,1
user_114,14.1,57.4,5.3,0,118.1,Thu,Nov,3,west,variable,1,5,18.27,0
user_309,19.3,43.7,1.8,1,112.0,Fri,Nov,5,west,fixed,0,10,15.48,0
user_144,13.6,27.5,3.5,0,132.3,Thu,Oct,7,west,fixed,0,10,26.96,1
user_62,17.0,49.6,3.4,0,94.9,Sun,Oct,5,north,fixed,1,7,18.8,0
user_250,17.0,32.9,5.1,0,83.0,Fri,Apr,3,north,variable,0,4,19.41,0
user_215,22.5,21.6,6.3,0,112.2,Sun,Jun,1,north,variable,0,3,17.33,0
user_345,16.8,60.4,7.3,0,181.4,Sat,Jul,4,north,variable,1,10,37.28,1
user_119,15.7,72.2,1.3,1,163.1,Sat,Jun,2,north,variable,0,5,9.14,0
user_314,21.9,80.5,7.4,1,238.3,Wed,Jul,5,north,variable,0,11,34.42,1
user_442,28.6,27.7,4.1,0,94.2,Sun,Feb,4,west,fixed,0,7,22.6,0
user_466,27.0,70.8,3.3,0,157.9,Thu,Apr,1,north,green,0,7,21.07,0
user_234,19.4,30.9,7.7,0,111.1,Sat,May,0,east,fixed,2,6,28.12,1
user_364,16.3,50.3,6.9,1,113.7,Fri,Jan,4,east,variable,0,4,18.05,0
user_385,14.0,48.8,5.5,0,115.6,Sun,Aug,1,south,fixed,1,2,17.99,0
user_31,16.1,74.9,4.8,0,112.7,Fri,Sep,5,east,variable,0,4,20.24,0
user_301,24.5,83.2,3.4,1,160.6,Fri,Jan,7,east,variable,0,11,25.57,0
user_42,21.9,23.5,2.3,1,124.2,Mon,Sep,4,north,green,0,4,11.76,0
user_90,32.3,64.1,1.8,0,190.4,Thu,Apr,7,south,fixed,3,12,24.48,0
user_497,18.4,75.5,2.4,1,137.1,Sun,Sep,3,west,fixed,0,5,9.56,0
user_15,27.3,30.0,2.0,0,125.6,Mon,Feb,0,west,variable,0,2,5.49,0
user_119,26.8,78.3,7.3,0,127.7,Sat,Oct,1,east,fixed,2,6,23.34,0
user_293,15.3,68.6,7.8,1,100.4,Sat,Aug,0,south,fixed,2,2,22.57,0
user_379,12.5,73.0,3.4,0,131.5,Wed,Jun,5,north,variable,1,5,26.15,0
user_277,22.7,21.3,5.3,0,110.1,Fri,Oct,0,east,fixed,1,5,20.14,0
user_53,22.1,49.8,1.7,0,125.0,Sat,Apr,7,west,green,0,7,19.5,0
user_441,26.7,55.3,3.8,0,102.0,Sat,Jun,1,west,fixed,1,7,10.43,0
user_98,24.2,62.5,1.6,0,90.3,Wed,Oct,7,north,fixed,1,10,16.68,0
user_148,20.3,84.8,3.0,1,105.0,Sat,Jul,3,south,green,0,2,9.5,0
user_391,19.9,67.1,3.6,0,123.5,Sun,Sep,2,north,variable,0,3,18.07,0
user_284,18.5,25.5,1.7,1,85.8,Thu,Apr,7,south,variable,1,6,23.22,0
user_26,25.0,26.5,7.1,1,124.4,Tue,Jun,2,west,variable,0,4,11.81,0
user_130,23.6,28.7,6.0,0,150.2,Tue,Jan,3,north,green,0,5,22.44,0
user_283,27.5,48.5,3.0,1,135.4,Sat,Feb,2,north,green,4,10,25.69,0
user_36,32.8,87.0,3.3,0,100.2,Sun,Mar,3,east,fixed,0,10,19.65,0
user_471,12.5,42.6,4.8,0,144.5,Sat,Jun,0,south,variable,3,9,23.0,0
user_104,17.5,22.2,6.0,0,152.3,Wed,Jul,6,north,fixed,2,8,28.63,1
user_158,18.7,63.0,7.8,1,103.3,Fri,Jul,3,east,fixed,1,11,17.41,0
user_331,25.2,31.2,4.4,1,71.6,Mon,Sep,1,east,variable,3,2,18.05,0
user_317,21.6,72.6,1.0,0,134.9,Thu,Apr,7,north,variable,1,6,23.05,0
user_202,22.6,26.6,6.2,1,119.6,Tue,Oct,2,west,fixed,2,3,8.07,0
user_163,20.1,86.5,6.9,1,77.9,Sat,Jun,4,west,variable,1,5,19.05,0
user_434,15.8,74.2,2.1,0,53.2,Tue,Jan,1,west,variable,1,4,10.61,0
user_469,18.5,89.5,2.4,0,113.0,Mon,Mar,1,south,variable,0,6,16.24,0
user_217,19.9,45.5,7.2,1,158.6,Wed,Jun,0,south,green,2,10,23.17,0
user_344,27.1,84.2,3.2,1,179.4,Fri,Dec,2,west,variable,1,9,20.08,0
user_471,16.4,48.8,3.7,0,178.4,Tue,Mar,7,north,variable,0,8,27.15,1
user_233,23.4,49.3,1.3,0,122.6,Fri,Mar,4,west,variable,0,4,15.19,0
user_382,25.5,44.0,5.4,0,155.0,Wed,Oct,1,north,green,2,5,18.2,0
user_127,24.0,27.7,2.6,0,130.3,Sat,May,5,east,variable,0,8,25.78,0
user_437,25.0,33.2,5.0,1,127.6,Tue,May,1,east,green,2,2,11.12,0
user_294,25.0,51.6,6.3,0,140.7,Thu,Jan,4,west,fixed,1,5,24.27,0
user_173,17.7,45.5,1.1,0,112.5,Fri,Jun,0,east,green,4,2,9.69,0
user_314,25.0,73.3,3.7,0,122.5,Thu,Apr,6,west,green,1,9,31.73,1
user_245,25.7,30.1,6.2,0,98.0,Wed,Jun,2,east,fixed,0,4,12.4,0
user_350,19.8,34.2,6.1,1,171.6,Fri,Oct,7,south,variable,0,12,33.43,1
user_127,20.4,87.1,1.6,0,117.3,Sun,Aug,4,south,variable,0,3,19.06,0
user_76,10.2,50.8,2.2,0,82.6,Thu,Feb,7,east,fixed,0,4,30.47,1
user_190,22.8,61.1,5.4,1,103.8,Wed,May,3,north,fixed,0,7,23.77,0
user_420,15.0,42.9,6.0,0,84.5,Sat,Feb,4,west,green,1,5,23.35,0
user_471,17.1,39.2,6.0,1,84.5,Sat,Jul,1,west,green,1,2,10.77,0
user_444,9.9,83.4,5.4,0,120.9,Sun,Aug,7,south,fixed,0,10,47.8,1
user_113,23.3,31.1,2.0,0,174.2,Thu,Sep,0,south,green,2,6,11.23,0
user_268,17.9,20.4,2.8,0,153.1,Sat,Jan,1,south,variable,3,8,18.0,0
user_227,12.7,55.7,1.7,0,118.0,Tue,Dec,3,west,green,0,3,14.26,0
user_493,26.6,21.4,7.1,0,143.9,Sun,Jun,5,north,fixed,0,8,38.0,1
user_92,11.5,25.8,6.6,0,81.0,Wed,Jan,1,west,variable,1,5,30.6,1
user_127,24.2,59.1,3.2,0,155.7,Mon,Nov,6,north,fixed,2,9,25.82,0
user_178,26.4,84.9,4.4,1,106.2,Thu,Sep,1,east,variable,1,3,14.8,0
user_104,30.8,70.1,3.4,0,133.7,Thu,Mar,2,south,fixed,0,9,22.47,0
user_497,16.8,44.7,7.6,1,114.5,Sun,Apr,6,north,variable,0,8,28.94,1
user_36,16.3,78.6,2.9,1,108.0,Sun,Oct,2,west,fixed,0,3,5.23,0
user_463,7.7,38.0,2.6,0,129.9,Sat,Mar,2,west,variable,3,6,30.6,1
user_438,35.8,37.3,4.5,1,190.4,Thu,Oct,5,north,fixed,1,8,22.49,0
user_358,20.9,41.8,4.1,0,111.6,Thu,Feb,0,south,variable,0,6,26.69,1
user_359,14.8,72.4,3.1,1,101.6,Fri,Jul,0,west,fixed,1,3,13.13,0
user_447,17.2,87.8,5.6,0,98.1,Wed,Jan,0,south,fixed,1,6,21.23,0
user_381,23.4,81.7,4.4,0,78.4,Fri,Nov,5,west,green,1,8,17.63,0
user_128,13.5,79.7,6.5,0,170.3,Tue,Sep,5,east,variable,1,9,28.17,1
user_399,12.5,63.3,6.0,0,171.7,Tue,Jan,1,west,fixed,1,7,26.15,0
user_500,19.7,88.8,5.8,0,122.3,Mon,Apr,3,north,variable,3,4,27.97,1
user_14,22.0,63.8,1.6,1,137.9,Sat,Jul,6,south,fixed,2,7,21.18,0
user_481,7.4,66.3,7.1,1,91.8,Thu,Nov,5,west,fixed,0,4,24.92,0
user_348,30.7,62.4,6.5,1,115.9,Fri,Oct,1,south,green,0,4,11.27,0
user_309,38.6,66.7,7.9,1,91.4,Tue,Sep,3,north,variable,2,1,22.31,0
user_13,31.1,26.3,3.2,0,87.6,Fri,Aug,4,south,green,1,1,8.57,0
user_416,21.6,60.7,2.4,1,99.3,Sat,Jun,3,east,variable,1,5,16.36,0
user_342,21.5,61.8,2.9,1,144.5,Tue,Jul,5,west,fixed,0,9,19.74,0
user_49,27.7,31.9,7.8,0,168.2,Thu,Mar,5,north,variable,1,7,27.49,1
user_345,15.5,62.7,4.9,1,97.0,Sun,Feb,3,west,fixed,3,6,23.9,0
user_217,25.6,46.8,7.7,1,96.8,Sun,Sep,4,south,variable,1,4,19.23,0
user_366,22.8,71.4,3.0,1,104.8,Fri,Nov,4,east,variable,1,5,11.71,0
user_65,27.3,80.2,7.2,0,115.6,Mon,Apr,0,north,green,4,7,22.93,0
user_443,28.3,54.2,6.4,0,146.2,Tue,Jul,0,north,variable,0,3,17.42,0
user_430,19.3,77.3,4.6,0,127.6,Thu,Jul,4,west,green,0,5,23.35,0
user_492,10.6,47.5,3.7,0,81.9,Mon,Nov,0,north,variable,0,3,10.77,0
user_378,20.2,75.9,6.2,0,110.5,Tue,Jun,6,north,variable,0,10,33.04,1
user_190,23.5,21.4,6.4,1,126.2,Wed,Feb,1,west,variable,1,8,19.64,0
user_376,19.4,81.0,7.5,0,136.2,Wed,Jan,2,west,variable,3,7,23.3,0
user_175,12.7,42.5,6.6,0,139.7,Sat,Aug,0,east,variable,3,2,21.01,0
user_222,25.2,76.2,1.8,1,161.5,Tue,Feb,4,north,variable,0,4,10.79,0
user_409,19.5,69.1,1.1,0,102.3,Sat,Oct,6,north,variable,1,10,22.87,0
user_392,22.0,77.2,5.7,0,131.9,Thu,Jul,5,east,variable,2,5,20.04,0
user_273,22.5,27.6,6.2,1,119.5,Thu,May,0,west,variable,1,3,7.31,0
user_313,22.3,36.1,4.1,0,157.9,Sat,Oct,2,east,variable,1,5,22.45,0
user_155,22.5,52.7,5.3,0,154.6,Sun,Mar,2,east,fixed,0,5,19.57,0
user_318,29.1,32.4,5.2,0,78.8,Sat,Sep,2,south,variable,1,6,28.13,1
user_320,24.6,32.3,7.7,0,98.8,Mon,Feb,1,west,variable,0,4,20.58,0
user_494,22.4,68.9,6.0,0,83.5,Thu,Aug,6,south,fixed,0,7,20.9,0
user_424,20.2,85.2,4.8,0,119.8,Fri,Jan,2,east,variable,0,8,20.84,0
user_375,30.8,27.6,5.9,1,108.6,Wed,Jul,5,west,fixed,1,9,14.27,0
user_424,14.1,51.0,2.7,0,142.8,Sat,Feb,2,west,variable,0,6,13.02,0
user_25,21.1,62.1,6.3,0,152.3,Tue,Mar,2,north,green,0,7,23.78,0
user_334,23.5,63.0,5.1,0,134.3,Mon,Aug,4,east,variable,1,6,33.66,1
user_85,13.8,55.8,4.2,0,77.6,Wed,Apr,5,north,variable,1,7,25.65,0
user_118,36.4,31.4,1.3,0,152.8,Sat,Mar,7,west,variable,1,10,26.4,0
user_186,22.1,47.9,3.7,1,82.1,Tue,May,6,north,green,0,6,5.04,0
user_28,14.0,41.8,4.5,0,93.5,Thu,Oct,5,south,fixed,2,6,26.13,0
user_264,25.7,37.7,1.5,0,159.5,Mon,Jan,5,south,fixed,1,10,21.72,0
user_403,23.1,57.2,2.4,0,116.1,Fri,Nov,7,south,fixed,2,12,34.62,1
user_500,30.0,22.5,2.3,0,116.4,Sun,Dec,6,north,fixed,0,7,17.07,0
user_440,20.5,81.2,2.5,0,143.1,Sat,Jun,7,north,fixed,1,7,29.83,1
user_344,27.1,37.1,1.1,0,145.0,Sun,Aug,0,north,green,0,3,8.5,0
user_254,24.7,84.8,5.5,1,102.4,Tue,Jul,6,east,fixed,2,8,20.73,0
user_78,26.1,74.4,1.5,0,121.5,Sat,Dec,4,south,fixed,0,6,13.77,0
user_169,18.2,20.8,3.7,0,127.2,Sat,May,7,west,green,0,6,21.52,0
user_400,16.5,63.9,6.6,0,138.8,Mon,Oct,6,east,fixed,2,11,29.77,1
user_112,30.0,55.4,2.3,0,152.3,Mon,Feb,0,south,fixed,1,5,10.45,0
user_435,13.9,53.2,4.2,1,110.9,Wed,May,7,east,fixed,1,7,21.13,0
user_148,33.1,78.6,3.0,0,103.6,Sun,Feb,5,south,green,1,7,21.38,0
user_199,40.9,46.2,1.2,0,113.0,Thu,May,5,west,variable,1,8,33.47,1
user_483,14.9,26.7,5.2,0,94.7,Sun,Jul,1,south,fixed,0,9,21.62,0
user_211,20.3,56.0,7.3,1,128.9,Mon,Oct,0,south,green,0,8,18.88,0
user_331,16.7,57.2,2.3,0,102.7,Sun,Dec,5,south,fixed,2,9,25.52,0
user_361,15.7,21.7,1.2,0,97.0,Tue,Dec,5,south,variable,1,7,23.21,0
user_142,22.9,80.1,5.3,0,141.8,Fri,May,0,north,fixed,0,4,27.84,1
user_11,24.8,32.7,6.7,0,103.2,Mon,Mar,1,west,green,0,3,12.25,0
user_188,18.0,52.6,3.9,0,152.1,Sun,May,2,east,fixed,2,7,30.42,1
user_294,21.1,57.6,5.7,1,126.4,Wed,Jul,0,south,green,1,5,7.74,0
user_416,24.5,82.7,6.8,1,107.2,Tue,Dec,5,north,variable,2,7,26.12,0
user_435,29.5,55.5,6.6,0,69.3,Sat,Jun,7,west,fixed,3,10,36.6,1
user_305,25.1,84.4,3.6,0,131.4,Mon,Jun,4,north,fixed,0,6,15.16,0
user_142,18.6,23.1,3.8,0,112.6,Thu,Dec,1,north,fixed,1,7,19.62,0
user_194,15.2,36.9,5.3,1,99.7,Thu,May,6,north,fixed,0,4,23.73,0
user_295,23.2,60.9,3.0,0,50.6,Sat,Dec,3,west,variable,2,6,17.68,0
user_323,20.3,20.6,4.7,0,150.0,Mon,Aug,5,west,variable,1,6,23.7,0
user_17,24.1,69.4,5.3,0,190.2,Sat,Oct,1,north,variable,0,8,27.76,1
user_26,17.4,69.6,7.4,0,75.3,Fri,Nov,7,north,fixed,1,7,34.69,1
user_10,17.1,29.0,1.2,1,121.5,Wed,Mar,3,south,green,1,5,5.0,0
user_366,24.0,86.2,4.8,0,138.7,Wed,Sep,5,south,variable,1,9,19.15,0
user_464,24.2,55.5,2.8,1,103.0,Fri,Jul,3,north,fixed,0,8,17.26,0
user_160,26.5,44.7,4.7,1,76.3,Fri,Oct,1,east,green,3,6,13.8,0
user_360,29.2,34.5,7.5,0,72.4,Sun,Jan,7,east,fixed,1,4,26.72,1
user_101,28.0,77.1,4.7,0,121.5,Thu,Jul,7,south,variable,1,10,25.32,0
user_289,27.8,48.8,4.5,0,107.2,Fri,Nov,3,west,variable,1,9,20.77,0
user_466,12.0,86.0,4.3,1,114.1,Wed,Sep,0,west,variable,2,3,8.96,0
user_301,20.6,84.9,3.8,0,124.2,Fri,Sep,0,south,fixed,1,5,17.56,0
user_287,27.4,45.2,5.4,1,122.5,Wed,Jan,2,west,fixed,1,3,10.34,0
user_484,20.3,31.9,2.3,1,127.5,Tue,Oct,0,east,green,1,5,10.88,0
user_365,28.1,65.1,1.8,0,50.0,Sun,Jan,0,east,fixed,0,3,13.93,0
user_305,23.3,77.2,3.1,0,112.4,Mon,Nov,4,west,variable,1,7,16.36,0
user_486,20.6,29.6,7.1,1,117.5,Sat,Feb,6,south,green,1,9,25.51,0
user_30,24.2,22.4,1.2,0,92.2,Sun,Oct,3,west,fixed,1,6,12.47,0
user_85,23.4,23.0,6.8,0,140.6,Tue,Jun,4,east,fixed,1,9,20.08,0
user_53,26.3,20.9,1.9,1,119.6,Fri,Apr,4,north,fixed,2,7,22.2,0
user_123,20.9,55.4,3.6,0,85.1,Mon,Sep,7,south,fixed,1,9,29.29,1
user_223,26.4,58.3,1.3,0,121.2,Tue,Aug,0,south,green,2,3,5.0,0
user_267,16.7,55.2,5.8,0,92.1,Sun,Jun,1,south,green,1,7,21.8,0
user_476,31.9,64.2,2.3,0,119.6,Thu,Sep,6,east,fixed,0,5,20.69,0
user_50,26.9,61.6,5.3,0,167.0,Thu,May,6,west,variable,1,7,25.46,0
user_301,23.0,30.2,1.2,1,98.2,Mon,Jan,6,east,green,0,5,10.45,0
user_286,33.2,41.1,5.1,0,108.2,Tue,Jul,4,west,fixed,0,5,22.05,0
user_346,29.4,39.6,1.4,1,142.8,Sun,Nov,0,south,green,0,7,7.2,0
user_279,24.6,39.7,2.3,0,73.2,Fri,Jul,6,east,fixed,2,9,20.24,0
user_57,21.1,47.1,3.6,1,144.2,Tue,Oct,0,west,fixed,1,7,11.5,0
user_127,21.9,45.3,5.3,0,63.0,Tue,May,2,east,variable,0,1,12.02,0
user_273,16.5,54.1,3.7,0,105.5,Tue,Jun,4,north,fixed,3,12,30.08,1
user_497,22.3,85.9,2.2,1,126.2,Sat,Jul,7,east,variable,1,5,15.11,0
user_455,17.3,69.7,1.1,0,163.2,Fri,Oct,1,west,variable,1,4,18.75,0
user_483,21.6,55.0,2.8,0,95.3,Fri,Dec,0,south,green,1,4,10.15,0
user_319,26.9,24.0,4.3,1,144.4,Thu,Aug,5,east,variable,1,4,16.76,0
user_114,23.3,65.8,1.5,1,114.6,Mon,Jun,3,south,variable,3,6,15.29,0
user_36,23.2,57.9,2.7,1,152.3,Wed,Dec,4,east,fixed,1,6,27.2,1
user_331,22.6,53.7,5.8,1,123.0,Sat,Feb,5,east,fixed,2,7,24.08,0
user_204,27.0,80.3,3.9,0,137.7,Thu,Jul,7,east,variable,0,7,21.26,0
user_394,22.0,23.4,1.7,0,101.6,Tue,Mar,1,east,fixed,2,2,9.16,0
user_205,26.0,85.3,1.8,0,162.0,Sun,Mar,5,south,green,2,10,29.42,1
user_180,16.6,26.4,1.3,1,155.1,Sun,Oct,1,west,variable,2,7,16.47,0
user_32,26.1,64.9,7.2,0,120.0,Mon,Jul,0,east,variable,1,3,14.15,0
user_84,34.9,30.9,4.6,0,136.7,Fri,Jun,3,west,green,2,6,23.45,0
user_401,17.0,68.2,4.0,0,131.7,Mon,Dec,5,east,variable,1,9,30.37,1
user_405,25.1,51.0,3.4,0,122.3,Sun,Apr,0,east,fixed,2,2,11.4,0
user_324,18.9,88.9,6.6,1,169.6,Sat,May,0,west,fixed,0,6,12.97,0
user_69,24.3,44.4,7.2,0,131.5,Thu,Sep,7,east,green,0,10,29.65,1
user_338,30.2,58.0,7.4,0,127.5,Thu,Sep,5,north,fixed,1,7,27.25,1
user_456,21.7,49.0,3.8,1,123.5,Sat,Nov,4,west,fixed,2,8,21.35,0
user_410,31.3,85.5,2.9,0,145.5,Sat,Oct,7,north,fixed,0,14,25.27,0
user_315,24.2,35.1,7.2,0,104.8,Sun,Jul,4,south,variable,0,5,18.87,0
user_128,22.3,84.1,3.6,1,129.5,Mon,Oct,2,south,variable,0,3,14.03,0
user_147,27.7,83.6,7.1,1,140.1,Sun,Nov,4,north,green,1,6,18.05,0
user_241,12.9,84.7,1.2,1,107.4,Thu,Apr,1,south,fixed,3,7,5.34,0
user_466,22.5,80.3,4.8,0,186.2,Sat,Sep,5,north,fixed,1,7,28.08,1
user_291,19.0,85.1,6.7,1,78.0,Mon,May,6,west,variable,0,7,25.36,0
user_190,27.9,87.9,3.9,1,94.6,Fri,Feb,1,west,variable,0,5,9.59,0
user_489,26.2,54.2,1.3,1,103.8,Fri,Mar,5,north,green,1,4,5.0,0
user_81,18.3,42.1,5.1,1,90.8,Wed,Jun,4,east,variable,1,6,19.32,0
user_213,18.0,59.9,4.9,0,147.9,Sat,Jul,3,north,variable,2,10,33.84,1
user_1,28.2,60.2,5.4,1,82.2,Fri,Apr,2,north,green,3,2,19.15,0
user_35,20.1,46.7,4.4,0,50.7,Wed,Jul,1,west,fixed,2,3,18.34,0
user_153,24.8,57.9,5.2,1,67.7,Tue,Nov,0,south,fixed,0,2,5.0,0
user_243,22.3,79.8,5.4,0,167.8,Fri,Nov,3,north,fixed,2,7,28.16,1
user_277,24.0,34.1,2.4,1,103.6,Tue,Dec,4,south,fixed,0,4,11.7,0
user_279,27.6,81.1,2.6,0,122.1,Tue,May,6,east,variable,1,6,22.36,0
user_459,24.6,41.4,3.7,0,95.9,Tue,Mar,7,south,variable,0,7,26.7,1
user_72,22.4,86.4,3.5,0,50.0,Sat,Mar,1,west,variable,1,1,18.36,0
user_95,14.8,35.9,4.7,0,153.2,Wed,Jun,4,east,fixed,2,6,28.63,1
user_303,22.9,40.5,6.4,1,98.2,Mon,Feb,2,west,green,0,5,16.55,0
user_323,32.5,38.1,2.8,0,132.1,Sun,Dec,4,west,variable,0,5,15.42,0
user_108,22.4,45.4,4.2,1,127.5,Wed,Mar,0,north,green,2,2,5.18,0
user_314,27.1,56.5,6.5,0,165.3,Tue,Nov,0,north,fixed,0,4,16.62,0
user_181,21.6,87.6,7.0,1,178.4,Fri,Feb,0,west,fixed,2,3,20.41,0
user_236,21.1,86.3,1.0,0,108.0,Sat,Dec,7,east,fixed,0,11,23.2,0
user_36,16.6,68.7,2.9,0,118.7,Sat,Nov,3,east,variable,0,3,19.83,0
user_444,18.1,45.2,7.9,0,140.3,Sun,Apr,0,north,green,1,6,23.34,0
user_93,11.5,36.1,2.7,1,110.1,Sun,May,0,north,variable,0,5,13.79,0
user_191,26.4,82.4,5.3,0,127.1,Thu,May,7,west,variable,2,9,24.05,0
user_389,20.9,29.8,5.3,0,142.9,Tue,Mar,3,north,variable,2,10,32.41,1
user_258,27.8,61.5,3.9,0,77.3,Thu,Sep,7,east,fixed,0,4,29.34,1
user_74,22.4,25.2,1.1,0,92.9,Wed,Aug,5,east,fixed,2,6,7.62,0
user_443,11.3,40.4,6.9,1,171.8,Thu,Sep,4,north,green,4,12,35.26,1
user_314,23.4,46.3,6.5,0,143.5,Sat,Jan,6,north,fixed,1,7,35.71,1
user_415,32.9,38.1,1.8,1,79.7,Tue,Jun,3,east,green,0,5,5.71,0
user_316,27.5,40.7,3.5,1,80.6,Tue,Dec,2,south,fixed,1,3,12.99,0
user_417,26.4,49.6,6.7,1,156.9,Mon,Dec,0,west,variable,0,5,10.95,0
user_406,21.4,77.0,3.5,1,92.6,Sun,Jun,0,east,fixed,1,1,6.4,0
user_147,30.9,27.2,6.6,1,123.2,Thu,Dec,7,west,variable,2,8,31.46,1
user_135,22.5,28.2,2.4,0,104.0,Wed,Mar,4,east,variable,2,6,12.78,0
user_68,32.9,48.6,2.9,0,120.0,Thu,Aug,1,east,variable,2,4,15.38,0
user_237,16.9,32.4,6.2,0,154.6,Tue,Dec,1,north,variable,0,8,27.53,1
user_476,22.4,35.9,4.9,0,136.2,Wed,Dec,5,west,fixed,2,8,23.84,0
user_290,22.2,36.2,2.7,1,191.5,Sat,Jul,0,west,variable,0,7,12.7,0
user_399,30.1,57.3,1.0,1,126.7,Thu,Oct,7,north,fixed,0,9,16.59,0
user_147,17.5,34.9,6.3,0,113.9,Sat,Oct,3,south,variable,0,5,23.22,0
user_400,24.8,68.3,4.3,0,156.1,Tue,Jul,0,south,variable,1,5,21.02,0
user_296,33.9,88.3,8.0,0,147.8,Wed,May,7,east,green,2,9,33.64,1
user_112,29.3,59.1,4.2,1,53.8,Thu,Mar,7,north,green,0,2,11.48,0
user_38,25.1,51.3,2.7,0,58.2,Thu,May,7,north,variable,3,5,27.97,1
user_456,23.8,41.7,6.7,1,87.0,Tue,May,0,north,green,3,8,19.26,0
user_450,25.3,60.4,5.8,0,65.9,Thu,Jul,5,south,variable,1,8,26.41,1
user_237,25.4,31.6,4.7,1,70.7,Fri,Mar,5,south,variable,0,4,19.25,0
user_3,27.9,23.4,1.5,0,113.3,Fri,Apr,3,east,variable,1,6,14.58,0
user_158,26.1,57.9,2.3,0,140.8,Mon,Sep,7,north,fixed,1,11,26.96,1
user_374,22.2,46.7,4.6,0,104.6,Sat,Jul,7,west,variable,1,5,25.69,0
user_419,22.0,71.1,7.3,0,103.9,Mon,Apr,6,east,variable,2,6,18.6,0
user_262,32.1,82.5,7.8,0,91.5,Sat,Mar,4,south,fixed,0,3,22.73,0
user_387,26.9,40.1,7.0,1,132.1,Mon,Mar,0,north,variable,1,5,16.88,0
user_347,7.1,32.8,4.0,0,115.1,Tue,Nov,1,east,fixed,0,1,11.37,0
user_385,20.1,37.8,5.6,0,85.9,Thu,Jun,7,north,fixed,3,10,32.42,1
user_171,37.4,37.8,1.6,1,124.8,Wed,Jan,0,west,fixed,0,1,5.0,0
user_341,28.6,87.7,1.1,0,101.7,Thu,Oct,7,east,variable,0,4,17.96,0
user_58,26.7,47.7,4.0,0,121.7,Sat,Aug,2,north,variable,0,6,14.67,0
user_137,9.6,78.4,7.0,0,100.1,Thu,Jun,7,north,fixed,3,6,33.77,1
user_403,11.2,63.4,6.7,1,135.9,Sat,Dec,2,east,fixed,2,5,21.36,0
user_7,26.5,26.4,4.5,0,134.0,Tue,Feb,2,north,fixed,1,9,18.92,0
user_69,18.4,32.5,3.1,0,115.9,Sat,Aug,3,south,variable,1,7,18.74,0
user_33,12.0,70.3,3.9,0,104.3,Wed,Sep,7,east,variable,0,7,34.93,1
user_87,24.0,33.8,6.5,0,119.3,Sun,Oct,5,north,green,0,6,24.94,0
user_72,31.2,27.6,7.6,1,93.1,Tue,Jan,2,east,variable,1,3,10.34,0
user_223,21.5,44.2,7.4,1,109.5,Sat,Jun,7,south,fixed,0,5,27.47,1
user_390,22.4,70.2,5.8,0,104.0,Sat,Aug,2,west,fixed,0,3,20.5,0
user_404,24.4,62.5,4.7,0,133.2,Thu,Sep,4,east,variable,0,11,33.25,1
user_314,16.9,30.5,3.1,0,101.6,Tue,Feb,3,east,green,0,10,20.32,0
user_79,14.3,81.0,6.5,0,149.1,Thu,Sep,7,south,fixed,2,11,28.83,1
user_111,26.3,29.8,1.8,0,110.2,Sat,May,7,west,variable,3,6,27.08,1
user_73,23.1,50.2,6.6,0,135.1,Sat,Aug,3,north,variable,0,4,22.12,0
user_267,12.2,75.8,5.0,0,154.0,Mon,Nov,1,west,variable,2,11,32.39,1
user_290,22.5,59.9,6.1,0,129.6,Tue,Jul,1,west,variable,1,4,22.61,0
user_76,19.8,45.5,5.9,0,130.6,Sat,Aug,5,east,fixed,1,8,18.01,0
user_176,21.1,85.7,3.0,0,131.4,Wed,Nov,4,north,green,3,8,17.59,0
user_218,24.3,60.2,1.8,1,160.8,Sun,Sep,5,west,fixed,2,9,15.72,0
user_492,17.1,52.8,3.8,0,70.2,Sun,Jan,5,east,variable,1,3,24.71,0
user_18,21.1,50.2,4.6,0,90.3,Sat,Feb,6,south,green,1,6,22.31,0
user_114,21.1,82.7,3.8,0,115.4,Thu,Sep,0,west,variable,0,2,9.86,0
user_440,12.8,47.4,7.2,1,112.3,Sun,Oct,5,south,green,0,6,22.94,0
user_498,23.0,20.5,4.1,0,89.8,Fri,Jan,1,north,variable,3,2,13.83,0
user_157,9.4,54.5,5.6,0,104.2,Tue,Feb,7,west,variable,2,9,43.87,1
user_352,19.2,38.1,1.1,0,139.3,Wed,Dec,1,north,variable,0,7,13.19,0
user_152,18.2,25.0,6.0,1,63.3,Mon,Nov,5,south,variable,2,4,16.28,0
user_500,39.6,61.6,2.2,1,79.8,Sat,Oct,7,south,variable,1,12,26.86,1
user_478,13.8,75.3,2.9,0,139.9,Tue,Jul,3,east,fixed,1,5,19.44,0
user_267,13.4,79.8,6.0,0,83.1,Thu,Jan,0,west,green,1,1,19.77,0
user_11,25.2,69.5,3.7,1,147.7,Tue,Mar,7,south,variable,0,8,18.02,0
user_448,15.6,83.3,5.4,0,99.9,Sat,Apr,0,south,fixed,0,5,19.79,0
user_282,9.5,62.0,2.3,0,113.4,Wed,Dec,3,south,fixed,0,5,19.92,0
user_220,26.8,20.2,5.2,0,134.6,Sat,Jun,2,east,variable,2,6,24.43,0
user_270,21.6,64.0,5.0,0,125.1,Sat,Oct,1,west,green,1,8,18.11,0
user_262,24.2,35.7,2.1,1,180.9,Tue,Oct,0,north,variable,0,5,8.8,0
user_365,28.4,36.0,7.5,1,115.8,Fri,Jun,6,south,variable,2,10,25.05,0
user_309,32.2,27.0,3.8,0,88.4,Fri,Sep,5,north,variable,1,4,19.35,0
user_358,28.0,24.7,7.4,0,131.8,Wed,Sep,5,west,variable,1,8,30.4,1
user_250,9.4,30.6,5.9,1,173.9,Tue,Jun,7,west,variable,1,12,32.72,1
user_23,18.5,85.7,4.4,0,94.8,Mon,Jul,0,north,fixed,2,4,24.37,0
user_442,18.0,55.6,6.4,1,137.7,Mon,Apr,6,east,variable,0,5,24.19,0
user_124,18.6,70.1,5.4,1,103.2,Tue,May,1,south,fixed,2,1,15.37,0
user_381,21.2,24.8,1.7,0,155.4,Mon,Jan,7,north,variable,1,7,17.75,0
user_261,24.6,36.6,7.2,0,84.2,Mon,Jun,4,west,variable,0,8,24.92,0
user_391,14.5,70.8,6.0,0,117.7,Sat,Nov,1,west,fixed,2,7,29.18,1
user_223,29.5,85.6,1.2,0,103.4,Mon,Jan,3,west,green,4,10,23.37,0
user_51,23.9,60.0,1.4,0,117.2,Sun,Jan,4,south,variable,4,9,22.8,0
user_445,9.4,84.0,1.3,0,137.6,Thu,Aug,7,east,fixed,1,7,35.08,1
user_377,19.0,69.9,4.6,1,130.1,Fri,Oct,6,south,fixed,1,4,18.63,0
user_451,25.0,43.4,6.6,0,122.2,Tue,Sep,5,south,fixed,0,6,21.54,0
user_300,20.7,39.0,3.1,0,101.0,Tue,Jan,2,east,fixed,3,7,18.95,0
user_396,30.7,70.4,4.3,0,125.1,Wed,Oct,7,east,fixed,0,6,30.61,1
user_307,27.7,35.0,7.9,1,104.7,Wed,Nov,6,west,variable,1,7,25.9,0
user_304,36.1,35.1,4.3,0,117.8,Sun,May,1,south,green,1,1,17.08,0
user_243,21.7,83.4,4.7,1,95.2,Fri,Jul,0,north,variable,0,2,9.55,0
user_75,23.5,53.7,2.7,0,97.2,Sat,Jan,4,north,fixed,1,4,14.96,0
user_402,20.6,21.0,4.0,0,131.8,Thu,Aug,5,west,variable,1,13,24.06,0
user_138,16.5,26.4,7.9,1,108.8,Sun,Nov,4,north,fixed,1,9,26.02,0
user_312,9.8,67.7,3.4,0,115.7,Sat,Jun,4,north,fixed,0,7,29.08,1
user_5,36.3,88.6,5.4,0,131.1,Sun,Jun,6,west,fixed,0,5,26.98,1
user_379,22.1,31.7,4.0,1,147.6,Sat,Jul,3,north,variable,1,4,8.76,0
user_108,22.1,37.4,3.1,1,143.1,Sun,Jan,2,north,green,2,8,11.96,0
user_305,15.5,27.0,7.8,1,88.1,Tue,Mar,1,south,variable,0,5,15.52,0
user_369,31.5,55.9,2.3,1,129.6,Fri,Nov,2,north,variable,3,8,16.15,0
user_242,20.7,72.6,4.3,0,176.2,Fri,Jun,3,south,fixed,1,9,19.67,0
user_73,25.5,51.1,5.8,0,81.2,Thu,Oct,7,north,variable,1,7,25.18,0
user_72,29.8,85.3,5.1,0,141.4,Sat,Dec,2,west,variable,1,4,20.56,0
user_288,18.9,74.9,7.8,0,139.0,Wed,Mar,5,north,fixed,1,9,35.92,1
user_334,24.3,76.2,1.6,0,91.5,Mon,Jul,1,north,variable,2,1,11.77,0
user_261,14.6,53.8,3.8,1,143.5,Thu,Oct,5,north,green,0,6,19.48,0
user_277,26.5,54.3,4.5,1,191.1,Sat,Jun,4,north,fixed,1,9,19.39,0
user_179,26.6,73.5,1.9,0,127.6,Sat,Nov,3,west,fixed,1,7,14.06,0
user_467,14.2,62.5,2.6,1,125.4,Thu,Apr,7,south,fixed,0,8,18.25,0
user_269,19.1,38.7,2.9,0,87.6,Sat,Jan,6,west,green,2,7,21.09,0
user_380,19.7,23.6,5.1,1,71.3,Tue,Aug,0,north,green,2,3,9.69,0
user_365,25.0,83.7,4.2,0,149.5,Fri,Feb,4,west,green,0,7,25.95,0
user_141,23.3,56.2,3.5,0,96.6,Wed,Dec,4,east,variable,3,8,24.03,0
user_113,26.1,39.2,7.5,0,107.1,Thu,Jan,7,east,fixed,3,6,28.39,1
user_422,18.7,71.2,6.3,0,135.0,Fri,Jul,0,east,variable,3,6,19.15,0
user_484,29.3,24.6,7.0,0,124.8,Mon,Sep,7,south,fixed,1,12,32.48,1
user_228,22.1,78.3,1.2,0,108.7,Sun,Jan,2,west,fixed,1,4,11.65,0
user_436,21.3,61.6,1.2,0,120.2,Sat,Apr,6,north,variable,0,10,24.13,0
user_303,23.3,21.7,6.2,1,176.9,Sun,Feb,5,east,variable,1,11,23.37,0
user_403,12.2,67.8,5.9,0,166.8,Wed,Nov,5,south,variable,1,12,37.69,1
user_171,15.7,85.0,2.0,1,150.7,Wed,Nov,6,south,variable,1,7,19.81,0
user_201,26.9,20.1,4.2,1,92.4,Thu,Mar,0,east,fixed,0,1,7.73,0
user_325,30.6,59.0,7.5,0,156.0,Tue,Feb,2,west,fixed,0,8,24.61,0
user_201,29.6,58.8,1.2,0,187.8,Wed,Apr,3,north,variable,1,10,15.53,0
user_472,13.7,78.3,5.3,0,116.7,Mon,Nov,7,south,variable,1,5,30.59,1
user_407,17.2,54.3,6.5,0,80.1,Tue,Feb,5,south,fixed,2,5,24.13,0
user_164,18.0,67.7,3.4,1,125.3,Sat,Dec,6,north,fixed,3,9,27.03,1
user_121,22.8,45.1,5.5,0,86.9,Tue,Apr,2,north,variable,1,9,18.97,0
user_57,28.6,53.7,5.3,0,89.8,Sun,Jan,5,east,green,0,8,21.56,0
user_362,22.1,21.5,2.9,1,98.2,Sun,Oct,3,north,fixed,2,5,10.7,0
user_261,17.1,32.5,6.8,0,102.2,Wed,Oct,1,west,variable,0,5,23.35,0
user_198,32.0,61.2,7.9,1,98.7,Fri,Feb,1,west,green,0,8,16.37,0
user_363,31.2,86.7,6.0,0,103.8,Sat,May,3,east,variable,0,4,21.43,0
user_450,21.1,67.6,2.1,0,118.5,Sat,Apr,5,north,variable,0,7,19.06,0
user_289,25.5,77.7,3.9,0,118.8,Tue,Apr,5,south,fixed,1,5,20.44,0
user_45,27.2,49.7,7.4,0,107.5,Sun,Mar,1,south,fixed,1,10,26.96,1
user_32,20.1,49.8,7.5,0,88.0,Mon,Sep,6,west,fixed,3,8,38.66,1
user_63,16.4,67.9,7.8,0,156.8,Sat,Nov,5,east,fixed,1,7,29.03,1
user_213,21.9,75.3,6.6,0,110.3,Wed,Oct,7,west,fixed,0,10,37.09,1
user_416,30.7,89.9,6.8,1,109.3,Sat,Mar,6,south,variable,0,8,28.27,1
user_406,24.6,48.6,3.6,1,67.9,Sat,May,7,south,green,1,9,10.85,0
user_19,8.2,29.9,3.9,1,120.0,Wed,Sep,0,south,variable,0,6,6.85,0
user_435,25.5,80.0,5.6,1,103.4,Thu,Nov,0,west,variable,0,2,11.36,0
user_16,21.2,28.9,8.0,0,104.3,Sun,Oct,4,south,fixed,0,4,22.3,0
user_47,26.3,78.0,5.1,0,130.4,Sat,Mar,3,south,variable,1,7,16.05,0
user_110,25.5,84.5,2.4,0,137.1,Mon,Nov,5,north,fixed,1,8,26.38,0
user_475,17.2,51.8,7.7,0,79.8,Thu,Jul,1,south,variable,2,6,23.29,0
user_467,21.0,38.0,1.1,1,134.4,Thu,Mar,3,east,fixed,2,8,16.3,0
user_469,29.6,36.5,4.3,0,210.0,Sat,Sep,7,east,fixed,1,11,36.21,1
user_344,30.5,81.8,6.9,1,80.1,Thu,Jan,6,north,fixed,0,8,24.87,0
user_324,30.1,39.6,4.5,1,110.3,Sat,Jun,4,west,green,0,5,14.91,0
user_443,25.8,49.0,2.0,0,117.7,Sun,May,6,north,fixed,1,7,29.83,1
user_69,25.7,26.6,3.1,0,165.5,Sun,Oct,6,south,fixed,2,9,24.26,0
user_481,24.8,31.4,3.3,1,102.2,Thu,Oct,3,east,variable,1,8,16.67,0
user_164,17.7,80.7,6.1,1,63.7,Fri,Jan,3,west,fixed,2,4,18.58,0
user_341,12.9,51.6,3.7,0,92.3,Fri,May,3,east,fixed,0,7,26.32,0
user_254,20.4,54.7,5.5,1,108.7,Mon,Apr,3,north,fixed,2,7,15.42,0
user_471,29.4,20.7,7.0,0,95.4,Sun,Jan,0,east,fixed,0,4,15.7,0
user_352,28.6,69.3,4.0,0,124.7,Mon,Jun,4,east,fixed,1,7,24.13,0
user_300,16.0,49.1,4.9,1,107.8,Mon,Mar,2,west,variable,0,3,9.18,0
user_82,23.4,80.9,3.5,0,195.1,Sat,Jan,6,west,fixed,1,10,29.81,1
user_276,11.9,31.5,7.5,1,130.7,Wed,Mar,1,north,variable,1,4,23.14,0
user_180,20.6,72.4,1.6,0,102.9,Sun,Nov,1,south,variable,1,7,15.15,0
user_285,15.1,64.1,7.1,1,139.0,Wed,Sep,1,south,fixed,3,4,14.53,0
user_172,24.3,37.9,1.9,1,91.9,Mon,Apr,5,east,variable,1,4,16.02,0
user_4,28.6,41.4,4.0,0,157.5,Tue,Apr,0,north,green,0,9,20.85,0
user_49,22.2,55.4,4.2,0,168.8,Tue,Apr,3,south,variable,2,8,12.81,0
user_179,30.1,54.5,5.2,1,98.3,Fri,Jul,5,east,green,0,5,11.85,0
user_107,23.3,88.0,4.3,1,60.0,Fri,Mar,1,south,variable,1,1,7.25,0
user_111,16.8,52.0,6.5,1,145.1,Fri,Oct,0,east,variable,1,2,18.87,0
user_324,17.4,73.5,3.3,1,106.7,Tue,Dec,0,west,fixed,1,1,5.0,0
user_42,27.7,77.5,5.1,0,147.5,Sat,Oct,5,south,green,1,6,21.67,0
user_384,17.0,32.1,4.5,0,127.3,Sat,Aug,3,south,fixed,1,5,28.39,1
user_22,31.4,27.1,6.0,1,163.0,Sat,May,0,east,green,0,4,15.7,0
user_376,27.6,50.2,3.7,0,130.8,Sat,Jun,1,north,fixed,3,4,21.65,0
user_51,29.2,51.7,5.8,1,140.1,Mon,Oct,0,north,fixed,1,5,14.99,0
user_216,20.5,26.4,5.8,0,111.8,Sun,Feb,5,north,fixed,1,2,25.84,0
user_340,15.1,75.9,4.6,0,87.2,Sat,May,4,north,variable,0,7,23.17,0
user_477,19.0,34.8,6.3,1,84.0,Fri,Jul,2,north,fixed,0,4,13.43,0
user_198,20.2,46.1,6.1,1,145.3,Thu,Oct,4,north,variable,1,7,19.97,0
user_99,23.5,38.4,3.3,0,120.1,Sat,Dec,3,east,variable,2,3,14.88,0
user_147,20.7,44.2,5.7,0,92.6,Thu,Dec,4,south,fixed,2,5,22.37,0
user_496,26.9,22.7,4.7,0,127.3,Tue,Nov,6,south,variable,0,8,29.06,1
user_237,23.2,25.5,4.7,1,194.0,Tue,Oct,7,east,variable,2,14,29.72,1
user_425,35.2,86.2,4.2,0,156.5,Fri,Nov,3,north,fixed,1,9,25.22,0
user_468,16.5,62.8,6.8,0,122.8,Thu,Mar,5,north,fixed,0,6,38.43,1
user_35,28.2,43.8,2.3,1,121.4,Sun,Mar,0,south,fixed,1,4,6.57,0
user_454,27.7,51.1,5.9,0,126.5,Tue,Mar,2,east,fixed,4,9,30.42,1
user_435,35.9,22.3,5.8,0,77.7,Sat,Oct,1,north,fixed,0,1,10.8,0
user_494,26.1,79.8,4.3,0,150.6,Fri,Dec,2,west,fixed,2,6,30.45,1
user_118,18.2,54.4,5.8,0,156.4,Wed,Dec,6,east,variable,0,4,30.87,1
user_388,29.2,58.8,2.4,1,88.1,Mon,Jul,2,south,variable,1,3,5.0,0
user_214,16.3,48.5,1.1,0,135.5,Sat,Jun,1,east,green,2,5,18.08,0
user_145,16.9,42.0,2.6,0,89.1,Tue,Feb,5,east,variable,4,5,21.36,0
user_11,18.4,47.9,8.0,0,139.2,Sun,Jan,0,west,variable,2,9,27.92,1
user_308,22.9,33.5,6.4,0,114.9,Fri,Jun,0,south,variable,0,4,19.72,0
user_181,23.4,45.7,5.0,0,119.1,Sun,Sep,0,east,variable,2,5,19.21,0
user_132,27.2,48.6,6.0,0,125.2,Mon,Jul,3,west,variable,0,5,21.25,0
user_414,23.7,82.2,2.5,0,145.4,Sat,May,3,west,green,1,5,16.22,0
user_322,26.2,63.3,7.5,0,53.4,Sun,Jan,4,north,green,1,4,26.19,0
user_53,27.1,70.3,3.4,0,131.0,Wed,Sep,5,east,fixed,1,9,15.23,0
user_500,16.6,61.1,1.3,0,174.6,Wed,Dec,6,north,fixed,1,8,21.43,0
user_400,21.8,58.4,7.7,0,153.0,Sat,Jan,4,south,fixed,2,4,28.02,1
user_381,21.5,74.9,1.3,0,125.4,Tue,Mar,3,west,fixed,1,8,13.77,0
user_280,31.2,64.2,4.3,0,95.6,Wed,Mar,1,west,fixed,2,9,31.32,1
user_268,17.7,32.8,5.7,0,136.8,Tue,Apr,6,west,fixed,2,6,27.74,1
user_9,19.0,43.3,3.8,0,52.9,Tue,May,7,north,fixed,1,4,26.81,1
user_222,18.8,27.2,7.6,1,106.3,Thu,Mar,4,west,fixed,1,7,17.14,0
user_462,33.5,74.8,1.2,0,106.7,Sun,Jan,1,south,fixed,0,4,13.09,0
user_376,21.0,75.5,5.7,0,115.9,Thu,Mar,3,east,green,2,5,21.13,0
user_39,24.3,34.8,4.8,0,122.8,Sat,Sep,7,north,fixed,1,12,31.05,1
user_19,25.5,38.4,3.6,0,119.6,Mon,Dec,1,north,green,0,3,12.37,0
user_301,21.5,54.7,5.0,1,113.1,Thu,Sep,1,east,variable,1,3,9.93,0
user_248,27.6,39.7,3.2,0,87.4,Thu,May,1,south,variable,2,6,10.34,0
user_182,24.7,47.5,7.7,0,109.7,Tue,Sep,0,north,variable,0,1,21.08,0
user_301,21.8,62.4,4.7,0,112.1,Thu,Nov,0,east,variable,0,2,13.38,0
user_106,18.3,38.2,5.8,0,142.4,Tue,Apr,1,north,fixed,0,3,11.3,0
user_116,8.7,33.1,3.3,0,111.7,Mon,Aug,0,north,green,0,1,5.0,0
user_64,17.3,42.4,3.8,0,125.1,Sun,Nov,2,south,fixed,1,4,38.16,1
user_371,25.7,50.5,5.1,0,122.1,Tue,Jun,6,east,variable,1,6,31.52,1
user_120,20.9,85.0,4.7,0,73.2,Tue,Nov,4,west,variable,1,5,23.78,0
user_54,21.8,54.2,1.9,0,121.9,Wed,Sep,5,west,fixed,2,7,18.42,0
user_348,33.9,48.3,3.4,1,133.0,Sat,Mar,1,west,fixed,0,6,13.55,0
user_113,16.1,29.6,3.1,1,135.1,Tue,Jun,7,west,green,1,8,25.4,0
user_142,13.7,87.2,2.2,0,112.8,Thu,Jan,1,north,green,2,6,26.31,0
user_489,36.3,21.9,1.1,1,126.2,Mon,Oct,7,west,variable,2,10,24.22,0
user_246,14.9,75.2,7.5,1,83.0,Tue,Mar,2,south,variable,0,7,17.92,0
user_151,20.4,27.5,2.0,1,125.1,Wed,Aug,7,east,variable,0,8,25.39,0
user_378,16.0,29.6,1.1,1,134.8,Thu,Nov,7,west,variable,2,8,17.15,0
user_6,16.1,27.2,4.5,1,164.8,Mon,Jan,6,east,green,2,10,22.01,0
user_192,17.2,77.2,7.9,0,154.0,Sat,Nov,5,east,fixed,2,13,38.06,1
user_80,24.6,85.1,4.7,0,118.4,Sat,Apr,3,west,green,2,7,26.51,1
user_268,15.8,32.7,6.2,1,113.1,Wed,May,1,east,fixed,1,5,16.15,0
user_257,24.7,55.8,3.9,1,88.6,Mon,Sep,0,south,variable,1,5,9.44,0
user_51,23.6,51.5,7.5,0,144.3,Sat,Nov,7,west,fixed,0,8,27.08,1
user_364,4.5,28.8,2.1,1,103.1,Thu,Aug,0,south,green,1,1,11.67,0
user_251,25.3,30.4,1.5,0,151.2,Wed,Aug,4,west,green,0,3,13.46,0
user_183,16.9,31.7,6.1,0,88.0,Sat,Oct,2,east,variable,1,3,13.4,0
user_257,19.2,50.5,7.0,0,133.1,Fri,Jan,4,east,fixed,0,6,31.94,1
user_435,20.1,49.8,4.9,0,133.8,Sat,Sep,0,west,fixed,2,4,13.21,0
user_178,21.5,21.7,1.2,0,121.4,Fri,Sep,0,north,variable,0,9,18.16,0
user_224,25.1,88.7,1.2,1,61.0,Thu,Mar,3,south,green,3,3,8.06,0
user_476,25.0,61.2,1.1,1,112.4,Mon,Feb,0,west,green,0,1,5.0,0
user_22,22.1,68.0,2.2,0,167.4,Sat,Apr,7,east,variable,1,8,21.32,0
user_327,26.5,82.2,5.6,0,125.1,Mon,Jan,4,west,green,0,5,22.23,0
user_192,17.8,47.8,5.8,0,135.9,Fri,Apr,2,north,fixed,1,6,19.11,0
user_15,27.2,60.4,3.3,0,128.8,Sun,Nov,5,east,fixed,0,7,56.48,1
user_142,22.5,35.0,3.3,0,111.0,Mon,Jul,0,west,variable,1,6,7.88,0
user_352,20.2,60.2,2.5,0,112.8,Mon,Apr,4,east,variable,0,4,19.47,0
user_216,16.1,70.3,5.3,0,106.5,Thu,Jan,4,south,variable,0,7,24.61,0
user_350,19.3,45.4,3.3,0,64.3,Tue,Apr,7,south,fixed,1,6,22.96,0
user_365,32.8,35.6,5.6,1,152.3,Mon,Feb,5,west,variable,1,7,12.28,0
user_385,30.7,46.7,3.5,0,151.7,Sat,Aug,2,north,green,1,6,22.64,0
user_500,30.3,55.9,6.0,1,110.2,Sun,Apr,2,west,fixed,0,5,13.32,0
user_478,23.9,87.1,2.5,0,115.7,Wed,Feb,3,west,variable,1,6,24.67,0
user_492,12.1,60.0,2.3,0,135.1,Tue,Jun,5,north,fixed,0,8,21.11,0
user_408,20.7,50.0,7.2,0,166.2,Thu,Aug,6,south,fixed,0,7,28.59,1
user_450,26.7,78.7,4.4,0,118.1,Thu,Feb,2,east,green,1,5,17.76,0
user_13,16.6,58.7,4.1,0,139.0,Tue,Jun,0,east,fixed,0,5,27.42,1
user_388,24.3,27.6,3.8,0,97.0,Thu,Mar,3,north,green,1,4,19.19,0
user_254,17.9,37.2,3.0,1,151.9,Sat,Dec,6,south,fixed,0,7,20.74,0
user_125,17.2,50.4,6.8,0,155.0,Mon,Apr,3,north,fixed,0,6,31.26,1
user_338,26.3,28.0,1.1,0,122.1,Mon,Dec,6,west,variable,0,4,23.41,0
user_273,24.2,39.6,7.7,0,157.2,Thu,Feb,5,south,green,0,7,27.98,1
user_375,17.2,28.2,3.3,0,151.3,Mon,Jul,4,south,fixed,4,8,26.53,1
user_70,30.5,35.1,4.2,0,105.1,Sun,Aug,6,north,variable,1,7,20.19,0
user_372,11.6,39.1,3.3,0,138.2,Wed,Jun,6,south,fixed,0,9,27.39,1
user_84,28.8,55.6,5.4,0,84.4,Thu,Feb,2,north,variable,1,5,25.0,0
user_30,31.9,36.8,5.9,1,113.2,Wed,Feb,7,south,green,0,8,14.05,0
user_69,31.0,27.3,7.1,0,136.8,Fri,Sep,5,north,green,0,6,24.73,0
user_201,21.6,69.0,7.5,0,100.8,Thu,Nov,1,north,fixed,2,2,20.46,0
user_98,18.9,77.3,1.5,0,122.5,Tue,Apr,5,east,variable,0,6,17.7,0
user_35,25.4,31.1,7.2,0,96.1,Thu,Mar,1,south,variable,1,7,13.06,0
user_158,36.2,60.7,6.5,0,57.2,Wed,Jun,4,west,fixed,2,6,27.59,1
user_166,17.1,28.5,5.4,0,142.0,Thu,Oct,4,north,green,0,12,26.19,0
user_310,13.1,68.9,1.7,0,111.4,Tue,Aug,2,east,variable,1,1,15.95,0
user_475,34.1,21.3,2.1,0,148.8,Sat,Mar,7,east,fixed,1,5,28.46,1
user_457,22.7,65.9,4.4,1,146.1,Mon,Aug,4,south,variable,0,11,20.49,0
user_483,34.3,36.5,7.5,0,108.9,Thu,Jan,3,east,variable,1,6,26.07,0
user_493,21.7,75.9,6.3,0,131.9,Wed,Sep,0,south,fixed,1,5,18.36,0
user_274,23.2,25.7,3.2,0,119.8,Fri,Jan,0,north,variable,0,1,8.19,0
user_417,16.6,58.4,3.6,0,116.9,Sat,Aug,2,south,variable,0,5,17.03,0
user_253,21.0,61.2,4.2,0,99.6,Wed,Mar,0,east,fixed,1,5,11.22,0
user_429,17.1,36.2,7.4,0,116.2,Sat,Dec,6,east,variable,0,9,31.9,1
user_123,24.5,48.2,7.1,0,118.0,Sat,Jan,5,west,green,1,7,20.35,0
user_118,12.0,83.5,6.9,0,122.2,Sun,Mar,4,north,variable,0,6,29.22,1
user_404,11.4,34.3,2.4,0,166.1,Thu,Sep,0,south,fixed,1,6,14.29,0
user_400,26.4,69.5,3.5,1,108.6,Mon,Mar,4,east,fixed,3,6,24.23,0
user_72,22.1,59.6,6.4,0,122.1,Thu,Nov,7,south,variable,1,8,30.57,1
user_13,17.6,78.1,5.6,0,142.4,Mon,Oct,0,east,fixed,1,7,23.43,0
user_449,27.0,62.6,5.9,0,116.6,Thu,Jul,0,west,variable,0,5,21.68,0
user_480,25.0,34.9,2.3,0,208.3,Thu,May,4,east,variable,1,8,22.89,0
user_328,27.8,88.2,3.6,0,89.6,Tue,Nov,1,south,fixed,1,3,14.07,0
user_286,26.1,81.3,2.9,0,135.0,Thu,Dec,6,west,fixed,0,7,20.48,0
user_183,18.8,32.1,1.0,1,135.8,Mon,Jan,4,east,fixed,1,7,10.44,0
user_133,21.2,83.7,1.6,0,135.3,Wed,May,5,east,variable,0,4,17.26,0
user_3,32.3,47.1,2.6,0,115.7,Wed,Jun,1,east,green,2,6,12.22,0
user_453,14.2,48.3,5.0,1,128.1,Thu,Feb,1,east,fixed,0,8,17.7,0
user_382,27.4,57.5,3.3,0,116.4,Wed,Jan,1,north,green,2,6,12.62,0
user_354,14.7,27.5,5.8,0,117.7,Wed,Nov,0,south,variable,3,4,20.05,0
user_391,6.8,42.5,6.3,0,70.1,Thu,Apr,2,north,fixed,0,3,26.4,0
user_192,22.7,44.9,8.0,0,113.8,Sun,Mar,0,south,green,2,5,24.59,0
user_59,13.4,57.4,5.0,1,199.8,Sat,Nov,2,south,fixed,2,11,22.12,0
user_392,20.0,34.6,3.6,0,150.9,Tue,Jul,7,east,fixed,1,9,21.81,0
user_227,27.4,59.2,6.9,1,101.3,Wed,Oct,0,east,fixed,1,2,11.68,0
user_227,25.5,44.1,7.7,1,83.4,Thu,Jun,6,north,fixed,0,7,18.82,0
user_425,27.3,23.1,1.3,1,127.4,Mon,Aug,6,west,green,2,8,12.45,0
user_101,18.4,79.8,5.0,0,85.2,Mon,Sep,2,west,green,4,8,21.88,0
user_260,18.6,67.2,7.7,1,114.5,Fri,Mar,5,south,variable,0,7,21.85,0
user_164,25.3,72.4,6.6,0,125.7,Wed,Aug,7,north,green,0,8,31.87,1
user_46,22.6,86.6,4.7,0,102.6,Thu,May,0,east,green,0,5,21.13,0
user_214,15.4,83.1,2.9,0,144.9,Sun,Jan,3,west,variable,0,7,23.96,0
user_43,19.0,33.3,4.4,1,179.1,Tue,Sep,2,south,fixed,0,9,16.78,0
user_136,22.6,40.0,3.7,0,81.5,Thu,Mar,0,west,variable,0,1,5.97,0
user_335,19.2,25.6,7.5,0,97.0,Mon,Aug,3,east,fixed,2,4,26.54,1
user_101,28.5,23.0,6.7,0,135.9,Thu,Feb,7,north,fixed,0,4,29.53,1
user_327,9.5,73.6,7.0,1,69.5,Sun,Jul,2,west,fixed,0,3,19.17,0
user_158,28.9,33.2,4.1,0,214.1,Mon,Sep,0,west,green,0,4,13.01,0
user_239,19.3,37.3,7.5,0,73.2,Sun,Jun,6,south,fixed,0,7,28.55,1
user_432,27.1,56.9,4.2,0,70.1,Fri,Jun,4,east,fixed,0,4,18.51,0
user_445,21.6,24.8,3.9,1,147.4,Wed,Jun,1,west,variable,1,5,16.46,0
user_377,29.7,87.8,2.7,0,136.3,Mon,Mar,2,north,green,0,5,17.41,0
user_155,24.0,53.8,5.3,1,160.8,Tue,Aug,5,north,fixed,0,4,21.07,0
user_283,19.5,39.4,6.2,0,84.0,Wed,Sep,3,south,green,2,2,21.78,0
user_187,21.6,71.6,1.7,1,66.0,Wed,Nov,7,north,fixed,3,5,12.55,0
user_117,20.9,87.0,5.1,0,136.5,Tue,Mar,1,west,green,3,8,20.07,0
user_5,26.7,76.5,2.6,0,89.0,Thu,Aug,4,east,fixed,1,3,20.25,0
user_10,12.6,43.6,3.3,0,112.0,Sat,Jul,0,east,green,0,2,12.17,0
user_337,17.8,64.0,6.2,0,117.4,Fri,Jun,3,south,fixed,0,6,26.24,0
user_94,25.4,43.1,5.3,0,166.9,Thu,Oct,7,west,fixed,1,8,28.91,1
user_374,19.2,20.0,4.5,1,122.1,Tue,Jan,3,north,fixed,1,10,14.29,0
user_305,24.1,35.1,6.9,0,133.0,Fri,Apr,4,south,variable,1,6,26.14,0
user_196,13.0,44.3,3.1,0,154.3,Mon,Oct,5,north,variable,2,9,30.88,1
user_23,27.6,34.6,7.9,0,125.7,Mon,Mar,4,north,fixed,0,7,30.21,1
user_144,15.3,40.8,7.6,0,85.3,Sat,Mar,2,south,variable,1,5,25.36,0
user_227,14.7,63.8,6.9,1,109.7,Mon,Dec,7,south,green,1,7,27.15,1
user_1,32.4,47.1,6.5,0,57.6,Sat,Sep,4,east,fixed,0,3,29.47,1
user_396,30.3,79.7,4.6,0,110.4,Mon,Jun,5,south,fixed,1,5,20.79,0
user_310,17.5,34.8,4.5,0,116.2,Sun,Mar,5,east,variable,2,7,21.38,0
user_42,14.4,32.7,2.3,1,155.2,Thu,Nov,6,east,variable,1,13,21.24,0
user_70,18.0,52.5,6.2,0,104.9,Mon,May,3,west,fixed,0,3,23.41,0
user_59,22.4,43.8,2.5,0,87.5,Thu,Jul,5,south,variable,0,3,18.67,0
user_144,13.6,52.4,1.7,0,117.8,Sun,Sep,1,east,variable,0,5,16.88,0
user_195,17.8,22.6,2.1,0,124.8,Sun,Feb,5,north,variable,1,9,21.26,0
user_232,24.0,63.1,1.5,0,126.4,Sat,Feb,2,south,variable,1,8,18.32,0
user_100,20.2,55.8,7.2,0,128.3,Wed,May,2,south,fixed,2,11,29.31,1
user_262,24.5,21.0,2.6,0,114.5,Sat,Jan,7,north,fixed,0,6,15.98,0
user_352,24.9,78.8,3.6,0,123.4,Sat,Oct,0,east,green,1,5,11.54,0
user_424,29.2,88.4,4.2,1,107.4,Sat,Oct,4,north,variable,1,4,19.92,0
user_475,29.2,63.4,1.4,0,134.4,Thu,Nov,2,west,green,1,6,19.15,0
user_286,19.5,21.6,2.0,0,128.5,Thu,Oct,1,east,variable,0,3,11.82,0
user_459,37.2,88.5,6.0,1,149.9,Fri,Mar,0,south,variable,2,7,15.05,0
user_287,22.1,58.4,3.6,0,157.5,Tue,Sep,7,north,fixed,1,9,20.34,0
user_135,25.4,43.6,3.1,0,124.6,Fri,Dec,5,east,variable,1,8,21.64,0
user_292,24.5,84.6,5.0,0,168.0,Tue,Apr,6,east,fixed,0,9,31.51,1
user_188,28.0,66.4,2.8,1,122.4,Sat,Jun,4,east,fixed,0,7,12.82,0
user_99,22.2,70.5,5.8,0,104.6,Sat,Dec,7,north,fixed,3,8,23.47,0
user_160,26.6,82.9,3.8,1,153.8,Wed,Aug,0,south,fixed,1,7,13.01,0
user_391,24.4,61.5,2.1,0,124.6,Sun,Apr,1,east,green,0,4,11.88,0
user_47,30.7,52.8,4.0,0,130.6,Wed,Nov,0,north,green,1,2,14.73,0
user_29,23.1,34.2,8.0,1,74.8,Thu,Nov,3,west,fixed,0,3,15.23,0
user_154,34.3,63.7,5.9,0,179.2,Fri,Jun,5,east,green,0,8,30.72,1
user_46,36.5,76.3,1.5,1,121.8,Fri,Dec,5,south,variable,0,5,13.23,0
user_3,14.3,63.7,7.4,1,156.5,Mon,Aug,6,south,variable,1,9,31.1,1
user_301,25.9,64.5,1.5,1,170.9,Fri,May,2,west,green,1,8,13.93,0
user_256,5.0,25.5,4.6,1,99.8,Thu,Oct,7,east,fixed,2,7,32.47,1
user_386,14.6,74.0,6.7,0,88.7,Sat,Jun,4,north,fixed,3,7,29.08,1
user_457,13.6,27.0,1.5,0,91.8,Fri,Dec,3,east,variable,0,4,20.44,0
user_54,37.7,81.9,1.6,0,110.6,Thu,Aug,2,south,variable,0,4,14.52,0
user_337,18.2,81.2,5.3,1,127.8,Thu,May,5,west,fixed,0,8,21.82,0
user_249,19.3,35.7,5.9,0,100.0,Wed,Sep,2,south,fixed,1,6,22.45,0
user_227,21.7,33.1,4.8,0,104.6,Fri,Feb,0,south,green,3,3,17.58,0
user_224,25.9,71.7,2.1,0,134.2,Sun,Jun,5,north,fixed,1,8,18.11,0
user_387,17.4,82.9,4.6,0,128.3,Wed,Mar,5,north,green,2,8,18.17,0
user_62,17.4,63.0,5.1,0,197.0,Wed,Feb,6,south,fixed,0,8,31.5,1
user_217,12.4,68.2,4.6,0,136.7,Fri,Oct,0,south,fixed,1,3,16.18,0
user_500,17.7,55.2,5.8,1,87.4,Mon,Aug,2,north,fixed,2,6,16.92,0
user_302,23.7,79.7,1.4,0,71.4,Tue,Jan,6,north,fixed,1,7,17.8,0
user_103,11.5,46.5,4.0,1,95.6,Mon,Oct,4,south,green,2,8,20.47,0
user_35,23.2,41.4,1.4,0,80.2,Fri,Oct,5,north,variable,3,6,20.61,0
user_128,31.5,33.6,7.1,0,137.3,Sat,Nov,6,south,variable,0,5,25.35,0
user_418,29.1,23.7,5.9,0,152.2,Sat,Oct,7,east,fixed,1,9,29.27,1
user_186,14.4,34.6,5.6,0,173.9,Tue,Sep,6,east,fixed,2,12,42.08,1
user_261,25.4,77.8,3.7,0,104.3,Mon,Nov,0,west,variable,1,4,19.46,0
user_264,14.4,42.6,7.0,0,111.0,Sat,Sep,5,south,fixed,0,6,48.63,1
user_138,19.8,83.9,7.3,0,124.9,Sat,Sep,3,east,fixed,1,3,27.37,1
user_308,18.4,65.3,6.0,0,141.8,Sun,Aug,5,west,variable,0,9,29.58,1
user_21,22.8,26.9,6.5,1,107.1,Wed,Mar,5,east,green,1,4,11.15,0
user_27,31.8,20.0,5.1,0,135.8,Tue,Oct,7,west,green,3,5,32.12,1
user_365,19.5,54.2,5.4,1,177.8,Fri,Mar,3,north,fixed,0,9,26.65,1
user_149,23.5,33.9,3.0,0,134.1,Fri,May,5,west,variable,0,11,27.88,1
user_409,30.5,84.0,3.2,0,169.1,Tue,Dec,0,north,variable,1,3,16.32,0
user_443,33.4,81.1,3.5,0,110.5,Mon,Oct,2,south,green,0,1,15.24,0
user_455,24.0,77.3,1.8,0,103.8,Wed,Mar,3,east,variable,0,6,7.5,0
user_253,19.1,81.1,2.9,0,111.2,Tue,Jul,3,south,fixed,0,6,17.38,0
user_424,25.9,33.4,2.7,1,91.9,Wed,Dec,0,east,fixed,2,4,8.28,0
user_189,26.2,64.4,5.6,0,165.9,Thu,Nov,7,north,variable,1,11,34.71,1
user_122,22.5,42.6,6.5,1,138.2,Thu,Apr,4,east,fixed,0,10,29.37,1
user_461,19.1,81.4,7.2,0,50.0,Mon,Oct,7,north,variable,0,7,22.13,0
user_302,8.9,77.0,2.5,0,96.6,Fri,Feb,1,west,green,0,6,19.03,0
user_198,16.4,36.4,4.8,1,104.4,Mon,Apr,2,south,fixed,0,4,19.47,0
user_153,27.9,31.6,3.8,1,129.0,Fri,Feb,5,east,fixed,1,8,16.4,0
user_243,16.0,21.9,5.0,1,105.6,Sat,Mar,6,north,variable,1,7,24.67,0
user_369,10.3,58.9,7.9,1,105.2,Mon,May,4,south,variable,1,9,30.22,1
user_367,19.9,27.1,6.1,0,89.7,Wed,Jan,6,east,fixed,1,7,30.34,1
user_394,23.2,48.8,7.0,0,99.0,Mon,Apr,0,east,fixed,2,4,16.28,0
user_261,27.7,43.2,5.2,1,115.7,Fri,Apr,2,south,fixed,0,5,13.5,0
user_474,30.1,59.9,3.3,0,127.0,Sun,Apr,3,south,variable,2,8,16.19,0
user_136,20.6,51.2,3.6,1,174.6,Tue,Jul,4,west,fixed,2,10,21.02,0
user_453,11.2,57.0,3.4,1,144.0,Sat,Oct,0,west,variable,2,3,12.47,0
user_270,11.9,77.3,4.6,1,140.9,Mon,Aug,3,north,fixed,1,7,24.34,0
user_51,20.6,89.9,1.3,0,83.3,Thu,Dec,4,east,fixed,4,9,21.37,0
user_254,23.6,48.2,2.3,0,156.1,Sun,Jul,1,west,variable,1,8,18.81,0
user_190,37.0,50.2,4.7,1,152.4,Mon,Sep,3,east,green,3,9,19.03,0
user_393,14.3,35.4,5.6,0,116.2,Thu,Dec,3,north,variable,0,6,21.75,0
user_163,26.0,27.4,6.8,0,53.5,Wed,Jun,7,north,fixed,0,6,26.59,1
user_446,21.4,56.4,5.0,0,81.5,Mon,Sep,4,south,fixed,1,4,31.29,1
user_473,24.5,33.1,7.4,0,148.4,Sun,May,0,south,fixed,3,3,24.07,0
user_298,28.6,30.6,7.9,0,106.6,Mon,Mar,6,south,variable,1,5,28.7,1
user_170,28.2,49.1,3.1,0,85.5,Sat,Feb,0,east,fixed,1,2,5.78,0
user_373,19.1,31.5,1.3,0,105.1,Fri,Mar,4,south,fixed,1,2,9.81,0
user_387,19.2,28.0,7.1,1,68.3,Sat,Jan,2,east,fixed,3,2,23.41,0
user_119,21.1,33.2,7.4,0,80.8,Sat,Nov,6,north,fixed,1,6,30.43,1
user_379,15.3,35.4,3.8,0,142.4,Sat,Sep,1,east,green,1,7,15.53,0
user_207,32.7,54.4,1.1,1,174.6,Mon,Jul,4,south,fixed,0,6,16.73,0
user_60,29.0,20.3,4.2,0,148.2,Wed,Aug,1,north,variable,2,6,12.51,0
user_176,9.5,62.9,2.9,0,82.3,Wed,Jan,5,south,green,2,4,17.42,0
user_248,21.6,47.1,1.8,1,142.0,Tue,Jun,5,west,fixed,0,8,12.65,0
user_201,14.5,52.5,7.2,0,163.1,Thu,Jan,2,east,variable,0,8,26.23,0
user_491,24.4,53.0,2.3,0,116.0,Tue,Apr,2,west,variable,1,3,20.72,0
user_231,22.6,49.9,4.1,0,162.5,Mon,Oct,3,west,green,1,9,20.79,0
user_67,11.0,49.8,5.5,0,145.9,Mon,Apr,6,north,variable,0,6,32.58,1
user_397,19.5,87.7,6.8,0,129.2,Wed,Sep,2,east,fixed,0,5,26.51,1
user_218,18.0,83.6,3.2,1,169.7,Mon,Jun,7,south,variable,0,12,24.19,0
user_232,7.7,55.1,2.5,0,127.9,Tue,Jul,2,south,fixed,0,4,19.85,0
user_409,15.3,20.3,3.2,0,128.2,Tue,Nov,7,south,green,1,7,22.13,0
user_61,17.9,43.6,4.9,0,185.0,Sat,Nov,0,west,fixed,0,3,23.6,0
user_345,18.4,38.0,4.2,1,105.5,Sun,Aug,1,south,fixed,2,6,14.92,0
user_337,23.3,48.7,5.7,1,127.9,Tue,May,4,south,fixed,0,4,16.77,0
user_318,33.2,21.3,4.5,1,124.4,Tue,Aug,6,west,variable,1,10,30.17,1
user_114,17.9,76.4,5.3,0,155.3,Sat,Jun,5,east,variable,0,7,32.0,1
user_40,18.1,76.6,7.3,0,162.7,Sat,Oct,3,east,fixed,1,11,30.29,1
user_160,21.7,44.0,2.4,1,100.8,Sun,Feb,0,north,green,1,2,5.0,0
user_349,24.5,70.6,4.7,1,93.6,Sun,Dec,1,east,fixed,0,2,12.45,0
user_422,19.3,85.3,6.0,0,141.8,Fri,Jul,5,north,fixed,2,7,24.23,0
user_215,29.3,79.9,6.5,0,115.5,Sun,May,5,south,fixed,3,9,31.38,1
user_34,12.2,50.6,4.6,1,83.1,Tue,Dec,2,south,variable,0,5,13.2,0
user_264,24.0,88.8,7.4,0,120.9,Fri,Aug,3,west,variable,1,7,25.55,0
user_473,18.9,22.1,6.1,0,103.8,Fri,Mar,5,north,fixed,0,4,22.0,0
user_120,26.1,67.3,1.7,1,156.7,Sun,Dec,1,north,green,2,3,5.0,0
user_385,28.3,67.5,6.1,0,100.5,Tue,Aug,6,west,variable,1,6,29.91,1
user_210,20.3,54.6,1.6,0,132.0,Tue,Jul,1,west,variable,0,5,14.68,0
user_262,26.2,76.9,2.1,0,104.1,Tue,Aug,2,north,variable,0,5,16.5,0
user_447,22.1,84.9,7.7,0,107.3,Sun,Sep,1,west,green,1,2,14.8,0
user_301,29.2,60.4,4.0,1,142.0,Wed,Mar,1,east,green,2,5,8.45,0
user_4,27.0,25.9,5.4,0,130.2,Tue,Dec,2,east,fixed,4,6,23.5,0
user_116,37.9,88.1,3.3,0,153.9,Thu,Nov,4,west,fixed,4,10,35.38,1
user_25,20.9,59.0,1.3,0,104.4,Thu,Oct,0,east,green,0,5,10.79,0
user_478,28.7,55.5,6.8,1,86.5,Wed,Apr,0,west,fixed,0,6,10.43,0
user_486,29.0,58.4,5.8,0,106.4,Thu,Mar,1,south,variable,0,6,12.61,0
user_344,17.2,42.9,1.4,1,87.8,Sun,Jul,3,south,variable,2,5,9.53,0
user_293,13.9,67.6,6.8,1,95.5,Sun,Sep,1,south,fixed,2,4,12.54,0
user_68,20.6,34.7,2.0,0,114.5,Sun,Jun,5,north,variable,0,5,19.41,0
user_14,26.2,29.9,2.9,0,115.7,Tue,Aug,0,west,fixed,1,2,10.96,0
user_226,20.3,81.2,4.6,0,146.0,Fri,Jun,0,west,fixed,0,6,19.04,0
user_134,18.3,33.1,2.5,0,90.2,Sun,Aug,1,south,fixed,1,6,15.3,0
user_443,22.0,21.3,7.6,0,84.1,Thu,Oct,3,south,fixed,0,3,14.82,0
user_319,11.5,46.9,3.4,0,64.3,Tue,Oct,5,east,variable,0,7,24.31,0
user_264,17.9,80.5,4.0,0,111.7,Tue,Jun,6,north,fixed,0,9,26.16,0
user_8,12.5,35.9,6.0,1,173.2,Sun,Aug,0,west,fixed,2,8,26.84,1
user_145,34.3,77.5,7.4,0,137.5,Tue,May,6,south,green,1,12,28.4,1
user_490,27.8,21.6,1.4,0,131.8,Mon,Jun,4,south,green,1,6,17.29,0
user_286,15.2,88.4,7.7,1,129.1,Tue,May,2,south,fixed,1,3,14.54,0
user_59,22.5,63.6,1.2,0,50.0,Mon,Mar,4,east,variable,0,1,17.62,0
user_224,23.1,89.3,5.8,0,98.2,Thu,May,2,south,fixed,1,4,15.37,0
user_324,22.2,89.3,5.3,1,129.7,Tue,Mar,2,south,green,2,7,15.03,0
user_40,28.7,63.6,7.0,1,172.3,Sun,Feb,1,south,fixed,0,8,19.59,0
user_251,17.0,48.9,4.7,1,97.2,Tue,Jun,1,north,variable,0,3,18.02,0
user_214,20.9,70.6,3.3,0,128.7,Sun,Dec,7,west,variable,2,9,30.05,1
user_34,24.7,82.7,7.4,0,127.6,Thu,Dec,5,west,fixed,0,7,24.0,0
user_143,25.2,81.4,5.3,0,87.5,Fri,Feb,1,south,variable,0,4,14.58,0
user_117,18.1,89.4,5.4,0,121.5,Sun,Sep,5,south,green,1,3,26.26,0
user_460,25.8,77.0,2.4,0,87.5,Sat,Jul,1,north,fixed,0,6,14.18,0
user_118,19.3,82.4,3.8,0,148.5,Fri,Jun,6,east,variable,0,9,29.08,1
user_200,16.9,31.2,2.0,0,82.9,Sun,Jan,4,east,variable,0,6,24.42,0
user_92,27.4,26.2,7.2,1,103.7,Sun,Oct,3,north,variable,1,7,24.61,0
user_59,35.2,67.0,1.7,0,101.2,Mon,Mar,6,east,green,2,6,15.31,0
user_431,19.4,57.9,4.5,1,179.1,Sun,Nov,6,east,variable,0,9,20.67,0
user_393,13.0,27.0,3.7,0,88.2,Sat,Jan,1,west,variable,1,7,15.15,0
user_464,19.9,28.6,5.9,0,132.8,Tue,Jan,7,north,green,2,8,37.23,1
user_221,22.0,49.1,3.8,1,185.1,Sun,Oct,7,north,green,2,9,23.86,0
user_461,14.5,65.8,5.4,0,115.4,Mon,Dec,7,east,fixed,1,9,28.48,1
user_57,14.3,82.2,6.4,0,98.4,Sat,May,1,north,fixed,3,4,26.81,1
user_432,25.6,31.9,2.3,0,119.3,Fri,Sep,6,east,green,0,4,20.1,0
user_21,35.4,48.0,4.0,0,101.9,Tue,Feb,5,south,green,2,7,22.14,0
user_430,15.2,23.3,6.4,1,107.3,Sun,Sep,2,west,variable,1,2,17.75,0
user_61,22.5,85.6,8.0,0,142.2,Wed,Dec,1,north,fixed,0,2,17.49,0
user_161,22.2,84.8,7.5,1,77.3,Thu,Jan,2,west,variable,2,6,19.98,0
user_470,22.0,57.2,4.1,1,101.3,Thu,Feb,2,north,green,0,6,14.48,0
user_161,21.8,64.4,2.5,1,111.0,Fri,Apr,6,east,fixed,1,7,19.61,0
user_356,29.1,72.8,3.7,1,96.7,Thu,Oct,6,west,variable,1,5,9.3,0
user_277,17.4,48.3,2.5,1,144.8,Tue,Oct,0,north,green,0,4,5.0,0
user_52,27.5,20.2,4.8,0,122.5,Tue,Sep,5,north,green,0,5,16.25,0
user_115,25.9,63.9,3.9,1,102.9,Sun,Jun,1,north,green,1,8,12.93,0
user_3,26.9,24.1,3.4,0,85.9,Mon,Nov,3,west,variable,3,6,17.31,0
user_200,10.7,87.9,1.5,0,180.2,Thu,May,4,east,variable,3,9,25.11,0
user_302,23.0,82.6,4.0,0,121.8,Mon,Oct,6,north,variable,2,12,40.43,1
user_149,17.6,77.0,1.2,1,140.7,Wed,Dec,0,north,green,0,4,5.37,0
user_465,33.2,39.1,4.5,0,114.4,Wed,Apr,7,west,variable,1,10,32.44,1
user_117,18.1,76.6,2.9,0,103.6,Sun,Aug,4,east,fixed,2,10,21.09,0
user_71,23.2,78.5,4.5,1,114.1,Sat,Oct,5,west,green,3,7,15.52,0
user_397,23.7,81.3,4.8,1,108.9,Tue,Dec,0,south,fixed,0,7,16.02,0
user_126,9.5,56.0,2.5,0,121.1,Mon,Jun,5,west,variable,0,6,29.18,1
user_58,20.4,34.0,3.5,1,118.3,Mon,Mar,3,west,variable,1,6,16.67,0
user_54,16.4,35.5,2.7,1,145.3,Fri,Dec,6,west,fixed,0,7,16.64,0
user_86,18.7,68.6,2.4,0,82.2,Tue,Apr,4,east,green,2,3,20.17,0
user_109,29.5,29.7,7.4,0,118.2,Thu,May,3,north,fixed,2,8,35.22,1
user_360,31.6,53.0,6.1,1,127.8,Fri,Jul,2,east,variable,1,6,18.83,0
user_129,16.8,48.2,7.5,0,156.0,Tue,Jun,7,west,variable,0,10,30.83,1
user_365,21.3,49.0,3.3,0,103.3,Sat,Dec,2,north,green,2,5,14.11,0
user_432,11.0,21.2,5.5,0,170.3,Thu,Apr,0,south,variable,2,6,18.28,0
user_329,23.8,57.2,2.2,0,155.7,Wed,May,7,south,variable,4,8,29.78,1
user_77,26.8,24.7,1.5,0,88.8,Wed,Dec,4,west,green,0,4,8.51,0
user_453,22.5,79.8,7.1,0,103.8,Sun,Jun,5,east,fixed,2,10,25.44,0
user_414,20.9,77.2,7.7,1,63.3,Fri,Nov,2,north,fixed,2,2,16.52,0
user_301,26.3,35.9,3.4,0,131.6,Thu,Jul,6,east,variable,0,8,17.42,0
user_420,22.4,76.1,1.0,0,123.5,Mon,Dec,5,north,variable,0,6,24.6,0
user_30,25.1,66.3,6.0,0,169.9,Sun,Nov,3,east,fixed,2,8,25.57,0
user_444,30.7,86.0,3.0,0,184.9,Tue,Sep,6,north,fixed,1,10,29.6,1
user_407,20.1,75.5,6.8,0,95.8,Sat,Nov,0,east,variable,0,5,21.77,0
user_364,16.4,67.5,5.7,0,194.3,Tue,Apr,0,west,green,3,9,27.37,1
user_409,18.5,78.2,2.6,0,136.1,Sat,Apr,7,north,variable,1,7,26.72,1
user_444,22.2,60.2,6.3,0,127.7,Thu,Apr,3,south,green,0,7,16.41,0
user_198,16.2,21.5,3.4,0,119.9,Tue,May,7,east,fixed,0,6,18.67,0
user_90,9.3,60.8,1.2,0,50.0,Sun,Apr,4,east,variable,2,6,23.86,0
user_419,20.4,72.8,3.5,0,116.8,Wed,Oct,4,north,variable,0,4,19.15,0
user_253,31.1,22.5,6.2,1,74.5,Sun,May,3,east,fixed,1,5,12.25,0
user_277,9.5,47.9,7.3,0,105.0,Mon,Aug,7,east,fixed,3,8,35.13,1
user_371,29.4,89.4,3.8,0,98.8,Tue,Apr,1,west,green,1,7,14.7,0
user_372,26.7,28.9,4.4,0,79.8,Sat,Sep,2,south,fixed,2,7,17.62,0
user_19,22.1,28.5,1.8,0,64.1,Mon,Aug,2,west,variable,1,6,6.3,0
user_274,39.2,58.7,6.7,0,148.4,Wed,Nov,1,east,variable,1,9,36.11,1
user_355,32.0,38.4,6.4,1,79.8,Mon,Nov,3,east,fixed,1,4,8.21,0
user_104,33.4,64.4,3.2,0,130.1,Wed,Apr,5,west,variable,1,7,21.68,0
user_143,24.1,24.6,3.3,0,124.0,Thu,Jan,0,east,green,0,1,7.47,0
user_164,23.2,56.4,4.3,0,97.0,Thu,Feb,4,north,variable,4,6,27.94,1
user_84,21.7,37.1,7.7,1,159.0,Sat,Apr,2,north,green,0,5,17.32,0
user_462,26.7,66.1,2.0,0,77.9,Fri,Feb,3,east,variable,2,8,29.0,1
user_62,17.9,69.7,5.6,1,137.9,Wed,Dec,6,north,green,1,11,27.27,1
user_113,6.7,56.1,4.8,1,161.6,Tue,Jun,7,north,variable,2,12,31.93,1
user_263,25.0,42.2,2.0,0,116.8,Mon,Oct,7,east,fixed,2,9,21.67,0
user_177,18.5,26.8,6.2,1,171.9,Sun,Nov,1,north,variable,0,8,22.12,0
user_84,26.7,86.7,5.5,1,118.0,Thu,Apr,7,east,fixed,2,11,18.15,0
user_134,26.0,68.8,4.1,0,124.9,Sun,Aug,4,east,green,2,12,29.05,1
user_320,17.0,39.7,5.9,0,120.1,Wed,Jun,7,east,green,1,9,30.92,1
user_300,31.8,42.3,7.7,1,57.7,Fri,Aug,3,north,variable,0,4,16.33,0
user_264,28.7,69.6,7.0,0,151.8,Tue,Aug,2,east,variable,1,6,21.39,0
user_348,20.2,48.0,6.5,1,88.6,Thu,May,5,east,fixed,3,10,16.64,0
user_165,15.4,84.8,5.0,1,167.2,Fri,Jun,7,north,green,0,7,16.0,0
user_451,15.7,49.7,1.5,0,99.6,Fri,Jun,7,east,variable,4,5,30.62,1
user_261,30.4,46.4,2.5,0,85.3,Wed,Feb,2,east,fixed,0,1,8.32,0
user_270,20.7,40.5,1.7,0,115.3,Thu,Feb,3,east,variable,0,3,12.36,0
user_303,24.0,51.9,5.9,0,141.8,Sun,Sep,6,east,variable,2,8,30.55,1
user_249,29.2,44.3,7.7,0,144.3,Sat,Oct,3,east,variable,2,8,29.37,1
user_365,14.0,59.1,2.4,0,128.7,Tue,Dec,1,north,variable,1,6,15.18,0
user_453,24.1,33.8,5.4,1,73.6,Fri,Oct,4,north,fixed,0,9,15.4,0
user_395,26.0,38.6,4.6,1,124.6,Fri,Aug,7,east,green,2,9,23.88,0
user_43,24.6,77.0,5.6,0,140.9,Mon,Mar,0,north,variable,0,1,15.78,0
user_1,19.9,73.3,5.6,0,116.9,Sat,Aug,1,east,variable,0,6,22.38,0
user_1,29.0,30.2,5.8,0,102.6,Sat,Sep,1,west,green,0,3,19.52,0
user_173,8.7,25.8,3.8,1,85.7,Wed,Oct,3,south,fixed,3,5,18.97,0
user_250,29.4,41.0,4.0,0,108.5,Fri,Jun,5,north,fixed,0,4,26.95,1
user_466,27.5,63.0,7.9,0,166.6,Sat,Mar,4,east,variable,1,11,30.66,1
user_382,25.1,47.5,3.9,0,101.2,Thu,Dec,5,west,fixed,4,6,20.79,0
user_208,28.7,46.7,3.4,0,120.4,Thu,Jul,7,west,fixed,0,9,21.36,0
user_12,22.0,62.2,3.6,0,131.9,Fri,Jan,1,south,green,1,6,22.58,0
user_436,12.5,74.1,4.1,1,160.2,Sat,Jan,1,north,variable,2,7,23.92,0
user_124,22.7,73.7,4.8,0,110.6,Wed,Jul,6,east,variable,3,5,18.64,0
user_173,25.3,85.8,1.2,0,59.5,Sun,Jun,1,north,green,0,2,5.0,0
user_17,27.0,79.3,1.1,1,117.3,Sat,Jul,4,north,variable,4,8,23.38,0
user_178,16.6,61.7,6.5,0,157.4,Tue,Feb,1,north,fixed,0,6,19.05,0
user_86,30.2,49.8,6.5,0,125.1,Fri,Sep,6,north,fixed,1,6,32.43,1
user_154,22.2,25.5,1.4,1,105.1,Fri,Jul,3,south,variable,1,5,9.89,0
user_476,30.0,44.0,7.9,0,142.4,Mon,Jul,2,west,green,0,5,21.53,0
user_2,28.7,66.5,2.2,0,167.6,Wed,Jan,0,south,fixed,2,8,18.81,0
user_221,20.8,74.2,2.6,0,123.7,Wed,Apr,1,north,fixed,1,3,13.05,0
user_286,15.5,33.0,6.8,0,119.9,Thu,Jan,6,west,variable,0,8,35.15,1
user_310,20.8,40.0,5.0,0,135.8,Sat,Nov,7,north,fixed,1,7,31.21,1
user_473,24.1,86.2,7.3,0,147.1,Mon,Nov,2,north,variable,3,5,19.13,0
user_215,6.2,80.2,3.6,0,145.6,Fri,Jul,6,east,variable,1,10,31.47,1
user_353,24.6,59.2,5.7,0,153.3,Sun,Nov,3,south,fixed,3,11,24.67,0
user_174,18.6,29.8,5.5,0,137.7,Wed,Jul,5,south,fixed,2,7,20.06,0
user_360,39.7,31.7,4.7,1,88.5,Sun,Feb,5,south,green,1,9,21.11,0
user_260,25.7,71.9,4.6,0,107.6,Thu,Sep,6,north,fixed,1,8,32.84,1
user_141,13.2,43.2,1.1,0,123.9,Fri,Apr,4,north,fixed,0,8,15.75,0
user_162,18.0,69.6,3.6,1,177.5,Sun,Feb,0,west,variable,2,9,19.46,0
user_450,28.3,30.5,4.7,0,98.8,Fri,Nov,4,west,fixed,2,7,27.04,1
user_54,22.5,28.1,6.6,1,143.9,Tue,Mar,6,west,fixed,2,5,26.94,1
user_206,12.9,22.2,2.1,0,119.0,Tue,Aug,7,south,variable,1,9,36.32,1
user_496,27.3,79.9,2.8,0,82.2,Fri,Mar,2,north,green,2,5,18.43,0
user_466,24.7,72.1,4.8,0,107.2,Mon,Mar,7,north,fixed,1,6,25.27,0
user_100,15.7,51.1,2.3,0,112.9,Fri,Apr,0,south,variable,0,5,9.87,0
user_14,15.7,26.6,1.4,0,92.0,Thu,Nov,0,west,green,3,4,13.01,0
user_445,9.3,63.1,7.0,0,125.7,Tue,Jan,7,west,fixed,0,7,34.53,1
user_288,25.2,33.2,7.8,0,120.2,Sat,Mar,4,south,fixed,1,4,19.6,0
user_107,19.6,41.2,3.3,1,84.7,Thu,May,0,west,fixed,1,4,11.52,0
user_360,21.3,33.2,1.8,0,154.2,Mon,Oct,6,west,variable,1,11,25.64,0
user_447,19.0,71.1,3.8,0,122.8,Sun,Jan,4,north,green,2,7,16.34,0
user_314,22.5,41.9,6.0,0,97.8,Tue,Sep,4,east,fixed,2,8,31.13,1
user_409,13.3,77.2,1.7,1,154.7,Tue,Jun,3,west,variable,1,10,22.47,0
user_194,29.1,85.9,2.7,0,50.0,Thu,Oct,3,east,variable,4,7,19.59,0
user_190,18.8,62.4,3.6,0,139.4,Fri,Sep,2,west,fixed,0,6,19.71,0
user_260,17.1,39.7,6.2,1,156.0,Tue,Apr,5,south,variable,0,11,26.86,1
user_176,25.1,24.6,6.3,0,86.8,Sat,Apr,4,south,fixed,0,3,15.17,0
user_198,10.6,38.1,5.6,1,96.0,Mon,Sep,7,west,fixed,1,9,35.71,1
user_440,18.3,22.3,2.4,0,87.8,Thu,Dec,1,east,variable,0,1,5.0,0
user_414,22.1,81.8,1.6,0,131.3,Mon,Apr,5,north,variable,2,5,19.65,0
user_46,23.7,68.3,5.8,1,153.4,Thu,Aug,2,south,fixed,0,10,20.82,0
user_500,18.2,89.0,2.4,1,50.0,Tue,Sep,1,north,green,2,5,6.57,0
user_81,14.6,54.6,4.8,0,123.0,Thu,Jun,1,east,variable,2,7,22.03,0
user_440,23.4,86.7,5.6,0,104.1,Fri,Feb,0,east,variable,0,3,13.36,0
user_17,14.7,65.4,7.2,0,92.2,Tue,Oct,2,south,variable,2,5,24.53,0
user_160,28.5,47.9,7.9,0,107.5,Sun,Jun,5,west,fixed,1,7,22.62,0
user_193,26.8,48.7,6.7,0,96.9,Mon,May,0,east,fixed,3,4,18.39,0
user_5,22.2,27.3,6.5,1,146.9,Sat,Jul,7,west,fixed,0,10,24.97,0
user_296,26.1,43.3,1.6,0,121.0,Tue,May,4,north,green,1,5,16.95,0
user_382,29.6,39.2,1.1,1,112.3,Fri,Jan,2,south,fixed,2,4,8.1,0
user_17,27.4,49.7,7.6,1,116.9,Sat,Sep,1,north,fixed,1,6,19.57,0
user_13,27.9,40.8,7.4,0,110.3,Sat,Oct,2,east,fixed,2,5,23.89,0
user_198,25.2,55.1,4.2,1,120.9,Sun,Mar,3,west,fixed,1,6,18.94,0
user_312,20.5,77.0,3.3,1,151.8,Wed,May,5,east,fixed,0,9,15.68,0
user_225,28.5,50.5,3.7,1,124.5,Fri,Apr,5,east,variable,1,7,18.71,0
user_277,14.1,85.5,7.5,0,97.7,Sat,Apr,4,south,fixed,3,3,27.36,1
user_277,21.6,37.5,3.6,0,50.0,Wed,Feb,2,west,variable,0,3,16.64,0
user_427,11.5,86.1,6.0,0,133.9,Sat,Apr,5,north,fixed,1,9,28.73,1
user_387,20.4,59.6,7.8,0,99.5,Wed,Sep,4,east,fixed,0,6,24.03,0
user_13,19.4,39.5,3.6,0,155.2,Mon,Oct,3,north,fixed,0,2,17.95,0
user_269,29.2,54.7,6.4,1,96.4,Sun,Oct,5,north,fixed,0,7,28.23,1
user_38,25.0,71.4,6.4,0,126.7,Tue,Jul,4,east,fixed,0,9,18.2,0
user_346,8.2,65.4,6.9,1,81.9,Fri,Aug,3,east,green,1,3,18.15,0
user_105,25.8,76.7,6.3,1,129.0,Sat,Jun,0,east,variable,0,3,13.02,0
user_418,22.8,70.7,1.5,1,121.0,Fri,Mar,2,west,fixed,0,1,5.0,0
user_190,22.6,55.8,4.3,0,137.4,Mon,Jul,3,north,fixed,0,1,17.76,0
user_227,16.1,34.3,6.0,0,96.7,Wed,Apr,0,south,fixed,0,1,7.55,0
user_70,7.6,73.4,3.5,1,102.8,Mon,May,5,west,variable,0,5,26.17,0
user_84,14.3,46.0,1.9,1,90.4,Wed,Feb,1,west,fixed,2,6,14.37,0
user_12,17.3,65.9,3.7,0,181.1,Sun,Jan,5,east,green,1,9,29.69,1
user_184,22.6,44.7,2.6,1,100.9,Fri,Oct,0,north,variable,0,5,5.0,0
user_313,19.6,85.6,1.5,1,138.1,Tue,Apr,6,east,variable,1,7,21.24,0
user_140,30.1,86.4,2.6,0,116.0,Sat,Nov,6,east,green,2,7,24.32,0
user_285,18.8,70.9,2.3,0,135.0,Thu,Jul,4,east,variable,2,10,23.43,0
user_293,24.8,37.3,1.0,0,157.4,Thu,Nov,2,east,green,1,6,13.64,0
user_192,15.8,64.4,5.3,0,142.3,Mon,Aug,4,west,variable,0,6,23.82,0
user_92,17.5,41.3,1.2,0,129.8,Tue,May,1,east,fixed,1,7,16.49,0
user_259,20.9,79.4,3.6,0,121.6,Tue,Aug,5,north,fixed,1,7,23.32,0
user_295,27.2,79.4,4.3,1,79.2,Mon,Oct,1,south,fixed,1,3,7.04,0
user_435,29.4,35.0,4.8,1,85.2,Thu,Nov,7,east,variable,1,5,22.07,0
user_406,25.0,69.3,5.7,1,109.9,Sun,Jul,3,east,variable,0,5,25.96,0
user_180,20.0,64.8,1.1,0,121.6,Sat,Dec,1,south,fixed,0,7,13.67,0
user_388,14.5,35.6,6.7,1,75.4,Fri,Feb,0,south,variable,0,5,11.56,0
user_184,22.4,83.9,3.1,0,104.3,Tue,Apr,2,south,green,3,9,17.1,0
user_403,25.6,82.6,7.6,0,139.8,Wed,Sep,2,west,variable,2,8,29.16,1
user_274,19.9,62.1,4.0,0,105.8,Wed,Jul,0,east,variable,4,4,24.36,0
user_424,8.5,32.5,1.5,0,117.7,Sat,Nov,2,east,fixed,0,8,18.17,0
user_341,29.9,34.4,7.7,1,228.3,Mon,Jun,2,west,variable,3,11,23.93,0
user_481,18.6,68.2,4.4,0,176.8,Thu,Sep,1,south,green,1,6,19.71,0
user_201,21.3,22.6,7.2,1,178.0,Tue,Jan,5,south,variable,1,9,19.76,0
user_294,12.0,22.2,6.0,1,98.8,Fri,Feb,7,south,green,2,4,27.33,1
user_111,34.2,28.5,2.6,1,77.1,Wed,Feb,0,north,fixed,2,4,5.0,0
user_432,17.8,79.1,6.4,0,113.4,Sat,Aug,2,west,variable,2,9,32.42,1
user_354,23.9,59.1,4.5,0,93.8,Wed,Nov,7,north,variable,2,7,25.92,0
user_203,27.9,57.6,5.8,0,102.3,Wed,Oct,6,east,variable,1,7,25.37,0
user_226,28.2,80.2,5.5,1,169.2,Thu,Apr,0,south,fixed,2,6,13.22,0
user_411,7.0,59.2,3.5,0,136.3,Tue,Mar,0,west,variable,0,6,21.6,0
user_126,29.1,36.0,2.7,0,97.6,Sat,Mar,5,west,fixed,0,4,23.16,0
user_376,27.1,79.5,4.7,0,121.6,Sun,Feb,4,east,variable,2,8,33.08,1
user_374,15.8,57.0,7.3,0,125.3,Sun,Sep,4,north,variable,0,5,28.65,1
user_150,13.4,27.3,3.6,0,181.3,Fri,Nov,6,east,fixed,0,8,24.93,0
user_311,26.2,43.8,2.8,1,79.8,Thu,Sep,3,west,green,1,4,5.0,0
user_254,27.3,88.4,3.6,0,127.3,Sun,Jul,3,east,variable,1,8,15.15,0
user_177,20.0,61.8,2.8,0,115.8,Fri,Apr,7,south,variable,0,9,21.56,0
user_43,15.3,82.1,4.6,0,186.2,Wed,Jan,2,east,green,1,9,29.43,1
user_452,25.2,67.8,7.0,1,105.4,Sun,Jun,2,east,green,0,7,16.32,0
user_134,14.8,45.6,4.0,0,109.3,Tue,Nov,7,west,fixed,1,9,28.01,1
user_431,24.0,57.0,3.9,0,180.4,Tue,Oct,1,south,fixed,2,10,21.18,0
user_163,20.6,40.8,1.5,0,98.3,Sun,Nov,5,west,fixed,1,5,14.37,0
user_53,29.1,71.6,2.4,1,119.5,Fri,Apr,7,west,variable,0,5,17.33,0
user_326,26.2,47.3,6.4,0,83.3,Mon,Feb,4,east,fixed,2,7,27.61,1
user_311,27.5,33.5,1.2,0,87.3,Sun,Oct,0,south,variable,1,5,11.24,0
user_340,28.7,78.3,2.3,0,69.1,Mon,Mar,5,south,fixed,2,5,21.14,0
user_246,30.9,28.6,6.7,1,115.6,Sun,Apr,3,north,green,0,3,15.75,0
user_395,23.5,71.2,4.3,0,131.3,Fri,Jul,0,north,fixed,1,8,12.79,0
user_183,21.6,86.4,2.3,0,129.6,Tue,Mar,2,north,variable,1,3,11.72,0
user_456,37.8,38.4,6.1,1,152.4,Thu,Jan,5,east,green,2,9,29.86,1
user_121,22.6,49.9,6.1,0,105.7,Thu,Apr,3,south,fixed,1,7,22.3,0
user_237,23.6,52.3,4.8,0,154.8,Fri,Aug,3,south,variable,0,7,21.49,0
user_37,22.3,22.1,3.4,0,170.1,Mon,Oct,4,north,variable,0,6,20.37,0
user_475,23.1,64.0,2.3,0,94.9,Sat,Jun,3,north,green,0,5,9.84,0
user_156,31.5,45.4,4.9,1,119.8,Thu,Nov,5,south,fixed,0,3,14.54,0
user_365,16.7,35.0,3.5,0,91.9,Tue,Jan,4,east,fixed,1,7,22.67,0
user_438,17.4,47.6,4.2,0,176.6,Sun,Jun,3,north,green,3,7,26.04,0
user_499,18.1,63.9,1.1,0,50.0,Sun,Jan,2,south,fixed,2,4,15.65,0
user_182,24.7,75.4,3.7,0,149.0,Sun,May,3,north,fixed,1,5,18.45,0
user_198,17.0,76.9,4.0,1,52.4,Sat,May,5,south,fixed,0,1,12.09,0
user_237,26.3,80.9,6.2,0,128.4,Wed,Nov,2,south,variable,1,8,28.81,1
user_67,25.0,79.9,6.4,0,98.7,Tue,Mar,0,north,fixed,1,1,15.63,0
user_174,24.0,52.2,7.0,1,128.0,Wed,Mar,2,east,fixed,2,3,8.72,0
user_389,17.8,59.9,2.1,0,134.4,Thu,Aug,0,east,green,0,2,7.64,0
user_402,22.9,73.7,6.8,0,137.5,Thu,Jun,2,south,green,0,8,22.42,0
user_399,19.5,32.1,4.4,0,159.7,Sat,Dec,3,east,variable,1,11,27.42,1
user_201,11.8,86.1,6.1,0,136.4,Wed,Aug,6,south,fixed,0,7,27.24,1
user_248,22.8,25.9,3.5,0,141.6,Sun,Dec,4,north,variable,1,9,27.17,1
user_226,20.2,31.5,1.2,0,113.0,Thu,Oct,7,north,variable,3,8,22.49,0
user_158,21.2,47.8,5.9,1,123.3,Thu,Apr,2,south,fixed,0,1,20.44,0
user_26,30.7,41.3,7.4,0,104.7,Sun,Jul,5,west,fixed,1,7,27.64,1
user_478,10.5,61.5,7.1,1,98.0,Wed,May,7,west,variable,1,7,25.26,0
user_344,31.6,30.9,5.5,0,148.7,Fri,Jan,5,west,variable,0,7,30.5,1
user_227,13.6,26.2,1.8,0,102.3,Thu,Mar,3,south,fixed,0,5,14.19,0
user_205,23.2,44.5,6.0,1,162.3,Wed,Mar,4,south,green,1,7,9.69,0
user_93,20.2,39.2,6.7,0,119.2,Fri,Jul,5,east,fixed,2,9,21.58,0
user_60,22.6,32.1,7.0,0,185.8,Sat,May,3,west,fixed,2,8,31.34,1
user_474,16.9,38.5,5.3,1,106.6,Mon,Aug,3,north,variable,2,6,21.36,0
user_134,19.8,59.0,3.2,0,97.5,Fri,Oct,2,east,variable,2,2,19.39,0
user_145,23.6,70.4,5.8,0,107.0,Thu,May,4,east,variable,3,9,28.48,1
user_14,23.2,65.6,6.3,1,144.9,Thu,Nov,7,east,fixed,0,5,23.69,0
user_285,27.6,67.6,4.5,0,80.2,Fri,Sep,1,north,fixed,0,2,15.74,0
user_165,30.6,82.4,6.7,0,132.1,Tue,Jul,1,north,fixed,1,5,19.8,0
user_57,21.9,29.6,4.7,0,109.1,Sat,Apr,7,east,fixed,0,9,26.59,1
user_395,28.5,68.6,3.6,1,167.5,Mon,Dec,0,south,variable,2,8,9.73,0
user_349,18.2,40.9,3.8,0,101.5,Thu,Nov,7,west,green,4,6,29.45,1
user_461,10.8,62.3,7.4,0,116.5,Tue,Dec,2,north,green,0,4,29.68,1
user_132,22.1,48.3,3.0,0,128.3,Fri,Nov,4,west,fixed,2,5,23.26,0
user_466,12.6,65.4,5.7,0,127.6,Thu,Dec,4,west,variable,1,5,25.89,0
user_414,25.0,53.7,3.0,0,113.7,Mon,May,7,north,green,3,13,30.85,1
user_330,34.6,64.9,5.2,0,177.2,Thu,Dec,4,east,green,0,11,28.43,1
user_464,16.6,23.0,2.8,1,177.4,Sun,Jul,6,east,green,2,11,29.56,1
user_451,23.5,80.2,7.0,1,101.9,Wed,Sep,4,south,variable,1,3,19.09,0
user_471,12.2,45.0,4.0,0,189.9,Fri,Apr,6,south,variable,0,8,30.39,1
user_466,29.7,72.7,7.5,1,80.3,Mon,Oct,6,west,green,0,5,23.07,0
user_210,13.0,80.7,6.4,0,96.7,Mon,Apr,6,north,green,1,3,29.95,1
user_178,21.6,32.2,3.9,0,119.9,Sat,Apr,1,north,fixed,1,5,15.75,0
user_66,29.7,77.3,3.8,0,137.9,Sat,Jul,3,east,fixed,0,8,24.28,0
user_111,17.8,73.5,6.0,0,81.5,Thu,Dec,7,north,fixed,0,7,33.0,1
user_315,21.4,78.8,7.5,0,96.8,Mon,Nov,2,south,fixed,3,5,20.22,0
user_277,19.6,69.9,3.7,0,117.4,Sat,May,4,south,fixed,2,8,22.27,0
user_275,29.4,53.3,7.2,0,82.0,Sat,Aug,6,north,variable,2,7,34.77,1
user_143,27.7,53.3,5.2,0,79.4,Sun,May,6,south,fixed,1,6,28.32,1
user_295,19.0,57.9,1.4,0,139.8,Mon,Jun,2,south,variable,1,6,14.81,0
user_62,18.1,29.0,4.2,1,127.1,Wed,May,7,north,fixed,0,3,20.06,0
user_363,15.5,70.3,5.6,0,129.8,Fri,Dec,4,north,green,1,10,32.68,1
user_463,19.0,79.8,3.2,0,143.2,Tue,Apr,5,west,variable,2,11,34.22,1
user_68,18.5,63.7,7.8,0,139.9,Fri,Nov,1,east,fixed,1,5,22.37,0
user_206,13.5,82.8,7.0,0,135.6,Fri,Aug,4,east,fixed,3,9,30.18,1
user_54,18.4,80.2,5.3,1,104.8,Sat,Nov,4,west,variable,0,8,27.77,1
user_460,24.8,83.8,5.2,1,147.2,Sat,Mar,1,north,fixed,0,5,16.24,0
user_437,22.8,36.6,3.1,0,71.2,Sun,Jul,7,east,variable,1,6,20.44,0
user_150,19.5,52.5,3.5,0,109.2,Tue,Feb,2,east,variable,4,6,25.24,0
user_275,21.4,66.6,1.4,0,52.2,Wed,Feb,1,north,variable,1,4,6.99,0
user_422,26.0,70.1,6.7,0,69.8,Sat,Dec,5,east,variable,2,10,26.32,0
user_343,21.9,78.2,2.3,1,167.0,Mon,Feb,0,west,fixed,1,8,8.93,0
user_456,23.2,81.3,6.7,0,108.6,Fri,Feb,4,south,green,3,5,24.39,0
user_42,32.8,85.6,5.8,0,177.5,Sun,Jun,2,east,variable,1,7,26.1,0
user_478,20.8,88.3,1.9,1,123.8,Tue,Aug,2,west,green,0,2,10.43,0
user_240,15.4,35.2,4.4,0,103.7,Fri,Sep,2,north,variable,0,5,16.94,0
user_175,24.5,77.5,3.0,0,143.0,Sun,Sep,6,north,green,2,10,29.09,1
user_328,43.2,68.5,4.0,0,106.6,Sat,Oct,1,west,variable,3,7,25.21,0
user_239,24.6,70.5,4.9,0,137.4,Sun,Feb,7,east,fixed,0,9,33.73,1
user_129,21.0,45.9,1.0,0,64.6,Sun,Dec,1,east,fixed,0,5,12.14,0
user_471,26.2,37.5,1.2,1,93.2,Tue,Jul,2,east,fixed,2,4,7.99,0
user_381,28.0,80.1,3.9,0,116.1,Thu,Aug,0,south,fixed,1,5,15.66,0
user_214,29.0,50.0,2.8,0,142.7,Tue,Jul,7,north,fixed,0,11,29.63,1
user_131,27.3,62.8,1.5,0,106.1,Wed,May,1,north,variable,0,7,23.14,0
user_46,13.7,33.4,5.9,1,94.1,Tue,Feb,2,west,fixed,0,5,20.44,0
user_218,24.8,62.9,4.8,1,118.6,Mon,Feb,4,north,variable,0,4,18.56,0
user_70,37.2,89.5,1.0,0,137.0,Mon,Jun,6,east,variable,0,8,28.25,1
user_459,18.6,62.7,1.6,0,180.2,Thu,Jun,0,west,fixed,0,4,13.32,0
user_344,18.9,65.0,2.3,1,116.7,Sat,Aug,0,south,green,2,5,5.58,0
user_8,24.9,39.3,3.3,0,91.3,Fri,Apr,0,east,fixed,2,4,16.08,0
user_394,16.7,84.1,3.1,0,142.3,Mon,Dec,3,south,fixed,0,4,21.06,0
user_270,28.0,84.2,1.3,0,80.3,Fri,Mar,5,south,fixed,1,8,18.01,0
user_215,29.2,26.4,6.6,0,135.6,Sun,Apr,6,south,fixed,2,7,24.61,0
user_382,20.4,58.1,7.1,1,75.1,Fri,Nov,4,east,green,3,5,23.14,0
user_273,28.7,43.5,7.5,1,106.6,Tue,Dec,2,south,green,0,4,12.47,0
user_35,18.5,55.6,6.3,1,166.5,Fri,Jul,0,east,fixed,3,6,19.18,0
user_498,31.9,24.6,5.8,1,167.3,Fri,Sep,1,east,variable,1,3,23.31,0
user_173,14.4,70.1,3.4,1,127.0,Fri,Mar,7,south,variable,1,10,27.73,1
user_15,26.6,47.8,3.9,0,71.5,Tue,Jun,6,east,fixed,2,8,16.89,0
user_485,31.6,50.4,6.9,0,139.8,Tue,Mar,4,south,variable,1,6,31.04,1
user_229,19.3,66.3,6.6,0,77.6,Tue,May,4,south,variable,0,8,23.65,0
user_472,31.0,88.9,7.6,0,190.2,Wed,Aug,3,north,fixed,0,8,31.22,1
user_422,20.4,50.2,7.7,0,135.1,Sun,Feb,5,west,fixed,3,7,34.77,1
user_477,23.1,82.4,5.7,1,95.7,Mon,Nov,6,east,variable,0,3,16.02,0
user_432,29.1,72.6,3.4,0,98.0,Sat,Apr,7,west,fixed,2,8,32.32,1
user_196,14.1,82.9,1.5,0,187.4,Wed,Nov,2,south,green,0,6,16.14,0
user_371,20.8,72.4,5.5,0,158.6,Sun,Dec,0,south,variable,1,8,21.45,0
user_367,23.4,75.2,4.0,1,114.1,Wed,Dec,6,east,green,2,5,18.3,0
user_225,16.4,49.2,5.6,0,144.7,Tue,May,5,south,fixed,1,7,31.6,1
user_482,20.8,54.4,1.9,0,140.8,Sun,Oct,2,west,green,3,9,20.6,0
user_125,31.4,26.0,3.8,0,91.4,Thu,Jan,7,east,green,0,7,28.08,1
user_23,31.2,48.0,8.0,0,108.7,Tue,Mar,5,south,variable,0,3,31.41,1
user_29,29.0,82.1,1.5,0,91.6,Sat,Sep,0,west,fixed,0,1,10.68,0
user_213,13.4,83.5,4.8,0,186.0,Thu,Dec,0,south,variable,0,8,24.04,0
user_429,22.6,66.8,7.8,1,110.2,Tue,Oct,4,east,variable,0,3,20.89,0
user_65,25.1,57.6,2.2,0,109.2,Wed,Jan,5,east,variable,1,8,21.46,0
user_294,24.5,82.6,4.6,0,91.3,Fri,Nov,2,east,variable,2,4,18.38,0
user_447,22.0,37.9,3.6,0,113.1,Thu,Aug,5,south,variable,1,4,22.73,0
user_113,24.8,67.3,3.4,1,50.0,Tue,Sep,4,west,fixed,2,4,14.5,0
user_56,23.1,36.9,5.7,1,75.3,Sun,Dec,2,south,variable,0,7,12.85,0
user_376,10.2,42.8,5.2,0,120.8,Sun,Jan,4,south,fixed,2,9,34.81,1
user_415,20.4,59.3,7.8,0,112.6,Mon,Mar,6,south,variable,1,11,36.03,1
user_449,19.1,75.2,4.9,1,118.9,Mon,Jan,3,south,fixed,1,9,21.37,0
user_383,24.6,43.8,3.2,0,87.4,Mon,Jan,6,west,fixed,0,3,12.94,0
user_320,23.2,45.1,6.7,0,139.3,Sat,Feb,3,east,fixed,3,9,28.13,1
user_477,21.3,33.3,2.0,0,104.7,Wed,Aug,0,east,green,0,3,12.58,0
user_468,27.0,75.8,3.5,1,84.4,Fri,May,2,north,fixed,1,3,9.46,0
user_120,24.3,78.9,2.5,0,125.8,Fri,Dec,5,east,fixed,1,3,20.63,0
user_265,24.1,74.7,8.0,0,93.1,Sat,Aug,1,west,variable,0,6,26.85,1
user_398,20.3,54.0,1.0,0,90.8,Tue,Dec,7,south,green,1,8,25.1,0
user_2,18.5,28.4,3.3,1,147.9,Thu,Mar,7,east,green,1,12,19.39,0
user_320,20.8,63.0,5.9,0,112.4,Fri,Nov,2,west,fixed,0,6,22.55,0
user_95,19.8,89.0,4.5,1,91.2,Tue,Oct,4,south,variable,0,5,17.47,0
user_426,18.9,84.4,2.4,0,174.2,Mon,Mar,7,south,fixed,0,12,31.75,1
user_263,21.6,25.4,7.0,0,137.7,Mon,Aug,0,north,variable,1,4,26.27,0
user_45,23.3,21.6,7.8,1,140.5,Tue,Aug,3,east,fixed,1,6,18.41,0
user_405,16.1,46.3,2.3,0,104.1,Fri,Oct,0,west,variable,0,5,7.98,0
user_229,8.1,56.8,7.1,1,128.7,Tue,Oct,5,south,green,1,10,29.12,1
user_246,22.6,70.3,7.9,0,50.0,Thu,Jul,7,west,variable,1,8,34.88,1
user_365,29.5,77.5,2.9,0,155.6,Mon,Jan,5,east,variable,1,5,24.66,0
user_262,24.9,66.5,4.5,0,98.9,Sun,Nov,4,south,fixed,1,4,14.68,0
user_178,22.9,48.7,6.7,1,119.9,Sun,Sep,6,west,green,0,6,21.97,0
user_348,19.3,71.7,3.0,0,100.5,Fri,Dec,3,north,fixed,3,5,27.99,1
user_172,18.0,28.0,4.2,0,102.1,Thu,Feb,0,north,variable,0,6,16.31,0
user_437,21.2,84.9,5.0,1,148.6,Thu,Apr,7,south,variable,0,8,26.69,1
user_42,27.2,88.1,2.5,0,181.7,Sun,Apr,3,south,green,1,4,16.26,0
user_190,22.1,53.9,3.5,0,105.3,Sat,Jul,1,east,variable,0,3,18.67,0
user_128,26.7,20.6,7.5,1,128.9,Sun,Apr,6,east,fixed,1,8,29.03,1
user_348,20.4,76.4,5.8,1,124.6,Wed,Dec,0,east,variable,2,4,14.25,0
user_336,25.3,79.3,4.7,1,107.5,Sun,Jul,3,south,variable,1,5,21.26,0
user_82,20.7,25.9,4.3,0,111.4,Mon,Jul,1,west,fixed,1,4,16.11,0
user_345,29.0,74.5,5.2,0,158.1,Sat,Jan,5,east,variable,1,10,33.86,1
user_40,17.3,67.3,7.7,0,135.2,Sat,Jan,7,west,variable,1,7,33.73,1
user_134,27.5,33.6,6.8,0,129.6,Tue,Feb,1,west,fixed,2,2,27.28,1
user_251,15.8,55.3,3.0,0,101.0,Thu,Aug,7,west,fixed,0,8,23.38,0
user_183,20.3,89.5,4.6,1,142.0,Thu,Feb,7,west,green,2,10,34.11,1
user_70,23.0,33.7,6.0,1,84.2,Fri,Oct,5,north,variable,2,7,18.88,0
user_328,25.5,83.2,6.1,0,70.6,Tue,Jun,1,south,fixed,1,2,16.46,0
user_414,11.4,82.5,6.3,1,128.1,Sat,Jan,6,east,fixed,1,8,27.37,1
user_39,23.0,84.7,4.9,0,180.9,Sun,Mar,6,west,variable,1,6,34.73,1
user_365,29.5,34.9,1.8,0,79.6,Sat,Jul,0,south,fixed,3,1,10.38,0
user_404,16.7,45.4,3.4,0,140.3,Sat,Feb,7,south,fixed,2,10,22.62,0
user_285,25.1,28.1,3.2,0,95.1,Tue,Mar,4,west,variable,0,6,19.81,0
user_446,19.6,73.0,6.9,1,79.9,Fri,Oct,3,east,variable,0,4,22.39,0
user_385,19.0,26.9,1.4,0,124.0,Wed,Feb,2,south,variable,0,4,6.08,0
user_445,33.9,72.9,3.0,0,112.8,Thu,Dec,4,east,fixed,0,6,25.36,0
user_474,23.2,38.9,3.4,1,126.1,Tue,Jul,4,south,fixed,0,9,18.02,0
user_388,30.8,46.5,6.8,1,122.6,Mon,Jun,2,south,variable,2,5,16.51,0
user_43,25.8,65.8,2.7,1,150.2,Sat,Feb,1,west,variable,3,6,10.2,0
user_446,26.1,42.6,1.4,0,116.8,Sat,Aug,4,south,fixed,1,7,19.45,0
user_448,29.3,40.0,7.2,0,113.2,Tue,Mar,5,west,fixed,0,8,24.52,0
user_463,13.0,38.0,6.2,0,132.9,Wed,Mar,4,south,fixed,0,9,29.28,1
user_224,19.1,47.2,1.8,0,148.0,Wed,Jun,5,east,green,1,10,20.92,0
user_308,20.7,66.3,2.8,0,96.4,Mon,Feb,5,east,variable,1,12,25.53,0
user_161,26.9,70.9,5.4,0,99.9,Tue,Oct,3,west,green,1,5,20.64,0
user_285,29.8,29.7,6.7,1,107.0,Thu,Nov,2,south,fixed,0,4,20.96,0
user_42,17.5,43.6,2.6,1,94.2,Mon,Dec,1,south,variable,2,1,6.06,0
user_170,13.2,88.8,7.5,1,148.9,Sat,Mar,1,west,green,3,3,22.95,0
user_98,24.4,55.5,7.2,1,119.7,Fri,Jan,7,south,green,0,5,14.39,0
user_14,16.0,66.4,5.1,0,106.5,Wed,Apr,6,west,fixed,1,6,27.14,1
user_427,28.4,28.4,8.0,1,125.4,Thu,Feb,2,south,green,0,5,21.4,0
user_467,30.0,89.0,4.0,0,50.0,Sun,Jul,3,north,fixed,0,4,22.86,0
user_310,16.6,64.1,6.5,1,146.1,Sun,Aug,4,east,variable,1,7,31.14,1
user_84,20.8,40.6,4.1,0,88.0,Mon,Jul,5,north,variable,1,8,20.8,0
user_446,21.2,78.7,7.3,1,124.7,Sat,Jan,3,west,fixed,0,6,21.63,0
user_8,30.0,78.5,7.1,1,68.3,Sat,Dec,3,south,green,0,4,14.32,0
user_78,23.1,48.7,7.6,1,112.5,Sat,Dec,7,west,fixed,2,9,27.52,1
user_217,18.1,43.0,7.1,1,149.5,Sun,Nov,2,west,fixed,0,8,19.96,0
user_295,27.7,24.5,2.2,1,121.2,Tue,Feb,4,east,variable,2,9,18.34,0
user_487,27.6,50.9,2.1,0,115.1,Sat,Dec,7,east,fixed,3,8,26.7,1
user_290,16.8,67.0,2.5,0,67.6,Tue,Feb,2,west,variable,0,3,10.41,0
user_484,15.5,50.4,7.5,0,117.1,Wed,Jul,0,west,variable,3,6,22.02,0
user_35,31.1,32.9,7.6,0,115.1,Sat,Mar,2,east,fixed,1,5,26.77,1
user_313,18.4,83.3,2.3,0,96.7,Wed,Jan,7,south,green,2,7,23.12,0
user_119,22.0,58.6,7.9,0,89.9,Mon,Dec,1,south,variable,2,4,29.19,1
user_172,16.2,53.6,4.4,0,139.6,Thu,May,4,south,variable,4,9,23.4,0
user_488,15.7,51.9,6.8,1,111.1,Tue,Aug,3,east,fixed,2,7,27.63,1
user_457,20.6,61.3,1.2,0,104.3,Mon,Jun,1,south,green,1,5,8.16,0
user_159,21.5,34.2,6.5,1,171.1,Fri,Aug,1,west,variable,2,6,21.09,0
user_285,33.7,36.2,4.5,1,122.8,Fri,Nov,3,north,variable,0,8,13.46,0
user_46,25.6,66.7,7.4,0,165.3,Sat,Feb,4,north,green,1,11,32.27,1
user_1,26.5,67.3,2.0,0,126.8,Tue,Jun,6,west,variable,2,6,18.63,0
user_177,17.5,29.3,4.7,0,166.9,Sat,Mar,7,east,variable,2,14,37.94,1
user_92,20.8,73.4,5.8,0,126.2,Mon,Feb,7,east,variable,2,10,33.66,1
user_173,18.3,87.0,7.3,1,87.1,Sat,Dec,4,east,variable,2,1,21.1,0
user_53,24.2,39.6,2.8,0,150.0,Mon,Sep,2,east,fixed,0,5,15.51,0
user_407,28.0,22.8,6.4,0,109.5,Sat,Sep,3,east,fixed,0,6,23.93,0
user_322,28.6,87.6,7.9,0,162.6,Sat,Aug,0,west,variable,0,4,18.12,0
user_228,29.6,61.9,6.4,0,134.2,Fri,Jul,7,east,green,1,7,33.27,1
user_188,21.2,82.0,5.3,0,146.8,Sun,Mar,4,east,fixed,4,6,35.31,1
user_58,15.5,59.2,1.4,0,162.8,Wed,Nov,2,north,fixed,3,12,25.66,0
user_313,30.2,56.4,3.0,0,93.2,Sun,Sep,2,north,variable,1,6,19.5,0
user_173,29.8,88.7,5.7,0,81.2,Tue,Mar,7,east,fixed,2,6,45.19,1
user_229,20.8,58.1,7.5,0,98.0,Wed,Mar,5,south,fixed,2,8,23.73,0
user_128,25.7,41.5,8.0,0,182.1,Wed,Feb,0,east,green,2,7,23.65,0
user_86,23.8,74.9,6.4,1,177.7,Wed,Oct,5,west,variable,2,7,23.12,0
user_385,14.6,88.6,6.1,0,127.6,Sat,Nov,7,west,fixed,0,9,35.4,1
user_381,19.8,20.2,2.7,0,144.5,Sat,Sep,2,east,variable,3,6,16.6,0
user_233,14.5,29.4,3.9,0,190.6,Wed,Dec,6,west,fixed,0,13,28.81,1
user_469,19.0,86.4,1.1,1,133.9,Fri,Nov,0,south,fixed,1,7,8.05,0
user_330,19.9,65.3,6.6,0,105.4,Tue,Jun,7,north,variable,2,8,30.89,1
user_398,19.9,39.2,1.5,0,95.1,Fri,Sep,3,south,green,2,5,16.6,0
user_141,16.0,89.0,2.0,0,117.9,Mon,Mar,1,north,fixed,2,3,16.4,0
user_479,23.9,48.2,7.2,1,113.6,Wed,Aug,2,south,fixed,2,5,22.63,0
user_117,23.9,30.9,4.1,0,59.9,Sun,Jan,6,west,green,0,6,16.59,0
user_183,16.6,20.1,4.1,0,102.6,Sun,Apr,4,south,variable,0,2,24.47,0
user_476,19.1,43.7,7.7,0,119.0,Sun,Feb,1,north,fixed,1,5,20.46,0
user_494,21.2,24.5,2.8,0,149.2,Mon,Apr,0,south,variable,0,3,5.63,0
user_330,33.7,70.6,6.4,1,132.8,Fri,Jan,1,west,variable,0,2,13.64,0
user_18,24.0,52.2,1.2,1,113.6,Thu,Apr,6,west,variable,1,8,20.85,0
user_109,25.9,44.1,2.4,1,84.7,Fri,Jun,6,east,green,1,4,14.88,0
user_108,28.3,69.1,5.8,0,97.8,Tue,Dec,0,west,green,2,5,27.34,1
user_90,30.4,53.7,6.2,1,110.3,Mon,Apr,4,west,fixed,0,6,17.63,0
user_192,11.8,70.2,6.5,1,136.8,Tue,Aug,1,south,fixed,3,6,17.71,0
user_314,14.9,87.9,3.8,0,127.4,Thu,Nov,4,north,fixed,1,3,19.45,0
user_174,21.7,27.0,2.9,0,143.3,Fri,Mar,5,north,green,0,5,18.42,0
user_47,21.7,55.1,7.1,1,139.7,Sun,Mar,1,west,green,1,3,14.13,0
user_330,20.3,61.1,6.1,1,99.2,Wed,Jun,5,west,green,3,6,11.82,0
user_257,27.1,28.1,3.4,1,67.2,Wed,Aug,0,north,fixed,0,2,5.0,0
user_258,24.4,62.7,5.3,0,110.1,Fri,Sep,2,east,fixed,1,4,28.14,1
user_142,19.4,42.9,4.4,1,68.2,Thu,Oct,7,east,fixed,0,8,16.15,0
user_216,28.6,75.3,7.2,0,103.8,Mon,Apr,6,south,variable,0,7,25.05,0
user_279,17.6,63.7,3.8,0,82.1,Sat,Jul,5,south,variable,1,5,26.1,0
user_350,28.6,52.0,7.2,0,50.9,Tue,Nov,7,east,variable,0,4,33.51,1
user_353,19.5,84.9,4.9,0,136.2,Tue,Mar,4,west,green,0,10,25.82,0
user_223,14.4,85.0,2.2,0,80.1,Wed,Nov,7,north,variable,3,7,28.57,1
user_470,19.9,23.8,7.7,1,149.3,Wed,Oct,7,south,variable,2,10,37.58,1
user_407,15.6,23.5,4.8,0,143.1,Mon,Apr,3,south,variable,2,7,26.09,0
user_42,22.3,45.6,2.3,0,150.7,Fri,May,4,west,fixed,1,6,21.16,0
user_42,19.6,62.7,3.6,0,148.2,Tue,Apr,7,north,green,1,7,30.56,1
user_225,16.6,71.4,4.6,0,94.4,Sat,Mar,3,east,fixed,0,9,27.84,1
user_70,22.3,58.1,6.9,1,108.0,Thu,Dec,4,east,variable,0,3,19.65,0
user_302,30.0,43.1,4.6,0,70.1,Wed,Oct,2,east,fixed,0,5,19.58,0
user_463,18.2,45.4,1.1,0,180.9,Tue,May,2,west,fixed,0,7,18.09,0
user_356,23.9,84.7,1.1,0,122.2,Mon,May,5,north,variable,1,6,19.59,0
user_9,18.4,58.2,2.8,0,122.5,Tue,Jan,1,west,green,2,8,11.83,0
user_92,21.7,68.8,6.8,0,184.2,Fri,Aug,0,west,green,2,6,22.47,0
user_3,14.3,43.8,5.1,0,117.0,Sat,Aug,5,west,variable,0,8,28.57,1
user_463,28.2,66.9,6.2,0,159.8,Fri,Nov,4,east,fixed,1,7,23.78,0
user_75,21.8,34.4,6.7,0,80.3,Mon,Nov,3,north,variable,2,8,21.01,0
user_39,23.4,70.1,4.0,1,166.2,Sat,Nov,5,west,variable,2,8,20.08,0
user_86,13.0,45.1,6.5,0,104.0,Sat,Feb,1,east,fixed,0,3,18.9,0
user_215,29.1,46.1,4.4,1,93.0,Mon,Oct,7,west,green,1,9,20.25,0
user_379,16.0,35.1,5.5,1,118.6,Wed,Jul,6,north,green,4,10,28.77,1
user_270,24.6,58.7,6.5,0,99.4,Wed,Dec,1,north,variable,2,3,15.76,0
user_111,28.0,29.1,6.7,0,130.9,Sun,Dec,4,west,variable,0,5,24.38,0
user_72,15.2,88.2,5.5,0,183.3,Fri,Jun,4,north,fixed,1,9,28.02,1
user_376,28.8,22.6,7.9,1,164.3,Sat,Oct,5,west,fixed,2,6,29.38,1
user_227,27.8,48.2,6.3,0,95.0,Tue,Sep,7,west,green,1,4,24.37,0
user_37,20.5,52.9,5.1,1,68.1,Tue,Nov,5,south,fixed,1,4,22.43,0
user_26,24.9,33.8,1.4,0,117.0,Tue,Aug,6,east,variable,1,10,23.84,0
user_471,22.2,20.6,7.3,0,153.5,Tue,May,2,east,fixed,0,4,20.19,0
user_275,20.0,21.4,2.9,0,153.4,Wed,Nov,7,north,green,0,6,26.23,0
user_129,21.9,32.8,5.9,1,143.4,Fri,Nov,6,north,fixed,0,11,29.14,1
user_144,12.2,45.7,7.9,0,154.9,Sat,Jun,5,west,green,0,10,33.69,1
user_120,12.0,33.1,6.0,1,79.6,Thu,Jun,1,south,variable,0,2,13.78,0
user_242,33.3,46.1,2.1,0,92.5,Wed,Jul,6,south,variable,1,9,25.21,0
user_231,22.9,23.7,2.5,0,56.1,Wed,Oct,5,south,variable,1,5,15.04,0
user_84,19.3,40.0,3.4,0,167.0,Sat,Feb,3,north,fixed,0,9,21.91,0
user_257,19.8,41.7,7.4,0,66.1,Mon,Sep,7,west,variable,1,7,27.87,1
user_125,22.3,85.0,7.1,0,114.8,Thu,Dec,0,south,fixed,0,6,18.42,0
user_490,26.3,72.7,7.8,0,85.9,Thu,Aug,4,south,green,1,3,19.43,0
user_347,25.6,82.3,5.5,0,85.8,Sat,Nov,4,north,fixed,0,6,29.95,1
user_373,15.1,69.7,5.1,1,134.3,Fri,Apr,2,east,variable,0,4,15.46,0
user_252,27.2,74.0,5.4,1,155.7,Mon,Jul,6,east,variable,1,12,26.84,1
user_159,15.9,35.5,6.1,0,158.3,Tue,Oct,1,north,fixed,2,9,24.39,0
user_445,17.9,40.4,1.0,1,88.0,Thu,Oct,6,west,fixed,2,3,14.21,0
user_140,22.5,85.5,5.5,0,130.4,Thu,Mar,0,east,variable,3,4,25.6,0
user_99,20.6,25.3,7.5,1,161.3,Fri,Feb,4,west,variable,1,7,24.8,0
user_370,19.0,49.9,4.1,1,113.3,Thu,Jun,3,west,variable,2,6,14.05,0
user_332,3.0,23.5,7.3,0,143.3,Fri,Mar,6,north,fixed,1,8,50.35,1
user_199,29.0,31.5,5.5,0,104.6,Sat,Dec,0,south,fixed,0,1,10.03,0
user_303,18.1,65.1,4.8,0,162.8,Thu,Jul,3,east,fixed,1,9,33.51,1
user_281,29.9,85.9,3.5,0,168.4,Wed,Aug,4,north,fixed,1,8,20.55,0
user_274,19.0,70.3,2.7,1,67.6,Wed,Jun,5,south,fixed,0,2,5.0,0
user_233,15.8,76.8,3.0,0,84.0,Mon,Sep,1,north,variable,1,8,26.11,0
user_97,30.9,34.1,3.5,0,104.3,Sat,May,7,north,variable,1,6,23.47,0
user_346,15.2,31.2,5.4,1,128.4,Fri,May,2,east,fixed,1,4,15.53,0
user_454,24.2,38.7,4.0,0,76.1,Thu,Apr,3,east,variable,3,6,22.91,0
user_39,21.1,74.1,6.5,0,149.5,Thu,Jul,5,east,variable,0,9,27.49,1
user_367,26.3,83.1,2.7,0,113.8,Tue,Jul,2,north,variable,1,4,18.11,0
user_193,18.1,42.0,5.8,0,155.9,Sun,Mar,0,east,fixed,1,8,20.09,0
user_278,20.8,24.9,7.7,0,116.7,Fri,Jun,0,west,variable,0,3,20.55,0
user_353,22.9,72.4,7.0,0,153.2,Sun,Feb,4,west,variable,0,6,30.9,1
user_117,24.5,65.9,3.6,1,120.7,Tue,Jul,4,north,fixed,1,5,13.79,0
user_122,19.5,72.7,5.3,0,89.8,Sat,Jan,3,north,fixed,1,4,18.49,0
user_305,26.9,79.2,5.0,0,138.4,Tue,Dec,4,west,variable,1,13,33.26,1
user_264,19.5,87.1,6.5,1,116.4,Thu,May,7,east,green,2,11,31.49,1
user_5,27.4,79.1,2.5,1,121.4,Thu,Nov,1,east,fixed,1,8,9.66,0
user_145,24.8,32.6,1.5,0,152.2,Mon,Sep,0,north,green,0,5,6.41,0
user_365,18.2,39.9,8.0,0,97.8,Fri,Jul,3,west,fixed,0,6,24.38,0
user_163,30.7,47.7,4.8,0,69.8,Sun,Oct,4,south,variable,0,4,19.97,0
user_449,23.9,66.7,5.3,0,157.8,Tue,Jan,5,north,green,1,7,18.89,0
user_494,24.6,46.6,6.8,0,131.9,Sun,Jul,7,south,green,4,10,36.7,1
user_293,27.7,57.3,7.7,0,135.5,Sun,Jun,6,east,variable,1,13,35.49,1
user_420,15.6,56.0,4.0,0,131.1,Mon,Aug,4,east,fixed,2,7,19.6,0
user_302,25.1,79.3,1.8,0,117.3,Wed,Oct,7,west,green,0,10,25.7,0
user_242,38.5,55.2,1.6,0,124.5,Thu,Aug,7,south,variable,1,9,30.57,1
user_39,17.6,74.6,3.5,0,125.6,Thu,Dec,3,north,fixed,2,5,16.05,0
user_401,19.5,82.5,5.6,0,137.1,Fri,Aug,0,south,fixed,0,6,15.59,0
user_126,27.1,59.4,7.1,1,172.2,Wed,Jan,7,south,fixed,0,10,28.5,1
user_20,20.1,65.9,7.9,0,159.4,Wed,Jun,2,south,fixed,2,8,26.97,1
user_256,13.9,52.7,4.1,0,126.1,Fri,Mar,4,east,fixed,2,10,29.48,1
user_375,18.8,68.8,5.7,0,74.0,Thu,Apr,3,north,fixed,1,5,22.11,0
user_380,30.1,34.5,2.5,1,111.7,Sat,Sep,2,south,green,2,7,12.8,0
user_446,26.4,25.9,2.8,0,63.1,Fri,Feb,1,north,green,1,6,9.59,0
user_234,20.7,48.6,6.1,0,101.2,Wed,Apr,2,west,green,3,8,33.35,1
user_243,20.3,57.7,5.5,1,145.1,Fri,May,5,south,variable,0,8,21.52,0
user_189,22.0,72.5,3.4,0,126.1,Sat,May,4,west,variable,0,4,21.9,0
user_86,10.6,29.5,4.9,0,98.8,Fri,May,0,south,variable,1,3,18.45,0
user_450,21.2,72.8,5.3,0,124.2,Tue,Dec,5,north,fixed,1,7,32.61,1
user_51,24.9,32.4,2.9,0,100.1,Tue,Feb,5,south,variable,3,7,19.16,0
user_266,20.7,36.6,6.4,1,97.4,Thu,Nov,5,south,fixed,0,6,18.24,0
user_400,23.0,55.9,2.6,1,63.0,Tue,Oct,5,east,fixed,2,9,21.5,0
user_161,26.1,78.8,7.2,0,76.5,Wed,Apr,1,south,green,0,1,12.75,0
user_75,18.5,58.2,1.3,0,173.2,Sat,Mar,3,north,green,1,5,22.33,0
user_19,21.8,47.5,6.7,0,145.0,Sat,Mar,1,east,fixed,1,3,14.67,0
user_63,19.5,55.9,3.7,0,80.7,Tue,Sep,7,west,variable,4,7,24.65,0
user_349,15.1,71.2,2.3,0,132.7,Thu,Jun,3,south,fixed,0,8,24.07,0
user_115,18.9,66.2,1.3,0,102.2,Tue,Oct,1,east,fixed,1,7,10.94,0
user_455,26.0,35.8,2.0,0,126.2,Sun,Jul,6,west,fixed,0,7,17.05,0
user_193,23.2,62.7,1.3,0,81.1,Thu,Aug,2,south,variable,1,6,10.52,0
user_255,18.3,63.0,6.6,0,124.2,Sat,Jan,4,north,variable,0,6,28.65,1
user_282,12.2,72.8,3.1,1,150.3,Sat,Oct,5,north,fixed,3,9,33.99,1
user_155,25.1,39.8,5.7,0,157.7,Mon,May,6,east,fixed,1,8,32.84,1
user_161,29.0,70.8,1.6,1,129.0,Sat,Jul,3,north,green,3,13,27.15,1
user_70,18.3,43.0,2.6,0,154.9,Thu,Jun,5,south,green,1,9,26.07,0
user_196,14.1,33.5,6.5,0,103.9,Sat,Feb,4,west,variable,2,8,21.36,0
user_314,29.2,87.1,6.1,1,106.1,Tue,Nov,4,west,variable,0,9,18.64,0
user_247,23.8,23.2,7.3,0,84.2,Fri,Mar,6,south,variable,1,6,23.54,0
user_3,26.2,25.0,1.1,1,94.4,Thu,Feb,7,south,variable,0,7,16.04,0
user_97,8.5,47.4,3.9,0,111.0,Sat,Aug,3,east,variable,1,6,28.8,1
user_128,8.8,44.5,2.2,0,97.4,Fri,Dec,7,west,variable,1,4,32.43,1
user_267,29.8,35.5,1.4,0,129.4,Fri,Dec,7,west,fixed,4,8,29.46,1
user_243,18.1,66.0,5.5,0,122.4,Thu,Oct,4,north,fixed,0,8,30.91,1
user_243,18.5,62.1,2.5,0,163.1,Tue,May,4,east,green,0,9,24.31,0
user_444,22.9,47.3,3.0,0,129.3,Sun,Sep,0,east,green,2,5,14.33,0
user_215,16.8,28.9,1.3,0,87.3,Wed,Aug,0,west,variable,0,7,18.51,0
user_276,17.1,66.1,2.8,0,174.7,Wed,Apr,1,north,fixed,1,6,14.48,0
user_443,28.1,38.3,2.6,0,53.7,Tue,Feb,5,south,green,0,3,7.53,0
user_232,29.8,67.7,2.7,0,67.5,Thu,Feb,6,south,fixed,1,6,14.82,0
user_114,23.3,80.7,2.9,0,131.1,Sun,Apr,3,west,fixed,0,3,13.41,0
user_304,31.2,51.8,5.1,0,175.0,Wed,Jun,2,south,variable,1,7,22.89,0
user_167,5.5,68.7,7.2,0,130.6,Thu,Feb,7,south,variable,0,11,39.17,1
user_253,25.6,40.7,7.4,1,142.7,Fri,Nov,3,east,fixed,0,7,23.35,0
user_236,23.4,70.5,7.0,1,114.9,Thu,Jun,2,east,green,1,7,19.84,0
user_466,22.6,53.3,5.5,1,137.9,Sun,May,7,east,fixed,1,9,29.71,1
user_80,25.1,29.8,7.7,0,127.7,Mon,Aug,7,south,green,2,7,35.86,1
user_480,29.0,20.6,7.7,0,77.3,Sun,Apr,7,north,fixed,2,9,34.42,1
user_223,20.0,68.1,1.3,1,127.2,Mon,Mar,5,east,fixed,1,9,14.93,0
user_288,24.5,23.7,3.4,0,124.4,Sat,Nov,7,south,green,2,9,26.72,1
user_37,18.0,60.8,1.4,0,143.2,Tue,Feb,2,south,fixed,0,7,14.55,0
user_329,19.1,22.8,3.0,0,124.2,Thu,Mar,5,west,variable,0,7,29.54,1
user_113,14.9,31.7,2.0,0,117.9,Fri,Jun,2,east,green,1,5,13.42,0
user_321,28.2,46.2,6.9,1,143.6,Wed,Jul,5,south,green,2,9,57.99,1
user_65,32.1,68.5,5.6,1,125.0,Sat,Jul,3,south,green,0,4,18.0,0
user_496,18.1,82.5,4.0,1,156.3,Sun,Feb,3,west,green,0,4,7.86,0
user_119,23.4,74.9,6.0,1,76.6,Sat,Aug,6,south,fixed,1,4,22.95,0
user_331,21.0,21.3,7.2,0,130.5,Sun,May,5,east,fixed,2,5,20.89,0
user_19,21.5,83.1,5.6,0,150.0,Fri,Feb,5,east,variable,0,7,18.81,0
user_240,18.4,29.9,1.1,1,126.9,Wed,Jun,2,west,fixed,1,6,12.29,0
user_33,21.5,29.2,2.5,0,99.2,Sun,Mar,3,south,green,1,3,15.72,0
user_348,23.9,58.5,1.7,1,102.2,Thu,May,4,east,variable,2,6,20.42,0
user_23,21.0,55.1,1.2,1,126.7,Thu,Aug,2,south,variable,0,7,9.7,0
user_109,29.2,35.0,2.1,1,121.5,Wed,Jan,6,north,green,1,6,7.88,0
user_499,14.4,22.9,5.7,1,153.8,Thu,Feb,2,west,fixed,0,5,16.68,0
user_448,25.0,78.5,7.9,1,111.0,Mon,Jan,5,east,fixed,0,9,20.76,0
user_306,9.6,57.0,1.8,0,101.6,Sat,Dec,2,north,fixed,0,4,21.99,0
user_476,22.5,85.8,5.4,0,142.8,Tue,May,3,east,fixed,3,5,22.11,0
user_144,21.0,73.6,4.9,0,137.3,Mon,Oct,6,west,green,4,7,32.98,1
user_12,31.1,88.1,6.1,0,155.0,Sun,Oct,6,south,green,0,11,36.26,1
user_239,29.5,47.4,5.9,0,159.3,Thu,Jul,4,south,green,2,9,31.07,1
user_107,25.7,22.0,6.2,1,149.4,Sun,Aug,0,west,fixed,2,9,17.21,0
user_235,9.2,27.0,3.9,0,110.2,Thu,Jan,7,north,fixed,0,8,28.44,1
user_148,20.5,78.2,2.8,0,115.3,Mon,Oct,0,south,fixed,0,7,20.35,0
user_117,21.0,89.3,1.2,0,140.2,Fri,May,4,north,variable,4,10,27.79,1
user_149,10.3,43.1,3.7,0,140.2,Sun,Jun,3,west,fixed,1,4,19.51,0
user_39,18.4,85.8,8.0,1,170.2,Mon,Feb,1,east,variable,0,7,12.41,0
user_372,25.6,65.9,2.5,1,183.9,Thu,Jul,5,south,variable,0,6,17.49,0
user_497,34.0,20.8,7.5,0,116.1,Tue,Nov,0,east,variable,0,5,16.63,0
user_361,14.3,55.0,7.5,0,151.9,Sun,Jul,6,south,variable,1,8,41.7,1
user_34,20.1,54.0,6.3,0,157.3,Thu,Mar,6,west,fixed,1,8,26.58,1
user_341,26.0,43.1,7.7,0,131.0,Mon,Sep,3,south,variable,2,1,22.28,0
user_495,24.9,23.2,7.1,0,75.8,Mon,Aug,3,south,fixed,2,7,30.28,1
user_219,26.2,79.4,1.8,0,148.3,Wed,Mar,3,west,fixed,1,7,16.47,0
user_139,33.7,86.0,4.3,1,122.6,Sun,Jan,2,west,fixed,0,5,11.23,0
user_105,28.5,40.7,4.3,1,136.7,Fri,Oct,5,east,fixed,1,7,22.67,0
user_276,10.3,40.4,6.8,1,96.7,Sun,Mar,6,south,green,1,9,31.22,1
user_360,20.2,55.5,5.6,0,160.9,Thu,Feb,5,north,variable,1,11,26.68,1
user_385,18.4,22.8,5.9,0,114.7,Thu,Nov,1,west,variable,1,6,11.37,0
user_74,26.4,84.1,1.5,0,85.2,Thu,Nov,4,south,fixed,0,2,7.69,0
user_188,27.2,42.6,6.0,1,152.1,Wed,Jul,6,south,green,1,6,24.69,0
user_216,34.5,56.2,7.5,0,144.9,Fri,Apr,4,west,variable,1,8,30.68,1
user_449,26.9,46.1,1.7,1,143.4,Wed,Nov,0,east,variable,1,8,16.33,0
user_155,25.2,86.1,4.0,0,142.0,Wed,Jun,3,south,variable,1,7,16.37,0
user_181,23.3,48.2,3.7,0,106.6,Thu,Jun,5,north,fixed,2,9,25.17,0
user_310,23.6,45.7,4.1,0,141.4,Mon,Feb,6,east,fixed,2,6,29.18,1
user_96,30.4,25.2,4.5,1,177.8,Thu,May,7,south,variable,2,10,22.18,0
user_376,34.6,35.2,4.8,0,82.3,Tue,Aug,7,east,variable,3,10,36.06,1
user_405,26.5,43.9,6.5,0,105.2,Sun,Dec,1,west,green,0,3,17.25,0
user_352,21.1,37.7,3.1,0,101.2,Mon,Aug,1,south,fixed,2,3,10.57,0
user_400,15.8,83.3,1.6,0,172.4,Thu,Dec,1,south,variable,0,6,18.11,0
user_275,21.9,49.9,4.8,1,116.0,Mon,Jan,5,west,variable,1,8,13.86,0
user_192,28.0,23.8,1.8,1,150.2,Sun,Jan,4,south,variable,1,7,15.69,0
user_229,21.9,24.2,3.2,0,186.3,Wed,Sep,2,west,variable,0,10,29.99,1
user_277,31.3,32.9,3.4,0,126.9,Tue,May,7,west,variable,0,9,29.94,1
user_479,22.5,58.6,2.6,0,113.6,Tue,Jul,6,north,fixed,1,4,22.25,0
user_41,32.9,35.2,4.4,0,101.7,Thu,Mar,4,west,variable,3,4,24.05,0
user_208,24.0,27.0,6.0,1,125.3,Thu,Nov,6,north,fixed,2,6,22.69,0
user_355,14.7,73.0,2.9,0,73.8,Sun,Mar,3,east,variable,1,2,21.65,0
user_219,28.2,84.1,4.6,0,101.1,Wed,Nov,3,west,fixed,1,3,19.84,0
user_116,10.5,38.6,5.5,0,125.0,Thu,Jul,6,east,fixed,0,5,23.82,0
user_62,13.8,76.0,1.7,0,125.2,Mon,Nov,3,north,green,1,9,21.69,0
user_69,32.9,22.4,7.1,0,106.1,Fri,Oct,5,west,fixed,1,3,23.07,0
user_402,19.1,53.2,7.5,1,50.0,Sat,Jul,6,north,green,0,6,19.07,0
user_12,32.4,59.6,2.8,1,90.2,Tue,Aug,4,south,variable,1,6,17.46,0
user_198,26.5,73.1,5.6,0,81.5,Tue,Aug,0,west,green,2,7,8.34,0
user_315,19.2,50.4,4.6,1,142.7,Sun,May,4,east,variable,1,8,19.38,0
user_141,15.9,35.6,3.3,1,114.8,Thu,Sep,6,west,variable,1,5,20.61,0
user_183,32.6,76.8,5.6,0,76.6,Wed,Jun,6,south,fixed,2,8,35.92,1
user_323,16.9,79.7,6.0,1,164.9,Wed,May,6,north,green,1,9,29.61,1
user_265,27.0,38.0,6.6,0,129.2,Thu,Feb,5,south,fixed,1,7,26.6,1
user_470,16.5,55.9,6.2,0,112.5,Thu,Dec,3,east,fixed,1,7,26.0,0
user_40,18.3,47.2,2.6,0,143.8,Mon,Jun,2,east,variable,2,5,15.56,0
user_407,25.0,83.1,5.7,0,133.1,Wed,Sep,0,east,fixed,3,3,18.98,0
user_441,21.5,65.8,7.1,1,83.1,Fri,Aug,4,north,fixed,0,4,12.42,0
user_103,30.2,56.9,2.2,0,146.8,Sat,Apr,7,west,variable,4,12,29.87,1
user_428,21.7,26.3,1.6,1,136.5,Mon,Mar,6,north,green,1,8,22.07,0
user_326,27.9,24.0,1.5,1,123.8,Tue,Aug,2,north,fixed,0,2,5.0,0
user_486,13.8,74.4,6.0,0,135.3,Sun,Aug,2,east,fixed,1,5,28.95,1
user_102,33.6,21.0,1.1,0,130.9,Tue,Feb,0,east,fixed,2,1,17.14,0
user_410,18.4,34.9,6.1,1,115.5,Mon,Jan,4,east,fixed,2,8,18.82,0
user_146,17.4,27.8,6.1,0,124.6,Sat,Dec,2,south,fixed,1,4,14.09,0
user_500,23.1,25.2,7.6,1,127.2,Tue,May,7,east,variable,0,7,25.36,0
user_423,21.5,87.9,1.0,1,50.0,Thu,Jan,5,east,variable,0,7,6.51,0
user_216,10.9,68.2,7.6,0,84.9,Mon,Nov,3,east,fixed,1,5,30.94,1
user_167,20.1,25.6,7.3,1,76.5,Mon,Jul,2,west,variable,0,4,19.65,0
user_166,27.0,29.8,1.2,0,106.9,Thu,Nov,0,east,green,1,1,8.91,0
user_239,13.6,83.6,4.8,0,136.1,Tue,Aug,7,north,fixed,1,6,29.89,1
user_440,26.9,69.5,1.1,0,77.1,Sun,Nov,4,south,variable,1,4,11.94,0
user_146,21.7,54.9,6.8,1,120.5,Tue,Jul,6,west,green,4,11,30.95,1
user_473,28.4,24.1,7.6,1,138.9,Sat,Sep,3,west,fixed,0,8,23.74,0
user_386,14.7,58.7,3.0,0,178.4,Tue,Sep,6,east,fixed,0,11,29.19,1
user_302,27.8,82.3,1.1,0,133.0,Sun,Feb,7,north,variable,0,6,16.54,0
user_413,22.6,67.1,7.2,0,104.4,Sat,Feb,3,east,fixed,0,6,26.8,1
user_271,24.3,34.5,1.1,0,152.6,Sun,Aug,3,west,green,0,5,9.01,0
user_131,25.0,35.9,7.3,1,165.6,Fri,Dec,0,south,variable,0,5,15.25,0
user_163,14.2,56.8,1.6,0,119.1,Wed,Feb,1,south,variable,1,8,9.99,0
user_481,25.6,38.9,2.0,0,132.0,Fri,Aug,1,south,green,0,5,6.96,0
user_323,24.4,37.0,7.2,0,134.2,Wed,May,7,west,variable,2,9,38.22,1
user_51,31.2,64.0,2.5,0,172.7,Fri,Jun,7,south,green,1,9,28.0,1
user_403,21.4,56.5,5.1,0,116.6,Sun,Nov,7,west,fixed,1,7,29.48,1
user_471,20.4,35.0,7.2,1,77.9,Mon,Dec,4,south,fixed,0,3,10.74,0
user_85,21.9,59.5,3.6,0,113.5,Sun,Mar,5,east,variable,2,8,30.37,1
user_378,18.3,53.0,7.3,0,97.2,Tue,Oct,2,north,variable,0,5,20.35,0
user_474,20.1,21.8,4.0,0,93.9,Thu,Aug,7,east,variable,0,7,25.06,0
user_202,18.8,58.0,4.1,0,133.7,Mon,Nov,7,south,green,1,9,29.29,1
user_63,21.3,43.1,3.0,0,139.5,Sun,Jan,0,north,variable,4,10,18.22,0
user_387,18.8,52.4,3.3,0,98.5,Tue,Apr,4,east,fixed,1,6,23.26,0
user_231,28.8,79.7,7.8,1,120.9,Fri,Dec,4,east,variable,1,3,21.79,0
user_212,23.7,59.6,2.4,1,75.8,Thu,Oct,0,north,variable,2,1,5.0,0
user_371,15.6,89.5,2.9,0,146.8,Sat,Jul,2,north,fixed,1,7,25.21,0
user_360,29.3,37.4,4.4,0,73.6,Tue,Aug,0,east,fixed,2,4,18.5,0
user_398,22.5,21.7,3.2,0,107.7,Thu,May,6,north,green,3,6,25.83,0
user_260,22.6,39.2,7.2,1,111.8,Mon,Jun,6,north,variable,1,7,22.82,0
user_323,12.6,51.4,7.4,0,158.5,Fri,Feb,3,north,variable,0,7,36.83,1
user_379,20.1,44.1,6.2,0,151.6,Sun,Oct,1,north,variable,1,5,24.64,0
user_387,17.4,81.0,6.2,0,129.1,Mon,Jul,7,east,green,0,5,26.29,0
user_67,18.8,43.1,1.6,0,82.3,Fri,Jul,2,east,fixed,0,4,8.96,0
user_284,30.5,47.5,5.7,1,185.8,Tue,Jun,5,west,fixed,4,14,31.93,1
user_267,24.4,89.3,3.4,0,126.7,Sun,Jul,0,north,green,0,3,5.0,0
user_19,19.5,86.8,2.4,0,87.2,Thu,Aug,7,east,fixed,2,7,23.11,0
user_5,12.4,35.8,1.1,1,110.2,Thu,Apr,3,south,variable,0,7,16.37,0
user_399,29.0,39.5,2.8,0,180.0,Tue,Jan,0,east,fixed,0,7,12.59,0
user_443,27.0,34.8,7.7,1,140.8,Wed,Nov,3,south,variable,1,5,18.94,0
user_319,10.7,84.7,4.8,0,140.2,Mon,Jan,6,south,variable,1,9,35.21,1
user_5,34.0,42.0,2.8,0,59.8,Fri,Jun,4,west,variable,0,4,17.69,0
user_50,22.1,79.2,4.3,0,150.9,Thu,Feb,4,west,variable,0,7,21.5,0
user_179,25.3,81.6,3.2,0,165.5,Tue,May,0,west,fixed,3,8,23.54,0
user_273,16.1,20.4,7.5,1,161.8,Fri,Sep,3,east,green,1,4,23.16,0
user_292,20.2,25.7,6.7,0,96.4,Fri,Dec,0,south,fixed,1,4,11.3,0
user_191,18.5,70.7,6.2,1,113.8,Wed,Dec,7,west,variable,0,10,16.44,0
user_214,28.2,69.5,6.3,0,102.8,Sat,May,1,north,variable,0,2,13.48,0
user_435,12.9,88.0,2.6,0,112.2,Sun,Feb,5,north,variable,0,3,19.78,0
user_198,31.8,87.2,3.7,1,118.8,Mon,Feb,4,east,variable,0,5,18.66,0
user_377,20.9,44.9,5.6,0,117.7,Fri,Oct,6,west,fixed,1,11,28.45,1
user_425,20.4,44.6,6.2,0,96.8,Wed,Jul,6,west,fixed,2,11,29.27,1
user_148,21.3,41.4,5.3,0,143.4,Sun,Jan,5,west,variable,0,6,29.06,1
user_320,22.4,41.5,5.6,1,102.7,Thu,Oct,7,east,green,1,5,16.12,0
user_101,18.7,37.8,6.0,0,115.6,Tue,Jun,6,south,variable,0,7,30.76,1
user_365,24.0,41.1,1.5,0,175.2,Wed,Dec,7,north,variable,2,10,25.02,0
user_356,24.2,88.4,4.2,1,119.8,Tue,Aug,3,east,variable,2,5,20.53,0
user_178,11.0,26.2,1.9,0,124.2,Mon,Jul,3,east,green,1,10,57.27,1
user_141,26.1,38.7,4.2,0,97.0,Wed,May,6,south,fixed,2,9,26.98,1
user_293,24.3,88.0,6.3,0,106.3,Thu,Jul,1,north,variable,2,3,19.03,0
user_256,20.3,46.5,4.5,1,162.5,Sat,May,7,west,green,1,8,22.84,0
user_173,20.7,48.6,3.0,0,151.8,Fri,May,3,north,fixed,3,10,34.25,1
user_87,16.1,78.0,4.8,0,135.2,Sat,Jul,3,south,variable,2,7,29.36,1
user_429,21.8,76.0,7.3,1,118.8,Sat,Jul,2,east,green,2,8,22.26,0
user_108,16.3,47.1,1.5,0,123.3,Wed,Apr,6,south,variable,2,10,29.86,1
user_276,14.9,44.0,5.0,0,130.1,Sat,Nov,6,south,variable,2,4,32.0,1
user_249,17.7,63.4,5.1,1,129.4,Tue,Mar,1,north,fixed,0,6,7.04,0
user_29,23.2,79.7,6.4,0,70.3,Wed,Mar,7,south,fixed,0,7,21.08,0
user_400,18.1,71.7,7.1,0,110.0,Sat,Jul,1,north,variable,2,3,25.86,0
user_414,25.7,34.6,1.4,1,109.2,Thu,Jun,3,west,fixed,0,4,5.0,0
user_191,18.8,42.7,5.9,0,156.1,Wed,Jun,3,north,fixed,2,5,27.16,1
user_25,26.0,53.2,4.1,0,124.1,Thu,Apr,3,south,variable,1,5,15.53,0
user_89,21.9,41.0,7.1,0,195.4,Tue,Aug,0,east,fixed,1,8,16.1,0
user_153,31.0,30.1,1.1,1,120.5,Sun,Oct,1,north,variable,0,4,13.97,0
user_304,6.6,27.3,7.6,0,77.8,Wed,Jun,3,south,green,0,1,28.44,1
user_486,21.0,57.3,1.4,0,141.6,Wed,May,0,east,variable,1,7,16.54,0
user_176,20.5,40.5,1.3,0,150.9,Wed,Apr,3,east,variable,0,8,24.05,0
user_163,22.1,74.2,7.0,0,84.1,Mon,Jan,3,north,variable,1,6,20.97,0
user_80,18.3,75.6,7.3,1,122.6,Fri,May,0,east,variable,1,5,17.12,0
user_26,15.8,58.2,8.0,0,85.4,Thu,Mar,1,north,fixed,1,3,26.34,0
user_226,29.7,86.7,3.0,0,163.8,Thu,Dec,7,east,fixed,1,7,27.63,1
user_52,16.7,52.2,6.7,1,113.8,Sat,Aug,3,west,fixed,2,1,19.13,0
user_144,21.1,83.1,5.0,0,95.5,Mon,Oct,3,north,variable,1,8,29.32,1
user_353,22.6,63.9,6.2,0,115.0,Fri,May,7,west,fixed,2,9,27.76,1
user_295,34.9,67.5,7.7,0,113.5,Fri,Dec,3,east,variable,0,7,18.8,0
user_474,26.5,72.8,5.2,0,161.3,Wed,Jan,2,west,fixed,0,7,16.09,0
user_235,19.6,20.8,3.5,1,113.9,Mon,Oct,0,south,variable,0,4,5.0,0
user_226,25.7,84.7,5.1,1,147.9,Thu,Nov,2,north,variable,1,6,21.54,0
user_130,31.7,58.5,4.2,0,140.5,Sat,Dec,3,east,variable,2,6,24.9,0
user_318,32.6,75.2,6.6,1,106.3,Fri,Jun,2,west,fixed,3,6,16.9,0
user_319,17.1,28.5,3.0,0,164.2,Thu,May,0,east,fixed,0,6,19.13,0
user_396,11.3,58.6,3.1,0,103.7,Mon,Jul,4,west,green,2,6,21.0,0
user_408,17.1,43.2,5.1,1,118.7,Wed,Jan,5,west,variable,0,3,12.65,0
user_208,20.8,60.7,4.2,1,136.7,Wed,Nov,7,west,green,2,10,18.75,0
user_318,16.0,89.0,1.5,0,64.5,Sat,Apr,4,south,fixed,0,4,18.53,0
user_207,22.1,81.0,6.0,0,106.2,Wed,Mar,4,west,green,1,10,20.62,0
user_409,19.7,85.6,4.3,0,175.3,Sun,May,2,north,variable,1,8,24.97,0
user_482,17.1,26.5,6.2,0,97.6,Sat,Nov,0,east,fixed,0,5,19.18,0
user_394,18.9,26.0,5.5,0,156.4,Sun,Feb,1,north,variable,2,8,21.69,0
user_282,12.8,46.0,4.2,1,171.4,Wed,Oct,6,south,variable,0,6,9.26,0
user_317,21.7,68.6,2.2,1,157.9,Tue,Sep,4,west,variable,1,12,18.95,0
user_485,26.6,43.8,7.9,0,123.4,Tue,Nov,6,east,fixed,2,9,41.88,1
user_69,27.1,64.6,7.0,0,160.4,Sun,Mar,2,north,green,0,7,23.09,0
user_99,19.7,57.4,6.8,1,50.0,Sat,Nov,0,west,green,1,1,6.27,0
user_26,28.6,36.6,6.6,0,136.5,Mon,Nov,2,east,variable,0,2,20.93,0
user_40,16.9,58.9,1.5,0,120.2,Thu,Dec,4,west,fixed,1,8,20.37,0
user_192,13.9,27.8,7.5,0,113.3,Sun,Feb,6,north,green,2,10,36.4,1
user_151,21.3,36.2,2.0,0,108.8,Wed,Mar,1,west,fixed,1,3,10.83,0
user_443,19.8,87.6,4.0,0,97.8,Wed,Jan,4,west,fixed,0,8,18.42,0
user_156,18.3,30.8,6.9,1,154.4,Sun,Oct,3,east,variable,1,7,27.01,1
user_313,27.7,81.9,1.7,0,99.7,Tue,May,0,north,fixed,1,4,12.84,0
user_493,22.1,59.7,2.9,1,95.6,Sun,Sep,6,north,fixed,1,5,20.89,0
user_39,25.6,74.4,6.4,0,100.5,Thu,Jul,4,south,green,1,7,24.38,0
user_177,29.9,81.5,7.2,0,131.9,Tue,Dec,5,north,fixed,0,7,26.54,1
user_164,22.6,59.6,6.6,0,141.2,Sat,Jan,4,south,variable,0,5,27.06,1
user_411,35.7,35.5,2.6,1,161.3,Mon,Feb,1,north,variable,2,6,16.92,0
user_210,21.9,83.3,3.6,0,122.8,Mon,Oct,7,east,variable,0,8,31.95,1
user_463,28.6,52.9,7.2,1,195.3,Mon,Oct,2,west,fixed,2,6,22.17,0
user_452,20.2,23.7,7.8,0,121.3,Thu,Jun,7,west,fixed,0,6,22.86,0
user_179,21.3,83.4,6.0,1,119.8,Wed,Feb,2,north,fixed,0,3,13.93,0
user_409,17.6,27.9,2.8,0,110.9,Mon,Nov,2,north,variable,0,5,15.35,0
user_288,28.2,42.5,2.0,0,132.4,Mon,Aug,1,east,fixed,2,8,17.56,0
user_196,19.3,24.5,5.4,0,116.0,Tue,Feb,5,south,fixed,1,7,29.91,1
user_401,21.2,77.9,3.9,0,73.2,Sun,Aug,5,west,variable,1,8,24.75,0
user_249,10.7,79.3,3.8,0,71.4,Mon,Aug,3,east,fixed,1,5,28.4,1
user_14,21.8,79.3,4.3,0,134.0,Sat,Nov,1,north,green,0,4,16.91,0
user_219,21.1,65.6,3.7,1,183.4,Fri,Jan,3,west,fixed,0,7,14.76,0
user_353,12.7,74.0,7.8,0,85.2,Fri,Oct,2,west,variable,1,7,30.03,1
user_124,22.7,70.1,6.4,0,148.6,Wed,May,0,north,variable,2,5,15.53,0
user_21,10.2,64.3,7.4,1,56.9,Sun,Jul,5,east,fixed,2,9,26.37,0
user_495,21.9,80.5,3.6,0,90.3,Mon,Apr,4,east,variable,0,6,21.2,0
user_51,29.4,42.8,2.1,0,168.5,Thu,Sep,2,north,variable,1,10,19.59,0
user_269,31.9,78.1,5.1,0,66.9,Tue,Jun,2,east,variable,0,3,10.04,0
user_473,18.8,53.3,4.1,0,118.7,Sun,Jan,6,west,green,1,6,19.5,0
user_404,19.7,48.3,6.8,0,97.6,Sun,May,1,north,green,0,3,8.31,0
user_186,19.8,34.3,4.6,0,128.5,Sat,Jul,5,west,fixed,1,6,22.13,0
user_315,21.5,32.1,7.1,0,107.3,Wed,Apr,7,north,fixed,1,8,39.11,1
user_306,16.5,33.2,7.3,0,148.5,Sat,Mar,1,south,green,1,7,24.14,0
user_216,20.2,39.0,7.2,0,83.3,Tue,Apr,2,west,fixed,2,4,17.3,0
user_377,32.1,35.9,2.7,0,62.7,Mon,Dec,2,west,green,1,3,12.13,0
user_370,21.8,62.9,3.1,0,59.9,Wed,Apr,3,west,variable,1,4,21.18,0
user_327,19.1,74.9,6.8,0,107.9,Thu,Oct,0,north,variable,0,5,21.2,0
user_303,13.8,33.7,2.4,1,150.3,Mon,Aug,5,west,variable,2,8,21.65,0
user_25,20.6,83.1,2.8,0,68.1,Sat,Aug,4,south,green,2,5,22.59,0
user_217,16.8,62.8,4.0,1,75.7,Wed,Jun,4,south,fixed,2,5,8.17,0
user_279,27.2,55.5,3.8,0,203.6,Tue,Feb,2,east,fixed,1,9,27.42,1
user_178,22.9,65.8,6.4,1,99.0,Thu,Oct,6,south,variable,1,14,25.69,0
user_349,32.3,40.9,1.2,1,130.4,Sun,Oct,5,north,variable,2,9,20.2,0
user_96,30.3,28.5,4.2,0,114.7,Tue,Aug,1,west,variable,0,2,19.54,0
user_253,22.9,85.2,4.0,1,132.7,Sun,Jul,6,south,fixed,0,6,24.19,0
user_402,23.8,49.2,2.9,0,96.4,Sun,Jun,7,east,fixed,4,10,29.18,1
user_36,16.1,61.2,5.9,1,146.4,Wed,May,4,east,fixed,0,8,17.71,0
user_305,20.6,83.6,7.3,0,95.6,Sun,Aug,7,south,fixed,1,9,27.49,1
user_415,20.9,89.4,3.5,0,147.6,Thu,Jul,0,west,fixed,1,4,14.44,0
user_471,21.5,63.0,5.1,0,92.2,Fri,Apr,1,west,green,0,5,13.89,0
user_220,31.7,75.5,2.7,0,88.3,Fri,Oct,1,east,fixed,1,4,9.55,0
user_52,20.1,30.1,4.9,0,109.9,Sat,Sep,0,north,green,3,4,18.06,0
user_131,27.9,60.9,4.6,1,128.7,Wed,May,0,north,green,1,4,5.6,0
user_204,28.2,81.2,5.2,0,65.7,Sat,Jun,2,south,variable,4,4,19.25,0
user_373,23.7,54.3,4.5,0,101.8,Mon,Feb,7,east,fixed,0,8,32.8,1
user_347,14.9,67.5,1.4,0,122.5,Fri,Apr,4,south,variable,2,12,22.99,0
user_268,24.8,55.4,3.3,0,104.5,Mon,Oct,2,east,fixed,1,2,18.78,0
user_26,23.7,39.1,4.1,0,138.4,Sat,Mar,2,east,variable,0,6,21.62,0
user_191,18.4,58.0,6.7,1,118.5,Sun,Sep,1,west,variable,1,6,15.66,0
user_307,29.4,24.7,4.6,0,157.8,Fri,May,6,west,fixed,1,7,24.71,0
user_103,34.5,38.2,2.8,0,81.9,Fri,Apr,5,east,variable,1,7,25.52,0
user_20,29.2,88.4,5.3,0,147.2,Mon,Feb,4,south,fixed,0,7,28.44,1
user_347,26.7,41.6,6.7,1,131.5,Mon,May,1,east,fixed,1,5,14.58,0
user_462,30.5,66.0,4.7,1,142.7,Wed,May,2,east,green,1,5,14.18,0
user_111,16.3,35.9,2.8,1,175.4,Sun,May,1,west,variable,0,6,37.21,1
user_193,29.2,34.2,7.3,0,140.8,Mon,Sep,5,south,green,3,13,27.49,1
user_320,22.5,69.1,1.7,1,161.3,Sun,May,4,east,green,3,11,15.14,0
user_108,17.2,74.2,3.6,0,135.8,Wed,Jul,4,south,fixed,0,3,17.37,0
user_307,14.8,56.5,1.7,0,55.6,Sun,Jul,6,west,variable,0,6,23.7,0
user_411,26.3,89.9,7.7,0,99.1,Wed,Aug,5,south,fixed,4,10,35.59,1
user_447,24.4,74.2,2.7,1,145.7,Thu,Apr,0,east,variable,1,7,11.72,0
user_395,16.9,66.2,6.1,0,173.3,Wed,Apr,0,west,variable,0,6,21.28,0
user_277,25.3,36.9,6.3,1,132.7,Tue,Jun,4,east,variable,0,7,23.25,0
user_336,21.3,83.7,4.1,0,109.9,Thu,Jan,1,north,fixed,0,6,15.33,0
user_227,22.4,42.3,5.8,1,135.8,Fri,Apr,7,east,variable,0,8,25.56,0
user_301,23.7,79.9,4.2,0,102.6,Mon,May,2,east,fixed,0,7,18.96,0
user_475,13.6,28.0,7.9,0,113.6,Sun,Feb,0,north,green,0,6,31.74,1
user_49,29.6,32.5,3.0,1,89.6,Sun,May,5,south,variable,1,8,16.13,0
user_301,21.8,32.3,4.3,0,120.9,Sun,Apr,3,east,green,2,6,18.42,0
user_260,14.8,71.9,7.2,1,141.6,Fri,Dec,0,south,fixed,0,8,16.35,0
user_370,19.8,67.6,3.3,1,99.4,Fri,Jun,6,north,variable,2,5,20.15,0
user_122,16.1,23.7,4.5,0,129.7,Mon,May,7,west,variable,1,11,36.99,1
user_420,25.7,70.7,3.7,0,130.1,Thu,Jun,5,west,variable,1,7,14.55,0
user_399,36.0,20.7,7.1,1,78.2,Mon,Dec,7,east,fixed,3,9,24.04,0
user_86,21.6,54.5,5.3,0,88.0,Mon,Sep,2,east,variable,1,7,18.26,0
user_467,3.9,63.1,2.7,0,55.4,Thu,Aug,7,south,variable,1,7,27.67,1
user_369,26.2,71.3,7.7,1,128.9,Wed,Jan,6,north,variable,1,6,23.45,0
user_191,20.0,41.1,3.7,1,112.6,Tue,Apr,1,south,variable,0,4,6.67,0
user_22,20.0,74.7,1.5,0,83.9,Sun,Feb,3,east,green,2,8,22.64,0
user_475,20.2,77.7,6.3,0,138.7,Thu,Dec,1,west,variable,1,4,25.56,0
user_265,20.2,86.1,5.7,0,98.7,Thu,Nov,5,east,fixed,3,6,25.99,0
user_405,20.0,50.3,7.6,1,135.9,Sat,Sep,6,north,fixed,0,6,22.25,0
user_122,20.4,72.4,1.9,0,130.0,Sat,Apr,7,west,variable,1,7,58.13,1
user_9,15.0,22.3,5.2,0,76.7,Mon,Aug,5,east,variable,1,9,28.2,1
user_116,23.1,27.9,3.5,0,119.9,Wed,Jun,5,east,variable,0,8,19.19,0
user_351,17.7,24.5,2.0,0,102.3,Thu,Oct,0,north,variable,1,3,15.29,0
user_100,17.8,54.7,6.4,0,114.9,Sat,Aug,0,south,variable,0,2,20.77,0
user_165,23.1,28.5,6.7,0,157.9,Sat,Aug,7,east,green,0,5,22.52,0
user_152,27.2,31.7,7.6,0,139.4,Thu,Jul,7,south,fixed,3,8,37.4,1
user_293,17.8,37.6,4.8,0,115.0,Mon,Jun,2,east,variable,0,5,21.31,0
user_373,18.8,79.4,3.0,1,141.0,Sun,Jun,1,north,fixed,2,5,8.46,0
user_104,37.1,86.7,2.7,1,184.1,Fri,Mar,3,south,fixed,0,9,17.3,0
user_148,18.0,45.7,5.4,0,180.8,Sat,Dec,3,south,fixed,0,9,30.29,1
user_253,17.9,58.4,3.1,0,80.3,Sun,Apr,6,south,variable,0,6,22.12,0
user_25,13.0,61.5,2.3,0,140.5,Sat,May,3,north,fixed,1,6,34.69,1
user_20,19.5,72.9,5.0,0,139.9,Wed,Apr,1,north,variable,1,4,25.37,0
user_443,20.1,85.5,6.3,0,118.9,Thu,Oct,1,east,fixed,1,6,19.02,0
user_409,23.6,65.3,7.6,0,106.8,Mon,Dec,1,west,fixed,1,2,19.3,0
user_4,15.4,69.5,2.0,0,107.4,Wed,Jun,2,west,variable,1,7,19.11,0
user_376,8.9,55.4,2.2,0,110.5,Mon,Feb,7,north,fixed,1,7,40.52,1
user_81,33.3,62.4,4.5,0,115.6,Sun,Jan,1,west,fixed,1,6,21.08,0
user_328,29.0,41.5,6.5,0,151.3,Mon,Apr,3,south,variable,1,9,27.66,1
user_249,24.3,84.9,7.9,0,121.8,Sat,Feb,3,east,fixed,0,8,29.24,1
user_271,8.7,51.8,6.1,0,134.7,Sat,Dec,4,south,variable,1,8,23.54,0
user_448,25.0,32.5,3.4,0,108.7,Thu,Aug,1,east,variable,2,4,12.77,0
user_413,30.1,44.1,6.5,0,140.5,Fri,Jan,5,north,variable,1,10,32.22,1
user_250,24.1,46.6,3.4,1,64.8,Sat,Sep,3,north,fixed,1,9,19.72,0
user_380,22.2,45.2,5.4,0,111.7,Thu,Mar,2,west,variable,0,5,17.75,0
user_382,26.5,73.4,2.6,1,88.8,Mon,Jul,6,east,green,2,5,22.42,0
user_330,23.2,58.7,2.2,0,124.8,Wed,Apr,7,south,variable,1,6,24.25,0
user_312,16.5,59.7,7.9,0,112.7,Wed,Sep,2,north,variable,1,8,21.48,0
user_435,28.1,82.1,1.3,0,93.1,Wed,Oct,7,south,variable,0,6,15.77,0
user_214,17.9,33.0,4.2,0,61.4,Sat,Aug,0,north,fixed,0,3,16.82,0
user_401,16.0,65.1,7.5,0,99.3,Tue,Oct,3,south,fixed,1,1,19.72,0
user_174,28.0,86.9,6.1,0,124.3,Tue,Mar,7,east,variable,0,8,30.32,1
user_189,30.0,24.2,7.3,0,134.7,Mon,Jul,7,west,fixed,0,6,28.55,1
user_101,32.1,89.3,3.5,0,64.2,Thu,Sep,7,north,fixed,0,6,25.24,0
user_90,26.6,45.6,5.8,1,110.7,Fri,Apr,2,west,green,0,4,9.99,0
user_21,22.8,43.7,5.8,0,143.7,Mon,Jul,3,east,green,1,9,31.28,1
user_476,18.2,31.5,7.4,0,118.7,Sat,Apr,1,east,fixed,2,7,27.11,1
user_98,20.1,80.5,4.3,0,149.7,Sat,Jan,6,west,variable,1,8,24.93,0
user_220,28.4,75.4,7.7,1,131.8,Wed,Dec,2,east,variable,1,9,22.46,0
user_317,26.5,68.1,6.9,0,155.5,Thu,Oct,4,north,fixed,2,8,34.69,1
user_499,29.4,23.3,5.6,0,88.3,Thu,May,1,east,fixed,1,5,18.32,0
user_198,19.5,20.1,6.9,0,111.4,Wed,Jul,7,south,variable,1,7,27.13,1
user_154,21.7,68.5,3.4,0,106.3,Sun,Jul,7,west,variable,2,7,29.44,1
user_302,19.8,59.3,2.4,0,50.0,Wed,Jul,7,north,green,4,7,20.4,0
user_365,17.2,20.4,1.3,1,153.0,Mon,Jan,6,north,green,0,9,15.32,0
user_158,19.7,23.0,3.2,0,98.4,Thu,Feb,7,east,fixed,1,6,16.58,0
user_234,24.4,28.6,5.0,0,112.5,Sat,Nov,0,north,variable,0,5,15.79,0
user_314,16.0,76.9,7.9,1,123.9,Thu,Jul,3,north,fixed,1,3,12.01,0
user_420,18.0,27.0,2.9,0,201.2,Mon,Jan,2,west,variable,4,8,21.47,0
user_63,22.1,77.3,5.6,0,127.8,Tue,Mar,3,east,green,3,6,21.44,0
user_164,18.1,32.0,3.1,0,166.0,Sat,Nov,0,south,fixed,2,9,17.42,0
user_367,24.6,89.8,1.5,0,108.6,Fri,Dec,3,south,variable,4,5,13.65,0
user_371,23.5,80.3,5.5,0,91.0,Tue,Mar,6,east,fixed,1,8,19.63,0
user_251,20.9,41.8,7.9,1,113.5,Sat,Aug,1,south,fixed,1,5,13.77,0
user_301,13.8,46.0,2.7,0,103.7,Mon,Feb,5,south,variable,0,5,16.58,0
user_81,23.3,76.7,4.6,0,107.6,Sun,Jan,4,east,green,0,7,18.87,0
user_126,26.2,52.2,3.4,1,120.0,Sun,Jun,1,east,variable,0,3,9.2,0
user_72,14.6,78.0,6.2,1,174.2,Thu,Aug,3,south,variable,1,6,28.75,1
user_369,22.5,40.5,4.8,0,130.8,Sat,Dec,3,east,fixed,2,5,14.01,0
user_21,15.2,32.6,1.8,0,81.5,Sun,Sep,2,east,fixed,1,1,23.36,0
user_431,13.5,43.1,2.3,1,159.5,Fri,Dec,0,north,fixed,1,7,13.22,0
user_319,28.3,63.8,5.3,1,110.8,Sun,Jan,7,north,fixed,0,8,18.23,0
user_442,15.0,81.2,7.1,0,95.6,Sat,Oct,7,east,variable,0,8,33.04,1
user_200,34.5,85.9,7.1,0,128.9,Tue,Jan,5,east,variable,0,5,27.71,1
user_309,17.1,40.9,1.4,0,88.8,Wed,Jun,3,south,variable,1,5,17.48,0
user_431,15.2,34.3,5.2,0,114.5,Tue,Dec,5,north,variable,0,2,20.75,0
user_482,31.7,81.0,5.1,0,149.3,Fri,Nov,1,west,variable,1,4,20.21,0
user_203,18.6,26.2,3.5,0,104.9,Wed,Nov,5,east,fixed,4,5,19.51,0
user_394,15.4,87.3,5.4,0,79.1,Fri,Mar,7,south,variable,2,9,29.83,1
user_10,9.5,47.2,4.5,1,151.7,Sun,Sep,6,south,fixed,0,10,24.05,0
user_77,21.3,87.2,4.8,0,166.9,Sat,Jul,6,north,fixed,2,15,32.91,1
user_150,19.6,54.1,1.3,0,79.6,Sun,Jun,0,north,variable,0,1,13.85,0
user_349,22.0,21.1,7.1,0,124.3,Thu,Feb,4,east,fixed,0,3,27.77,1
user_293,16.0,64.1,7.1,0,91.5,Sat,Apr,0,north,fixed,1,5,24.95,0
user_113,21.0,48.2,6.3,0,116.9,Fri,Jul,4,south,variable,1,3,23.93,0
user_117,22.0,57.3,6.1,1,143.8,Mon,Jun,1,north,fixed,0,3,14.08,0
user_419,16.2,29.1,3.6,1,141.1,Sat,Jun,7,south,fixed,2,10,30.85,1
user_147,27.4,89.0,1.8,0,140.3,Thu,Jul,1,east,variable,1,6,15.54,0
user_359,19.7,88.1,1.0,0,111.3,Thu,Apr,2,east,variable,0,7,19.22,0
user_10,33.8,56.9,7.8,1,89.8,Mon,Jun,1,south,green,1,5,18.66,0
user_55,23.3,40.2,6.5,0,131.8,Sun,Jun,1,north,fixed,1,5,17.73,0
user_308,30.1,40.4,3.3,1,86.8,Fri,Oct,4,south,fixed,1,9,17.58,0
user_470,16.9,44.1,1.4,0,106.0,Fri,Sep,5,west,fixed,1,3,15.02,0
user_106,21.3,67.2,5.3,1,106.2,Tue,May,4,south,variable,1,2,16.54,0
user_449,23.4,54.0,4.8,0,160.6,Mon,Apr,4,south,fixed,1,9,24.94,0
user_201,27.1,82.3,1.1,0,62.1,Tue,Jan,1,west,fixed,0,3,8.54,0
user_120,23.9,60.0,4.2,0,126.7,Thu,Jan,3,east,variable,1,5,19.19,0
user_131,31.2,56.7,1.5,1,114.3,Sun,Jun,4,east,green,0,7,20.14,0
user_370,10.2,61.2,4.0,1,130.5,Mon,Nov,2,west,green,1,3,19.83,0
user_405,19.0,89.6,7.2,0,190.1,Thu,Dec,1,west,variable,1,8,29.31,1
user_147,18.4,35.4,6.6,1,136.5,Sun,Sep,6,north,fixed,1,8,23.4,0
user_308,30.6,86.5,7.4,1,111.3,Sun,Jul,5,north,green,1,9,24.74,0
user_162,31.9,51.1,5.3,0,98.3,Sat,Apr,7,east,green,1,7,27.05,1
user_455,22.5,39.3,3.1,1,103.6,Mon,Dec,5,north,green,3,9,23.12,0
user_1,23.9,40.6,2.6,1,69.1,Sat,Apr,3,west,fixed,1,7,9.22,0
user_424,11.5,29.4,1.4,1,56.5,Thu,Jun,4,east,variable,0,6,12.35,0
user_295,27.1,20.6,3.3,1,126.3,Tue,Jul,4,west,green,0,7,13.25,0
user_220,18.1,71.3,6.3,1,155.6,Wed,Jun,4,east,variable,1,10,23.74,0
user_169,21.6,54.3,5.9,1,126.0,Fri,Jun,0,west,green,1,5,9.27,0
user_61,28.9,67.3,4.7,0,126.7,Fri,Jun,1,north,fixed,2,5,23.84,0
user_5,24.9,84.2,6.0,0,179.5,Wed,Sep,7,north,variable,1,13,36.97,1
user_137,26.1,38.1,5.6,0,130.8,Tue,Mar,1,east,fixed,1,9,19.23,0
user_294,26.2,42.9,7.3,1,75.3,Sat,Dec,2,east,fixed,0,10,16.53,0
user_214,28.1,26.0,2.8,1,61.1,Sat,Oct,6,east,variable,1,3,17.97,0
user_380,25.6,46.7,5.4,0,141.7,Sat,Apr,4,north,green,2,8,24.17,0
user_263,26.4,67.7,4.1,1,68.3,Thu,Mar,5,east,fixed,2,5,16.42,0
user_342,21.8,82.7,7.8,0,120.7,Sat,Apr,3,east,fixed,0,8,33.37,1
user_171,26.3,74.5,5.2,1,117.1,Thu,Nov,4,south,fixed,4,6,9.2,0
user_456,29.5,85.5,6.3,0,126.4,Fri,Nov,2,west,fixed,2,7,26.65,1
user_461,15.2,75.3,4.9,1,179.1,Sun,Mar,1,north,variable,1,8,18.19,0
user_428,19.5,37.0,7.3,0,88.7,Tue,Sep,0,west,green,3,4,21.45,0
user_177,24.4,40.8,1.2,1,135.5,Thu,Oct,1,north,variable,2,5,10.92,0
user_329,17.1,27.6,4.8,0,108.3,Mon,May,0,west,variable,2,2,14.0,0
user_417,15.9,74.5,5.2,0,107.3,Mon,Apr,1,east,fixed,0,6,21.38,0
user_93,19.1,63.5,2.2,0,80.3,Fri,Mar,6,east,fixed,1,4,23.64,0
user_288,17.3,62.3,4.7,0,103.4,Mon,Aug,1,east,variable,1,5,24.29,0
user_8,23.8,68.3,4.5,1,134.2,Thu,Jul,2,north,green,1,9,21.96,0
user_233,16.5,26.9,6.5,1,106.8,Thu,Jul,4,west,green,1,6,18.21,0
user_494,28.8,60.2,3.8,0,97.6,Sun,Dec,7,south,fixed,2,8,27.92,1
user_225,22.2,54.7,5.3,0,115.2,Sun,Feb,7,east,green,0,9,31.89,1
user_307,18.7,60.0,6.5,0,88.4,Fri,Sep,1,south,fixed,1,3,21.36,0
user_109,25.2,31.5,7.6,0,91.4,Fri,Mar,6,north,variable,0,5,31.67,1
user_73,27.7,82.3,6.0,0,141.9,Tue,Oct,6,south,green,0,10,29.68,1
user_104,22.9,81.6,7.2,1,66.4,Wed,Oct,0,east,variable,2,5,9.16,0
user_342,25.2,41.7,2.5,1,130.1,Fri,Sep,7,north,variable,2,12,16.2,0
user_305,18.2,25.3,3.0,0,166.3,Sun,Aug,6,north,green,2,12,50.33,1
user_460,21.8,31.7,8.0,1,143.6,Wed,Feb,5,north,variable,0,6,25.7,0
user_118,12.7,38.3,7.2,1,114.5,Tue,Aug,0,north,variable,2,2,21.07,0
user_301,21.3,68.9,6.2,1,126.5,Mon,Jul,5,south,fixed,0,9,25.2,0
user_468,16.8,64.6,7.9,0,118.1,Sat,May,3,east,green,0,6,23.83,0
user_26,16.4,78.0,1.6,0,90.1,Mon,Feb,0,south,green,0,4,5.3,0
user_244,21.2,66.3,6.1,0,130.0,Tue,Dec,7,west,variable,2,10,38.11,1
user_353,29.1,55.2,4.7,1,131.9,Sun,Mar,3,south,green,0,5,7.55,0
user_47,25.4,51.5,2.2,1,107.0,Tue,Sep,6,east,fixed,1,6,7.42,0
user_38,18.9,80.3,6.9,0,87.4,Fri,Aug,4,east,fixed,2,5,25.91,0
user_41,24.3,34.7,3.5,0,132.7,Thu,May,7,east,fixed,2,11,27.46,1
user_52,11.6,59.4,1.5,1,97.4,Thu,Feb,7,west,variable,2,8,22.34,0
user_161,18.1,58.4,1.1,1,191.9,Tue,Jan,6,south,variable,0,8,18.77,0
user_427,31.4,55.9,1.3,0,109.5,Wed,Mar,1,south,fixed,0,4,13.14,0
user_161,28.7,85.0,2.5,1,112.5,Mon,Jan,4,north,variable,0,9,7.31,0
user_247,17.7,72.9,5.4,0,76.2,Wed,Nov,5,south,variable,1,5,24.97,0
user_146,23.8,41.8,7.1,1,167.0,Wed,Sep,1,west,fixed,0,4,11.67,0
user_152,21.1,59.1,7.8,0,83.7,Thu,Jun,7,north,fixed,1,6,32.07,1
user_65,23.5,42.1,2.1,0,118.9,Thu,Nov,4,east,fixed,0,5,18.02,0
user_383,18.6,74.9,7.8,1,122.2,Tue,Aug,5,east,green,0,7,23.14,0
user_47,28.8,31.7,6.4,0,138.0,Sun,Feb,7,south,variable,1,5,30.56,1
user_100,26.3,45.1,2.9,1,191.7,Fri,Jun,6,west,variable,0,8,26.28,0
user_216,19.8,56.2,5.5,0,162.1,Sun,Oct,4,west,fixed,4,9,26.89,1
user_248,23.1,55.2,1.3,0,142.1,Thu,May,6,north,fixed,0,9,19.86,0
user_101,6.8,25.0,5.7,0,135.4,Wed,Nov,1,east,fixed,1,4,17.38,0
user_176,17.2,49.4,5.9,0,111.6,Fri,Jan,0,east,green,2,7,24.65,0
user_312,16.8,22.9,4.0,0,110.3,Wed,Oct,5,east,variable,0,1,24.05,0
user_425,24.9,81.4,4.4,1,133.9,Sat,Nov,6,north,variable,2,10,22.03,0
user_40,29.1,34.3,5.8,0,123.1,Sat,Feb,7,south,fixed,1,8,32.41,1
user_183,27.4,77.4,2.9,0,112.3,Sat,Jan,5,south,fixed,0,6,23.65,0
user_148,25.0,71.4,7.5,1,152.6,Thu,Oct,3,west,fixed,1,9,18.84,0
user_91,20.6,86.8,2.1,0,50.0,Wed,Sep,3,south,variable,1,5,14.43,0
user_417,31.0,20.2,7.2,1,121.9,Sat,Feb,3,north,fixed,1,6,25.67,0
user_388,14.6,56.7,4.3,1,116.5,Tue,Oct,1,west,variable,3,9,23.26,0
user_136,14.4,40.8,1.9,1,178.1,Wed,Jan,2,east,variable,2,8,17.29,0
user_159,19.0,31.1,6.9,1,105.1,Fri,Jul,2,north,fixed,1,7,20.65,0
user_19,32.0,34.7,3.0,0,131.7,Wed,Aug,6,east,variable,0,6,23.29,0
user_120,13.0,55.8,6.4,1,147.0,Fri,Dec,2,north,variable,1,3,20.63,0
user_25,24.9,53.6,4.7,0,170.9,Mon,Apr,4,east,fixed,2,10,15.38,0
user_290,22.7,85.6,5.3,0,88.6,Sun,Feb,6,west,variable,0,7,32.34,1
user_405,20.0,36.4,6.0,0,118.5,Sun,Feb,3,east,variable,1,4,21.51,0
user_181,23.5,20.4,5.5,1,125.1,Thu,Sep,6,south,fixed,1,10,24.89,0
user_275,30.3,77.8,4.6,0,150.2,Sat,Mar,1,east,fixed,0,6,24.5,0
user_3,18.2,87.7,7.5,0,119.8,Sun,Aug,3,west,variable,2,5,23.72,0
user_221,31.8,62.3,1.1,0,61.1,Wed,May,3,east,green,1,1,17.49,0
user_136,30.1,63.6,4.5,0,126.7,Fri,Feb,3,east,green,0,7,24.88,0
user_360,22.7,53.4,6.2,1,100.0,Tue,Mar,3,east,variable,1,5,16.62,0
user_380,22.1,49.2,6.6,0,91.9,Thu,May,3,north,fixed,1,3,21.11,0
user_12,24.9,42.3,7.3,0,153.2,Mon,Oct,6,east,variable,2,7,28.62,1
user_9,24.1,49.3,7.3,0,110.0,Mon,Nov,3,east,variable,1,8,27.37,1
user_72,24.5,71.0,3.7,0,109.9,Mon,Mar,5,south,green,0,8,15.79,0
user_61,21.7,20.9,6.1,0,93.7,Wed,Jun,2,east,variable,0,1,11.1,0
user_18,15.3,28.9,6.6,0,156.0,Mon,Oct,3,west,green,2,10,23.81,0
user_330,27.3,62.6,3.7,0,110.1,Mon,Apr,4,north,fixed,1,9,21.5,0
user_333,21.1,35.2,4.4,0,98.3,Fri,Dec,2,east,variable,1,4,20.28,0
user_287,9.3,40.4,1.4,0,58.3,Sun,Jul,7,south,fixed,3,7,26.21,0
user_17,13.0,60.1,3.8,0,166.6,Fri,Jun,0,east,fixed,1,8,26.06,0
user_295,32.0,37.5,1.1,0,136.9,Tue,Jul,4,south,fixed,0,6,17.06,0
user_465,21.1,36.4,5.1,0,121.7,Sat,Sep,3,west,fixed,0,9,25.12,0
user_252,37.4,43.1,2.7,1,81.4,Tue,May,5,east,fixed,3,10,25.14,0
user_153,23.8,83.5,1.8,0,145.6,Tue,Dec,5,east,variable,1,7,19.76,0
user_376,24.6,29.0,2.6,0,57.6,Sat,Aug,4,east,variable,0,6,13.28,0
user_390,16.8,84.0,1.5,0,78.0,Sat,Sep,4,west,green,0,5,17.56,0
user_112,24.4,38.3,6.3,1,110.9,Wed,May,5,west,fixed,0,6,19.61,0
user_344,28.4,45.6,7.9,0,94.4,Mon,May,7,north,variable,2,7,27.23,1
user_436,21.8,30.2,6.6,1,88.4,Thu,Oct,2,south,green,1,3,6.9,0
user_301,21.5,63.1,3.9,0,123.5,Tue,Sep,7,south,fixed,1,7,27.13,1
user_63,14.4,76.2,3.5,0,93.6,Sat,Jul,0,east,fixed,1,5,15.08,0
user_5,28.6,63.0,1.1,0,80.7,Mon,Oct,0,west,variable,0,3,12.29,0
user_417,22.0,79.8,7.0,1,146.2,Thu,Dec,6,north,variable,1,10,30.6,1
user_82,21.6,62.0,5.0,0,165.7,Fri,Apr,7,east,green,1,11,30.5,1
user_374,26.5,35.5,7.9,0,98.0,Tue,Oct,3,east,fixed,3,8,32.21,1
user_76,11.2,41.4,3.5,0,140.3,Fri,Aug,2,south,variable,1,8,31.58,1
user_266,21.5,24.6,4.0,1,164.1,Sun,Jul,7,west,variable,2,9,25.25,0
user_180,26.4,69.3,7.3,0,91.2,Sun,Feb,3,south,fixed,1,5,25.72,0
user_27,25.0,21.1,1.3,0,71.6,Tue,Jun,7,north,green,2,10,21.14,0
user_118,8.7,66.0,1.8,1,123.0,Mon,Feb,4,south,green,0,7,20.55,0
user_360,26.9,88.4,4.5,0,100.7,Fri,Jan,6,east,green,0,6,16.26,0
user_219,27.3,67.6,5.2,0,131.6,Sat,Feb,7,west,variable,0,5,25.71,0
user_157,20.3,68.7,2.6,0,109.4,Fri,Sep,5,east,fixed,2,9,15.55,0
user_229,18.6,73.0,1.7,0,96.2,Mon,Apr,3,south,variable,2,4,16.53,0
user_144,11.3,28.6,4.3,1,122.4,Wed,Jul,1,south,fixed,1,4,12.22,0
user_259,22.8,47.9,5.3,0,150.1,Tue,Jul,6,east,fixed,1,6,21.99,0
user_212,24.6,68.9,1.2,1,100.6,Mon,Mar,0,east,fixed,1,3,5.0,0
user_237,25.0,52.4,6.7,0,124.4,Sat,Aug,5,north,fixed,2,8,29.03,1
user_292,27.4,38.3,1.5,1,102.4,Thu,Sep,7,north,green,0,9,14.81,0
user_488,24.8,86.4,4.2,0,106.4,Thu,Mar,2,west,fixed,1,7,25.13,0
user_236,23.7,61.8,7.7,0,89.7,Sun,Oct,5,south,fixed,1,9,34.87,1
user_198,19.5,28.8,6.8,0,91.7,Tue,Nov,2,north,green,1,6,29.85,1
user_28,13.8,40.0,2.4,1,150.7,Sun,Dec,5,east,fixed,1,8,21.27,0
user_55,7.4,59.0,6.4,0,152.9,Mon,Dec,6,east,variable,1,11,37.73,1
user_490,8.7,25.0,5.4,0,116.3,Sat,Feb,0,west,fixed,2,4,21.54,0
user_418,24.8,21.5,5.5,0,120.4,Mon,Jun,4,west,fixed,3,6,23.17,0
user_223,27.2,39.3,4.1,0,139.6,Sat,Sep,1,south,variable,0,1,9.92,0
user_105,24.7,26.4,2.9,0,128.6,Sun,Jun,6,south,fixed,0,5,22.03,0
user_260,25.4,21.2,3.6,0,132.4,Thu,Jul,1,east,green,0,6,13.79,0
user_472,16.2,81.2,1.3,0,92.2,Thu,Nov,0,north,variable,0,5,10.74,0
user_372,30.3,81.9,4.0,0,143.8,Sat,Oct,4,north,fixed,1,8,22.08,0
user_399,16.4,75.3,3.7,0,171.1,Wed,Jun,5,west,green,2,8,23.9,0
user_404,28.2,77.4,7.0,0,132.2,Sun,Mar,5,south,fixed,1,7,23.0,0
user_446,23.3,61.7,2.6,1,139.2,Thu,Feb,7,south,fixed,1,8,15.76,0
user_160,19.7,30.4,1.7,1,152.6,Thu,Jan,6,east,variable,1,7,21.21,0
user_434,30.6,49.6,4.7,0,125.9,Fri,May,7,south,fixed,1,13,30.48,1
user_338,19.7,59.2,3.4,0,96.1,Sat,Nov,5,south,fixed,1,8,27.61,1
user_155,27.5,35.8,5.8,1,135.3,Thu,Sep,1,west,green,1,3,11.45,0
user_410,25.6,69.7,6.7,0,145.2,Tue,Dec,4,west,variable,1,7,24.97,0
user_441,28.3,36.8,7.0,0,153.3,Mon,Sep,5,south,fixed,1,9,34.42,1
user_51,27.5,81.0,1.8,0,89.8,Mon,Sep,7,north,fixed,2,9,27.61,1
user_342,29.4,73.3,7.9,0,98.6,Sat,Jun,1,west,green,0,4,19.33,0
user_322,33.6,58.2,6.7,1,148.2,Wed,Dec,1,south,variable,1,6,19.78,0
user_493,17.2,64.8,3.6,0,104.7,Thu,Jul,1,west,fixed,1,4,22.49,0
user_340,28.2,52.1,2.4,0,52.7,Tue,May,7,west,variable,1,5,17.81,0
user_497,18.2,44.8,2.9,0,112.1,Sat,Jan,5,west,variable,1,9,17.65,0
user_281,11.2,73.3,7.0,0,139.6,Sat,Nov,0,east,green,1,3,21.47,0
user_170,19.6,68.2,6.8,0,101.3,Tue,Apr,6,east,green,0,3,20.73,0
user_368,20.3,34.9,7.6,1,86.0,Thu,Apr,6,east,fixed,1,7,23.46,0
user_50,24.6,63.5,1.6,1,112.0,Wed,Aug,0,west,fixed,0,3,5.0,0
user_156,18.0,79.5,4.5,0,137.6,Thu,Jul,4,south,fixed,2,5,17.92,0
user_397,25.8,60.5,5.3,0,53.8,Mon,Apr,4,west,fixed,1,5,18.6,0
user_466,23.7,89.7,5.6,1,98.3,Wed,Oct,6,west,green,0,8,21.85,0
user_196,16.7,84.0,5.5,1,162.2,Mon,Mar,0,south,variable,1,7,18.21,0
user_462,37.5,45.4,2.9,0,126.5,Wed,May,2,north,variable,1,7,11.99,0
user_289,21.7,81.9,1.2,1,87.2,Sun,Feb,7,north,variable,3,9,15.88,0
user_326,26.7,40.2,7.3,0,116.5,Sun,Jul,3,north,variable,1,7,23.19,0
user_375,25.2,59.6,3.2,1,131.1,Mon,Nov,4,north,variable,0,11,17.12,0
user_466,10.2,59.8,2.7,0,125.4,Tue,Mar,0,west,fixed,1,3,25.73,0
user_367,21.3,44.7,2.9,0,147.0,Sun,Jan,2,south,variable,1,8,25.44,0
user_191,18.8,89.0,5.7,0,145.8,Tue,Nov,5,east,variable,2,7,25.03,0
user_29,34.6,62.2,3.5,0,114.3,Tue,Jan,0,west,variable,0,4,9.95,0
user_447,21.4,29.9,7.5,0,153.5,Sun,Sep,6,south,green,0,7,32.01,1
user_62,14.2,51.5,2.2,0,91.2,Sun,Mar,0,west,fixed,0,3,16.52,0
user_497,32.3,65.4,3.9,0,151.9,Sun,Sep,5,north,green,2,12,27.9,1
user_59,13.9,20.4,7.8,1,77.8,Thu,Jul,6,south,fixed,1,4,25.76,0
user_89,27.3,68.6,5.9,0,135.9,Sun,Oct,1,north,variable,1,7,21.41,0
user_122,29.1,37.0,4.6,0,126.8,Wed,Sep,2,east,green,3,8,22.96,0
user_450,20.2,89.3,4.3,0,154.6,Fri,Sep,6,south,fixed,0,9,27.06,1
user_441,11.3,37.0,3.1,1,128.0,Fri,May,5,south,fixed,1,9,20.47,0
user_461,12.1,45.6,5.1,1,50.0,Mon,Jun,7,east,fixed,2,8,23.26,0
user_44,19.1,67.5,4.9,1,104.7,Thu,Feb,4,east,variable,0,7,8.96,0
user_58,23.8,82.7,1.1,0,102.5,Fri,Oct,5,east,fixed,0,4,17.88,0
user_226,16.1,39.1,5.5,0,148.5,Fri,May,6,north,fixed,1,10,25.17,0
user_180,26.5,62.1,5.9,0,100.2,Tue,Jun,2,east,fixed,1,6,22.97,0
user_259,23.5,32.3,1.9,0,80.0,Mon,May,1,west,variable,1,1,8.67,0
user_130,25.0,49.3,4.4,1,105.1,Wed,May,4,south,fixed,1,8,11.57,0
user_451,15.8,82.3,5.8,0,103.8,Thu,Feb,7,east,variable,1,11,30.62,1
user_112,15.4,79.8,6.0,1,158.2,Wed,Jul,2,north,fixed,1,5,21.41,0
user_63,14.5,54.1,5.4,0,101.4,Fri,Nov,4,north,fixed,0,4,26.7,1
user_117,21.8,49.7,4.6,1,156.1,Mon,Dec,6,north,fixed,1,8,25.0,0
user_92,21.1,68.8,3.7,0,130.3,Tue,Apr,4,east,variable,4,12,29.57,1
user_71,26.4,20.8,1.3,1,118.5,Thu,Jan,6,south,fixed,0,5,13.41,0
user_408,25.8,64.9,2.5,1,81.8,Sun,Dec,0,north,variable,1,5,5.0,0
user_1,19.6,41.7,1.5,1,95.3,Sat,Mar,0,west,fixed,1,8,11.58,0
user_477,22.4,44.8,2.4,0,85.8,Thu,Feb,6,east,variable,1,8,19.07,0
user_246,11.4,33.0,7.2,1,155.7,Sun,Jul,5,north,fixed,1,7,34.27,1
user_481,12.6,89.6,3.5,1,67.4,Sun,Dec,2,south,fixed,0,1,11.57,0
user_117,27.8,47.7,7.9,0,84.9,Sat,Apr,3,east,variable,2,7,28.4,1
user_8,11.3,78.6,5.9,0,127.4,Sun,Aug,1,east,variable,0,7,29.62,1
user_483,24.3,52.8,6.2,0,172.9,Thu,Aug,0,south,fixed,1,9,18.66,0
user_101,33.5,37.6,5.2,1,134.6,Mon,Oct,2,east,green,1,4,10.11,0
user_418,21.7,84.0,4.9,0,193.6,Fri,Mar,7,south,fixed,0,8,26.99,1
user_111,23.5,67.5,3.6,0,97.1,Mon,Dec,7,south,fixed,1,6,21.5,0
user_24,12.7,58.9,1.8,0,64.1,Sat,May,4,north,fixed,0,6,22.2,0
user_267,17.1,40.6,6.2,0,50.2,Sun,Apr,5,south,green,0,3,23.08,0
user_252,27.9,37.7,5.6,1,75.1,Mon,Aug,6,east,fixed,2,8,19.94,0
user_355,22.3,23.0,6.2,1,112.6,Mon,May,6,north,fixed,2,7,21.77,0
user_325,27.0,32.0,5.8,0,91.2,Thu,Nov,4,north,fixed,1,5,21.27,0
user_160,13.0,81.9,3.5,0,142.6,Mon,Nov,7,west,variable,1,8,27.14,1
user_252,26.2,27.7,3.7,1,88.4,Sat,Mar,7,north,variable,3,10,24.72,0
user_182,25.9,30.3,6.7,0,142.4,Mon,Feb,0,east,green,2,3,13.05,0
user_48,21.4,25.9,7.5,0,115.5,Mon,Jul,5,west,green,0,4,25.65,0
user_12,25.5,26.5,1.3,0,90.4,Mon,Sep,4,east,fixed,0,1,18.21,0
user_42,24.8,55.4,2.9,0,124.2,Thu,Sep,5,north,variable,1,3,18.17,0
user_431,10.4,20.1,7.7,0,113.2,Tue,Nov,6,north,fixed,0,9,30.92,1
user_389,32.8,80.9,6.5,1,118.0,Fri,Mar,2,north,fixed,1,8,17.31,0
user_478,20.2,77.0,6.8,0,189.3,Tue,Dec,5,west,green,2,10,37.58,1
user_133,20.3,38.7,2.1,0,106.7,Fri,Mar,5,east,fixed,4,7,26.62,1
user_84,26.8,63.9,2.2,1,144.3,Mon,Apr,7,west,fixed,2,10,14.23,0
user_100,26.1,23.6,2.0,0,145.7,Wed,Oct,1,east,fixed,0,4,11.99,0
user_403,22.1,51.1,3.7,0,104.4,Thu,Mar,4,north,green,1,5,17.56,0
user_252,27.1,35.2,2.8,0,72.8,Mon,Sep,4,west,green,1,5,21.99,0
user_83,22.2,70.9,1.6,0,101.6,Wed,Apr,6,north,variable,1,9,24.1,0
user_59,23.0,21.4,4.4,0,178.1,Tue,Oct,6,north,fixed,1,12,27.35,1
user_188,21.7,81.4,6.9,1,123.8,Tue,Jan,6,south,variable,0,7,18.84,0
user_462,8.8,41.7,4.4,0,73.1,Mon,May,6,north,variable,0,7,31.48,1
user_391,29.9,89.0,7.5,0,178.2,Thu,Aug,5,east,variable,0,7,30.06,1
user_328,4.9,27.3,3.3,0,114.8,Wed,Apr,2,south,green,0,9,17.98,0
user_200,22.8,88.0,1.8,0,108.6,Wed,Feb,1,south,fixed,1,3,14.92,0
user_37,14.0,57.2,7.9,1,91.3,Mon,Jan,3,east,variable,0,3,13.01,0
user_121,31.1,58.1,2.1,1,181.5,Mon,Dec,3,south,variable,0,6,21.23,0
user_425,24.4,22.4,3.5,1,121.0,Fri,Sep,6,south,fixed,0,9,21.91,0
user_328,14.2,53.5,1.2,1,144.0,Thu,Sep,2,south,variable,2,7,13.64,0
user_369,24.2,57.4,7.8,0,116.6,Thu,Jun,5,east,green,0,7,24.69,0
user_321,20.1,67.6,6.5,0,71.9,Sun,Dec,7,east,green,1,8,27.18,1
user_312,18.2,70.5,1.1,1,80.7,Thu,Nov,4,south,fixed,0,6,5.0,0
user_461,30.6,59.4,2.4,1,117.5,Sun,Nov,3,north,variable,2,8,17.29,0
user_451,12.5,57.3,7.5,1,149.8,Mon,Jan,1,west,fixed,0,5,19.48,0
user_59,17.4,28.5,4.4,0,129.2,Sat,Aug,2,south,variable,1,4,20.5,0
user_311,19.3,73.5,7.4,0,155.0,Fri,Feb,5,east,variable,1,8,32.7,1
user_360,22.0,73.4,1.8,0,98.3,Sun,Dec,6,south,fixed,1,5,12.07,0
user_38,26.1,83.6,4.1,0,50.0,Sat,Dec,7,east,green,0,5,22.3,0
user_495,12.2,64.2,3.8,0,110.2,Fri,May,2,west,variable,0,5,26.88,1
user_245,23.4,27.7,7.3,1,84.2,Sat,Jun,0,north,fixed,1,1,8.14,0
user_455,18.2,22.2,4.6,0,120.6,Fri,Feb,4,west,green,2,9,26.84,1
user_334,20.7,76.5,2.7,0,104.7,Mon,Jan,0,south,variable,2,6,14.55,0
user_285,21.3,39.6,6.0,1,112.9,Fri,May,5,west,fixed,1,4,17.44,0
user_250,22.1,42.1,6.6,0,140.9,Tue,Oct,7,west,fixed,1,10,32.84,1
user_399,17.9,28.4,3.1,0,126.4,Wed,Jan,7,east,fixed,0,10,21.93,0
user_371,34.5,70.1,4.5,0,57.6,Thu,Jun,4,east,variable,1,3,29.24,1
user_271,10.0,53.8,6.2,0,103.4,Sun,Jul,2,south,variable,2,4,22.42,0
user_441,26.7,86.5,3.0,0,125.6,Mon,Jun,3,north,fixed,2,7,22.09,0
user_437,15.1,70.2,6.7,0,166.8,Thu,Nov,5,west,green,1,8,30.86,1
user_424,21.3,87.4,3.2,1,73.6,Thu,Jan,3,east,variable,3,7,17.79,0
user_444,23.2,33.7,7.5,0,113.9,Wed,Sep,0,north,fixed,1,1,24.67,0
user_335,27.0,75.3,3.4,0,105.0,Sat,Feb,0,south,fixed,0,3,9.17,0
user_123,33.7,75.0,3.7,0,80.5,Thu,Jan,3,south,fixed,3,4,18.43,0
user_164,31.6,51.7,5.8,1,108.5,Mon,Jan,7,north,green,0,5,18.04,0
user_220,45.6,38.5,5.7,0,116.4,Thu,Nov,3,east,fixed,0,7,24.25,0
user_59,8.1,36.3,8.0,0,118.4,Mon,Aug,6,north,fixed,0,7,37.82,1
user_190,29.5,63.8,6.8,0,70.0,Thu,Mar,1,west,green,1,5,11.42,0
user_267,19.8,74.0,6.7,0,95.2,Sat,Jun,2,east,variable,0,2,22.77,0
user_460,20.7,44.4,2.5,1,88.1,Tue,Feb,3,west,variable,1,2,17.11,0
user_81,19.9,22.0,6.8,0,72.3,Fri,Feb,1,south,green,0,4,9.53,0
user_209,14.7,34.1,7.9,0,103.0,Mon,Feb,7,south,variable,2,6,27.17,1
user_258,34.4,27.9,2.7,0,105.2,Wed,Mar,4,east,green,4,9,28.27,1
user_417,19.6,51.5,6.3,0,165.5,Mon,Aug,6,east,variable,1,9,25.25,0
user_28,14.7,56.5,4.0,0,121.8,Sun,May,0,north,green,2,7,14.14,0
user_60,23.0,41.7,4.5,0,139.5,Tue,Sep,5,west,green,0,6,20.87,0
user_253,18.4,75.5,4.2,1,134.3,Mon,Mar,6,north,fixed,1,7,27.8,1
user_90,22.8,76.7,4.0,1,159.6,Mon,Mar,7,east,variable,1,10,21.75,0
user_349,15.7,43.4,6.4,1,123.3,Thu,Jun,1,north,variable,0,2,9.68,0
user_183,22.9,22.6,7.6,1,134.8,Sat,Aug,6,east,green,1,12,29.37,1
user_454,20.8,71.8,6.8,0,114.8,Sun,Oct,2,west,fixed,1,8,21.5,0
user_134,22.8,46.6,1.1,1,111.3,Sat,Apr,1,north,green,1,4,10.07,0
user_450,24.8,82.6,3.7,0,148.8,Sun,May,5,east,variable,1,9,27.94,1
user_282,13.6,75.3,5.9,0,106.2,Mon,Jul,7,north,variable,1,6,28.04,1
user_128,23.3,54.0,2.0,1,82.1,Thu,Aug,6,north,variable,1,8,13.59,0
user_197,19.9,41.2,1.5,1,155.3,Mon,May,4,west,variable,3,15,17.72,0
user_339,20.6,59.0,3.0,0,137.2,Wed,Jul,5,west,fixed,0,6,21.16,0
user_455,28.9,47.5,1.6,0,121.9,Fri,Feb,5,east,variable,1,6,27.61,1
user_318,35.6,81.2,7.3,1,114.8,Fri,Jan,1,west,variable,2,6,16.91,0
user_249,28.4,65.8,3.3,0,108.4,Thu,Oct,2,north,fixed,1,9,18.28,0
user_459,6.8,89.9,3.7,0,74.1,Tue,Dec,3,south,variable,0,4,18.78,0
user_11,25.3,72.9,5.2,1,112.1,Tue,May,0,east,green,0,3,7.04,0
user_326,22.8,56.0,2.3,1,128.7,Thu,Apr,5,west,variable,0,9,12.95,0
user_496,31.5,74.2,1.3,0,114.2,Fri,Apr,5,west,variable,1,8,21.48,0
user_252,20.4,81.0,2.9,1,106.6,Wed,Oct,6,west,variable,1,5,11.83,0
user_86,29.9,82.7,3.5,1,130.3,Mon,Feb,0,north,variable,0,5,5.28,0
user_87,28.5,51.6,4.3,0,163.3,Sun,Apr,4,east,green,1,5,29.72,1
user_365,21.6,30.7,2.8,0,84.7,Tue,May,6,south,fixed,1,11,15.15,0
user_98,10.6,43.7,4.2,1,158.0,Tue,Feb,3,east,fixed,0,6,20.67,0
user_120,13.7,70.9,5.4,1,104.8,Mon,May,0,north,fixed,0,3,14.99,0
user_65,25.9,61.1,1.2,0,102.6,Wed,Jul,5,west,variable,0,5,15.46,0
user_117,17.2,28.0,2.3,1,167.6,Tue,Nov,1,north,variable,2,8,18.89,0
user_213,21.8,37.0,3.3,1,122.6,Fri,Mar,2,west,fixed,2,5,12.92,0
user_432,23.4,42.0,3.3,0,169.6,Fri,Oct,7,north,variable,0,11,35.88,1
user_264,21.3,45.8,5.7,0,103.9,Fri,Apr,0,east,variable,0,5,20.21,0
user_498,17.6,58.0,2.7,0,128.0,Tue,Jan,7,south,variable,0,6,27.49,1
user_244,22.2,69.9,4.4,0,92.8,Tue,Jun,6,west,fixed,0,5,21.5,0
user_226,23.2,22.9,5.9,1,87.2,Thu,Apr,5,south,fixed,0,3,18.22,0
user_230,18.8,41.5,4.9,1,121.0,Sat,Oct,6,south,fixed,2,9,29.18,1
user_446,16.0,54.0,5.0,1,143.9,Mon,Sep,7,north,variable,2,11,26.74,1
user_119,16.4,23.8,4.9,0,80.9,Sun,Sep,5,west,green,0,5,16.93,0
user_131,27.6,71.5,7.5,0,102.3,Sat,Oct,6,north,green,0,5,21.16,0
user_141,24.2,28.3,4.7,0,122.4,Thu,Jul,7,south,green,2,5,16.85,0
user_81,30.5,20.0,7.8,0,50.0,Sat,May,1,west,variable,1,2,19.29,0
user_417,14.5,48.3,2.0,0,148.9,Thu,Mar,1,west,variable,0,5,18.45,0
user_329,28.1,71.9,7.9,0,154.2,Thu,Aug,1,west,fixed,1,8,31.76,1
user_153,15.9,66.4,6.2,0,115.2,Fri,Aug,3,west,variable,0,6,28.1,1
user_12,25.4,46.2,5.6,0,116.6,Sun,Oct,6,west,fixed,1,9,30.08,1
user_111,23.1,52.2,1.2,0,74.3,Sun,Sep,3,north,green,3,7,14.88,0
user_115,31.8,51.4,5.8,1,153.6,Fri,May,1,east,fixed,0,6,16.25,0
user_7,16.6,36.6,1.3,1,131.6,Sat,Dec,4,east,variable,0,4,5.94,0
user_483,18.2,48.8,1.9,1,82.9,Wed,Feb,0,north,green,0,2,5.33,0
user_22,18.4,87.6,6.7,0,109.2,Wed,Sep,1,west,variable,1,8,26.34,0
user_329,24.4,21.6,2.2,1,123.5,Tue,May,2,south,variable,0,2,5.0,0
user_408,21.5,57.7,2.5,1,134.5,Wed,May,1,north,fixed,2,7,8.85,0
user_462,20.4,29.7,4.2,0,170.9,Tue,Jan,4,east,variable,0,9,24.98,0
user_334,20.6,67.6,1.3,0,140.1,Sun,Jul,7,east,fixed,1,10,25.11,0
user_287,21.8,87.9,1.3,1,97.0,Sat,May,7,west,fixed,0,5,14.2,0
user_405,27.8,77.4,1.1,0,117.7,Fri,Sep,2,east,green,3,6,15.24,0
user_368,19.0,55.6,2.0,0,106.5,Tue,Mar,1,east,variable,0,5,12.66,0
user_21,27.0,58.8,6.7,0,146.4,Wed,Oct,4,south,variable,0,9,29.99,1
user_354,24.3,63.8,2.2,0,106.9,Fri,Feb,1,north,fixed,1,6,13.24,0
user_14,23.5,84.2,7.0,0,133.9,Wed,Apr,1,south,green,0,2,14.38,0
user_436,20.8,35.1,7.2,0,96.1,Mon,Jun,3,west,green,0,2,16.06,0
user_477,27.8,78.8,1.4,1,131.3,Sat,Jan,4,west,variable,2,8,20.97,0
user_35,13.4,70.9,7.7,0,50.0,Tue,Mar,3,north,variable,0,4,25.88,0
user_394,17.5,59.4,6.9,0,111.5,Sun,Apr,5,west,variable,1,4,28.58,1
user_143,19.8,51.1,6.3,0,126.3,Sat,Sep,7,west,green,1,6,28.2,1
user_339,18.7,51.6,4.3,0,132.7,Tue,Aug,0,north,variable,2,5,19.79,0
user_456,36.5,22.7,7.8,0,121.7,Fri,May,4,east,fixed,1,8,32.6,1
user_52,32.2,65.9,6.5,0,101.6,Sat,May,5,west,fixed,1,6,25.42,0
user_91,21.9,86.8,3.0,0,113.7,Fri,Sep,6,north,variable,3,10,35.24,1
user_228,33.1,52.5,5.6,0,72.8,Tue,Apr,4,south,variable,0,5,31.8,1
user_227,26.4,50.9,1.5,0,139.8,Thu,May,1,south,variable,0,4,15.83,0
user_237,19.9,31.4,4.3,0,100.4,Tue,Feb,6,east,fixed,0,8,24.1,0
user_452,14.8,64.4,2.6,1,140.5,Thu,Nov,7,north,green,1,7,18.13,0
user_119,22.9,75.1,3.2,1,138.5,Tue,Jan,3,west,green,0,9,11.71,0
user_259,6.2,69.9,7.0,1,161.6,Thu,Mar,1,west,fixed,2,7,32.16,1
user_350,28.4,42.5,2.3,0,106.3,Sun,Dec,3,east,variable,2,9,20.62,0
user_240,18.9,43.5,3.6,0,148.1,Thu,May,2,west,fixed,1,5,18.07,0
user_425,24.4,76.3,6.7,0,133.2,Fri,Jul,2,west,fixed,0,7,27.69,1
user_321,16.6,74.7,5.9,1,140.8,Tue,May,4,north,green,0,7,27.51,1
user_1,24.9,23.0,1.8,0,113.7,Fri,Sep,6,south,variable,1,5,20.91,0
user_133,17.5,56.7,4.8,0,115.2,Fri,Aug,7,east,fixed,0,3,25.09,0
user_12,24.3,65.6,7.6,1,114.5,Wed,Apr,4,south,fixed,1,6,15.9,0
user_165,9.7,66.3,3.4,1,118.9,Wed,Jul,6,south,fixed,1,8,27.47,1
user_382,27.6,41.8,5.1,1,85.5,Wed,Jan,4,east,variable,0,7,20.76,0
user_339,18.6,77.3,5.1,0,172.7,Mon,Jun,7,south,variable,0,9,27.04,1
user_476,35.8,34.3,1.5,0,119.9,Tue,Mar,5,north,variable,4,12,19.19,0
user_340,19.0,20.8,7.7,0,118.5,Fri,May,3,north,variable,1,8,30.0,1
user_379,26.4,23.3,2.9,0,157.9,Sat,Dec,1,east,green,1,7,18.33,0
user_304,11.6,39.4,4.9,0,124.3,Fri,Jan,4,south,green,1,5,20.65,0
user_427,19.2,50.1,4.5,0,105.0,Fri,Jan,5,south,green,1,5,11.94,0
user_223,25.5,70.3,4.2,0,149.0,Fri,Jun,3,south,variable,1,7,24.03,0
user_82,23.1,75.3,6.6,0,101.1,Sat,Jun,1,east,fixed,2,2,15.07,0
user_162,32.2,29.5,5.2,0,167.4,Wed,Apr,6,north,variable,3,8,34.16,1
user_482,21.0,71.0,5.0,1,123.3,Mon,Nov,5,west,variable,0,8,16.32,0
user_134,17.1,45.4,1.4,0,128.9,Sat,Jan,4,south,fixed,2,9,30.85,1
user_343,24.5,78.6,1.7,0,144.5,Sun,Jul,1,east,fixed,1,6,16.52,0
user_5,24.9,89.7,5.3,1,184.7,Sat,Jul,1,east,fixed,3,6,19.41,0
user_406,18.8,37.6,2.0,0,67.1,Sun,Aug,7,east,green,2,3,16.82,0
user_320,18.2,79.4,4.0,0,80.4,Thu,Dec,2,south,fixed,0,5,8.34,0
user_55,19.9,72.7,5.0,0,161.8,Sun,Jan,1,north,green,2,8,23.89,0
user_136,18.5,37.1,5.8,1,82.5,Thu,Jul,3,south,fixed,1,4,5.0,0
user_154,21.9,32.3,5.5,1,81.2,Thu,Feb,3,west,fixed,1,5,7.19,0
user_15,14.3,52.5,4.4,0,126.4,Wed,Jun,2,north,fixed,2,5,25.86,0
user_322,16.8,30.2,4.3,0,98.6,Fri,Jan,0,west,variable,1,3,12.55,0
user_406,25.0,77.4,7.3,1,122.6,Tue,Oct,0,west,fixed,0,3,6.96,0
user_416,33.2,41.3,4.6,0,79.1,Thu,Aug,4,east,fixed,2,5,29.17,1
user_54,18.3,40.6,4.0,0,151.3,Wed,Feb,2,south,variable,1,9,19.4,0
user_255,19.9,69.4,6.5,0,85.0,Mon,Dec,1,west,fixed,1,4,14.41,0
user_120,22.6,48.2,3.5,0,99.2,Wed,Feb,7,east,variable,2,8,21.43,0
user_196,25.1,62.9,4.4,0,178.1,Sat,Jan,0,east,fixed,1,5,27.76,1
user_142,26.1,59.8,2.7,0,105.7,Fri,Aug,1,east,fixed,0,2,15.0,0
user_330,24.7,50.5,2.4,0,149.6,Fri,Mar,3,south,variable,2,12,17.91,0
user_175,23.4,60.1,6.3,1,136.2,Mon,Apr,0,east,fixed,1,6,17.27,0
user_90,20.9,28.5,3.0,0,135.6,Tue,Dec,2,south,fixed,2,7,16.44,0
user_44,7.7,53.0,7.5,1,90.9,Sun,Aug,6,east,fixed,1,12,29.09,1
user_435,15.4,26.3,4.2,0,98.4,Mon,Feb,0,south,fixed,1,1,17.73,0
user_380,19.9,77.0,6.5,1,101.0,Mon,Jan,5,north,variable,0,7,18.71,0
user_44,28.6,21.2,2.0,1,108.7,Mon,Sep,7,south,fixed,1,5,11.3,0
user_38,19.0,79.0,2.0,1,90.8,Mon,Jan,6,east,fixed,0,6,20.21,0
user_225,18.4,27.8,1.3,0,141.5,Thu,Oct,5,north,green,0,7,12.79,0
user_420,25.4,23.9,4.7,0,108.5,Mon,Oct,4,north,fixed,0,7,27.82,1
user_499,23.3,23.4,8.0,0,121.9,Thu,Sep,5,east,fixed,2,7,32.14,1
user_154,21.5,69.4,3.6,0,145.4,Sat,Sep,4,south,green,2,7,24.03,0
user_361,17.4,59.6,4.5,1,93.5,Tue,Jul,0,east,green,0,7,13.24,0
user_496,16.2,35.9,6.4,0,156.5,Fri,Nov,1,south,fixed,4,8,29.6,1
user_316,12.6,49.0,7.4,1,142.7,Sun,Mar,6,south,variable,1,9,34.73,1
user_444,33.1,61.3,6.9,1,139.8,Fri,Jun,0,north,fixed,0,4,16.52,0
user_386,17.5,61.7,3.3,0,164.9,Sun,Apr,0,north,variable,1,9,19.95,0
user_46,9.0,73.5,4.2,0,167.9,Sun,Jun,0,east,fixed,1,6,22.46,0
user_371,19.4,64.3,5.0,0,77.3,Fri,May,2,south,variable,0,2,17.87,0
user_21,25.0,45.0,1.2,1,76.6,Tue,Oct,4,south,fixed,0,6,9.03,0
user_313,27.2,24.5,6.5,1,117.6,Wed,Mar,3,south,variable,3,7,19.03,0
user_304,17.6,61.6,7.0,1,86.4,Thu,Oct,0,west,fixed,2,2,16.59,0
user_267,16.9,89.7,4.9,1,133.2,Wed,Jul,3,east,fixed,0,6,17.29,0
user_439,25.9,40.2,7.5,1,94.0,Sun,May,5,north,variable,3,5,19.27,0
user_6,31.0,46.3,4.6,1,149.9,Mon,Feb,4,east,fixed,1,7,10.32,0
user_437,9.9,86.1,7.0,0,165.4,Sat,Dec,7,north,fixed,3,9,48.34,1
user_126,7.7,59.2,6.4,0,108.2,Wed,Dec,0,west,fixed,0,3,18.65,0
user_383,19.5,55.9,1.6,0,97.1,Mon,Nov,1,south,green,1,4,5.0,0
user_478,16.2,40.1,6.2,0,163.8,Tue,Oct,6,south,variable,2,12,28.52,1
user_111,25.9,41.5,6.3,0,157.6,Tue,Aug,2,east,variable,1,8,20.6,0
user_263,12.4,36.2,2.1,1,92.0,Wed,Feb,2,west,fixed,0,4,10.87,0
user_232,20.4,50.8,6.5,0,109.4,Wed,Dec,1,south,variable,0,5,21.11,0
user_143,25.8,80.1,2.6,1,93.7,Mon,Sep,6,east,fixed,1,7,13.16,0
user_247,19.1,27.1,2.3,0,150.3,Mon,Apr,5,east,green,2,10,24.13,0
user_494,15.2,28.3,4.0,0,109.3,Sat,Jun,2,north,green,1,8,25.98,0
user_29,24.9,60.3,1.2,0,116.4,Sun,Oct,7,north,fixed,1,8,19.81,0
user_432,22.4,42.2,5.7,0,123.6,Sun,Jul,1,west,variable,0,4,21.92,0
user_147,14.9,71.5,7.3,0,79.7,Sun,Jun,4,north,fixed,1,7,36.6,1
user_474,31.6,56.1,1.1,0,67.1,Thu,Oct,2,north,fixed,3,5,17.34,0
user_250,33.5,23.9,5.8,1,139.4,Sun,Dec,2,south,fixed,1,5,14.16,0
user_69,22.2,81.4,1.3,1,114.7,Sat,Jan,3,north,fixed,0,5,6.77,0
user_462,20.2,48.4,2.4,1,75.3,Tue,Jun,0,north,fixed,2,6,8.24,0
user_30,32.8,82.2,5.3,1,154.1,Sun,Oct,2,west,fixed,2,7,22.79,0
user_316,24.9,59.6,5.6,1,132.0,Sat,Mar,0,north,green,1,5,18.18,0
user_447,20.3,73.2,2.4,0,119.0,Sat,May,2,east,fixed,0,5,21.58,0
user_413,24.0,69.0,3.0,0,141.8,Wed,Feb,1,east,green,0,3,18.19,0
user_175,23.2,39.6,6.1,0,91.5,Sun,Apr,0,north,fixed,1,5,22.94,0
user_50,30.3,67.8,3.5,0,133.8,Thu,Jul,2,north,variable,0,7,19.07,0
user_152,10.9,48.3,6.4,1,90.9,Wed,Jul,6,east,green,0,7,19.12,0
user_231,25.2,83.0,6.6,0,126.4,Thu,May,2,east,green,2,6,22.34,0
user_111,13.0,77.6,6.1,1,152.8,Fri,Jan,3,north,variable,1,8,28.76,1
user_161,19.4,70.8,3.0,0,74.6,Mon,Aug,2,north,variable,0,2,22.75,0
user_445,25.2,29.0,1.3,1,151.8,Mon,Oct,6,south,fixed,0,6,18.02,0
user_286,11.3,86.9,1.4,0,102.6,Thu,Dec,6,north,fixed,0,6,15.57,0
user_116,14.5,37.6,5.2,0,82.0,Tue,May,3,south,variable,0,7,17.44,0
user_124,10.7,86.9,3.4,0,119.4,Fri,Jan,7,east,green,1,5,31.42,1
user_164,29.1,27.4,7.9,1,124.3,Sun,Sep,1,east,green,2,5,15.49,0
user_336,25.3,75.5,6.1,0,74.5,Sat,Feb,0,east,variable,0,3,19.23,0
user_236,16.8,63.9,4.7,0,173.8,Sun,Jan,4,south,fixed,2,8,26.69,1
user_336,30.6,47.8,4.9,0,167.1,Thu,Oct,3,east,green,1,7,16.66,0
user_499,10.0,57.4,6.8,0,192.7,Fri,Mar,4,east,fixed,1,10,40.59,1
user_95,28.1,47.1,4.3,0,107.0,Wed,May,5,south,variable,0,4,20.28,0
user_400,20.9,86.2,3.0,0,92.6,Fri,Apr,0,east,green,1,2,14.02,0
user_191,30.5,41.7,4.1,0,92.8,Tue,Aug,1,north,fixed,1,1,13.38,0
user_239,29.7,79.0,1.8,0,108.3,Thu,Apr,2,north,fixed,0,3,17.53,0
user_429,24.7,37.7,6.4,0,149.3,Mon,Jan,1,south,variable,0,2,20.14,0
user_231,13.1,29.5,4.0,0,80.0,Thu,Nov,5,north,fixed,0,6,18.81,0
user_63,13.5,89.2,2.7,0,91.0,Thu,Mar,3,south,green,1,3,10.53,0
user_66,18.4,87.3,6.1,0,196.8,Thu,May,2,north,fixed,2,10,23.55,0
user_204,22.1,61.9,5.7,0,107.4,Tue,Apr,0,south,green,1,5,22.81,0
user_262,21.4,69.9,5.5,1,120.3,Tue,Feb,4,north,green,2,7,18.92,0
user_300,15.4,60.1,6.1,0,102.2,Wed,Jul,2,east,variable,2,4,24.47,0
user_289,20.7,82.5,7.3,0,101.1,Sun,Aug,0,north,fixed,0,4,17.92,0
user_352,21.8,87.5,5.8,0,115.7,Sat,Oct,6,north,variable,2,6,65.5,1
user_136,20.9,86.7,7.4,0,117.1,Sat,Nov,2,south,green,1,6,25.59,0
user_20,30.8,89.7,4.0,1,113.3,Wed,Aug,2,west,variable,1,2,13.21,0
user_391,13.1,38.4,7.2,0,86.0,Mon,Mar,3,east,fixed,2,3,24.31,0
user_392,23.8,65.7,3.8,0,118.0,Thu,Jan,0,west,green,2,5,9.51,0
user_272,17.8,33.6,6.0,0,119.2,Fri,Jan,7,west,variable,2,10,32.2,1
user_481,20.8,55.2,7.1,0,61.8,Fri,Sep,5,east,green,1,3,20.23,0
user_160,16.3,25.6,5.0,0,147.6,Sun,May,3,west,fixed,0,7,29.3,1
user_312,18.7,73.5,1.9,0,128.8,Sun,Dec,3,west,fixed,1,6,23.47,0
user_493,14.6,27.5,3.0,1,108.4,Wed,Jun,7,south,green,4,8,21.66,0
user_155,15.1,60.8,1.6,1,159.1,Mon,Jun,5,west,fixed,2,12,19.49,0
user_479,23.1,29.4,4.2,0,128.9,Sun,Nov,3,west,fixed,1,9,27.0,1
user_7,22.7,22.1,3.3,0,142.7,Sat,Aug,0,east,fixed,2,5,21.03,0
user_354,16.6,29.0,6.2,0,149.2,Fri,Feb,3,west,variable,2,13,27.92,1
user_325,20.4,72.0,4.7,0,102.4,Wed,Jan,0,east,variable,1,2,14.26,0
user_431,19.9,28.9,6.7,1,128.4,Wed,Oct,3,north,fixed,0,3,15.22,0
user_436,22.8,55.8,2.0,1,96.8,Tue,Dec,1,north,green,2,1,6.91,0
user_483,19.1,80.1,6.9,0,107.9,Sun,Feb,1,north,fixed,0,4,20.29,0
user_102,26.9,78.6,1.7,0,131.5,Mon,Dec,6,north,green,1,9,16.92,0
user_496,17.0,81.9,7.5,0,75.5,Thu,Aug,1,east,green,1,4,20.82,0
user_316,19.3,70.4,3.3,1,79.9,Wed,Sep,5,east,variable,2,6,23.63,0
user_358,27.7,73.5,3.1,1,136.6,Sat,Dec,3,south,variable,0,7,22.12,0
user_167,29.3,32.9,4.2,1,117.2,Sat,Mar,1,north,fixed,1,6,18.8,0
user_499,19.3,77.0,6.5,0,127.0,Fri,May,3,east,green,0,7,26.31,0
user_151,20.9,51.9,4.5,1,155.8,Mon,May,4,west,fixed,0,6,23.76,0
user_154,20.9,53.5,5.2,1,124.6,Sat,Oct,3,west,fixed,1,4,18.33,0
user_102,18.5,53.7,2.4,0,120.7,Fri,Sep,6,west,fixed,2,9,29.93,1
user_207,23.1,52.9,3.3,0,106.5,Sat,Dec,2,west,fixed,1,6,20.37,0
user_29,22.3,79.7,1.3,0,140.7,Thu,Apr,2,south,fixed,1,7,16.98,0
user_20,19.7,44.2,7.7,1,112.0,Fri,Aug,7,west,fixed,0,9,25.0,0
user_28,11.4,84.9,7.9,1,132.9,Sat,Dec,0,south,green,2,4,14.93,0
user_162,34.6,72.3,6.4,0,167.1,Tue,Nov,6,east,fixed,0,9,27.62,1
user_421,24.2,30.2,2.0,0,124.8,Fri,Nov,5,north,green,0,8,19.86,0
user_156,16.1,27.3,3.9,0,78.7,Sun,Mar,7,south,green,1,8,19.98,0
user_98,23.1,57.2,4.6,0,146.7,Sat,Jan,1,east,fixed,1,4,20.26,0
user_42,13.7,32.2,6.0,1,160.5,Sat,Apr,3,west,variable,0,2,18.57,0
user_61,16.0,37.4,1.3,0,98.4,Sat,Sep,0,north,variable,2,3,17.28,0
user_486,33.7,31.9,4.3,1,115.2,Thu,May,4,south,fixed,1,8,20.28,0
user_268,16.3,47.4,6.2,0,131.8,Thu,Aug,2,west,green,2,6,23.78,0
user_231,19.2,57.8,2.3,0,97.6,Tue,Nov,6,south,fixed,1,5,22.97,0
user_473,12.6,33.9,5.9,1,149.9,Sat,Sep,1,west,fixed,1,9,17.98,0
user_75,20.8,32.4,3.8,1,168.2,Wed,Jan,5,north,variable,1,4,16.06,0
user_2,26.3,43.6,5.9,0,105.3,Sun,Feb,2,east,fixed,0,2,14.82,0
user_300,17.6,88.7,5.4,1,114.1,Fri,Dec,6,east,variable,3,6,26.85,1
user_370,30.4,21.2,7.3,1,135.4,Fri,Jan,2,east,variable,2,8,24.49,0
user_451,15.5,44.4,2.3,0,154.9,Tue,Oct,1,north,variable,4,9,24.8,0
user_22,27.9,34.2,1.3,0,97.4,Thu,Dec,3,west,fixed,3,8,12.42,0
user_42,9.1,67.6,1.8,1,88.0,Thu,Apr,0,south,fixed,1,4,12.62,0
user_218,19.5,73.0,5.2,0,148.6,Sun,Sep,2,south,green,1,3,12.57,0
user_440,13.6,33.9,4.8,0,171.7,Tue,Feb,3,north,fixed,2,10,33.31,1
user_289,16.3,85.0,3.7,1,96.3,Sun,Feb,4,north,variable,2,5,14.56,0
user_460,22.0,41.2,2.7,0,154.9,Fri,Aug,5,west,fixed,1,7,16.81,0
user_252,18.6,78.3,2.7,0,145.1,Wed,Sep,6,west,green,0,9,21.94,0
user_418,14.1,80.4,7.6,0,116.1,Sat,Jan,3,west,fixed,1,8,28.02,1
user_432,14.6,43.8,2.0,1,115.8,Tue,Feb,6,north,fixed,1,8,22.67,0
user_17,24.6,79.9,5.1,1,70.5,Thu,Feb,3,south,fixed,1,4,17.26,0
user_458,25.5,69.7,5.0,1,81.2,Mon,May,4,north,fixed,0,5,23.75,0
user_152,23.9,77.4,4.3,1,131.1,Mon,Jan,1,west,variable,2,7,14.91,0
user_346,24.5,68.3,2.2,1,137.7,Mon,Feb,3,west,green,1,2,9.27,0
user_374,24.1,39.0,2.2,0,82.2,Tue,Feb,0,north,variable,0,4,10.7,0
user_397,17.6,63.1,7.2,0,114.6,Sat,Sep,0,south,green,0,1,17.86,0
user_143,23.5,26.4,5.0,0,144.3,Sat,Aug,3,north,variable,0,6,27.2,1
user_454,10.8,34.7,2.6,0,130.8,Wed,Jan,0,east,variable,1,3,13.48,0
user_435,15.0,73.4,4.5,1,136.3,Wed,Feb,6,west,fixed,2,8,31.56,1
user_364,28.5,86.7,1.2,1,125.1,Tue,Sep,0,west,green,1,6,6.34,0
user_258,17.4,81.2,4.8,0,167.6,Thu,Jul,1,east,variable,0,8,12.34,0
user_283,15.7,78.7,1.5,0,153.1,Thu,May,1,east,fixed,1,6,13.81,0
user_233,21.7,86.0,5.5,1,165.0,Tue,Nov,3,north,variable,0,8,12.36,0
user_401,21.9,68.7,2.0,0,100.0,Mon,Apr,5,west,variable,0,6,20.89,0
user_355,32.0,73.0,4.7,1,154.4,Thu,Aug,5,south,fixed,1,5,20.46,0
user_32,28.2,85.0,2.1,0,142.1,Wed,May,2,south,green,2,11,15.61,0
user_129,11.5,70.2,5.5,1,105.4,Wed,Dec,7,south,fixed,2,6,24.15,0
user_317,26.6,85.1,5.9,1,116.7,Thu,May,2,east,variable,1,4,16.91,0
user_492,22.7,52.1,4.3,0,91.4,Fri,Dec,6,east,fixed,0,8,21.0,0
user_391,16.7,68.0,2.2,0,122.2,Thu,Jun,6,north,variable,2,12,23.37,0
user_49,23.0,27.3,7.4,0,133.2,Tue,Aug,2,west,variable,1,6,24.69,0
user_333,22.7,40.8,5.6,1,123.9,Sat,Nov,4,east,variable,0,7,16.53,0
user_398,16.5,28.8,7.5,0,170.3,Thu,Mar,1,north,variable,3,2,27.27,1
user_492,21.8,26.2,5.8,1,163.8,Wed,Aug,5,north,variable,1,7,30.06,1
user_47,17.2,85.7,5.8,0,88.0,Tue,Apr,3,east,variable,1,2,14.77,0
user_48,20.1,82.1,4.8,0,126.9,Thu,Dec,4,north,fixed,2,6,25.54,0
user_218,25.6,85.3,6.7,0,117.3,Sat,Oct,7,south,variable,3,8,33.13,1
user_172,20.7,76.4,6.4,0,162.9,Mon,Oct,5,south,fixed,1,5,22.6,0
user_273,21.2,55.0,5.9,0,156.5,Wed,Dec,3,south,fixed,1,6,21.98,0
user_459,22.8,26.9,7.2,0,63.7,Wed,Aug,7,east,fixed,2,3,24.93,0
user_462,18.0,38.4,3.0,0,157.9,Thu,Feb,2,south,variable,0,10,14.58,0
user_78,23.7,82.3,4.6,1,117.5,Sun,Nov,4,west,variable,3,10,27.13,1
user_229,21.5,33.4,5.1,1,126.1,Sat,Feb,1,east,green,2,4,14.51,0
user_477,21.0,32.1,5.4,0,111.7,Sun,Nov,1,east,green,2,4,18.58,0
user_218,13.8,57.4,6.8,0,136.0,Fri,Apr,5,north,variable,1,8,25.56,0
user_495,26.8,35.4,7.8,1,182.3,Fri,Feb,7,east,fixed,0,8,25.03,0
user_207,26.6,77.1,7.0,1,86.6,Tue,Aug,1,west,variable,0,6,14.25,0
user_118,21.2,75.1,2.8,0,96.9,Mon,Nov,7,west,variable,2,4,19.85,0
user_48,27.0,26.4,5.8,0,117.7,Tue,Jul,6,south,fixed,2,6,24.91,0
user_60,20.0,79.9,3.2,1,127.5,Fri,Sep,7,south,green,0,11,31.41,1
user_355,10.3,44.2,7.9,1,144.4,Thu,Jan,7,north,fixed,0,13,34.87,1
user_340,28.1,74.1,2.8,0,150.9,Wed,Sep,4,south,green,1,10,20.35,0
user_258,33.4,39.0,5.8,0,88.8,Wed,Mar,7,east,green,0,8,27.05,1
user_268,28.0,70.7,5.4,1,135.2,Fri,Dec,6,east,variable,1,9,32.88,1
user_16,23.2,21.8,2.8,0,168.2,Sat,Jul,6,west,green,0,7,22.39,0
user_402,26.9,31.5,2.4,1,135.9,Fri,Feb,2,north,variable,0,8,11.76,0
user_326,31.5,87.7,2.3,0,67.9,Sun,Dec,1,north,fixed,0,5,14.41,0
user_247,21.4,81.2,5.9,1,86.4,Fri,Nov,2,south,variable,1,5,14.83,0
user_291,28.2,85.7,5.9,1,113.3,Sun,Nov,6,south,variable,1,12,36.34,1
user_325,28.8,45.3,5.1,0,126.2,Fri,Dec,7,west,variable,0,8,28.78,1
user_419,24.5,48.9,3.1,1,112.7,Sun,Jul,3,west,variable,1,5,5.71,0
user_308,14.0,73.5,5.4,1,129.1,Mon,Jun,0,west,fixed,0,6,18.46,0
user_379,24.8,54.4,7.8,0,105.2,Wed,Aug,7,east,green,0,10,27.75,1
user_422,16.2,74.3,2.8,0,117.9,Mon,Sep,1,south,variable,0,5,21.11,0
user_149,20.2,46.0,2.2,0,81.7,Mon,May,7,west,fixed,1,9,26.51,1
user_135,17.1,55.3,6.3,0,165.9,Fri,Feb,7,south,green,1,4,31.44,1
user_244,17.6,40.6,3.3,0,145.9,Sun,Oct,6,north,variable,1,11,28.17,1
user_436,24.2,54.9,1.9,0,179.6,Mon,Feb,3,south,variable,3,11,26.85,1
user_209,26.9,57.7,1.3,0,105.6,Fri,Apr,6,north,variable,1,9,24.17,0
user_476,14.1,80.8,4.9,0,121.7,Thu,Apr,3,north,fixed,0,3,20.82,0
user_21,23.7,60.0,4.1,1,91.2,Tue,Sep,3,west,variable,0,2,9.03,0
user_430,18.4,62.9,7.5,1,155.4,Mon,Jul,3,east,variable,0,8,22.57,0
user_149,24.2,20.1,7.3,1,73.6,Mon,Dec,5,east,variable,1,4,18.66,0
user_169,26.1,37.1,5.3,0,118.0,Fri,Feb,6,west,fixed,1,7,27.52,1
user_44,15.6,51.0,7.2,1,158.1,Thu,Nov,0,north,fixed,2,6,19.06,0
user_236,28.3,60.4,4.4,0,126.5,Sat,Sep,6,north,green,0,4,22.01,0
user_100,16.4,59.1,5.0,0,145.2,Mon,Dec,0,east,variable,2,8,25.0,0
user_346,30.7,44.1,1.2,0,130.7,Wed,Mar,5,north,green,1,8,19.72,0
user_202,16.0,45.7,7.4,1,119.4,Mon,Jun,4,west,fixed,0,11,23.8,0
user_81,27.1,50.8,2.6,0,119.7,Sat,May,3,west,green,0,4,16.28,0
user_59,14.5,75.8,1.6,0,118.4,Wed,Apr,1,south,fixed,4,8,25.23,0
user_146,21.3,66.2,5.3,0,75.5,Tue,Apr,7,south,variable,0,3,25.61,0
user_454,19.2,74.0,5.0,0,135.6,Tue,Mar,3,south,variable,0,3,19.05,0
user_273,24.4,21.6,2.3,0,109.6,Sat,May,4,west,variable,4,9,20.41,0
user_160,18.1,80.4,1.2,1,122.7,Tue,Jan,1,west,variable,0,2,5.73,0
user_420,19.2,40.1,2.5,0,73.9,Wed,Sep,4,south,green,1,8,17.32,0
user_428,23.8,61.1,1.7,0,113.2,Wed,Apr,7,south,fixed,0,4,15.71,0
user_152,23.5,32.0,1.6,0,106.0,Thu,Feb,5,east,variable,2,1,7.63,0
user_458,27.1,21.3,3.9,0,131.9,Fri,Sep,4,south,fixed,4,10,21.63,0
user_51,37.0,59.4,1.2,0,71.1,Fri,Jul,2,east,fixed,1,5,10.58,0
user_165,9.3,62.6,3.8,1,94.4,Sat,Sep,4,west,variable,0,6,24.88,0
user_449,30.2,52.9,6.6,1,136.2,Fri,Jul,0,west,variable,0,5,21.71,0
user_99,16.5,53.2,1.3,1,105.4,Fri,Nov,7,north,fixed,1,9,15.9,0
user_427,23.6,86.1,4.2,0,107.0,Fri,May,4,west,variable,2,8,24.02,0
user_396,31.7,34.4,3.9,1,98.2,Sat,Aug,5,west,variable,1,4,11.59,0
user_31,21.6,67.2,3.2,1,160.3,Tue,Sep,5,south,variable,0,10,20.12,0
user_319,29.7,63.2,1.4,0,166.8,Fri,Oct,3,north,fixed,0,8,27.4,1
user_126,22.8,55.1,1.6,1,100.2,Wed,Mar,1,south,variable,0,2,11.18,0
user_494,16.8,47.7,7.9,0,94.8,Mon,Jan,3,south,green,1,9,29.41,1
user_163,13.8,85.9,6.4,0,143.7,Mon,Aug,6,east,fixed,0,7,29.13,1
user_318,24.0,50.4,3.3,0,88.1,Thu,Jul,3,east,variable,1,10,25.73,0
user_349,27.3,85.0,2.4,0,123.4,Mon,Mar,3,north,green,1,3,15.34,0
user_397,33.8,47.3,3.6,0,87.8,Fri,Jul,0,south,fixed,1,2,15.35,0
user_434,25.4,79.2,3.7,0,148.7,Fri,Jan,3,south,fixed,2,10,26.14,0
user_147,28.4,35.0,5.6,0,135.8,Sat,Sep,6,west,variable,0,10,31.68,1
user_375,16.8,48.5,6.7,0,98.5,Fri,May,4,east,variable,2,8,31.85,1
user_242,32.1,47.0,1.8,0,107.6,Thu,Feb,3,east,variable,2,9,15.01,0
user_176,40.5,20.7,6.3,0,147.7,Fri,Oct,6,west,fixed,3,8,33.44,1
user_445,19.8,36.2,1.9,0,115.2,Sun,Feb,7,south,variable,0,6,19.2,0
user_442,12.8,76.3,3.5,1,175.4,Sun,Nov,3,north,variable,1,9,23.63,0
user_159,33.7,84.5,7.8,1,122.1,Mon,May,7,north,fixed,1,10,38.98,1
user_170,10.8,49.1,5.8,1,100.8,Tue,May,5,west,green,2,9,48.35,1
user_427,14.9,27.3,4.7,0,79.1,Wed,Apr,5,east,fixed,1,6,23.36,0
user_412,21.2,36.4,3.6,1,128.7,Thu,Nov,5,north,fixed,0,2,10.08,0
user_330,16.3,23.9,6.2,0,158.8,Tue,Sep,5,east,green,2,10,33.37,1
user_215,23.1,78.0,2.0,0,128.6,Tue,Sep,4,west,variable,2,9,27.92,1
user_130,18.6,23.7,4.7,0,99.0,Wed,Jul,7,east,variable,1,9,26.17,0
user_435,29.3,74.4,5.6,0,154.2,Wed,Sep,6,west,fixed,1,10,32.25,1
user_397,21.2,53.5,1.4,0,137.6,Thu,Feb,1,east,fixed,0,2,5.0,0
user_452,17.6,79.0,6.8,0,162.3,Sun,Jun,0,south,green,1,7,21.3,0
user_246,21.7,77.9,5.6,1,155.7,Wed,Dec,7,north,green,1,11,27.28,1
user_355,14.8,55.6,4.7,1,84.9,Fri,Nov,7,south,fixed,0,7,18.86,0
user_80,13.9,58.2,7.7,1,82.7,Fri,Aug,2,north,fixed,0,4,18.13,0
user_282,23.8,75.6,1.2,1,142.6,Fri,Jun,7,east,green,2,4,14.53,0
user_53,25.5,75.9,2.6,1,120.1,Wed,Sep,3,east,fixed,0,5,6.29,0
user_36,20.5,89.0,1.4,0,135.2,Sun,Sep,2,west,green,0,6,15.98,0
user_216,14.0,80.3,5.7,0,163.0,Sun,Jul,2,north,green,3,10,30.33,1
user_403,31.9,87.1,6.1,1,178.4,Sat,Feb,1,east,fixed,1,5,16.38,0
user_269,20.9,65.0,7.0,0,74.6,Mon,Jun,4,west,fixed,0,2,17.76,0
user_216,19.1,89.8,4.7,0,130.3,Wed,May,4,south,green,2,10,27.16,1
user_119,12.7,47.4,6.7,0,191.8,Sat,Feb,5,east,fixed,2,12,44.22,1
user_280,15.4,83.8,2.1,0,115.5,Fri,Jan,6,south,variable,0,7,18.15,0
user_280,24.0,71.7,6.7,0,147.1,Sun,Nov,5,west,fixed,2,8,31.94,1
user_48,16.3,88.7,2.3,0,113.1,Sun,Dec,1,north,variable,2,5,17.68,0
user_365,23.8,24.1,7.9,0,123.4,Wed,Dec,6,south,green,1,11,29.2,1
user_82,25.5,34.7,1.8,0,156.9,Thu,Aug,0,south,green,2,8,14.81,0
user_174,25.5,60.3,4.1,0,142.1,Mon,Oct,1,east,variable,0,9,26.59,1
user_381,22.3,89.7,6.2,0,131.5,Wed,Jan,2,south,fixed,0,8,19.41,0
user_280,13.9,36.3,1.3,0,74.9,Sun,Dec,1,west,variable,1,4,18.92,0
user_381,20.9,45.8,7.8,0,147.0,Thu,Aug,5,north,variable,0,11,36.48,1
user_344,11.9,52.9,3.4,1,103.4,Thu,Jul,6,east,variable,4,11,26.67,1
user_251,20.4,72.1,3.3,0,113.7,Thu,Jan,3,east,green,1,2,50.8,1
user_179,14.2,75.4,6.1,0,159.8,Sun,Jun,0,south,variable,0,7,24.24,0
user_354,25.0,40.2,7.5,0,115.3,Wed,Jun,2,north,fixed,1,8,27.26,1
user_491,16.0,53.3,7.3,0,115.8,Tue,Sep,2,east,variable,0,7,15.99,0
user_127,18.4,51.5,7.9,1,110.3,Sat,Apr,4,north,green,4,8,30.56,1
user_109,14.9,68.6,7.5,0,161.1,Mon,Jun,7,south,variable,1,8,32.4,1
user_102,22.9,77.5,3.9,0,120.4,Sun,Apr,4,south,fixed,1,8,38.17,1
user_467,20.4,26.3,4.5,1,59.5,Mon,Dec,7,north,variable,1,5,22.76,0
user_408,17.2,30.1,8.0,1,111.8,Tue,Mar,3,east,fixed,1,8,23.49,0
user_223,12.7,67.5,7.1,0,228.1,Fri,Mar,7,south,variable,1,10,45.61,1
user_302,18.1,73.3,2.2,1,118.9,Wed,Feb,3,south,variable,3,7,17.74,0
user_128,22.6,81.3,7.8,1,127.3,Thu,Apr,1,north,fixed,2,5,19.19,0
user_341,23.8,39.2,5.3,0,136.9,Wed,Mar,7,north,variable,1,9,33.51,1
user_476,22.9,42.9,7.4,0,129.5,Mon,Apr,5,north,fixed,0,9,31.6,1
user_115,23.7,78.5,7.2,0,147.5,Mon,Mar,3,north,fixed,0,4,20.09,0
user_146,30.0,22.1,1.5,1,147.1,Mon,Aug,2,north,variable,1,6,16.83,0
user_220,30.0,89.9,4.6,0,135.2,Wed,Mar,1,west,variable,0,3,20.77,0
user_238,34.5,30.5,7.5,0,151.0,Mon,Jul,2,south,variable,3,7,34.04,1
user_100,25.4,49.9,2.3,1,112.1,Thu,Sep,7,north,variable,0,6,12.81,0
user_121,13.9,38.9,2.6,0,122.1,Sun,Jul,0,north,green,4,1,21.48,0
user_419,21.5,20.5,6.8,1,157.3,Sat,Jun,6,west,green,1,10,32.64,1
user_271,20.9,66.8,4.5,1,162.1,Tue,Jun,2,west,fixed,2,9,19.25,0
user_500,26.2,71.1,7.5,0,117.6,Tue,Apr,4,north,fixed,0,5,27.31,1
user_354,17.4,82.3,4.5,0,133.7,Tue,Jun,6,south,fixed,0,7,19.26,0
user_369,17.4,58.8,6.5,0,121.4,Thu,Jul,5,north,fixed,0,10,36.22,1
user_117,25.6,25.3,1.7,1,132.2,Wed,Feb,2,east,variable,1,10,12.81,0
user_410,17.6,35.9,1.4,1,84.1,Wed,Jul,3,east,fixed,1,4,9.26,0
user_348,13.1,32.8,6.5,0,91.3,Sat,Feb,4,south,green,1,8,25.42,0
user_301,16.2,46.3,3.5,0,114.3,Wed,Nov,3,north,variable,0,5,13.73,0
user_441,18.4,28.3,5.9,0,114.9,Thu,Oct,3,north,green,1,3,18.9,0
user_264,25.8,25.3,2.8,0,148.0,Thu,Feb,1,west,green,0,7,19.09,0
user_473,17.6,74.6,8.0,0,109.2,Mon,Feb,3,south,fixed,2,6,29.03,1
user_146,30.4,27.9,5.6,1,56.0,Thu,Feb,1,south,fixed,2,2,5.0,0
user_389,15.2,57.3,6.6,0,135.2,Sat,Oct,7,east,green,1,7,31.51,1
user_224,26.7,37.9,7.6,1,183.7,Fri,Aug,6,west,variable,0,11,31.4,1
user_364,15.8,73.1,6.1,0,92.3,Tue,Aug,0,north,green,1,2,13.19,0
user_165,22.8,38.9,4.5,0,111.4,Thu,Oct,6,west,variable,0,9,26.57,1
user_303,13.9,71.1,6.9,0,117.6,Thu,Apr,5,east,fixed,2,9,20.47,0
user_474,18.1,63.9,3.0,1,102.5,Wed,Oct,0,west,fixed,0,4,6.08,0
user_118,5.8,44.9,5.5,1,182.7,Thu,Aug,5,west,green,0,9,28.04,1
user_337,18.8,73.4,7.8,1,138.1,Mon,Jun,0,south,variable,0,5,14.64,0
user_152,26.4,58.4,1.6,0,119.0,Tue,Sep,2,north,fixed,1,7,15.97,0
user_47,9.2,20.8,7.5,0,96.7,Tue,Sep,1,west,fixed,2,7,29.11,1
user_223,24.8,61.2,2.6,0,56.4,Tue,May,3,south,fixed,1,5,16.35,0
user_342,24.0,46.6,2.4,0,144.1,Tue,Jul,0,south,green,1,4,10.26,0
user_12,32.2,69.2,2.0,0,137.2,Thu,Jul,3,south,green,2,6,15.76,0
user_320,30.5,61.4,7.7,0,113.7,Thu,Mar,4,south,variable,1,7,28.72,1
user_493,21.7,57.2,5.8,0,77.2,Sat,Sep,7,west,fixed,1,5,27.26,1
user_95,14.9,22.0,1.9,0,128.9,Wed,Dec,0,west,variable,1,5,14.19,0
user_431,17.5,61.7,4.9,1,147.8,Sun,Aug,6,west,fixed,0,6,16.43,0
user_407,30.7,36.5,1.5,1,164.6,Thu,Nov,7,north,green,2,9,23.22,0
user_190,27.1,62.6,5.5,0,120.6,Tue,Jul,5,east,fixed,0,4,16.42,0
user_311,26.9,22.0,6.1,0,160.1,Tue,Jul,0,east,green,0,4,16.31,0
user_47,18.7,53.7,4.2,0,153.5,Sun,Sep,7,north,fixed,0,9,31.83,1
user_194,36.9,57.1,1.8,0,144.2,Sun,Feb,7,south,variable,0,12,36.53,1
user_192,5.8,25.4,2.5,1,142.9,Sun,Sep,1,west,fixed,0,4,23.0,0
user_41,20.6,49.0,7.0,0,129.3,Sun,Oct,1,east,fixed,1,5,22.15,0
user_284,22.0,45.2,5.9,0,58.4,Sun,Sep,6,south,variable,0,5,22.1,0
user_30,11.2,39.5,7.2,1,143.3,Tue,Apr,0,west,fixed,0,9,19.43,0
user_117,10.1,79.9,1.3,1,60.5,Wed,Mar,5,east,fixed,1,4,13.95,0
user_316,23.6,70.8,4.1,0,150.0,Fri,Oct,4,south,variable,1,5,18.03,0
user_286,23.5,47.9,7.2,0,60.6,Tue,Mar,5,south,green,4,9,21.72,0
user_296,25.3,41.4,2.5,1,93.6,Wed,Oct,0,west,fixed,1,2,6.28,0
user_267,18.8,35.6,2.6,0,130.9,Sun,Aug,4,east,fixed,0,7,22.43,0
user_65,27.4,29.2,7.1,0,83.7,Wed,Mar,0,north,green,0,2,8.79,0
user_420,8.9,40.5,2.6,1,104.1,Wed,Sep,3,east,fixed,0,4,16.23,0
user_290,34.5,84.3,6.0,1,122.0,Sat,Dec,4,west,fixed,1,10,23.3,0
user_380,31.3,70.4,6.4,0,107.0,Sun,Jun,3,west,green,0,5,25.58,0
user_340,18.7,38.6,2.1,1,121.9,Fri,Oct,7,north,fixed,0,5,21.9,0
user_239,31.7,24.7,5.0,0,95.8,Thu,Jun,7,south,green,0,8,32.98,1
user_320,19.2,84.2,1.6,0,133.0,Wed,May,5,east,variable,2,8,25.21,0
user_489,14.0,89.1,4.8,0,62.7,Mon,May,6,south,green,1,2,13.05,0
user_379,8.7,31.5,3.4,0,106.2,Sun,Oct,5,east,fixed,1,9,28.9,1
user_151,32.0,84.9,2.6,1,95.2,Wed,Apr,4,east,fixed,1,4,11.28,0
user_474,17.7,49.2,5.8,0,104.1,Wed,Sep,6,west,variable,0,8,31.03,1
user_472,27.0,36.8,3.6,1,127.1,Sun,Nov,4,south,variable,0,6,22.03,0
user_263,18.8,76.8,6.1,1,110.3,Sat,Apr,7,east,fixed,0,5,24.51,0
user_440,18.4,71.0,4.2,1,137.3,Sun,Sep,2,east,fixed,0,6,20.56,0
user_288,23.2,58.7,4.1,1,117.0,Wed,Dec,3,north,green,0,4,5.0,0
user_234,10.5,61.9,4.4,1,98.9,Sun,Jan,0,east,green,0,1,13.78,0
user_364,5.7,31.9,1.9,0,117.1,Fri,Jun,5,east,fixed,1,6,29.62,1
user_49,21.8,40.2,3.7,1,86.2,Wed,May,2,south,variable,1,2,15.3,0
user_25,17.2,63.2,6.3,0,74.6,Wed,Mar,4,north,fixed,0,5,20.88,0
user_309,13.9,71.0,2.2,1,133.4,Wed,May,6,east,variable,0,9,18.97,0
user_468,19.7,49.9,3.6,0,140.1,Tue,Jan,0,north,green,0,8,12.51,0
user_281,18.4,56.9,2.7,1,141.5,Thu,Jul,0,west,variable,1,8,10.26,0
user_467,25.7,34.7,6.7,1,130.4,Sun,Aug,3,north,fixed,0,2,19.78,0
user_316,25.2,34.5,5.1,0,66.4,Mon,Jun,3,west,variable,0,3,11.15,0
user_318,18.8,49.7,5.7,0,116.0,Sat,Aug,3,south,variable,1,4,27.22,1
user_8,29.3,78.3,4.7,0,133.1,Fri,Oct,3,west,fixed,0,4,16.37,0
user_35,17.3,22.4,7.1,1,151.9,Sat,Jan,4,north,variable,1,9,31.55,1
user_413,26.0,52.5,5.5,0,116.0,Sun,Jul,7,south,fixed,0,7,36.69,1
user_232,17.2,70.0,6.8,0,160.0,Fri,Jan,3,east,green,1,6,33.07,1
user_89,25.6,53.4,2.2,1,172.3,Mon,Jun,1,south,fixed,2,2,6.85,0
user_176,19.8,70.2,2.7,1,130.7,Fri,Jun,5,west,fixed,0,6,15.8,0
user_213,26.0,34.1,2.2,0,174.4,Tue,Jun,0,west,variable,0,7,23.77,0
user_127,23.4,48.6,4.0,0,125.3,Thu,Feb,1,east,variable,0,2,15.23,0
user_336,18.5,73.7,4.2,1,118.4,Fri,May,6,south,variable,3,8,25.91,0
user_203,15.8,53.9,2.5,0,85.1,Thu,Oct,0,east,green,0,5,14.43,0
user_445,24.6,78.7,5.8,1,73.9,Thu,May,6,south,variable,0,4,22.64,0
user_268,20.5,47.9,2.2,0,91.9,Sat,Feb,5,west,fixed,0,4,22.66,0
user_41,16.3,66.5,6.9,0,160.6,Thu,Aug,3,west,green,2,5,29.78,1
user_106,16.7,63.9,6.0,1,192.7,Sun,Feb,4,north,green,2,10,25.01,0
user_222,12.7,38.6,1.7,1,100.5,Sun,Oct,0,west,fixed,0,4,7.27,0
user_84,23.3,48.7,7.6,0,141.4,Sun,Jun,3,west,green,1,7,25.5,0
user_181,16.1,36.6,5.4,1,117.0,Sun,Jun,3,west,fixed,1,6,10.59,0
user_125,21.9,77.8,1.8,0,153.8,Wed,Feb,7,north,fixed,1,10,25.0,0
user_186,17.2,77.5,4.7,0,71.6,Sun,Sep,2,north,variable,2,2,16.33,0
user_232,18.2,57.6,2.9,1,134.6,Sun,Jun,4,south,fixed,1,6,13.73,0
user_126,17.6,30.4,6.2,1,74.3,Sat,Mar,4,west,green,0,6,11.81,0
user_95,32.5,54.4,3.7,0,130.4,Thu,Jan,6,north,fixed,0,11,25.99,0
user_357,22.0,36.4,1.9,0,87.9,Sun,Jun,1,north,variable,2,5,14.2,0
user_498,15.4,80.9,6.2,0,122.0,Tue,Jul,5,east,variable,0,10,29.72,1
user_324,15.9,89.1,5.7,0,84.6,Thu,Mar,1,north,fixed,0,4,26.08,0
user_497,15.1,80.5,1.3,0,118.9,Thu,Oct,5,south,fixed,1,5,20.56,0
user_97,26.2,48.2,4.6,0,140.1,Sat,Aug,2,west,variable,2,5,26.61,1
user_145,22.3,78.4,3.3,0,67.5,Mon,Feb,5,west,variable,0,4,17.34,0
user_392,19.7,60.3,2.6,0,114.4,Tue,Oct,2,south,fixed,0,6,8.28,0
user_218,18.7,54.9,4.5,0,124.3,Thu,Jul,1,north,fixed,2,11,25.29,0
user_273,25.8,51.2,5.6,1,162.1,Fri,Jul,0,south,variable,0,8,10.74,0
user_207,19.3,69.7,6.0,0,118.8,Wed,Mar,7,east,fixed,1,6,31.3,1
user_160,14.8,68.2,7.8,0,103.7,Fri,Aug,4,north,green,0,8,31.36,1
user_457,22.4,88.7,6.3,1,79.0,Fri,Feb,3,south,variable,2,7,19.22,0
user_384,22.2,43.4,7.6,0,106.2,Wed,Nov,5,south,fixed,1,5,31.26,1
user_463,16.2,42.6,1.3,1,90.0,Tue,Mar,6,east,variable,0,8,8.92,0
user_69,30.9,88.5,6.5,0,109.9,Thu,Jul,5,east,fixed,3,10,31.15,1
user_89,14.3,37.5,1.2,1,105.4,Fri,Apr,3,south,variable,0,5,5.0,0
user_60,21.1,23.7,1.1,1,155.3,Fri,Apr,7,north,variable,1,10,19.37,0
user_469,17.1,71.7,1.3,1,136.0,Tue,May,4,west,green,0,5,34.2,1
user_203,30.7,21.5,3.1,0,120.8,Sun,Jul,1,south,fixed,2,4,18.79,0
user_27,21.3,70.9,1.6,1,114.4,Tue,Apr,7,east,fixed,0,4,10.2,0
user_201,20.9,65.0,4.6,0,121.7,Fri,Feb,2,north,variable,0,6,19.25,0
user_162,27.4,23.1,4.3,0,110.5,Sat,Mar,4,west,variable,0,8,25.85,0
user_157,23.0,71.5,4.7,1,120.1,Sat,Jan,7,north,fixed,2,8,21.71,0
user_490,25.0,84.6,6.4,0,143.5,Tue,Nov,1,east,green,2,6,23.88,0
user_86,18.7,39.0,3.7,0,174.4,Mon,Oct,0,west,fixed,0,11,24.49,0
user_47,25.0,26.4,3.1,1,88.2,Thu,Nov,7,west,fixed,2,7,27.62,1
user_130,26.0,80.1,6.3,0,92.7,Sun,Apr,2,east,green,1,4,23.23,0
user_25,4.0,69.0,4.5,1,110.6,Wed,Aug,1,north,variable,0,4,20.07,0
user_160,29.0,35.4,5.9,1,140.6,Fri,Jun,3,west,fixed,1,5,18.78,0
user_94,33.8,42.2,5.9,0,50.0,Mon,Jan,4,east,green,3,5,18.18,0
user_14,27.7,53.1,3.7,0,158.3,Tue,Mar,0,east,fixed,1,9,13.25,0
user_108,26.4,38.8,4.3,0,153.9,Sat,Aug,6,north,green,0,7,27.86,1
user_442,24.8,75.9,5.1,0,116.8,Wed,Apr,5,west,fixed,1,6,23.37,0
user_456,19.0,25.4,3.8,1,149.9,Wed,Nov,5,west,variable,0,8,18.85,0
user_76,20.7,83.6,5.2,0,113.7,Thu,Nov,1,south,green,2,5,16.47,0
user_261,15.7,64.7,6.6,1,96.0,Sun,Jan,5,west,fixed,1,6,45.32,1
user_231,6.4,74.4,2.4,1,117.8,Thu,Feb,3,south,green,0,7,17.18,0
user_311,25.1,85.6,2.0,0,50.0,Tue,Jun,6,east,fixed,0,5,9.57,0
user_446,28.2,23.6,1.7,0,175.7,Thu,Apr,2,south,variable,0,8,19.81,0
user_435,20.6,78.3,1.2,1,163.5,Wed,Oct,1,west,variable,0,4,5.0,0
user_211,15.4,67.3,5.3,1,158.3,Sat,Dec,2,south,fixed,1,6,22.57,0
user_238,14.2,67.2,3.3,1,93.5,Sun,Aug,0,east,fixed,1,4,10.64,0
user_148,20.1,87.8,1.9,0,130.8,Sun,Feb,3,north,fixed,2,9,19.64,0
user_211,24.5,35.9,6.8,0,133.1,Thu,Nov,6,west,fixed,0,5,31.41,1
user_345,23.4,63.6,2.7,0,154.2,Mon,Nov,5,south,green,0,8,11.48,0
user_360,21.6,21.1,4.8,0,50.0,Sun,Oct,7,east,fixed,0,7,16.21,0
user_280,18.4,81.3,3.1,0,110.2,Tue,Jan,1,south,fixed,1,7,14.96,0
user_454,12.5,61.7,7.5,1,108.0,Wed,Apr,6,south,fixed,0,7,26.13,0
user_446,24.2,34.4,3.8,0,124.7,Sun,May,5,north,fixed,0,6,22.81,0
user_22,35.1,79.5,1.7,0,162.0,Sun,Feb,2,east,variable,3,7,18.81,0
user_455,16.0,35.1,1.1,0,138.9,Sat,Nov,6,south,variable,2,7,14.9,0
user_218,12.5,25.1,3.2,1,96.5,Thu,Aug,1,north,variable,0,3,5.3,0
user_242,24.7,83.1,2.7,1,138.0,Thu,May,5,west,variable,1,6,14.82,0
user_177,13.6,32.0,1.4,1,84.4,Sun,May,3,north,fixed,0,5,5.0,0
user_4,21.8,55.7,6.1,1,130.9,Sat,Jun,5,west,variable,2,12,32.42,1
user_96,17.9,39.0,6.4,1,156.8,Sat,Nov,7,west,fixed,1,9,57.53,1
user_113,23.5,30.7,7.8,0,115.0,Thu,Aug,7,north,fixed,1,9,40.76,1
user_192,24.3,49.4,6.0,1,83.3,Sun,Dec,3,south,fixed,1,6,16.37,0
user_477,17.3,74.7,7.1,0,166.1,Sat,Jul,6,south,variable,0,9,39.12,1
user_154,19.8,43.4,3.9,1,135.6,Sat,Aug,6,east,green,2,8,22.52,0
user_150,19.0,59.4,4.7,0,81.8,Fri,Oct,3,west,fixed,0,1,11.83,0
user_418,22.3,32.6,2.1,0,90.7,Sat,Dec,0,east,green,1,4,12.33,0
user_425,23.9,68.7,7.3,0,114.2,Thu,Feb,2,west,green,1,6,23.02,0
user_310,22.5,41.8,2.0,0,93.9,Wed,Feb,1,south,fixed,4,6,8.13,0
user_138,22.4,43.7,1.9,1,97.8,Sun,Jul,4,east,variable,2,7,14.18,0
user_131,21.0,62.7,2.4,0,120.9,Thu,Aug,1,north,fixed,4,4,19.86,0
user_45,28.0,62.1,1.8,0,50.5,Tue,Oct,5,north,green,2,6,18.53,0
user_269,30.2,21.6,5.0,0,113.4,Sat,Mar,7,south,green,1,9,25.62,0
user_7,9.8,45.3,5.8,0,141.4,Sat,Nov,5,west,variable,0,7,35.41,1
user_52,21.1,35.2,6.7,0,102.2,Tue,May,1,east,variable,2,4,30.38,1
user_378,19.1,44.2,6.3,0,111.6,Thu,Oct,4,east,variable,0,3,20.38,0
user_425,27.3,52.9,2.2,0,115.9,Tue,Dec,3,east,green,1,5,19.49,0
user_440,25.5,69.4,2.6,0,110.4,Mon,Aug,1,west,green,1,5,12.95,0
user_239,24.5,85.7,7.1,0,59.8,Thu,Sep,3,west,green,1,5,18.23,0
user_223,24.4,41.6,4.0,1,101.9,Fri,Sep,6,east,variable,1,6,19.68,0
user_41,10.1,26.6,2.0,0,170.2,Thu,Oct,3,south,green,0,7,21.35,0
user_17,16.0,67.5,3.5,1,82.5,Thu,Mar,3,west,fixed,0,3,12.29,0
user_359,20.2,71.6,6.8,1,108.3,Thu,Apr,5,south,fixed,1,9,24.36,0
user_28,21.0,82.1,5.2,0,95.5,Tue,Sep,5,north,variable,2,7,31.7,1
user_391,28.1,29.8,2.9,1,89.0,Sat,Dec,5,east,green,0,10,12.85,0
user_24,24.7,71.0,4.5,1,106.1,Mon,Jun,3,north,variable,0,4,20.02,0
user_404,26.3,89.9,1.0,0,109.5,Wed,Dec,5,east,fixed,1,7,14.93,0
user_465,24.7,20.2,3.4,1,50.0,Sat,Sep,5,west,variable,1,6,14.45,0
user_101,31.2,72.8,2.5,1,78.0,Sun,May,1,north,fixed,1,1,12.87,0
user_452,8.9,35.0,2.7,0,118.2,Thu,Sep,0,west,green,2,7,16.61,0
user_455,12.8,83.7,6.8,0,146.3,Sat,Jun,5,west,variable,1,7,35.5,1
user_485,17.3,45.0,3.7,0,90.3,Sat,Jun,5,west,variable,0,5,20.97,0
user_192,27.6,52.4,4.2,0,145.4,Mon,May,5,east,green,1,8,28.81,1
user_76,15.4,52.3,1.1,0,50.0,Sun,Dec,5,south,fixed,3,3,20.37,0
user_309,22.2,80.3,7.8,0,116.9,Sun,Aug,3,south,variable,2,7,27.86,1
user_328,8.9,23.0,4.8,0,89.2,Wed,Jun,5,south,fixed,0,3,30.51,1
user_427,20.0,29.0,5.0,0,158.0,Sun,Jul,5,north,fixed,0,9,25.84,0
user_306,17.6,32.3,4.9,0,130.2,Tue,Nov,7,west,green,3,9,28.1,1
user_69,20.1,80.2,1.4,0,87.9,Sat,Aug,3,east,fixed,0,5,17.39,0
user_97,26.0,33.6,5.6,0,132.5,Thu,Jan,7,east,green,2,6,24.94,0
user_461,21.9,54.8,7.1,1,131.5,Fri,Jul,6,south,variable,3,9,22.62,0
user_495,19.7,25.1,6.4,1,162.0,Mon,Apr,7,east,fixed,2,11,33.81,1
user_160,18.2,56.0,7.5,0,91.8,Thu,Feb,0,north,fixed,0,2,17.04,0
user_236,24.9,23.2,5.4,1,140.2,Mon,May,6,south,variable,1,10,25.6,0
user_95,23.7,31.3,4.7,0,97.1,Fri,Sep,0,east,green,1,4,8.45,0
user_303,15.3,59.2,7.3,0,110.9,Sat,Jan,0,east,variable,1,7,18.17,0
user_164,8.8,70.6,5.5,0,123.0,Tue,Mar,3,south,variable,2,4,25.22,0
user_148,9.1,68.9,7.0,0,75.5,Fri,Sep,4,north,variable,4,10,94.56,1
user_225,15.6,64.7,1.6,0,145.2,Mon,Jun,3,west,variable,1,7,20.71,0
user_151,20.5,67.0,6.6,0,153.8,Sun,Jul,3,south,green,2,4,27.55,1
user_38,21.6,56.6,3.4,1,125.2,Sun,Jun,6,west,fixed,0,6,16.09,0
user_359,25.4,40.3,2.3,1,117.6,Thu,Jun,5,east,variable,0,7,17.05,0
user_407,27.8,66.9,5.2,0,125.3,Tue,Nov,0,east,variable,0,4,13.13,0
user_344,24.5,86.7,7.4,0,128.7,Sat,Mar,4,north,green,0,4,20.56,0
user_90,24.5,50.6,5.9,0,142.4,Sat,Jul,2,east,green,2,7,23.85,0
user_326,18.8,64.4,2.5,0,132.5,Sun,Jan,2,west,variable,0,7,15.88,0
user_433,24.6,66.4,7.2,0,104.0,Thu,Sep,2,west,variable,1,5,29.43,1
user_178,30.7,46.9,1.0,0,116.4,Tue,Sep,7,south,green,1,11,18.21,0
user_107,25.8,56.0,6.6,0,184.5,Sun,Jan,0,south,green,1,8,20.64,0
user_251,23.1,90.0,6.4,0,100.5,Mon,Sep,1,west,variable,1,5,14.53,0
user_434,22.9,65.8,5.8,0,108.5,Wed,Nov,6,east,variable,0,6,25.45,0
user_316,25.4,50.4,8.0,0,152.1,Fri,May,2,south,green,1,9,30.41,1
user_153,15.8,53.6,5.0,0,79.1,Fri,Aug,6,south,variable,1,8,33.64,1
user_141,23.1,55.6,2.0,0,127.6,Sat,Aug,0,south,green,0,2,12.9,0
user_408,20.2,40.3,7.0,0,119.8,Sat,Oct,6,west,fixed,0,6,27.85,1
user_78,30.1,81.1,4.4,0,121.1,Fri,May,1,south,variable,0,6,19.33,0
user_7,25.0,51.9,7.8,0,135.2,Sat,Mar,2,north,green,0,4,17.12,0
user_422,17.7,86.0,4.5,0,125.2,Mon,Dec,1,south,green,1,5,16.49,0
user_160,17.7,43.4,2.4,0,140.1,Tue,Apr,6,west,variable,1,10,25.16,0
user_166,23.5,43.3,4.3,0,69.0,Mon,Apr,6,north,green,2,4,17.47,0
user_93,5.0,63.9,4.8,0,50.0,Thu,Jul,2,west,variable,3,4,26.44,1
user_380,29.9,33.0,1.1,1,140.3,Tue,Dec,3,east,green,0,7,7.82,0
user_342,27.2,84.8,3.2,1,138.6,Wed,Jul,4,west,fixed,2,8,15.73,0
user_361,19.1,25.0,5.0,0,103.5,Fri,Oct,2,north,fixed,0,7,23.24,0
user_478,25.1,50.3,3.9,0,121.7,Mon,Aug,4,east,variable,1,6,24.89,0
user_202,18.9,71.5,1.4,0,128.8,Tue,May,2,east,fixed,1,7,14.54,0
user_378,31.7,36.0,7.4,1,121.9,Fri,Jul,4,north,green,2,8,21.46,0
user_378,28.4,80.2,4.4,0,112.3,Thu,Jun,4,north,variable,1,5,20.02,0
user_338,26.5,51.5,2.4,0,140.0,Sat,May,5,west,fixed,0,9,25.86,0
user_255,18.3,43.1,1.8,0,107.4,Fri,Jun,3,south,variable,0,4,7.91,0
user_416,20.1,86.7,8.0,0,114.6,Tue,Jun,4,west,fixed,2,6,25.96,0
user_187,20.8,64.9,4.3,1,109.3,Wed,Aug,3,south,fixed,2,6,9.28,0
user_369,25.3,49.9,3.0,0,155.8,Sun,Jul,2,west,variable,2,6,18.6,0
user_231,30.9,29.5,6.5,0,74.8,Mon,Feb,5,south,variable,1,10,31.48,1
user_303,12.1,26.6,2.5,0,186.4,Sun,Jan,3,east,green,0,10,23.3,0
user_294,28.0,52.0,6.2,0,120.6,Thu,May,6,south,green,0,7,25.64,0
user_239,23.1,44.9,1.7,1,109.7,Fri,Jan,6,north,variable,0,6,17.17,0
user_229,28.9,39.2,1.4,0,114.2,Tue,Apr,1,west,green,0,3,5.06,0
user_304,20.6,79.2,4.1,1,143.6,Tue,Feb,2,east,fixed,1,5,6.41,0
user_363,23.1,28.3,1.2,0,50.0,Wed,Sep,3,west,fixed,3,9,18.16,0
user_239,27.6,65.4,2.9,0,87.4,Fri,Jun,4,north,fixed,0,6,23.15,0
user_215,9.6,59.5,1.5,0,145.0,Sat,Jun,7,south,fixed,0,5,23.23,0
user_354,19.4,76.5,1.7,0,117.1,Fri,May,6,west,fixed,0,7,17.28,0
user_114,10.5,41.5,2.8,0,142.0,Sun,Jun,4,north,fixed,2,10,31.79,1
user_409,24.0,70.2,4.8,0,138.9,Mon,Mar,7,east,green,0,8,29.81,1
user_233,24.6,89.2,6.6,0,118.5,Fri,Jun,6,north,variable,1,7,22.02,0
user_497,17.0,23.8,4.1,0,137.0,Sat,Sep,6,south,fixed,1,10,23.87,0
user_324,19.3,75.6,3.5,1,146.8,Wed,Apr,4,east,fixed,3,10,17.56,0
user_72,20.9,39.1,7.6,0,119.1,Sat,Apr,2,north,variable,3,6,26.45,1
user_386,19.5,41.9,7.0,0,128.2,Sat,Jul,1,east,green,0,4,17.38,0
user_203,24.5,73.1,5.9,1,130.2,Sun,Sep,7,north,fixed,2,7,35.72,1
user_473,14.2,72.4,4.3,1,125.3,Thu,Feb,6,south,variable,1,8,28.33,1
user_319,23.8,61.4,3.0,1,137.7,Tue,Aug,0,west,green,1,4,5.0,0
user_373,32.4,33.2,3.9,0,128.6,Sat,Jun,5,east,variable,1,7,22.64,0
user_126,17.7,37.3,2.9,1,123.0,Sat,Apr,4,south,fixed,2,6,13.21,0
user_128,16.6,31.6,3.9,0,132.7,Mon,Dec,5,west,variable,2,11,27.97,1
user_104,14.2,37.3,6.7,1,97.7,Sun,Mar,0,east,fixed,2,3,24.49,0
user_236,29.2,86.5,5.9,0,111.2,Wed,Jun,0,west,fixed,1,4,13.52,0
user_114,32.8,66.9,3.9,0,164.2,Sat,Dec,2,east,green,0,7,22.03,0
user_384,28.7,72.9,3.9,0,96.0,Fri,Jul,6,south,variable,2,11,30.03,1
user_194,21.2,45.0,4.8,0,116.3,Tue,Nov,7,east,fixed,0,7,33.41,1
user_79,14.8,43.0,3.5,1,138.8,Thu,Jan,2,west,fixed,0,7,12.0,0
user_321,25.2,64.4,4.2,0,123.1,Sun,Dec,0,south,variable,2,8,25.35,0
user_2,16.8,28.2,7.4,0,88.3,Sun,Aug,0,south,green,1,7,22.4,0
user_259,32.4,26.6,1.8,0,132.9,Sun,Jul,0,east,variable,0,7,17.57,0
user_54,25.0,87.4,4.2,0,118.3,Thu,Jun,4,west,green,1,2,16.95,0
user_424,17.1,55.3,1.3,1,142.1,Fri,Jan,5,north,fixed,0,5,10.36,0
user_302,30.0,44.9,2.3,0,106.4,Fri,Dec,7,south,fixed,2,7,20.88,0
user_272,27.6,80.4,4.3,0,150.2,Tue,Mar,7,west,variable,0,7,18.46,0
user_158,18.2,56.2,6.2,0,115.7,Sun,Jul,3,east,variable,0,1,22.29,0
user_143,15.9,47.7,7.3,0,102.1,Tue,Aug,3,west,fixed,0,5,26.32,0
user_231,18.9,53.1,1.6,1,71.8,Wed,Mar,6,south,fixed,0,8,10.04,0
user_66,28.2,39.5,7.8,1,96.7,Thu,Jun,4,east,variable,0,7,19.77,0
user_441,16.7,50.3,3.9,0,107.3,Thu,Jan,5,south,fixed,1,10,29.04,1
user_287,15.4,62.4,6.8,0,168.0,Mon,Oct,3,north,green,2,9,29.16,1
user_8,23.8,33.0,6.9,0,84.8,Sat,Jan,6,west,variable,2,9,31.4,1
user_202,23.6,61.3,7.3,1,111.2,Sun,Sep,6,south,green,1,8,17.46,0
user_250,13.6,51.5,5.6,1,81.3,Fri,Apr,5,north,variable,2,8,23.1,0
user_237,20.8,72.5,2.9,1,92.5,Wed,May,7,north,fixed,3,12,20.88,0
user_201,29.4,78.8,1.7,0,143.1,Sun,Sep,3,south,green,1,3,12.07,0
user_252,22.3,45.7,7.8,0,92.1,Fri,Sep,4,west,green,0,3,16.04,0
user_350,23.3,28.1,4.4,0,88.5,Mon,Mar,3,south,variable,0,8,18.1,0
user_500,20.6,24.8,5.8,1,170.5,Sun,Feb,0,south,fixed,2,6,17.63,0
user_27,23.4,78.4,2.3,0,143.6,Thu,May,3,west,green,1,9,13.43,0
user_296,33.1,34.1,1.5,0,97.9,Wed,Jan,1,south,green,0,2,5.75,0
user_153,26.9,37.7,2.0,0,76.3,Thu,Feb,0,south,variable,2,5,12.63,0
user_73,18.3,31.3,5.5,1,131.4,Wed,Jul,5,west,green,1,6,19.45,0
user_41,24.9,44.1,1.4,0,143.7,Thu,Apr,6,east,fixed,3,8,22.05,0
user_182,12.7,60.8,6.6,1,85.8,Sun,Nov,6,west,variable,1,6,32.76,1
user_106,23.4,31.3,6.8,1,123.7,Tue,Sep,3,west,fixed,2,10,27.94,1
user_279,33.3,23.0,7.8,0,132.4,Thu,Sep,1,east,variable,2,5,24.32,0
user_82,18.7,37.2,1.2,0,119.1,Thu,Apr,5,south,fixed,0,10,19.87,0
user_47,12.2,82.3,3.9,0,90.3,Thu,Mar,3,south,green,1,4,17.9,0
user_430,21.7,52.2,4.1,0,151.8,Sun,Mar,0,west,variable,0,7,23.41,0
user_194,25.0,74.1,3.6,0,62.6,Tue,Nov,4,north,fixed,1,6,19.03,0
user_476,20.9,72.3,2.1,1,100.3,Mon,Mar,6,west,fixed,0,6,34.1,1
user_369,20.6,60.6,1.3,0,95.7,Tue,Nov,5,east,fixed,2,9,18.49,0
user_278,14.4,46.3,5.3,0,134.5,Thu,Jan,1,north,green,1,8,24.91,0
user_48,19.1,26.6,3.5,0,109.6,Tue,Oct,2,west,green,3,7,20.25,0
user_138,17.8,86.3,7.8,1,92.6,Sun,Apr,4,north,green,0,9,22.55,0
user_331,21.4,27.2,6.6,0,78.0,Wed,Jul,3,east,variable,0,5,21.31,0
user_254,14.6,25.8,7.9,0,162.1,Thu,Mar,4,east,variable,0,7,25.4,0
user_186,16.0,72.2,6.8,0,105.8,Tue,Jul,4,north,variable,0,5,21.66,0
user_472,22.2,79.9,1.2,1,153.8,Wed,Feb,4,east,variable,1,8,16.43,0
user_4,21.7,67.5,3.8,1,61.5,Thu,Mar,4,east,variable,2,6,14.54,0
user_47,26.9,42.9,5.2,0,138.4,Wed,May,0,west,fixed,1,3,13.01,0
user_353,37.0,60.7,6.5,0,104.3,Thu,Mar,3,east,variable,2,6,30.04,1
user_302,20.0,31.3,2.5,0,123.3,Sun,Jan,6,west,variable,2,7,18.55,0
user_237,26.3,59.5,5.6,0,98.4,Sun,Jun,3,east,variable,0,3,19.02,0
user_423,20.3,50.0,5.3,0,153.2,Fri,Sep,7,west,variable,1,10,31.39,1
user_245,20.0,30.6,5.5,1,66.1,Sun,Sep,4,east,green,2,5,16.8,0
user_436,28.1,62.9,7.4,1,163.8,Fri,Apr,0,north,fixed,3,10,24.74,0
user_264,18.9,72.3,3.9,1,135.6,Tue,Mar,7,south,green,1,7,21.23,0
user_5,24.7,49.0,5.5,0,98.3,Sat,Jun,7,east,fixed,0,10,28.7,1
user_447,20.4,68.6,3.8,0,95.4,Fri,Jun,7,east,variable,2,4,23.54,0
user_34,27.4,62.9,1.7,0,105.9,Wed,Nov,5,east,fixed,0,2,11.33,0
user_15,18.2,40.2,4.9,0,109.9,Thu,May,1,east,fixed,1,7,16.19,0
user_170,7.7,22.8,5.8,0,126.3,Wed,Feb,3,north,fixed,0,3,24.39,0
user_140,23.2,44.5,1.2,0,120.6,Sun,Jul,3,west,variable,1,8,18.78,0
user_213,31.5,53.3,4.6,0,116.0,Tue,Jul,4,south,variable,0,6,16.72,0
user_416,13.7,57.0,6.3,0,77.8,Sun,Feb,1,east,green,2,2,17.29,0
user_152,17.5,74.8,3.7,1,132.8,Mon,Sep,7,north,variable,1,6,21.39,0
user_125,15.8,51.5,4.4,0,75.2,Thu,May,4,south,green,0,6,16.92,0
user_218,23.9,88.1,5.2,0,152.0,Fri,Jul,0,north,variable,0,6,20.53,0
user_152,17.0,48.9,6.8,0,145.7,Sat,Apr,0,east,variable,0,8,20.69,0
user_386,16.9,25.1,2.3,0,107.4,Tue,Nov,1,west,green,1,5,12.48,0
user_429,27.2,41.0,4.7,1,91.6,Sun,Dec,2,west,fixed,0,7,10.36,0
user_204,20.3,70.9,4.5,0,71.7,Tue,Aug,2,south,variable,2,3,18.03,0
user_234,29.2,45.8,1.5,0,148.6,Sat,Feb,0,north,variable,0,4,13.16,0
user_156,17.5,44.3,7.2,1,126.9,Sat,Aug,3,east,variable,2,6,20.75,0
user_197,26.5,52.5,6.0,0,96.9,Tue,Jul,1,west,green,2,5,20.0,0
user_351,16.0,25.2,2.5,0,122.7,Thu,Feb,6,north,fixed,3,9,32.91,1
user_211,22.6,76.7,2.2,0,118.5,Wed,Nov,0,south,green,0,5,6.96,0
user_319,18.4,46.5,1.2,0,150.4,Sun,Sep,4,west,green,1,6,16.92,0
user_297,23.4,68.5,6.3,1,93.5,Sat,Nov,6,north,variable,0,9,26.26,0
user_338,13.8,64.3,7.0,0,104.3,Thu,Apr,3,east,variable,3,5,28.56,1
user_398,12.8,63.1,5.4,0,141.5,Sun,Nov,5,west,variable,1,9,29.0,1
user_306,19.6,65.7,4.4,0,162.9,Tue,Mar,5,west,variable,0,8,25.23,0
user_294,18.7,57.6,1.6,1,82.9,Thu,Dec,4,south,variable,1,6,11.89,0
user_494,14.7,32.9,3.1,1,106.6,Wed,Aug,1,east,fixed,1,5,5.0,0
user_355,22.2,76.9,3.3,0,81.5,Sat,Nov,6,south,variable,1,8,28.32,1
user_99,18.9,51.2,7.6,1,173.0,Wed,Mar,4,north,fixed,1,5,26.08,0
user_369,15.5,81.5,6.6,0,122.8,Thu,Apr,6,west,green,0,5,30.63,1
user_307,27.3,78.8,5.3,0,76.1,Thu,Apr,1,west,variable,1,4,16.42,0
user_139,26.1,88.9,2.0,0,153.2,Wed,Jan,4,south,variable,1,5,18.69,0
user_381,16.4,53.2,3.7,1,113.0,Thu,Sep,6,south,fixed,2,9,16.16,0
user_493,20.5,75.4,1.6,1,95.9,Wed,Oct,7,north,green,0,6,15.65,0
user_157,7.8,29.7,6.5,0,156.3,Tue,Mar,7,west,fixed,1,8,37.4,1
user_238,14.5,21.0,1.8,0,117.8,Fri,Jul,4,north,variable,0,5,23.79,0
user_44,14.3,88.8,4.8,1,178.6,Sun,Jan,1,west,green,1,4,17.76,0
user_376,31.4,34.0,4.8,0,73.5,Tue,Sep,7,west,variable,2,8,25.91,0
user_136,9.4,59.2,2.8,1,84.6,Sat,Sep,4,north,fixed,0,6,19.75,0
user_457,23.1,73.4,4.9,0,128.3,Fri,Jun,0,west,variable,1,6,20.35,0
user_70,27.0,30.5,3.4,1,106.1,Mon,Jan,7,north,variable,0,6,18.79,0
user_40,12.6,42.7,7.4,0,105.1,Sat,Feb,3,south,variable,3,6,27.46,1
user_363,19.0,79.2,4.1,0,106.8,Tue,Jun,4,west,fixed,2,6,20.18,0
user_466,16.0,64.5,5.3,0,141.4,Sun,Jan,7,west,variable,2,10,28.52,1
user_471,17.4,43.2,4.8,1,145.8,Sun,Sep,0,north,fixed,0,5,11.25,0
user_385,22.2,90.0,4.2,0,112.6,Sun,Nov,4,west,fixed,2,6,22.42,0
user_106,11.5,30.1,5.7,0,132.9,Thu,May,6,west,green,0,7,26.74,1
user_195,24.4,51.5,5.5,0,97.4,Thu,Feb,1,west,variable,1,2,11.13,0
user_428,28.4,36.8,5.1,0,108.6,Mon,Sep,6,east,variable,2,8,36.73,1
user_130,15.4,53.1,3.6,0,102.9,Fri,Sep,2,south,fixed,4,8,30.08,1
user_163,18.2,69.6,2.0,0,147.8,Mon,Jul,7,east,variable,3,10,27.11,1
user_37,26.2,48.7,5.7,0,110.6,Mon,Jan,4,north,variable,1,5,27.54,1
user_8,29.1,42.4,5.1,0,135.7,Fri,Jun,3,west,variable,2,7,24.37,0
user_436,13.2,66.5,1.0,1,112.7,Fri,Dec,7,south,variable,1,6,24.43,0
user_345,19.3,28.5,7.0,0,85.8,Fri,Oct,3,south,variable,1,1,15.52,0
user_390,29.4,36.3,6.8,0,109.1,Tue,Oct,2,south,variable,0,4,19.22,0
user_90,16.1,55.1,2.3,1,128.0,Mon,Jan,0,north,variable,0,6,7.31,0
user_362,19.0,38.5,2.9,0,99.0,Fri,Jan,3,west,green,1,7,19.24,0
user_445,31.2,71.6,6.0,0,131.8,Wed,Jun,6,north,fixed,1,9,21.63,0
user_17,20.7,30.7,1.3,0,160.1,Fri,Oct,6,west,fixed,4,12,28.63,1
user_430,7.0,40.9,5.4,1,87.2,Wed,Mar,2,south,variable,1,1,18.2,0
user_255,21.9,59.0,7.0,1,157.3,Sun,Dec,7,north,variable,1,13,25.93,0
user_64,18.9,74.0,7.7,0,157.4,Thu,May,3,north,fixed,2,5,26.36,0
user_131,28.4,26.4,6.2,1,83.2,Sun,Aug,7,east,green,3,9,27.05,1
user_302,17.4,41.0,5.1,0,146.7,Sun,Jun,5,north,fixed,1,8,34.19,1
user_458,22.2,58.6,5.1,0,144.8,Tue,Mar,5,south,green,1,8,24.72,0
user_49,17.3,30.8,3.1,0,150.4,Sat,Jul,2,east,variable,0,5,33.19,1
user_125,20.3,79.4,5.4,0,138.6,Wed,Jun,1,south,variable,4,7,22.88,0
user_144,37.0,81.0,1.4,1,112.1,Tue,Sep,0,south,variable,1,7,14.89,0
user_342,18.7,78.5,3.6,0,90.2,Mon,Sep,3,east,green,1,4,19.12,0
user_165,22.8,48.0,2.1,0,85.2,Thu,Feb,4,east,variable,2,5,16.15,0
user_304,26.5,48.3,7.8,0,122.0,Fri,Apr,0,west,green,2,7,23.92,0
user_124,20.6,85.7,4.0,1,115.9,Mon,Nov,4,south,fixed,0,3,5.0,0
user_412,12.6,22.3,4.0,0,111.9,Fri,Nov,6,east,fixed,1,7,38.14,1
user_360,9.5,55.7,6.6,1,55.8,Tue,Oct,3,north,green,1,4,13.25,0
user_45,21.6,78.4,5.3,1,131.3,Sun,Nov,3,east,green,0,5,22.96,0
user_271,20.9,76.9,1.1,0,73.9,Wed,Oct,6,north,variable,2,3,14.04,0
user_58,29.6,62.6,3.5,1,128.8,Tue,Apr,3,west,fixed,1,7,17.39,0
user_465,18.0,67.2,7.7,0,135.3,Tue,Mar,0,south,green,2,4,22.75,0
user_257,19.6,77.7,6.3,1,111.2,Sun,Jan,3,north,variable,1,5,12.31,0
user_54,28.8,56.8,1.6,0,72.3,Thu,Jan,0,west,variable,1,1,6.89,0
user_346,30.3,73.8,6.4,0,124.2,Sun,Dec,7,west,fixed,1,9,38.29,1
user_240,15.4,83.0,4.7,0,74.0,Sun,Dec,7,east,fixed,3,7,33.21,1
user_34,22.7,33.6,1.8,1,122.8,Sun,Aug,0,east,fixed,1,3,5.0,0
user_327,25.2,86.8,6.5,1,135.8,Thu,Oct,1,south,fixed,0,2,9.49,0
user_288,19.4,25.0,6.1,0,91.3,Sat,Nov,6,north,green,1,4,32.79,1
user_67,26.2,81.6,2.7,0,139.3,Fri,Sep,1,south,variable,1,5,8.36,0
user_104,31.5,59.6,3.8,0,146.2,Sun,Jan,3,north,fixed,1,7,26.49,1
user_327,35.3,80.1,7.3,0,139.3,Sat,Jul,3,west,fixed,1,8,35.45,1
user_288,23.7,57.6,4.9,0,159.3,Tue,May,5,west,variable,1,8,31.4,1
user_273,19.9,77.4,1.8,1,113.6,Thu,Sep,4,south,green,0,6,5.94,0
user_148,17.7,35.8,6.2,1,64.6,Sun,Jun,0,west,fixed,2,2,18.0,0
user_299,11.0,42.7,5.3,0,93.0,Fri,Mar,7,west,fixed,0,5,24.66,0
user_498,20.5,48.6,7.4,0,103.7,Thu,Mar,4,south,variable,1,8,27.96,1
user_172,15.8,40.7,4.0,1,189.1,Mon,May,4,north,variable,1,10,25.18,0
user_145,18.3,59.0,1.3,0,139.8,Tue,Mar,6,east,fixed,1,8,21.29,0
user_194,28.1,69.6,5.6,0,143.5,Sun,Apr,1,north,fixed,1,8,24.24,0
user_302,19.8,65.1,5.7,0,89.8,Mon,Aug,0,north,fixed,2,3,23.64,0
user_215,23.0,51.0,1.8,0,111.6,Thu,Jan,3,east,fixed,1,5,17.48,0
user_255,20.9,80.4,5.5,1,103.3,Mon,Jan,4,west,fixed,0,6,17.06,0
user_39,27.5,35.4,7.2,1,137.3,Thu,Feb,0,west,green,4,9,28.26,1
user_66,27.8,62.9,6.7,1,142.4,Sat,Oct,0,north,green,1,7,17.7,0
user_431,27.7,61.4,4.9,0,150.6,Fri,Sep,5,east,fixed,2,9,30.7,1
user_125,22.7,85.8,5.6,0,171.5,Wed,Jul,4,south,fixed,0,11,25.81,0
user_39,32.2,84.2,7.1,0,158.9,Wed,Jan,1,north,green,0,7,21.42,0
user_410,24.1,61.0,5.6,0,102.3,Tue,Apr,4,north,fixed,1,4,16.16,0
user_383,32.3,80.9,5.7,1,114.1,Wed,Apr,0,north,green,0,1,7.46,0
user_288,25.1,38.6,6.3,0,128.0,Wed,Mar,7,north,fixed,1,9,27.65,1
user_457,21.1,27.4,3.5,1,157.1,Thu,Aug,2,south,green,0,4,18.2,0
user_486,30.4,80.2,7.4,1,105.7,Sat,May,1,west,variable,0,3,18.07,0
user_285,12.7,20.6,7.9,0,87.0,Tue,Sep,7,west,green,0,8,35.29,1
user_243,19.7,71.0,3.9,0,164.2,Tue,May,0,east,variable,1,2,11.13,0
user_342,29.2,22.1,6.2,1,93.1,Mon,Sep,3,north,fixed,2,5,21.18,0
user_105,18.5,43.1,2.7,1,165.0,Sun,May,0,east,variable,1,5,6.25,0
user_184,24.9,38.3,6.5,0,132.1,Sun,Jan,0,north,green,0,6,19.47,0
user_498,24.0,81.7,5.9,0,171.7,Fri,Mar,6,east,variable,1,8,32.53,1
user_330,34.3,85.4,2.8,1,98.7,Fri,Sep,3,north,green,1,5,14.14,0
user_93,15.2,82.1,5.9,0,96.2,Tue,Nov,1,east,fixed,0,7,17.26,0
user_335,28.3,20.5,4.6,1,66.4,Tue,Oct,5,north,fixed,0,8,17.37,0
user_291,36.4,40.9,4.9,1,84.4,Thu,Oct,3,west,variable,1,3,18.71,0
user_4,5.0,46.0,3.3,0,89.1,Thu,Dec,7,west,variable,4,9,30.54,1
user_437,21.1,60.3,5.4,0,105.3,Mon,Jul,5,west,green,0,7,23.15,0
user_387,21.2,58.4,3.7,1,146.7,Mon,Dec,6,south,green,0,9,11.27,0
user_446,14.9,68.8,5.6,1,93.7,Mon,May,7,west,variable,1,6,21.96,0
user_60,16.6,36.2,7.7,0,84.7,Thu,Aug,6,north,variable,1,8,26.43,1
user_254,14.0,43.5,2.4,0,73.8,Thu,Jan,2,east,fixed,1,4,15.54,0
user_257,25.7,48.5,2.3,1,124.8,Mon,Apr,3,west,fixed,3,8,18.14,0
user_395,20.5,58.8,3.4,1,101.0,Mon,Jun,5,south,variable,2,7,8.1,0
user_250,14.4,72.5,3.9,0,119.5,Tue,Feb,6,south,green,3,7,26.97,1
user_482,25.0,33.5,3.0,1,113.9,Tue,Dec,5,north,fixed,0,7,14.63,0
user_196,20.2,29.3,5.3,0,128.9,Tue,Aug,7,north,fixed,1,6,29.17,1
user_476,28.7,33.0,3.1,0,143.8,Wed,Oct,6,south,fixed,1,10,23.83,0
user_184,26.0,24.5,2.9,0,84.6,Thu,Oct,1,south,green,1,2,6.15,0
user_14,19.2,76.8,3.4,1,97.9,Sat,Oct,6,east,variable,0,6,17.44,0
user_370,14.4,46.0,2.5,1,151.0,Sat,Jun,1,west,green,1,5,5.34,0
user_287,37.3,28.0,2.3,0,89.2,Fri,Oct,1,east,green,0,5,16.42,0
user_13,27.8,34.1,4.5,0,98.9,Sat,Jul,6,east,fixed,0,7,24.68,0
user_213,23.5,34.0,2.6,0,117.1,Thu,Jul,0,south,green,1,4,14.19,0
user_277,17.7,44.3,4.2,0,103.9,Fri,Jan,6,north,fixed,0,4,19.69,0
user_443,28.5,52.1,2.7,0,83.7,Fri,Sep,4,east,green,0,8,15.69,0
user_138,20.3,84.6,3.6,1,76.0,Sat,Oct,1,north,green,1,2,13.98,0
user_187,32.4,86.8,3.1,0,167.8,Fri,Aug,5,east,green,3,11,30.13,1
user_237,14.4,85.8,1.7,0,57.0,Mon,Dec,5,west,variable,3,6,19.4,0
user_243,26.9,59.1,5.6,0,168.3,Sat,Jul,0,north,fixed,0,10,17.99,0
user_79,10.1,35.1,6.1,0,125.3,Mon,Mar,4,north,variable,3,6,25.96,0
user_46,22.6,26.6,1.2,0,146.7,Tue,Dec,1,south,variable,0,4,10.17,0
user_497,18.9,23.3,2.0,0,130.3,Mon,Aug,1,north,fixed,1,2,5.49,0
user_133,20.8,32.1,7.0,0,99.5,Mon,Apr,3,north,variable,0,3,10.11,0
user_305,7.0,49.9,6.4,0,146.3,Thu,Nov,3,west,variable,1,5,30.56,1
user_192,18.9,52.4,2.1,0,126.9,Sat,Jan,1,south,variable,0,2,16.62,0
user_264,18.6,80.2,1.8,0,87.0,Wed,Jun,3,east,fixed,0,3,18.43,0
user_66,15.7,62.9,6.4,1,126.6,Thu,Jun,0,south,fixed,0,7,13.29,0
user_125,16.6,71.5,2.7,1,172.4,Fri,Jan,7,west,fixed,1,8,12.87,0
user_415,12.9,51.8,4.0,0,111.4,Tue,Mar,4,south,green,1,8,15.61,0
user_22,28.4,41.9,2.8,0,134.5,Tue,Sep,3,south,fixed,0,2,11.06,0
user_487,10.2,33.3,1.5,0,105.7,Sun,Mar,3,south,variable,1,7,21.22,0
user_200,21.7,40.1,6.6,0,148.0,Thu,Jan,5,north,variable,0,10,25.48,0
user_158,18.1,28.7,1.1,1,143.6,Fri,Nov,3,west,fixed,3,8,15.98,0
user_424,17.9,42.7,2.7,0,92.0,Tue,Jun,0,south,variable,1,4,11.08,0
user_75,34.3,41.0,2.2,0,129.7,Tue,Feb,4,east,green,0,7,17.73,0
user_154,27.9,61.2,5.1,0,168.7,Thu,Feb,6,west,variable,2,10,34.79,1
user_38,11.2,67.7,5.7,1,114.5,Tue,Jul,7,west,variable,1,8,23.41,0
user_199,21.3,43.4,1.6,0,150.8,Wed,Apr,0,east,fixed,1,2,14.01,0
user_485,24.0,79.4,4.9,0,114.9,Thu,Apr,5,north,variable,3,5,28.66,1
user_217,20.4,43.0,4.8,0,155.8,Fri,Apr,0,west,variable,2,4,16.12,0
user_498,17.9,68.6,1.4,1,137.7,Thu,Apr,2,west,fixed,1,3,8.74,0
user_341,24.5,42.8,5.1,1,116.2,Mon,Oct,2,north,variable,0,4,11.47,0
user_87,26.4,88.5,4.3,0,117.8,Sun,Jun,7,north,fixed,0,6,27.03,1
user_5,18.9,22.8,7.5,0,97.4,Sat,Mar,6,south,fixed,0,9,33.14,1
user_491,24.7,26.3,5.6,0,78.9,Fri,Nov,6,north,fixed,2,6,22.15,0
user_414,27.4,66.6,4.5,0,117.1,Mon,Jul,2,west,fixed,0,3,15.0,0
user_454,17.4,66.7,4.5,1,149.5,Mon,Aug,3,west,variable,2,8,20.81,0
user_264,32.6,81.6,7.8,0,148.5,Mon,Apr,4,south,fixed,1,7,28.62,1
user_411,15.8,82.3,4.1,0,86.9,Wed,Mar,6,west,variable,0,7,20.77,0
user_264,21.7,49.3,2.9,1,67.2,Sat,Aug,7,north,fixed,0,7,21.66,0
user_66,27.1,38.9,1.3,0,130.8,Sat,Apr,3,east,variable,1,3,6.81,0
user_331,32.8,31.0,4.9,0,94.7,Wed,Jun,5,north,fixed,1,6,25.82,0
user_228,20.6,75.8,1.1,0,120.6,Wed,Sep,7,north,green,3,5,46.54,1
user_128,10.1,57.4,1.0,0,145.0,Thu,Mar,5,east,variable,0,6,22.03,0
user_497,14.4,33.6,7.3,0,89.9,Sun,Jul,7,south,green,1,8,34.49,1
user_490,12.2,21.0,6.8,1,94.3,Sat,Oct,2,north,variable,2,2,20.27,0
user_173,29.7,20.3,2.2,0,72.2,Mon,May,3,east,variable,0,1,14.37,0
user_360,29.0,41.1,1.5,0,96.0,Sat,Jul,5,north,variable,1,5,23.14,0
user_458,20.0,37.7,8.0,0,137.1,Fri,Jul,6,north,variable,0,9,31.98,1
user_448,16.1,78.5,6.0,1,107.1,Sat,Jan,1,north,fixed,0,5,18.76,0
user_397,29.4,40.4,3.3,1,126.3,Thu,Nov,0,north,variable,0,8,10.59,0
user_20,14.7,79.6,5.6,1,116.0,Mon,Oct,6,east,variable,1,8,27.49,1
user_475,19.9,34.3,4.9,1,77.3,Mon,Apr,2,east,fixed,1,3,17.8,0
user_471,14.5,36.5,1.6,0,137.2,Wed,Sep,3,north,fixed,3,7,14.25,0
user_490,19.6,41.8,4.7,0,174.4,Sat,Sep,0,north,fixed,1,8,28.38,1
user_63,18.9,50.7,2.2,0,185.9,Tue,Feb,7,north,green,1,10,23.41,0
user_228,14.0,29.3,7.9,0,100.4,Tue,Mar,2,north,green,1,6,26.81,1
user_89,23.8,89.2,6.8,1,118.3,Sun,Dec,7,east,variable,1,7,19.17,0
user_90,18.8,65.9,2.1,0,146.2,Sun,Nov,6,south,variable,1,7,30.41,1
user_132,16.5,49.5,4.6,1,183.5,Sun,Jul,2,north,fixed,1,9,27.59,1
user_215,33.4,72.2,4.8,0,121.1,Mon,Jun,0,south,variable,3,1,15.32,0
user_262,23.9,70.9,6.6,1,117.8,Tue,Aug,4,west,fixed,2,10,25.75,0
user_113,14.5,25.1,3.4,0,83.1,Sun,May,2,south,variable,0,9,22.19,0
user_292,16.4,75.6,6.9,1,149.9,Fri,Oct,2,east,variable,1,4,12.36,0
user_164,24.1,68.5,6.1,1,84.8,Wed,Dec,2,south,fixed,1,3,13.83,0
user_227,27.7,82.7,4.6,0,146.3,Sun,Sep,3,north,variable,2,5,25.22,0
user_126,19.7,86.2,4.3,0,63.4,Thu,Aug,4,east,variable,1,1,21.8,0
user_371,29.6,36.5,4.9,0,164.8,Tue,Feb,3,north,green,0,6,20.53,0
user_405,20.7,51.0,3.7,1,138.2,Thu,Aug,7,west,fixed,1,6,20.25,0
user_316,26.1,31.9,6.1,0,126.0,Mon,Jul,7,west,variable,0,11,29.69,1
user_19,19.2,71.0,4.5,1,52.7,Sat,Dec,6,north,fixed,2,4,24.4,0
user_129,8.4,22.5,1.8,0,138.8,Tue,Mar,3,west,green,0,5,21.28,0
user_288,29.1,47.5,4.2,1,96.1,Sat,Jun,2,east,variable,3,2,13.82,0
user_233,19.6,37.1,6.3,0,121.0,Tue,May,3,east,fixed,2,6,32.01,1
user_179,15.4,41.7,5.3,0,135.3,Thu,Nov,1,east,green,1,5,15.92,0
user_419,21.9,47.4,3.1,0,124.8,Tue,Sep,3,east,fixed,0,3,16.97,0
user_419,29.7,80.1,4.4,0,109.6,Sun,Dec,5,west,fixed,0,6,21.6,0
user_144,23.3,52.5,3.7,0,115.5,Sun,Nov,7,west,variable,1,9,37.03,1
user_202,18.9,61.9,4.1,1,166.2,Sat,Mar,3,north,green,0,6,18.89,0
user_103,27.0,81.1,5.1,1,109.9,Mon,Jun,2,north,variable,1,5,15.46,0
user_492,18.5,38.6,1.8,1,139.3,Tue,Aug,2,south,green,0,3,7.74,0
user_390,14.8,51.6,1.6,0,112.9,Thu,Jun,0,west,green,1,4,19.77,0
user_500,18.7,40.2,3.1,1,101.8,Wed,Apr,0,east,fixed,1,3,18.26,0
user_61,14.9,21.4,1.4,0,177.9,Fri,Dec,6,south,fixed,2,10,29.62,1
user_95,18.0,64.6,2.1,0,77.8,Tue,Jun,1,west,variable,1,3,12.4,0
user_380,16.5,58.9,3.6,1,136.5,Wed,Nov,5,west,fixed,0,10,17.85,0
user_477,27.8,83.4,7.4,1,111.9,Thu,Jul,4,north,fixed,1,6,28.01,1
user_223,30.7,80.3,7.3,0,148.1,Fri,Oct,4,west,fixed,1,4,29.23,1
user_271,21.7,68.3,8.0,1,119.5,Sat,Aug,3,south,fixed,0,4,17.24,0
user_152,15.6,25.2,6.8,0,121.7,Wed,Apr,5,west,fixed,0,8,24.17,0
user_49,15.3,73.7,6.2,0,129.6,Sun,Jan,6,north,fixed,0,3,31.23,1
user_36,21.8,41.4,2.0,0,121.1,Tue,May,0,east,green,1,6,12.71,0
user_485,26.8,52.9,7.2,0,91.3,Thu,Nov,7,south,green,1,6,24.84,0
user_363,12.5,66.0,2.6,1,123.9,Mon,Nov,3,north,fixed,3,7,19.67,0
user_250,23.9,29.4,3.9,0,119.9,Tue,Feb,6,south,variable,0,7,21.78,0
user_459,20.0,88.2,2.1,0,137.2,Wed,Jan,4,north,fixed,1,7,18.96,0
user_124,20.2,46.9,1.0,0,90.7,Fri,May,1,south,fixed,1,3,12.39,0
user_242,25.0,21.0,5.4,0,109.9,Fri,Sep,3,north,green,1,3,18.72,0
user_440,22.9,81.2,4.2,1,105.7,Sat,Sep,1,north,variable,2,5,18.12,0
user_246,26.3,43.9,2.5,1,82.3,Thu,Jun,6,south,variable,1,9,19.3,0
user_24,25.3,47.9,1.0,0,99.5,Tue,Jan,3,north,variable,0,6,14.36,0
user_363,15.5,73.2,2.1,0,93.4,Fri,Mar,6,north,fixed,0,6,12.07,0
user_289,20.9,25.1,6.0,1,117.0,Sat,Dec,4,east,variable,2,7,29.71,1
user_377,22.3,71.7,7.1,0,184.0,Sat,Jun,3,east,variable,1,9,31.3,1
user_80,21.3,54.6,3.8,0,108.9,Sat,Jul,5,north,green,2,10,25.21,0
user_456,21.5,62.4,3.8,0,79.5,Thu,Feb,3,east,fixed,0,4,11.71,0
user_127,28.7,78.5,5.2,0,178.9,Fri,Jan,6,east,variable,1,7,27.64,1
user_102,20.9,30.4,4.9,0,121.5,Tue,May,2,south,variable,1,6,32.83,1
user_38,14.9,25.1,2.6,0,130.1,Tue,Jul,2,west,fixed,1,2,16.77,0
user_118,24.7,50.5,4.4,0,105.0,Wed,Aug,7,south,variable,1,9,24.72,0
user_407,11.1,22.3,5.7,0,155.6,Wed,Apr,2,south,green,0,5,22.76,0
user_425,19.0,47.8,3.3,1,157.3,Fri,Aug,0,north,variable,1,7,16.03,0
user_272,28.4,79.1,4.4,1,70.5,Thu,Oct,5,south,fixed,0,3,11.26,0
user_257,34.7,54.1,7.7,0,101.4,Wed,Nov,4,north,fixed,2,8,37.85,1
user_39,26.8,49.4,7.0,0,159.8,Mon,Aug,6,west,fixed,2,10,34.08,1
user_14,21.0,27.2,5.0,0,179.7,Sun,Oct,5,west,green,1,13,38.95,1
user_176,24.5,86.4,3.7,0,128.7,Sat,Nov,4,south,fixed,1,4,15.31,0
user_157,32.3,75.6,6.2,0,110.3,Sun,Nov,5,south,fixed,0,6,29.42,1
user_53,15.9,44.1,6.7,1,134.7,Mon,Mar,2,west,green,0,7,17.63,0
user_132,16.9,82.7,3.5,0,150.8,Sat,Nov,6,east,fixed,1,8,28.5,1
user_49,18.1,39.2,8.0,1,79.4,Mon,Oct,1,west,fixed,2,5,14.46,0
user_38,12.0,36.2,2.0,1,134.2,Sun,Apr,6,south,variable,1,10,21.27,0
user_336,29.5,49.9,6.9,0,104.7,Sat,Feb,7,south,fixed,2,8,33.42,1
user_303,14.5,27.0,1.5,1,140.8,Thu,May,5,south,variable,2,9,21.4,0
user_99,31.2,64.3,6.8,0,126.1,Thu,Mar,0,west,green,0,4,16.75,0
user_99,27.0,29.7,5.6,0,130.4,Sun,Mar,4,north,fixed,1,8,25.01,0
user_124,17.8,25.7,6.0,1,103.8,Mon,Apr,1,north,variable,0,7,18.23,0
user_358,28.8,25.5,4.5,0,166.6,Sun,Mar,7,south,green,1,11,22.43,0
user_38,27.1,20.5,7.4,0,111.1,Thu,Dec,6,north,variable,1,7,31.31,1
user_375,13.1,32.4,6.9,0,142.2,Sat,May,5,south,fixed,3,10,29.04,1
user_262,27.8,55.1,2.9,0,142.7,Sat,Jan,1,south,fixed,1,6,17.55,0
user_261,23.5,47.0,2.1,1,144.3,Sun,Sep,6,east,fixed,4,11,22.68,0
user_66,20.7,82.0,2.6,0,150.3,Thu,Dec,3,east,green,0,7,9.02,0
user_111,27.9,89.8,1.3,0,97.0,Mon,Jul,2,west,fixed,1,5,13.23,0
user_420,17.8,23.5,6.1,1,117.5,Mon,Jan,1,north,variable,1,5,20.19,0
user_131,19.2,37.8,6.3,0,119.3,Thu,Apr,5,north,fixed,0,6,26.47,1
user_340,25.8,52.1,2.2,0,50.0,Thu,Mar,5,east,variable,0,6,13.7,0
user_407,22.0,74.5,5.5,1,107.6,Mon,Jan,1,east,variable,0,2,13.14,0
user_182,13.2,79.3,6.7,0,125.4,Tue,Mar,0,south,fixed,0,6,26.0,0
user_305,25.0,53.9,3.3,0,108.4,Wed,Oct,1,east,green,1,5,13.12,0
user_332,29.7,68.8,2.1,1,108.8,Wed,Nov,2,north,variable,0,3,9.75,0
user_482,29.2,41.2,6.5,0,156.1,Fri,Jun,7,west,green,0,6,25.63,0
user_411,14.1,61.5,3.4,0,139.5,Fri,May,1,north,green,0,4,12.72,0
user_257,31.6,73.2,4.4,1,126.8,Fri,Oct,2,south,fixed,1,3,10.47,0
user_325,15.2,58.9,1.4,0,115.8,Sun,Sep,2,west,green,1,6,17.86,0
user_10,32.8,50.3,5.3,1,118.2,Thu,Jul,2,east,fixed,2,1,7.6,0
user_116,19.1,73.1,6.1,0,98.8,Mon,Aug,3,west,variable,0,5,27.31,1
user_282,14.9,74.7,2.6,0,121.8,Thu,May,0,south,green,4,6,19.88,0
user_463,21.8,35.8,7.6,0,89.8,Tue,Aug,6,east,variable,1,3,29.04,1
user_203,25.0,85.9,7.7,1,121.3,Tue,Apr,7,south,variable,0,8,27.0,1
user_84,23.2,37.2,6.5,1,163.3,Sun,Apr,2,south,variable,3,10,28.97,1
user_407,22.9,72.6,2.3,0,160.6,Thu,Jun,1,west,variable,0,7,18.62,0
user_150,28.4,32.0,1.5,0,90.5,Thu,Jun,0,east,green,1,3,5.0,0
user_82,30.4,42.9,2.1,1,85.9,Thu,Mar,3,east,variable,0,3,12.59,0
user_485,27.3,86.0,6.8,0,129.7,Mon,Aug,7,south,green,3,9,32.03,1
user_482,22.5,20.9,7.3,0,104.9,Tue,Apr,1,east,variable,2,4,21.27,0
user_66,20.5,58.4,4.4,0,119.9,Mon,Apr,1,south,variable,0,1,12.3,0
user_230,30.3,47.6,3.1,0,161.2,Thu,Oct,2,north,green,1,9,27.14,1
user_6,26.3,81.2,4.7,1,124.7,Tue,Jul,6,west,green,1,13,18.25,0
user_388,30.0,51.3,2.0,0,50.0,Sat,Oct,0,west,green,2,4,6.17,0
user_440,19.1,46.7,2.7,0,105.7,Sat,Nov,4,west,green,2,10,18.43,0
user_425,24.6,65.8,8.0,0,104.1,Tue,May,6,south,green,1,10,30.27,1
user_66,18.2,40.5,4.5,0,72.4,Tue,Sep,0,north,fixed,1,1,7.54,0
user_299,27.5,60.8,5.7,1,153.6,Wed,Apr,3,north,fixed,1,8,14.05,0
user_484,18.9,23.7,6.4,0,91.0,Tue,Sep,3,north,fixed,0,6,26.23,0
user_482,20.2,82.0,1.5,0,158.7,Fri,Jan,0,south,fixed,1,7,18.77,0
user_369,27.4,56.4,2.0,0,113.4,Thu,Nov,1,north,green,0,6,14.01,0
user_439,20.0,80.8,4.3,1,113.2,Mon,Sep,1,east,fixed,1,8,15.2,0
user_224,19.2,36.0,3.0,1,123.6,Fri,Dec,1,south,variable,3,4,10.23,0
user_86,8.2,87.1,6.5,0,144.2,Sun,Dec,2,west,fixed,1,3,25.96,0
user_393,29.9,56.7,6.9,0,122.0,Thu,Sep,5,west,green,2,9,30.65,1
user_398,13.8,25.0,3.7,1,120.7,Sat,Oct,7,north,variable,1,7,25.13,0
user_342,22.0,86.9,4.7,1,113.2,Mon,Mar,3,north,fixed,1,4,16.51,0
user_488,22.1,46.2,7.2,0,64.9,Mon,Aug,6,south,fixed,1,7,24.32,0
user_174,27.0,85.3,7.9,0,116.4,Fri,Feb,0,east,fixed,3,5,17.31,0
user_459,23.3,25.7,6.9,0,111.9,Sat,Aug,3,east,green,2,6,24.59,0
user_234,11.0,21.0,7.4,1,115.7,Sat,Oct,1,west,variable,2,4,24.47,0
user_163,15.6,27.6,5.4,0,163.2,Thu,Mar,6,north,green,0,8,28.89,1
user_385,32.2,45.4,1.4,0,104.0,Tue,Oct,7,west,fixed,2,8,26.31,0
user_386,16.1,48.6,3.2,0,133.1,Tue,Feb,6,north,variable,1,7,21.37,0
user_268,16.8,56.3,7.1,0,93.7,Thu,Oct,7,south,variable,1,4,22.81,0
user_404,21.9,50.1,7.9,1,149.5,Mon,Mar,0,north,green,1,4,10.51,0
user_393,24.6,55.9,5.9,0,128.0,Tue,Feb,2,south,fixed,2,10,30.94,1
user_136,11.1,49.9,5.7,0,76.9,Wed,Oct,6,north,fixed,1,5,32.5,1
user_283,21.7,57.2,2.8,1,100.4,Thu,Sep,0,north,fixed,0,2,5.0,0
user_1,28.4,63.9,3.4,1,99.5,Sat,May,3,north,fixed,1,3,12.5,0
user_282,19.4,52.4,7.6,1,87.8,Mon,Nov,4,north,variable,1,3,9.02,0
user_462,15.0,46.4,7.5,1,51.2,Sat,Sep,4,south,variable,2,6,18.63,0
user_269,18.0,79.6,2.0,0,118.4,Sun,Nov,0,west,fixed,1,6,12.83,0
user_467,25.2,36.1,7.9,0,129.4,Thu,Apr,2,west,variable,2,6,30.28,1
user_111,24.1,71.0,5.0,1,139.4,Thu,Sep,6,east,fixed,2,11,25.91,0
user_441,16.9,42.3,3.3,1,109.3,Sun,Aug,4,west,variable,2,5,18.56,0
user_425,17.1,21.5,5.6,0,136.5,Thu,Jun,7,east,fixed,0,9,37.91,1
user_434,21.6,53.9,5.8,1,93.3,Thu,Oct,3,west,fixed,1,7,17.6,0
user_123,27.8,67.8,1.7,0,133.4,Tue,Aug,0,south,fixed,1,4,20.29,0
user_97,16.6,69.6,2.4,1,128.5,Sat,Jun,5,north,green,0,4,14.78,0
user_397,22.9,52.2,7.4,1,114.5,Sun,Sep,5,north,variable,0,7,28.86,1
user_84,27.7,29.2,7.4,0,100.1,Tue,May,6,north,green,1,6,20.84,0
user_475,17.8,36.6,2.3,0,97.5,Sun,Dec,6,south,variable,2,8,26.69,1
user_213,19.6,29.3,1.3,1,174.4,Fri,Sep,0,north,fixed,2,6,13.57,0
user_157,24.9,40.2,3.2,0,164.3,Sun,Feb,3,east,variable,0,7,25.62,0
user_61,28.9,46.3,2.0,1,120.2,Wed,Apr,6,west,fixed,0,7,16.84,0
user_294,17.8,47.2,4.0,0,137.0,Fri,Nov,5,east,fixed,0,9,23.64,0
user_375,28.0,59.4,7.5,0,82.6,Mon,Mar,5,north,fixed,0,4,33.11,1
user_108,22.2,31.1,2.2,0,119.4,Thu,Jul,7,south,fixed,0,8,23.54,0
user_267,28.2,62.4,5.2,0,95.3,Wed,Jun,3,north,variable,0,5,10.03,0
user_445,22.7,42.7,6.8,1,97.6,Wed,Apr,6,south,green,0,6,23.34,0
user_484,32.0,69.8,6.9,0,145.2,Sun,Jun,2,north,variable,0,4,22.41,0
user_477,18.8,42.3,2.4,0,127.2,Sun,Oct,2,south,variable,0,7,20.77,0
user_197,23.5,71.1,1.5,0,177.3,Thu,Apr,3,west,green,1,8,16.26,0
user_299,18.1,52.5,2.7,0,60.2,Mon,Jul,3,north,variable,0,1,13.62,0
user_145,26.6,58.7,3.1,0,114.1,Sun,Jul,5,west,fixed,0,7,20.63,0
user_96,19.8,51.1,5.0,1,130.6,Tue,Oct,0,west,fixed,3,8,20.91,0
user_364,18.5,20.8,1.2,0,102.9,Mon,Jan,2,west,fixed,1,5,11.51,0
user_158,29.7,58.7,6.8,0,134.0,Tue,Nov,2,west,green,1,7,20.55,0
user_136,20.2,86.3,3.8,0,94.6,Sun,Sep,3,east,fixed,1,9,32.17,1
user_367,19.3,46.3,1.1,1,91.6,Mon,Aug,5,west,variable,0,3,14.07,0
user_380,12.8,67.3,3.3,0,88.3,Fri,Dec,7,south,green,1,6,29.16,1
user_161,32.7,75.2,4.8,1,78.7,Mon,Mar,3,east,fixed,1,6,14.08,0
user_143,10.7,42.3,7.7,0,127.3,Fri,Aug,5,east,fixed,2,8,38.56,1
user_117,19.5,54.2,6.5,0,130.7,Fri,Mar,1,south,variable,0,4,14.69,0
user_107,8.1,32.1,2.3,0,158.9,Mon,Apr,6,south,variable,0,7,23.85,0
user_88,19.2,31.9,3.2,0,91.7,Sun,Jan,2,west,green,2,7,14.08,0
user_415,16.2,58.8,3.0,1,113.2,Wed,Dec,7,west,green,2,9,21.29,0
user_307,26.1,73.8,6.0,0,125.4,Sun,Jun,0,north,variable,1,3,13.35,0
user_333,10.9,81.3,2.7,0,120.9,Wed,Jul,0,south,variable,3,9,16.17,0
user_336,19.5,89.8,7.8,0,137.1,Sun,Jan,6,north,variable,0,8,36.89,1
user_413,32.5,61.3,6.8,0,78.7,Wed,Aug,3,west,variable,1,6,22.52,0
user_289,30.7,41.7,4.0,1,103.4,Thu,Oct,4,east,green,1,10,13.32,0
user_424,28.4,34.0,4.0,1,116.2,Wed,Sep,6,west,variable,2,7,17.81,0
user_156,22.8,64.4,5.4,0,94.1,Thu,Jul,6,north,fixed,1,10,30.4,1
user_262,21.5,83.0,5.5,0,109.0,Sat,Apr,6,south,fixed,0,8,26.67,1
user_406,18.7,86.7,2.1,0,118.2,Tue,Mar,1,west,fixed,0,1,8.25,0
user_256,31.4,55.7,1.0,1,158.9,Mon,Jan,0,east,fixed,1,7,8.1,0
user_113,19.4,64.8,5.5,1,137.8,Fri,Jul,1,north,variable,0,5,14.93,0
user_17,31.1,39.7,5.6,1,115.5,Mon,Jul,5,north,variable,0,8,34.21,1
user_396,25.3,39.1,1.6,0,65.3,Wed,Feb,2,east,fixed,3,1,15.29,0
user_296,22.9,44.5,4.3,0,96.0,Mon,Jun,6,north,variable,0,9,17.39,0
user_469,10.4,39.0,7.3,1,145.8,Tue,Jan,3,east,variable,3,10,30.01,1
user_281,25.4,54.2,6.4,0,145.6,Mon,Jun,7,west,variable,1,10,33.37,1
user_311,34.5,88.3,7.4,0,129.2,Sun,Sep,2,north,variable,1,6,26.92,1
user_484,28.3,65.4,7.1,1,98.2,Mon,May,5,north,fixed,0,6,24.53,0
user_194,23.2,89.4,5.3,0,98.0,Tue,Oct,3,east,fixed,1,4,24.84,0
user_39,18.4,46.3,7.2,0,100.6,Tue,Jun,5,west,fixed,1,7,26.56,1
user_77,16.6,46.3,5.3,1,123.9,Mon,Dec,5,west,green,0,6,21.53,0
user_124,27.8,21.2,2.9,0,98.9,Wed,Jun,0,north,fixed,1,3,5.06,0
user_220,17.0,85.4,4.4,0,135.1,Mon,Apr,6,east,variable,3,10,36.19,1
user_9,27.9,65.8,5.4,0,99.0,Wed,Dec,5,south,green,0,4,18.72,0
user_210,28.2,31.3,5.0,0,139.3,Wed,Aug,0,east,fixed,1,4,17.29,0
user_441,21.1,60.6,4.2,0,113.2,Tue,Apr,2,south,green,1,3,15.87,0
user_129,33.4,88.7,1.2,0,107.1,Sat,Jan,3,west,fixed,2,4,8.85,0
user_60,24.3,69.7,1.7,0,193.5,Thu,Mar,4,east,green,0,9,19.51,0
user_90,19.5,68.4,7.5,0,96.4,Fri,Feb,6,north,fixed,1,6,26.77,1
user_69,19.7,85.5,6.4,0,88.0,Mon,Nov,0,east,green,1,2,18.64,0
user_485,18.5,45.7,5.8,1,93.8,Thu,Aug,7,north,fixed,3,7,28.23,1
user_260,18.7,62.1,6.2,1,129.5,Wed,Jan,5,east,green,0,7,15.18,0
user_192,26.0,33.4,6.9,0,87.4,Thu,Jul,4,south,green,1,7,25.04,0
user_449,27.1,38.8,6.3,0,92.9,Fri,Dec,7,east,fixed,2,7,26.83,1
user_354,15.7,29.0,8.0,1,99.5,Sat,Sep,4,west,fixed,2,9,21.61,0
user_49,16.7,25.9,1.4,1,64.9,Tue,Oct,3,east,variable,0,3,5.0,0
user_241,18.1,62.0,3.5,1,107.6,Sun,Apr,2,south,fixed,0,3,12.32,0
user_284,21.4,70.1,4.8,0,108.9,Thu,Dec,7,south,fixed,1,8,23.67,0
user_422,19.7,54.2,3.8,0,120.1,Wed,Dec,4,south,fixed,2,10,28.38,1
user_109,17.4,84.9,2.0,1,106.9,Sun,Jul,5,south,variable,2,7,12.7,0
user_199,19.1,54.5,6.3,1,122.1,Thu,Oct,6,south,green,2,7,25.21,0
user_286,21.0,27.0,3.5,0,151.0,Wed,Jan,2,east,variable,1,10,26.2,0
user_230,19.7,67.9,4.6,1,63.6,Sun,Oct,3,east,variable,1,3,15.49,0
user_423,16.3,82.0,1.4,0,114.7,Fri,Oct,0,east,variable,0,5,11.33,0
user_485,30.4,26.5,1.5,1,113.0,Fri,Mar,3,south,green,1,7,15.03,0
user_239,12.9,64.6,3.5,0,130.4,Mon,Nov,3,north,green,1,1,19.81,0
user_30,13.4,33.0,4.1,0,92.6,Thu,Jul,0,east,variable,2,3,12.18,0
user_264,22.8,24.5,6.0,0,102.6,Tue,Jul,6,east,green,2,7,26.56,1
user_442,20.0,28.7,1.1,0,88.3,Thu,Jun,4,west,green,0,7,16.05,0
user_408,4.6,77.7,4.2,0,89.7,Tue,Oct,2,west,variable,3,4,27.91,1
user_221,33.3,42.5,4.6,0,81.8,Thu,Mar,7,south,variable,2,3,20.75,0
user_186,24.7,43.6,5.0,0,100.3,Mon,Nov,4,east,fixed,2,5,26.49,1
user_36,17.7,20.1,5.6,1,150.1,Tue,Feb,3,north,variable,0,6,25.26,0
user_243,16.4,59.5,3.4,0,99.5,Mon,Oct,4,west,fixed,3,7,22.03,0
user_444,22.1,34.3,1.8,1,98.1,Fri,Oct,6,west,variable,0,7,16.85,0
user_349,23.2,57.2,6.9,0,112.8,Mon,May,6,east,fixed,1,6,21.8,0
user_116,23.4,37.9,4.9,0,112.5,Fri,Jul,6,south,fixed,0,5,22.88,0
user_398,14.9,50.6,4.2,0,120.2,Tue,Nov,5,east,variable,2,8,30.88,1
user_218,22.7,89.8,4.5,0,131.0,Fri,Jan,2,east,fixed,1,4,19.3,0
user_403,15.1,28.0,7.8,0,130.7,Sun,Jan,6,west,fixed,3,8,36.34,1
user_190,14.5,62.7,3.2,0,82.9,Fri,Oct,7,north,green,2,9,26.47,1
user_328,16.2,63.5,2.1,1,137.4,Fri,Jul,2,east,fixed,3,3,15.27,0
user_355,25.3,77.6,8.0,1,79.6,Thu,Jul,7,west,green,1,4,22.16,0
user_50,12.7,31.6,7.4,0,136.6,Sun,Jan,6,south,green,0,9,26.81,1
user_415,20.9,89.7,1.1,0,165.1,Tue,Oct,2,south,variable,0,9,21.0,0
user_432,16.8,68.2,2.9,0,126.4,Wed,Mar,1,south,variable,0,5,14.0,0
user_170,13.3,45.2,2.5,0,120.4,Thu,Jan,2,west,variable,2,6,20.16,0
user_153,4.4,27.5,5.5,0,162.9,Sat,May,0,north,variable,3,4,27.77,1
user_11,20.5,75.5,7.5,1,69.8,Sun,Mar,3,north,fixed,3,2,17.93,0
user_102,26.8,60.5,7.3,0,102.6,Sat,Sep,7,north,fixed,1,8,28.53,1
user_462,28.2,86.2,1.9,0,132.9,Tue,Dec,3,south,fixed,0,7,17.22,0
user_302,19.3,66.9,7.9,0,92.3,Tue,Feb,0,east,fixed,0,1,16.99,0
user_457,24.3,89.9,2.0,0,73.5,Sun,Dec,4,south,variable,1,2,13.09,0
user_374,26.5,75.7,2.1,0,117.6,Tue,May,1,east,variable,0,5,16.26,0
user_144,19.7,84.9,4.8,0,67.8,Sat,Nov,0,north,variable,1,2,16.26,0
user_188,22.6,51.8,5.0,0,127.2,Mon,Oct,1,south,variable,1,4,23.91,0
user_112,21.1,30.2,7.3,0,90.1,Mon,Mar,3,east,variable,0,4,24.22,0
user_485,26.1,81.8,2.2,0,113.6,Sat,Dec,3,east,fixed,2,8,19.96,0
user_315,29.7,64.1,7.9,0,91.0,Thu,Oct,4,south,fixed,0,7,17.99,0
user_443,19.5,80.8,3.3,0,113.0,Tue,Aug,4,south,variable,2,6,23.09,0
user_291,28.6,44.1,7.3,0,90.6,Fri,Sep,0,south,variable,3,7,30.41,1
user_434,26.7,52.8,3.7,1,91.5,Wed,Oct,7,south,fixed,1,7,15.77,0
user_414,24.1,41.4,3.8,0,125.1,Fri,Dec,1,east,fixed,2,6,19.51,0
user_2,18.5,76.8,4.5,0,88.5,Wed,Oct,0,north,variable,3,6,24.06,0
user_387,24.5,59.9,1.4,0,80.5,Sat,Feb,0,south,fixed,2,3,18.05,0
user_467,21.2,66.3,5.2,1,110.5,Sat,Apr,6,west,fixed,0,2,21.65,0
user_459,24.8,65.2,6.8,0,105.1,Sat,Oct,0,north,fixed,1,1,16.06,0
user_384,16.0,58.3,4.4,1,166.6,Sun,Oct,1,south,fixed,2,6,19.07,0
user_112,15.8,32.0,4.7,0,135.4,Thu,Feb,0,west,green,2,7,27.07,1
user_323,25.8,88.8,4.8,1,121.9,Thu,Aug,7,west,green,1,6,12.18,0
user_318,13.3,49.0,2.1,0,121.8,Sun,Nov,5,south,fixed,1,6,19.56,0
user_260,25.1,75.6,7.4,0,108.8,Mon,Oct,4,west,fixed,3,7,29.86,1
user_122,29.3,85.3,1.9,0,148.8,Sun,May,5,south,variable,0,8,24.24,0
user_208,24.1,70.5,3.4,0,158.9,Sun,Dec,1,east,variable,1,7,14.47,0
user_268,21.4,48.3,6.9,0,116.4,Sun,Aug,2,north,fixed,1,3,21.73,0
user_12,23.3,42.0,4.0,0,125.6,Tue,Apr,1,south,fixed,0,6,18.48,0
user_168,26.2,85.9,2.3,0,110.7,Thu,Oct,2,east,variable,1,4,16.13,0
user_131,18.7,43.1,2.9,0,145.3,Fri,Aug,4,south,fixed,2,10,31.64,1
user_113,29.7,25.3,2.5,0,50.9,Thu,Nov,7,north,green,2,9,21.42,0
user_27,29.5,62.2,7.2,0,86.5,Wed,Nov,4,east,fixed,0,4,22.61,0
user_289,24.5,39.8,7.1,0,86.8,Thu,Jun,3,south,green,2,4,12.68,0
user_167,24.3,35.9,6.2,1,85.4,Tue,Sep,3,west,fixed,2,3,18.76,0
user_34,12.9,53.9,7.1,0,148.6,Sun,Sep,7,south,variable,1,10,28.66,1
user_426,27.7,41.9,5.3,0,116.4,Mon,Nov,2,north,green,0,4,16.59,0
user_420,14.1,37.6,4.6,0,110.1,Fri,May,5,south,variable,1,3,27.11,1
user_101,24.0,48.8,4.4,0,126.7,Mon,Dec,2,east,green,0,6,19.4,0
user_364,18.4,45.6,7.3,0,116.1,Sat,Feb,5,north,fixed,2,4,31.32,1
user_136,29.5,35.2,3.2,0,120.4,Fri,Jun,7,south,fixed,1,7,67.31,1
user_482,13.0,28.3,5.3,0,136.7,Thu,Oct,6,east,fixed,0,7,27.63,1
user_152,14.6,27.9,4.7,1,106.6,Thu,Sep,6,south,fixed,1,7,15.97,0
user_431,20.3,50.3,5.1,0,53.2,Wed,Feb,5,east,green,3,6,22.0,0
user_373,21.4,77.4,4.4,0,78.0,Tue,Jul,7,south,variable,2,5,21.32,0
user_250,22.5,83.9,7.8,1,101.4,Mon,Apr,3,north,fixed,0,6,18.29,0
user_181,24.3,79.7,7.2,0,98.4,Fri,Oct,5,north,green,0,8,29.31,1
user_216,17.0,26.6,6.0,1,112.4,Wed,Jan,1,west,variable,1,4,20.62,0
user_453,23.6,57.9,4.4,0,161.1,Sun,Oct,1,north,variable,0,4,22.19,0
user_500,20.4,65.4,3.6,0,128.2,Sun,Feb,0,east,variable,1,4,9.99,0
user_56,30.1,79.6,4.1,1,149.7,Thu,Jun,7,south,variable,1,10,25.09,0
user_126,9.5,24.1,3.1,0,94.1,Fri,Nov,1,west,fixed,1,4,16.95,0
user_294,24.7,25.8,5.7,0,144.6,Fri,Dec,1,east,green,2,7,25.53,0
user_55,13.4,72.4,5.8,1,93.5,Sun,Apr,5,north,variable,1,9,27.02,1
user_99,19.6,46.2,2.1,0,148.1,Sat,Oct,3,north,fixed,2,3,22.55,0
user_393,19.8,23.5,2.4,0,98.2,Sun,Jan,2,south,fixed,1,4,15.43,0
user_131,9.9,43.5,1.8,0,92.8,Fri,Feb,7,west,fixed,1,11,28.94,1
user_161,30.8,32.8,6.6,0,97.5,Tue,Apr,1,south,variable,1,4,16.6,0
user_127,22.5,33.2,2.2,0,127.4,Fri,May,5,west,green,0,6,11.52,0
user_279,14.7,64.9,7.7,0,60.9,Mon,Jun,4,north,fixed,0,6,31.68,1
user_76,38.2,76.6,5.5,0,120.5,Thu,Sep,4,south,green,1,5,24.32,0
user_499,10.0,22.3,1.1,0,106.5,Sat,Mar,3,west,variable,1,6,20.6,0
user_61,20.4,86.8,6.5,1,181.2,Wed,Nov,0,north,variable,1,5,13.9,0
user_27,17.9,81.6,2.3,0,115.3,Wed,Feb,5,south,fixed,0,9,18.81,0
user_172,24.0,57.7,7.0,0,128.4,Mon,Apr,0,east,green,2,7,13.69,0
user_90,18.6,20.4,1.3,1,102.6,Sun,Dec,3,west,fixed,3,7,13.29,0
user_498,16.9,58.8,4.9,0,126.1,Wed,Nov,7,south,green,1,11,28.3,1
user_364,32.0,36.6,2.5,0,141.2,Mon,Oct,4,south,fixed,0,6,20.59,0
user_350,32.1,32.7,4.1,0,84.2,Sat,Mar,6,south,green,1,3,20.68,0
user_356,17.0,78.2,5.1,0,174.8,Wed,Aug,4,south,fixed,1,9,28.25,1
user_106,16.6,42.7,5.9,0,144.4,Thu,Jul,6,north,fixed,1,10,28.66,1
user_113,21.0,26.0,4.1,0,112.0,Wed,Oct,6,south,fixed,1,7,17.49,0
user_371,15.3,71.1,2.2,1,120.8,Mon,Mar,1,east,variable,2,7,14.35,0
user_43,21.4,84.5,4.7,0,112.1,Wed,Oct,0,west,fixed,0,7,22.49,0
user_387,19.5,59.2,1.5,0,98.8,Tue,Sep,3,south,fixed,2,7,16.85,0
user_424,28.9,29.6,3.9,0,141.6,Fri,Nov,0,north,variable,0,5,18.43,0
user_147,27.3,31.4,6.7,0,66.7,Wed,Feb,4,west,variable,2,4,22.08,0
user_293,12.4,45.9,2.0,0,135.6,Tue,Sep,1,west,fixed,0,5,13.46,0
user_70,23.3,56.5,5.5,0,123.0,Fri,Aug,4,north,green,0,5,20.61,0
user_450,19.0,75.3,1.8,0,77.6,Thu,May,4,north,fixed,0,2,20.83,0
user_411,23.2,62.3,5.2,0,96.6,Mon,Dec,1,east,fixed,0,4,17.61,0
user_110,14.2,37.1,6.1,0,122.9,Sun,Jul,6,east,variable,1,10,30.64,1
user_316,11.0,78.4,7.9,0,141.4,Tue,Feb,4,west,variable,0,6,38.11,1
user_475,21.2,50.7,7.3,0,138.3,Fri,May,6,north,variable,0,8,33.73,1
user_408,25.0,30.0,1.5,1,66.8,Mon,May,1,east,green,0,6,5.0,0
user_500,26.5,68.5,3.0,0,132.4,Sat,May,7,south,fixed,1,9,29.25,1
user_304,19.8,70.4,2.4,0,110.3,Wed,Oct,6,east,green,0,8,19.69,0
user_87,22.2,81.0,5.8,0,128.4,Wed,Apr,3,south,variable,2,4,29.11,1
user_476,18.9,40.7,6.3,0,118.9,Wed,Nov,2,west,variable,1,6,23.33,0
user_251,26.4,86.3,2.9,0,129.2,Wed,Aug,7,east,green,0,9,21.17,0
user_1,30.5,62.7,7.6,0,122.9,Sat,Apr,7,east,variable,2,8,34.38,1
user_354,21.1,50.0,4.9,0,91.2,Sat,Jan,1,east,fixed,0,6,18.12,0
user_354,28.6,60.8,4.2,0,116.7,Wed,Feb,6,west,green,2,8,29.65,1
user_88,13.1,37.4,5.3,0,111.1,Wed,Mar,0,south,variable,0,7,29.41,1
user_157,31.0,23.5,3.1,0,94.3,Sat,Feb,7,north,variable,0,6,25.85,0
user_3,19.4,79.4,3.1,0,130.6,Mon,Sep,4,west,fixed,0,6,26.97,1
user_202,16.0,87.8,7.0,0,135.3,Tue,Apr,5,south,fixed,0,6,28.27,1
user_180,15.5,25.3,6.7,0,81.5,Mon,Feb,5,south,green,3,8,27.98,1
user_387,23.1,85.1,6.4,0,104.1,Wed,Jul,4,west,fixed,2,7,32.66,1
user_88,13.9,72.9,1.7,0,132.9,Wed,Jun,1,east,green,1,4,12.02,0
user_307,29.9,47.9,1.9,1,149.9,Thu,Sep,3,east,variable,0,4,12.47,0
user_476,22.2,69.8,2.7,0,89.1,Sun,Apr,0,east,variable,1,4,10.4,0
user_272,17.5,85.6,7.1,0,151.2,Mon,Jul,1,north,variable,0,4,28.82,1
user_233,14.0,68.7,6.9,1,147.2,Sat,Mar,2,east,variable,2,8,28.33,1
user_201,30.0,51.2,5.5,0,80.9,Thu,Apr,0,west,green,1,1,6.26,0
user_384,24.3,36.9,3.8,1,85.7,Mon,May,3,north,variable,0,4,17.23,0
user_40,18.3,74.3,6.2,1,161.7,Mon,Oct,6,south,variable,0,12,32.92,1
user_247,18.1,44.2,5.2,0,90.3,Sat,Jun,4,west,fixed,0,4,21.84,0
user_190,19.9,89.7,6.4,0,157.1,Mon,Sep,7,south,fixed,0,5,35.59,1
user_267,24.0,87.2,6.8,1,148.8,Mon,Jun,0,south,variable,3,7,25.5,0
user_206,19.0,80.4,1.9,0,111.6,Fri,Dec,5,south,variable,1,11,22.04,0
user_98,21.6,75.0,5.0,1,91.9,Sat,May,6,north,fixed,1,7,27.71,1
user_294,13.6,29.2,7.0,0,146.7,Thu,Jul,6,west,fixed,2,11,28.66,1
user_42,23.2,74.2,4.1,1,157.0,Thu,Oct,4,east,fixed,1,10,17.63,0
user_271,22.8,26.3,6.1,0,129.8,Sun,Aug,2,west,fixed,0,4,16.18,0
user_341,16.2,73.0,7.5,0,92.3,Thu,May,4,north,variable,3,10,27.92,1
user_405,17.7,44.6,6.4,0,118.5,Thu,Mar,2,east,green,0,7,19.98,0
user_402,24.5,25.2,2.9,0,158.4,Tue,Oct,6,north,fixed,2,11,25.08,0
user_275,13.5,75.0,7.8,0,80.1,Tue,Dec,0,north,variable,2,6,35.57,1
user_494,19.9,81.5,6.0,0,85.3,Thu,Jan,6,south,variable,3,7,30.46,1
user_480,24.8,20.4,1.8,0,124.7,Sat,Nov,2,south,variable,1,3,6.21,0
user_62,21.4,60.6,7.6,0,179.4,Thu,Aug,1,north,variable,0,6,24.92,0
user_235,11.5,35.2,8.0,1,96.2,Wed,Apr,7,north,fixed,1,7,27.66,1
user_227,38.9,67.6,4.8,0,111.3,Wed,Jun,1,south,variable,1,5,24.7,0
user_154,26.7,54.5,5.5,0,80.6,Thu,Jul,1,north,fixed,1,3,20.7,0
user_315,16.7,89.9,6.1,0,95.7,Mon,Mar,4,north,variable,2,8,23.35,0
user_157,20.7,70.3,4.8,0,147.1,Wed,May,7,east,fixed,1,10,26.14,0
user_280,26.0,44.4,3.9,1,146.3,Sat,Apr,3,south,variable,2,11,27.87,1
user_499,27.3,54.3,4.9,0,164.1,Thu,Jul,4,east,green,1,6,21.19,0
user_21,26.3,89.9,6.8,0,107.5,Wed,Oct,3,west,variable,1,7,22.25,0
user_481,22.2,83.9,6.7,0,116.7,Wed,Dec,7,north,variable,0,10,33.2,1
user_220,19.1,83.7,4.6,0,74.8,Wed,Nov,4,south,green,0,3,18.38,0
user_195,15.9,76.7,2.1,0,161.5,Tue,Dec,5,north,green,2,6,27.34,1
user_369,17.7,81.4,1.8,0,174.6,Wed,Nov,6,south,green,0,6,22.73,0
user_278,14.9,33.7,6.3,0,94.0,Mon,Mar,3,west,variable,0,4,15.38,0
user_397,23.8,62.6,6.6,0,82.6,Wed,Oct,2,south,variable,4,6,24.23,0
user_2,16.6,85.2,6.3,1,101.7,Fri,Sep,5,south,fixed,2,9,18.94,0
user_183,30.7,43.0,1.7,0,145.4,Sun,Nov,6,west,variable,0,8,19.72,0
user_450,22.6,40.1,7.6,0,123.9,Mon,Oct,7,west,fixed,1,10,34.26,1
user_4,27.2,49.3,5.6,1,106.1,Sat,Nov,7,south,fixed,2,9,25.64,0
user_461,26.3,60.3,5.9,1,136.7,Sat,Oct,2,east,fixed,2,8,21.4,0
user_161,24.0,51.3,2.7,0,146.1,Fri,Jun,5,south,fixed,1,8,22.42,0
user_444,16.7,77.2,4.6,0,169.1,Thu,Jul,1,east,fixed,1,7,17.02,0
user_37,15.2,78.6,3.3,0,153.3,Tue,Jun,2,west,variable,2,10,23.92,0
user_325,18.7,33.1,6.9,0,161.3,Thu,Sep,5,west,variable,0,7,22.31,0
user_284,23.9,85.0,7.6,0,128.9,Wed,Feb,1,south,variable,1,7,26.71,1
user_68,13.9,57.0,3.8,0,135.3,Tue,Feb,3,west,variable,0,8,25.8,0
user_472,26.9,48.8,7.9,0,144.6,Sat,Aug,2,north,fixed,0,5,23.84,0
user_228,17.2,27.8,5.6,1,111.9,Sat,Apr,3,east,variable,2,2,12.45,0
user_455,6.3,87.3,5.8,0,74.0,Thu,Sep,6,west,variable,3,7,33.83,1
user_375,15.4,78.4,3.1,0,183.8,Tue,Mar,4,north,fixed,3,11,34.84,1
user_275,19.3,23.3,2.3,0,136.7,Mon,Jul,2,north,fixed,1,2,18.33,0
user_78,17.7,72.6,6.8,1,146.4,Sun,Jun,0,north,green,1,6,9.07,0
user_104,21.5,66.9,2.3,0,123.6,Fri,Aug,7,north,variable,2,9,27.44,1
user_125,32.7,70.2,7.6,0,123.4,Thu,Sep,3,east,green,2,4,19.22,0
user_497,27.3,77.9,3.8,0,128.8,Tue,Dec,0,north,green,3,6,18.12,0
user_461,7.6,72.8,3.1,0,87.3,Wed,Apr,5,east,variable,0,6,31.57,1
user_341,24.9,66.6,2.8,0,50.0,Tue,Aug,4,west,fixed,1,6,14.6,0
user_132,24.2,89.4,1.7,0,131.8,Fri,Mar,5,north,variable,0,7,19.77,0
user_383,31.2,41.7,3.1,1,151.4,Tue,Jan,6,east,green,1,12,19.85,0
user_44,22.1,74.4,5.9,0,158.1,Mon,May,2,south,variable,2,9,19.21,0
user_350,23.2,75.7,4.8,0,82.1,Sun,Oct,7,south,fixed,1,8,26.99,1
user_344,24.8,29.3,3.8,0,171.0,Fri,Mar,7,south,fixed,2,11,25.66,0
user_150,14.6,67.3,3.0,0,115.9,Mon,Aug,3,east,fixed,0,5,21.91,0
user_179,21.5,62.1,1.0,0,108.5,Thu,Sep,4,south,variable,2,9,10.78,0
user_60,28.3,84.0,7.4,1,190.3,Tue,May,2,south,variable,1,7,21.82,0
user_39,24.9,79.0,5.2,0,131.2,Mon,Feb,4,east,variable,1,7,34.1,1
user_41,13.2,79.2,3.9,0,93.7,Fri,Nov,2,east,fixed,3,3,20.3,0
user_78,17.7,50.8,3.1,0,132.0,Thu,Apr,1,east,fixed,0,7,24.96,0
user_472,32.2,32.1,4.0,0,79.9,Sun,Feb,7,north,fixed,1,6,29.03,1
user_388,27.1,67.0,2.6,0,185.7,Sat,Nov,2,south,fixed,2,7,20.2,0
user_345,25.2,88.9,7.4,0,121.3,Sun,Jul,1,west,variable,0,5,25.49,0
user_35,27.3,33.6,7.0,0,121.6,Wed,May,6,east,fixed,0,10,30.88,1
user_307,20.4,89.4,4.2,0,82.1,Tue,Oct,7,west,green,1,5,21.82,0
user_302,17.3,23.8,4.3,1,172.8,Sat,Nov,1,south,variable,0,6,17.63,0
user_14,32.9,32.8,2.3,0,72.8,Thu,Oct,1,west,green,0,7,8.16,0
user_99,30.2,74.4,7.3,1,83.0,Sat,Feb,1,south,variable,1,4,23.07,0
user_366,28.7,67.5,3.6,0,93.8,Thu,Dec,3,west,variable,0,1,11.8,0
user_488,29.8,29.0,7.6,1,137.4,Sun,Aug,3,west,variable,0,5,16.27,0
user_100,17.7,62.1,1.8,0,150.0,Tue,Jul,1,east,fixed,4,9,19.78,0
user_468,10.9,29.6,7.7,0,114.7,Sat,Feb,0,east,fixed,2,4,25.99,0
user_189,31.5,77.2,5.3,0,94.0,Fri,Mar,0,west,fixed,1,1,6.29,0
user_151,21.7,73.9,5.3,0,72.1,Tue,Jul,4,north,variable,2,4,24.86,0
user_429,20.3,72.1,7.7,1,162.4,Wed,Oct,3,south,fixed,1,5,19.45,0
user_104,17.6,87.6,7.5,1,50.0,Mon,Sep,2,east,fixed,0,5,19.29,0
user_187,16.4,50.7,2.3,0,121.3,Tue,Oct,7,north,fixed,0,5,18.45,0
user_161,21.9,22.6,5.3,0,103.6,Sat,Mar,7,west,fixed,1,7,23.65,0
user_252,11.8,23.1,2.5,1,124.5,Fri,Sep,4,east,green,1,8,23.24,0
user_73,25.7,36.4,4.4,1,123.5,Sun,Feb,4,north,fixed,1,10,19.37,0
user_330,23.5,23.9,2.9,0,53.5,Wed,Jan,7,west,green,1,5,17.48,0
user_442,15.4,67.9,4.0,0,103.0,Wed,Nov,6,north,green,0,7,23.36,0
user_262,20.8,63.7,3.8,0,136.7,Fri,Sep,0,east,green,1,4,11.35,0
user_188,16.1,38.6,4.4,1,68.8,Thu,Jul,2,north,fixed,2,7,15.65,0
user_248,19.0,79.3,6.3,0,166.9,Sun,Feb,6,east,fixed,0,10,27.98,1
user_172,40.7,53.3,6.7,0,82.7,Thu,Nov,2,south,variable,0,4,23.32,0
user_147,23.3,57.1,5.0,1,139.9,Tue,Oct,0,north,fixed,1,6,10.42,0
user_336,19.5,22.7,1.0,0,169.0,Sun,Jun,0,north,fixed,0,5,14.62,0
user_270,22.3,44.0,1.5,0,124.5,Mon,Aug,5,east,variable,1,6,12.12,0
user_51,15.7,54.8,1.8,1,131.0,Thu,Jun,7,north,fixed,2,5,18.08,0
user_480,13.6,37.7,6.9,0,88.4,Thu,Aug,6,east,fixed,2,6,32.97,1
user_455,18.2,83.1,8.0,0,128.1,Tue,Feb,2,east,fixed,2,6,27.22,1
user_25,25.6,82.4,4.7,1,126.6,Sat,Feb,2,north,green,0,7,13.86,0
user_227,20.3,34.8,3.8,0,85.2,Sat,Dec,7,east,fixed,0,7,22.53,0
user_329,18.3,39.2,6.4,0,140.8,Sun,May,0,south,green,1,5,20.19,0
user_364,24.0,81.7,2.9,0,78.5,Sun,Nov,2,east,fixed,2,8,20.27,0
user_225,13.0,87.2,6.4,0,153.1,Sat,Aug,6,east,variable,1,5,30.56,1
user_300,16.8,65.5,2.4,0,91.8,Wed,Jun,2,east,variable,0,3,11.91,0
user_368,23.1,40.9,6.3,0,135.0,Fri,Oct,0,west,fixed,2,5,17.33,0
user_164,25.6,47.0,4.7,0,150.6,Wed,Mar,6,north,fixed,3,3,49.11,1
user_262,27.7,66.1,5.3,0,99.2,Sun,Mar,0,south,variable,1,5,15.62,0
user_64,13.0,86.3,1.1,0,131.7,Fri,Dec,1,east,variable,0,3,22.94,0
user_438,17.3,72.7,2.1,0,104.6,Sun,Nov,4,west,variable,0,5,20.36,0
user_271,19.7,83.2,6.6,0,65.5,Thu,Aug,0,west,fixed,1,3,12.95,0
user_261,23.5,34.1,7.9,1,143.0,Wed,May,6,north,variable,0,8,28.34,1
user_288,18.8,59.9,6.4,0,59.2,Fri,Nov,4,west,fixed,0,7,24.68,0
user_118,26.6,38.3,6.9,1,145.5,Mon,Sep,4,west,fixed,1,10,29.89,1
user_170,15.2,79.1,1.3,0,100.3,Sun,Aug,1,west,fixed,1,5,10.69,0
user_331,15.6,89.4,7.8,0,91.4,Wed,Nov,3,south,green,1,4,23.12,0
user_130,23.5,51.0,7.2,0,141.1,Thu,Oct,3,south,fixed,0,7,26.04,0
user_224,25.1,64.4,3.6,1,158.7,Wed,Feb,7,north,variable,2,11,17.53,0
user_217,18.5,43.7,7.1,1,137.7,Wed,Jul,6,east,variable,0,7,25.9,0
user_176,33.1,59.9,6.8,0,96.5,Mon,Dec,2,south,fixed,1,5,20.7,0
user_414,10.0,51.4,7.0,0,135.3,Tue,Nov,7,east,variable,1,15,40.97,1
user_455,23.6,83.4,6.2,0,133.5,Sat,Apr,4,north,fixed,0,8,21.23,0
user_235,28.5,23.2,6.8,0,179.9,Mon,Feb,0,north,fixed,0,8,28.36,1
user_96,24.9,43.5,5.0,1,147.7,Sat,Jun,1,south,green,4,3,14.14,0
user_224,14.3,43.0,2.8,0,126.3,Fri,Jul,2,west,variable,0,7,18.6,0
user_251,15.6,83.4,2.7,0,117.0,Sat,Dec,1,north,variable,1,3,18.87,0
user_113,20.3,67.9,2.2,0,123.5,Wed,May,3,west,fixed,1,9,24.36,0
user_407,24.1,36.7,4.7,1,120.0,Fri,Jun,5,west,variable,0,9,17.04,0
user_376,24.3,45.8,3.5,1,177.4,Sat,Jul,3,south,fixed,3,8,15.82,0
user_282,34.4,78.8,5.0,0,80.9,Thu,Mar,6,south,variable,1,8,21.44,0
user_133,22.1,54.0,6.1,1,70.0,Fri,Dec,6,west,fixed,3,7,22.33,0
user_487,20.8,35.4,4.9,0,134.0,Tue,May,2,north,variable,1,10,25.93,0
user_289,26.6,51.5,3.8,0,102.0,Fri,Aug,1,south,green,1,3,13.45,0
user_402,25.6,60.5,5.2,0,86.9,Wed,Jul,3,north,fixed,2,6,15.51,0
user_195,26.3,42.5,2.3,0,163.3,Thu,Apr,3,west,fixed,0,9,20.67,0
user_236,25.1,50.8,1.3,0,136.2,Sat,May,5,east,fixed,0,7,17.03,0
user_180,20.0,39.2,4.4,1,102.2,Mon,Feb,1,east,variable,1,6,5.31,0
user_143,13.1,54.1,4.2,1,81.8,Sun,Jan,6,north,fixed,4,4,30.86,1
user_168,13.6,30.8,7.4,0,155.2,Thu,Mar,4,west,fixed,0,7,29.75,1
user_421,9.1,81.7,7.7,0,127.9,Thu,Jan,2,south,fixed,2,6,29.97,1
user_310,29.6,20.2,2.5,1,161.9,Thu,Nov,6,south,variable,1,11,21.14,0
user_351,14.4,49.2,3.5,0,145.7,Tue,Apr,4,north,fixed,1,7,21.67,0
user_426,12.3,63.6,4.1,1,156.7,Sat,Sep,7,north,fixed,0,10,18.42,0
user_82,29.1,58.3,5.1,0,137.5,Wed,Sep,4,south,variable,0,4,17.0,0
user_20,18.4,22.8,2.4,1,114.2,Mon,Nov,4,south,green,0,4,9.27,0
user_474,27.1,46.5,4.2,0,89.2,Sat,Oct,3,east,variable,0,5,17.43,0
user_444,19.6,45.0,4.7,0,119.2,Sat,Nov,4,north,variable,0,8,22.99,0
user_420,21.6,69.6,3.3,0,61.7,Tue,Apr,2,north,green,0,3,8.49,0
user_260,30.1,65.0,5.9,1,115.1,Sun,Mar,3,east,variable,0,7,20.28,0
user_63,22.3,76.6,7.8,0,99.0,Wed,Sep,2,east,variable,1,6,24.13,0
user_305,27.5,40.4,3.6,1,152.3,Tue,Feb,5,south,variable,0,12,26.83,1
user_366,19.1,64.4,6.2,0,142.1,Thu,Sep,7,north,fixed,2,8,29.57,1
user_359,23.1,54.2,3.9,0,128.4,Mon,Jan,7,south,variable,0,6,22.17,0
user_111,29.0,32.9,7.7,0,128.2,Wed,Feb,7,east,fixed,0,6,33.37,1
user_137,25.5,86.8,4.1,1,72.8,Fri,Oct,0,east,fixed,2,3,5.0,0
user_96,24.7,80.1,6.7,1,122.7,Mon,Mar,7,east,green,4,5,26.78,1
user_192,24.6,63.7,5.9,0,57.9,Sun,Mar,0,north,fixed,1,1,11.82,0
user_417,17.1,34.4,4.6,0,140.5,Thu,Feb,2,south,fixed,0,4,15.65,0
user_305,28.0,71.1,2.2,0,116.4,Wed,Aug,3,south,variable,1,6,13.79,0
user_88,23.3,61.6,1.3,1,112.5,Mon,Apr,0,east,fixed,1,4,5.0,0
user_223,12.8,63.5,5.4,0,184.3,Thu,Nov,6,south,variable,2,7,34.07,1
user_2,28.0,69.3,5.3,0,87.2,Wed,Dec,5,north,fixed,0,4,17.15,0
user_454,14.8,21.3,3.0,0,67.7,Sat,Jan,1,east,variable,1,6,18.88,0
user_4,12.3,73.1,4.7,1,128.6,Sat,Jan,1,south,variable,1,6,19.67,0
user_313,27.8,23.6,4.1,1,123.0,Tue,Jan,5,west,variable,3,9,20.61,0
user_495,28.3,52.7,4.4,1,87.7,Fri,Jan,1,south,fixed,0,5,7.58,0
user_28,25.6,80.1,7.6,0,137.2,Tue,Aug,3,west,variable,0,7,29.38,1
user_489,23.1,39.7,4.7,0,162.2,Sat,Sep,3,east,green,0,7,16.44,0
user_271,23.2,79.6,3.8,1,139.9,Sat,Apr,1,south,fixed,0,7,16.22,0
user_146,28.2,45.5,6.3,1,157.8,Sat,Jan,4,west,variable,2,8,25.57,0
user_420,31.7,53.7,4.8,0,111.0,Thu,Mar,4,north,variable,2,10,30.39,1
user_149,10.9,87.1,1.7,1,113.6,Fri,May,5,south,fixed,2,13,23.82,0
user_154,22.2,78.8,6.1,1,101.7,Fri,Jul,5,south,variable,1,4,25.35,0
user_374,28.1,26.2,2.0,0,87.6,Sat,Dec,7,north,variable,0,3,20.08,0
user_241,24.1,40.4,3.1,0,112.1,Wed,Jun,6,west,green,0,7,17.72,0
user_106,14.9,70.7,5.6,0,128.9,Tue,Apr,7,west,green,0,7,26.55,1
user_326,15.2,50.6,7.5,1,92.8,Wed,Jan,7,east,variable,0,6,22.51,0
user_215,16.7,68.7,6.5,0,99.2,Sun,Aug,0,north,fixed,0,4,20.37,0
user_363,19.9,53.7,3.5,0,110.8,Wed,Sep,3,south,fixed,0,1,22.83,0
user_178,9.2,72.6,6.1,0,115.5,Mon,Oct,4,east,fixed,4,8,33.18,1
user_353,32.4,79.8,1.8,1,122.5,Tue,Aug,2,east,green,0,6,7.71,0
user_395,22.6,49.4,5.6,0,124.2,Wed,May,0,south,green,1,3,12.19,0
user_158,10.3,34.8,7.3,0,142.8,Wed,May,1,east,variable,1,3,13.38,0
user_450,19.5,42.4,2.0,0,135.5,Sat,Jul,3,south,fixed,0,6,10.61,0
user_130,29.1,50.1,7.7,0,143.0,Tue,Jun,1,south,fixed,0,5,20.06,0
user_488,21.4,61.2,4.5,0,116.5,Thu,Jun,3,south,variable,2,8,20.97,0
user_158,27.4,57.8,2.0,0,74.4,Fri,Oct,4,west,variable,1,7,11.65,0
user_308,20.6,53.6,8.0,0,102.0,Fri,Apr,0,north,fixed,2,1,21.25,0
user_364,13.7,73.0,7.7,0,126.0,Tue,Dec,2,east,variable,3,8,34.44,1
user_90,16.6,32.2,6.1,0,76.1,Tue,Mar,4,south,green,4,5,19.81,0
user_469,23.9,75.7,2.0,0,177.0,Thu,Nov,6,south,fixed,0,11,25.93,0
user_290,15.6,63.3,1.7,0,97.2,Sat,Mar,3,south,green,0,6,16.06,0
user_410,17.8,58.2,3.2,0,70.9,Wed,Jun,6,north,green,0,6,19.98,0
user_32,16.9,49.8,1.5,0,107.3,Sun,Oct,4,west,variable,3,8,15.16,0
user_152,5.0,55.4,3.7,0,176.6,Sat,Nov,3,west,fixed,3,8,34.35,1
user_483,21.4,68.7,2.3,1,139.1,Mon,Oct,3,west,fixed,1,3,12.09,0
user_93,11.8,23.9,3.8,1,139.7,Fri,Oct,4,south,fixed,3,11,26.72,1
user_99,27.2,66.1,6.9,0,65.4,Mon,Nov,2,south,fixed,2,7,24.05,0
user_121,10.7,46.8,4.4,0,128.5,Fri,Mar,1,east,variable,0,4,24.72,0
user_403,21.8,20.4,7.0,0,109.4,Thu,Aug,6,east,variable,1,7,26.99,1
user_246,25.9,42.0,4.5,0,92.4,Thu,Jan,3,north,fixed,1,9,25.63,0
user_39,26.1,23.0,1.7,1,67.8,Sat,Sep,1,east,variable,2,5,8.44,0
user_89,21.2,43.0,5.2,0,107.5,Wed,Nov,1,east,fixed,2,5,17.87,0
user_188,26.0,20.2,4.8,1,53.4,Mon,Feb,7,north,variable,1,3,16.49,0
user_339,24.5,88.0,1.1,1,97.5,Sat,Aug,5,south,green,2,5,10.33,0
user_410,25.1,69.8,1.4,0,115.9,Mon,Jun,0,east,fixed,1,5,5.0,0
user_34,24.4,85.0,5.8,0,162.4,Sat,Feb,5,south,fixed,2,9,32.24,1
user_203,22.2,56.2,6.9,0,84.6,Sun,Nov,5,south,variable,2,8,25.86,0
user_417,19.7,63.0,4.7,1,103.4,Sat,May,3,north,variable,0,2,9.89,0
user_395,22.4,49.8,6.9,0,115.6,Wed,Sep,0,east,green,2,3,13.07,0
user_340,17.8,54.7,1.4,1,130.4,Thu,Mar,4,east,green,2,8,12.45,0
user_361,18.4,69.4,6.3,0,120.2,Fri,Jan,0,west,green,0,7,23.98,0
user_488,20.9,73.6,4.4,1,165.4,Tue,Jun,7,north,variable,0,11,30.16,1
user_213,31.0,40.5,3.6,0,117.4,Mon,Aug,1,east,fixed,2,7,17.12,0
user_1,24.7,61.2,6.5,0,142.4,Sun,Oct,2,south,green,0,6,12.95,0
user_21,32.0,38.4,7.4,0,108.4,Fri,Feb,5,north,variable,1,6,31.33,1
user_59,17.6,30.5,5.9,0,50.0,Tue,Aug,7,west,variable,1,6,25.89,0
user_373,23.9,85.3,7.9,0,127.6,Fri,Jun,3,west,fixed,0,8,28.77,1
user_494,25.4,31.9,6.2,1,148.3,Sat,Feb,5,south,variable,0,6,18.89,0
user_326,13.6,40.5,7.3,1,81.5,Sat,Nov,1,south,fixed,0,2,17.69,0
user_154,22.0,38.6,3.8,0,149.1,Sun,Aug,7,north,fixed,1,8,23.33,0
user_415,23.7,79.9,4.6,0,77.3,Thu,Jan,3,south,fixed,1,5,14.67,0
user_79,8.6,21.9,7.6,1,105.0,Thu,May,4,east,fixed,0,7,29.12,1
user_362,14.9,69.2,6.7,0,116.2,Tue,May,3,north,green,1,7,27.62,1
user_486,9.8,73.5,5.5,0,133.6,Wed,Jul,0,east,fixed,0,6,29.96,1
user_92,22.9,72.0,4.3,0,102.8,Tue,Jan,1,south,fixed,0,6,20.46,0
user_35,16.0,65.2,4.4,0,131.3,Tue,Oct,3,west,green,0,4,14.84,0
user_12,20.7,78.8,1.4,1,157.2,Fri,Aug,2,east,fixed,1,7,14.3,0
user_310,12.5,30.3,5.1,0,167.8,Sat,Jul,7,north,variable,2,5,27.13,1
user_366,16.8,35.1,5.0,0,127.4,Mon,Oct,5,north,variable,1,8,28.41,1
user_389,22.8,64.4,6.2,0,90.4,Mon,May,6,south,fixed,0,7,14.71,0
user_75,24.2,84.6,3.3,0,147.0,Wed,May,1,west,green,2,5,10.96,0
user_319,25.6,42.5,5.8,0,156.2,Tue,Nov,2,east,variable,1,6,17.83,0
user_146,20.8,33.7,5.6,0,122.4,Sun,Jul,7,north,variable,1,6,29.13,1
user_241,18.0,79.2,3.2,0,82.1,Tue,Sep,4,east,green,0,7,14.92,0
user_152,30.4,32.1,2.1,1,158.0,Tue,Jan,2,west,variable,1,6,7.1,0
user_483,16.1,60.7,4.3,0,104.1,Thu,Jan,6,south,variable,2,7,28.55,1
user_212,29.0,63.1,4.7,1,134.6,Thu,Nov,6,south,variable,0,8,18.74,0
user_220,22.0,21.3,1.0,0,149.9,Sun,Aug,4,south,green,1,10,20.87,0
user_260,20.6,59.9,4.8,0,141.6,Tue,Oct,5,north,fixed,0,7,23.84,0
user_298,18.2,28.5,1.7,1,130.4,Fri,Dec,1,east,variable,0,6,16.95,0
user_65,21.4,31.8,1.2,1,91.6,Sun,Mar,2,east,green,1,7,5.0,0
user_308,14.7,71.0,2.2,0,96.2,Thu,Jul,7,east,variable,1,9,28.93,1
user_393,23.1,51.9,7.5,0,103.5,Sat,Aug,3,west,green,1,7,22.89,0
user_334,26.0,40.9,1.2,1,114.2,Wed,Nov,7,west,variable,1,9,17.97,0
user_150,26.6,86.2,4.9,0,105.9,Sun,Apr,6,south,variable,2,8,25.36,0
user_374,4.1,48.5,6.5,0,113.4,Mon,Nov,0,south,variable,1,2,28.13,1
user_422,25.5,86.3,1.4,0,127.4,Fri,Dec,5,south,variable,1,7,24.6,0
user_478,10.2,44.8,2.8,1,110.4,Wed,Apr,1,east,fixed,0,1,7.42,0
user_188,20.7,50.3,3.6,1,98.5,Tue,Jun,1,west,variable,0,5,14.13,0
user_247,28.5,38.4,4.4,0,130.0,Tue,Jan,5,north,variable,0,7,21.78,0
user_266,30.2,27.0,1.5,1,148.1,Thu,Oct,1,west,variable,1,12,12.19,0
user_275,8.6,47.9,4.4,0,75.7,Fri,May,1,east,variable,1,7,24.58,0
user_177,22.8,69.6,6.7,1,138.6,Tue,Feb,1,north,green,0,9,23.23,0
user_86,20.8,55.4,2.2,1,107.7,Sun,Mar,4,south,variable,1,5,12.89,0
user_92,25.6,82.5,7.6,0,134.2,Tue,Jun,4,west,fixed,0,4,23.95,0
user_305,29.6,38.7,1.4,0,111.6,Sun,Jan,6,west,green,2,7,20.21,0
user_438,23.2,24.7,8.0,0,100.3,Tue,Jul,7,west,variable,1,5,22.1,0
user_321,35.8,55.8,3.2,0,107.7,Mon,Apr,5,west,variable,2,7,24.37,0
user_386,18.9,70.4,3.0,0,159.6,Sun,Sep,3,east,variable,0,4,20.11,0
user_242,15.5,48.1,3.5,1,94.7,Wed,Sep,0,north,fixed,1,5,10.2,0
user_415,18.3,52.6,7.8,0,114.9,Wed,Apr,2,east,variable,1,9,23.92,0
user_349,14.3,32.2,1.5,1,101.7,Mon,Sep,2,east,fixed,1,4,12.92,0
user_167,15.6,50.0,4.1,0,155.4,Mon,Nov,4,south,green,0,5,20.68,0
user_345,20.7,88.3,5.4,0,99.7,Fri,Sep,1,south,variable,3,4,23.35,0
