id,timestamp,location,likes,retweets,sentiment_score,sentiment_label,post_text,device_type,hashtags,user_followers
1,2025-04-25 10:01:36,"New York, USA",102,179,0.9,Positive,Proud of myself for stepping out of my comfort zone today.,Tablet ,#CoffeeBreak,3757.0
2,2025-04-25 10:32:24,"London, UK",106,71,0.2,Neutral,Couldn't resist buying new plants today. ,,#Rain,9774.0
3,2025-04-25 15:40:51,"New York, USA",102,121,-0.69,Negative,Coffee is life. Don't talk to me before my second cup. ,Desktop,#CoffeeBreak,3911.0
4,2025-04-25 17:11:58,"New York, USA",330,87,-0.33,Negative,Sunsets are proof that endings can be beautiful too. ,mobile,,9028.0
5,2025-04-25 15:38:13,"São Paulo, Brazil",359,151,0.3,Neutral,Late night thoughts: How amazing is the universe?,Tablet ,#MorningVibes,2715.0
6,2025-04-25 15:41:36,"Paris, France",308,1,0.44,Positive,Just got my promotion!!  Hard work pays off.,Tablet,#CoffeeBreak,5614.0
7,2025-04-25 09:51:38,"London, UK",413,37,-1.0,Negative,Concert tonight! So pumped to see my favorite band live!,Desktop,#Traffic,5735.0
8,2025-04-25 12:48:55,"New York, USA",443,20,0.23,Neutral,"Life’s short, eat the cake. ",Des ktop,,2145.0
9,2025-04-25 14:53:27,"London, UK",313,21,-0.99,Negative,Sunsets are proof that endings can be beautiful too. ,Tablet ,,6025.0
10,2025-04-25 11:30:01,"London, UK",344,48,0.05,Neutral,Stuck in traffic again... seriously?! ,mobile,#Fitness,1407.0
11,2025-04-25 12:14:16,"London, UK",169,187,-0.27,Neutral,Concert tonight! So pumped to see my favorite band live!,Tablet ,#TuesdayFeeling,6077.0
12,2025-04-25 10:57:39,"Paris, France",189,189,0.57,Positive,Yoga in the park this morning was so refreshing. ,mobile,,4474.0
13,2025-04-25 09:17:59,"Tokyo, Japan",50,107,0.03,Neutral,Why does my cat wake me up at 5am every day? ,mobile,#Foodie,7673.0
14,2025-04-25 14:54:27,"Sydney, Australia",319,130,0.72,Positive,Just finished my first marathon! ,,#CoffeeBreak,5413.0
15,2025-04-25 09:01:05,"São Paulo, Brazil",134,20,-0.1,Neutral,Stuck in traffic again... seriously?! ,MOBILE,#WorkLife,4486.0
16,2025-04-25 09:12:17,"São Paulo, Brazil",273,131,0.88,Positive,Overthinking everything... need to chill. ,MOBILE,#CoffeeBreak,8279.0
17,2025-04-25 15:12:08,"Berlin, Germany",13,8,-0.97,Negative,"Some days are tough, but we keep moving forward. ",Tablet ,#Foodie,4140.0
18,2025-04-25 17:48:42,"Sydney, Australia",385,83,-0.52,Negative,Proud of myself for stepping out of my comfort zone today.,Desktop,,6643.0
19,2025-04-25 14:35:23,"São Paulo, Brazil",443,198,0.22,Neutral,Reading an amazing book right now. Totally recommend!,,#TuesdayFeeling,1589.0
20,2025-04-25 08:51:27,"London, UK",263,174,-0.65,Negative,"Some days are tough, but we keep moving forward. ",Tablet,,7016.0
21,2025-04-25 09:09:23,"Toronto, Canada",80,163,-0.64,Negative,Concert tonight! So pumped to see my favorite band live!,Des ktop,,4219.0
22,2025-04-25 08:12:32,"London, UK",387,1,-0.15,Neutral,Couldn't resist buying new plants today. ,,#Fitness,5673.0
23,2025-04-25 10:01:50,"Sydney, Australia",53,105,0.14,Neutral,Sending positive vibes to everyone today. ,Tablet,#TuesdayFeeling,153.0
24,2025-04-25 12:47:41,,476,190,0.68,Positive,This weather makes me so happy! ,Tablet,,1843.0
25,2025-04-25 13:25:58,,43,161,-0.21,Neutral,When did it get so cold?!  Time for sweaters!,mobile,#Foodie,6226.0
26,2025-04-25 10:56:27,,483,13,0.45,Positive,Feeling super productive today! Crushing my to-do list.,Mobile,,5410.0
27,2025-04-25 16:53:41,"New York, USA",270,199,0.14,Neutral,Is it Friday yet? Need the weekend desperately. ,MOBILE,#Fitness,4023.0
28,2025-04-25 09:03:16,"São Paulo, Brazil",251,189,-0.35,Negative,Overthinking everything... need to chill. ,Desktop,#Rain,8062.0
29,2025-04-25 09:15:35,,207,81,0.08,Neutral,Reading an amazing book right now. Totally recommend!,Tablet,,7887.0
30,2025-04-25 11:00:21,"Sydney, Australia",279,153,0.93,Positive,Feeling super productive today! Crushing my to-do list.,Desktop,#CoffeeBreak,8935.0
31,2025-04-25 11:39:42,"Sydney, Australia",187,123,-0.45,Negative,When life gives you lemons... make margaritas. ,MOBILE,#TuesdayFeeling,8579.0
32,2025-04-25 16:13:08,"London, UK",156,14,-0.67,Negative,Any Netflix recommendations for tonight? ,mobile,#Rain,5639.0
33,2025-04-25 08:22:58,,344,70,-0.15,Neutral,Feeling grateful for the little things today. ,mobile,#MorningVibes,1263.0
34,2025-04-25 09:04:18,"São Paulo, Brazil",128,135,-0.99,Negative,Rainy days make me want to stay in bed all day. ,Mobile,#Traffic,1260.0
35,2025-04-25 17:21:35,"São Paulo, Brazil",138,80,0.42,Positive,Just got my promotion!!  Hard work pays off.,Des ktop,#CoffeeBreak,8934.0
36,2025-04-25 10:24:31,"Berlin, Germany",418,32,0.21,Neutral,Any Netflix recommendations for tonight? ,Des ktop,#WorkLife,3219.0
37,2025-04-25 09:43:01,"London, UK",489,40,0.83,Positive,"Sometimes you win, sometimes you learn. ",Desktop,#Traffic,7039.0
38,2025-04-25 15:29:01,"Berlin, Germany",200,71,-0.1,Neutral,"Life’s short, eat the cake. ",Mobile,,1712.0
39,2025-04-25 09:06:12,"Toronto, Canada",32,47,-0.26,Neutral,"Life’s short, eat the cake. ",MOBILE,#Rain,4173.0
40,2025-04-25 11:29:16,"São Paulo, Brazil",61,36,0.46,Positive,Why does my cat wake me up at 5am every day? ,Des ktop,#Foodie,7012.0
41,2025-04-25 11:20:25,"Sydney, Australia",359,34,-0.06,Neutral,Catching up with old friends always feels like no time passed.,mobile,#Rain,7360.0
42,2025-04-25 09:46:56,"New York, USA",100,174,0.43,Positive,Brainstorming ideas for my next big project!,,#MorningVibes,1628.0
43,2025-04-25 12:18:11,"Tokyo, Japan",256,4,0.12,Neutral,Learning a new language is so challenging yet rewarding!,Des ktop,#TuesdayFeeling,3602.0
44,2025-04-25 15:18:02,"New York, USA",254,141,-0.01,Neutral,Late night coding sessions are both a curse and a blessing. ,Desktop,#MorningVibes,6496.0
45,2025-04-25 12:49:40,"Berlin, Germany",392,14,-0.78,Negative,Dogs make everything better. ,Desktop,,8073.0
46,2025-04-25 10:49:04,"São Paulo, Brazil",379,178,-0.94,Negative,Dogs make everything better. ,mobile,#MorningVibes,9589.0
47,2025-04-25 17:52:13,"New York, USA",230,51,0.13,Neutral,Proud of myself for stepping out of my comfort zone today.,MOBILE,#MorningVibes,921.0
48,2025-04-25 16:40:46,,387,150,0.21,Neutral,Feeling super productive today! Crushing my to-do list.,Tablet,#MorningVibes,8420.0
49,2025-04-25 09:27:30,"Tokyo, Japan",142,170,-0.59,Negative,Rainy days make me want to stay in bed all day. ,Desktop,,3953.0
50,2025-04-25 15:21:01,"London, UK",12,159,0.2,Neutral,Overthinking everything... need to chill. ,mobile,,9840.0
51,2025-04-25 08:43:24,"London, UK",242,85,0.76,Positive,Learning a new language is so challenging yet rewarding!,,#Traffic,4372.0
52,2025-04-25 11:43:06,"Paris, France",169,44,-0.41,Negative,Any Netflix recommendations for tonight? ,Tablet ,#WorkLife,2244.0
53,2025-04-25 13:27:40,"Berlin, Germany",133,27,0.61,Positive,Finally booked my vacation! Counting down the days. ,Desktop,#MorningVibes,7608.0
54,2025-04-25 09:49:12,"London, UK",43,83,0.79,Positive,Why does my cat wake me up at 5am every day? ,mobile,,4445.0
55,2025-04-25 10:24:40,"Paris, France",330,127,0.61,Positive,Rainy days make me want to stay in bed all day. ,mobile,#Traffic,4769.0
56,2025-04-25 10:52:18,"Berlin, Germany",347,189,-0.78,Negative,Why does my cat wake me up at 5am every day? ,Tablet ,,8766.0
57,2025-04-25 08:08:32,,376,26,-0.15,Neutral,This new app I'm using is a game changer!,Desktop,#Foodie,4433.0
58,2025-04-25 10:06:04,"London, UK",115,2,-0.99,Negative,Proud of myself for stepping out of my comfort zone today.,,#Foodie,4562.0
59,2025-04-25 13:07:45,"São Paulo, Brazil",455,154,-0.17,Neutral,Celebrating small wins today. They matter too. ,MOBILE,#CoffeeBreak,4425.0
60,2025-04-25 17:12:02,"Berlin, Germany",164,50,-0.46,Negative,Woke up to the sound of rain. So peaceful. ,Mobile,#Rain,7039.0
61,2025-04-25 13:02:12,"New York, USA",151,58,-0.35,Negative,Can't believe how beautiful the sunrise was today! ,MOBILE,#Foodie,4391.0
62,2025-04-25 10:56:29,"Berlin, Germany",95,179,-0.27,Neutral,Sunsets are proof that endings can be beautiful too. ,Desktop,,258.0
63,2025-04-25 10:02:11,"London, UK",496,185,0.92,Positive,Any tips for staying focused when working from home?,Tablet,,690.0
64,2025-04-25 14:43:16,,294,129,0.42,Positive,"Some days are tough, but we keep moving forward. ",Desktop,#Foodie,785.0
65,2025-04-25 13:36:42,"Paris, France",100,112,1.0,Positive,Stuck in traffic again... seriously?! ,MOBILE,#CoffeeBreak,4188.0
66,2025-04-25 09:52:16,"Paris, France",186,112,0.95,Positive,Sunsets are proof that endings can be beautiful too. ,Desktop,,2632.0
67,2025-04-25 12:18:34,"Tokyo, Japan",219,53,-0.93,Negative,Family BBQ today! Love days like this. ,Desktop,#MorningVibes,3038.0
68,2025-04-25 14:02:50,"Toronto, Canada",223,128,-0.52,Negative,"Sometimes you win, sometimes you learn. ",mobile,#Fitness,2708.0
69,2025-04-25 09:58:04,"Toronto, Canada",129,52,-0.02,Neutral,Stuck in traffic again... seriously?! ,Des ktop,#CoffeeBreak,3369.0
70,2025-04-25 16:22:46,"Paris, France",159,197,-0.52,Negative,This new app I'm using is a game changer!,mobile,#CoffeeBreak,487.0
71,2025-04-25 11:30:56,"Toronto, Canada",323,182,0.52,Positive,Miss traveling so much. Dreaming of new adventures.,Tablet ,#Rain,4673.0
72,2025-04-25 14:23:32,,122,144,0.46,Positive,When life gives you lemons... make margaritas. ,,#Traffic,552.0
73,2025-04-25 10:05:59,"Sydney, Australia",279,68,0.26,Neutral,Family BBQ today! Love days like this. ,Tablet ,#MorningVibes,1876.0
74,2025-04-25 15:54:39,"Paris, France",197,138,0.63,Positive,"Life’s short, eat the cake. ",MOBILE,#WorkLife,8479.0
75,2025-04-25 10:06:18,"Toronto, Canada",143,96,-0.7,Negative,Overthinking everything... need to chill. ,mobile,#Fitness,827.0
76,2025-04-25 15:56:17,"New York, USA",186,69,0.39,Positive,Feeling super productive today! Crushing my to-do list.,,,3328.0
77,2025-04-25 14:37:49,"Toronto, Canada",258,147,-0.35,Negative,Rainy days make me want to stay in bed all day. ,MOBILE,,5243.0
78,2025-04-25 10:16:07,"Sydney, Australia",419,146,0.42,Positive,Best pizza I've ever had. Hands down. ,Tablet ,,6791.0
79,2025-04-25 13:56:16,"Toronto, Canada",146,147,0.29,Neutral,Any tips for staying focused when working from home?,Tablet ,,2185.0
80,2025-04-25 11:29:32,"Toronto, Canada",307,160,-0.2,Neutral,"Sometimes you win, sometimes you learn. ",Desktop,,2951.0
81,2025-04-25 13:28:43,"Toronto, Canada",38,81,0.68,Positive,Sunsets are proof that endings can be beautiful too. ,Mobile,#Fitness,4800.0
82,2025-04-25 11:49:34,"Toronto, Canada",266,184,-0.77,Negative,Met an inspiring entrepreneur today. Great conversation!,MOBILE,#TuesdayFeeling,7338.0
83,2025-04-25 16:02:57,"São Paulo, Brazil",150,158,0.75,Positive,Best pizza I've ever had. Hands down. ,Des ktop,#Foodie,1489.0
84,2025-04-25 13:09:58,,98,6,0.32,Positive,"Sometimes you win, sometimes you learn. ",MOBILE,#Rain,3948.0
85,2025-04-25 13:39:03,"São Paulo, Brazil",345,111,0.11,Neutral,"Monday motivation: Start where you are, use what you have.",Tablet,#MorningVibes,857.0
86,2025-04-25 12:27:26,"Berlin, Germany",59,112,-0.52,Negative,Nature walks clear my mind like nothing else.,Desktop,#TuesdayFeeling,6890.0
87,2025-04-25 11:32:22,"Toronto, Canada",303,139,0.12,Neutral,"Self-care Sunday: face masks, tea, and zero responsibilities.",Desktop,#CoffeeBreak,2517.0
88,2025-04-25 08:06:03,"London, UK",159,8,-0.44,Negative,Sending positive vibes to everyone today. ,mobile,#Foodie,8586.0
89,2025-04-25 16:27:24,"New York, USA",146,47,0.69,Positive,Sunsets are proof that endings can be beautiful too. ,mobile,#Rain,7578.0
90,2025-04-25 10:25:38,"Berlin, Germany",403,151,-0.19,Neutral,"Sometimes you win, sometimes you learn. ",,,9855.0
91,2025-04-25 13:46:34,"Berlin, Germany",160,151,0.7,Positive,Nature walks clear my mind like nothing else.,,#WorkLife,9076.0
92,2025-04-25 16:07:03,"Tokyo, Japan",112,199,0.57,Positive,Proud of myself for stepping out of my comfort zone today.,Des ktop,#TuesdayFeeling,4346.0
93,2025-04-25 12:30:03,"Sydney, Australia",103,83,0.16,Neutral,Feeling super productive today! Crushing my to-do list.,Des ktop,,4019.0
94,2025-04-25 12:59:56,"Berlin, Germany",111,98,0.95,Positive,Rainy days make me want to stay in bed all day. ,Tablet ,#CoffeeBreak,4551.0
95,2025-04-25 14:06:50,"Paris, France",401,127,-0.39,Negative,Why does my cat wake me up at 5am every day? ,Desktop,#Foodie,2571.0
96,2025-04-25 12:12:35,"Toronto, Canada",193,53,-0.1,Neutral,Any tips for staying focused when working from home?,Tablet,#CoffeeBreak,1152.0
97,2025-04-25 15:33:08,"Toronto, Canada",444,168,-0.65,Negative,Miss traveling so much. Dreaming of new adventures.,,#TuesdayFeeling,6912.0
98,2025-04-25 09:08:00,"São Paulo, Brazil",67,32,-0.01,Neutral,Learning a new language is so challenging yet rewarding!,Desktop,,420.0
99,2025-04-25 14:55:28,"Berlin, Germany",303,147,-0.27,Neutral,Can't believe how beautiful the sunrise was today! ,MOBILE,#Fitness,6489.0
100,2025-04-25 15:37:40,,391,134,0.44,Positive,Proud of myself for stepping out of my comfort zone today.,,,3713.0
1,2025-04-26 15:30:21,"Paris, France",405,144,0.16,Neutral,Couldn't resist buying new plants today. 🌱,,#WorkLife,5288.0
2,2025-04-26 11:24:37,"Berlin, Germany",192,21,0.24,Neutral,Why does my cat wake me up at 5am every day? 😂,Mobile,,1221.0
3,2025-04-26 04:16:25,"Sydney, Australia",209,49,0.98,Positive,Feeling grateful for the little things today. 🌼,Desktop,#WorkLife,1712.0
4,2025-04-26 13:50:31,"London, UK",174,28,-0.11,Neutral,Late night thoughts: How amazing is the universe?,Tablet,#Fitness,574.0
5,2025-04-26 00:50:14,"Paris, France",250,179,0.52,Positive,Best workout session ever! Feeling strong. 💪 #Fitness,Tablet ,#Traffic,6241.0
6,2025-04-26 07:50:25,"Tokyo, Japan",6,28,-0.96,Negative,Any Netflix recommendations for tonight? 📺,,#WorkLife,9372.0
7,2025-04-26 12:24:42,"Tokyo, Japan",133,110,-0.02,Neutral,Late night coding sessions are both a curse and a blessing. 💻,Tablet,#Rain,6367.0
8,2025-04-26 11:16:53,"São Paulo, Brazil",434,57,-1.0,Negative,"Self-care Sunday: face masks, tea, and zero responsibilities.",Tablet,#CoffeeBreak,7655.0
9,2025-04-26 11:36:45,"Sydney, Australia",481,173,-0.06,Neutral,Catching up with old friends always feels like no time passed.,Tablet ,,253.0
10,2025-04-26 16:21:50,"Berlin, Germany",3,98,-0.1,Neutral,Dogs make everything better. 🐶❤️,,#Foodie,1310.0
11,2025-04-26 08:02:29,"Paris, France",38,14,0.59,Positive,Met an inspiring entrepreneur today. Great conversation!,Tablet ,,7051.0
12,2025-04-26 12:34:00,"Sydney, Australia",156,74,-0.56,Negative,Catching up with old friends always feels like no time passed.,Tablet ,#CoffeeBreak,6402.0
13,2025-04-26 15:32:04,"Berlin, Germany",129,174,0.36,Positive,Trying out a new recipe tonight. Hope it turns out good!,mobile,#WorkLife,9470.0
14,2025-04-26 06:32:04,"Sydney, Australia",21,26,0.74,Positive,Any tips for staying focused when working from home?,Tablet ,#MorningVibes,6584.0
15,2025-04-26 04:59:48,"New York, USA",381,183,-0.14,Neutral,Overthinking everything... need to chill. 🧘,Mobile,,8238.0
16,2025-04-26 15:09:40,"Sydney, Australia",20,46,-0.16,Neutral,Feeling grateful for the little things today. 🌼,MOBILE,#CoffeeBreak,3215.0
17,2025-04-26 11:18:10,"Sydney, Australia",442,83,-0.2,Neutral,Couldn't resist buying new plants today. 🌱,Tablet,,1691.0
18,2025-04-26 16:26:45,"New York, USA",440,196,0.97,Positive,This new app I'm using is a game changer!,Des ktop,#MorningVibes,9595.0
19,2025-04-26 06:38:31,"Tokyo, Japan",256,57,0.79,Positive,Huge thanks to everyone who made today unforgettable!,Tablet ,#Traffic,6907.0
20,2025-04-26 03:11:50,"São Paulo, Brazil",14,161,-0.57,Negative,Reading an amazing book right now. Totally recommend!,,#Traffic,8797.0
21,2025-04-26 09:08:05,"Sydney, Australia",319,24,0.43,Positive,Late night coding sessions are both a curse and a blessing. 💻,Tablet ,#TuesdayFeeling,4935.0
22,2025-04-26 13:35:26,"Paris, France",273,14,-0.06,Neutral,Is it Friday yet? Need the weekend desperately. 😩,Des ktop,#Rain,2406.0
23,2025-04-26 13:43:44,"São Paulo, Brazil",26,71,-0.68,Negative,Couldn't resist buying new plants today. 🌱,Desktop,,6092.0
24,2025-04-26 01:38:38,"Toronto, Canada",472,144,-0.82,Negative,Can't believe how beautiful the sunrise was today! 🌅,Tablet ,,2124.0
25,2025-04-26 08:16:44,"Paris, France",7,78,-0.09,Neutral,Couldn't resist buying new plants today. 🌱,Tablet ,,6342.0
26,2025-04-26 14:58:17,"Paris, France",49,198,0.25,Neutral,Trying out a new recipe tonight. Hope it turns out good!,mobile,#TuesdayFeeling,510.0
27,2025-04-26 11:16:42,,447,171,-0.93,Negative,Finally booked my vacation! Counting down the days. ✈️,mobile,,1135.0
28,2025-04-26 11:34:01,"Berlin, Germany",315,121,0.23,Neutral,Any tips for staying focused when working from home?,Tablet ,,6789.0
29,2025-04-26 02:07:26,"Tokyo, Japan",45,14,-0.04,Neutral,Stuck in traffic again... seriously?! 🚗🚦,Mobile,#Fitness,8171.0
30,2025-04-26 02:06:50,"London, UK",205,198,-0.75,Negative,Any Netflix recommendations for tonight? 📺,,#Foodie,6467.0
31,2025-04-26 08:15:29,"Paris, France",235,83,-0.14,Neutral,"Sometimes you win, sometimes you learn. 💬",,#WorkLife,9722.0
32,2025-04-26 13:30:45,"Tokyo, Japan",165,175,-0.02,Neutral,Learning a new language is so challenging yet rewarding!,Desktop,#TuesdayFeeling,6786.0
33,2025-04-26 17:05:41,"Sydney, Australia",318,116,0.18,Neutral,Stuck in traffic again... seriously?! 🚗🚦,MOBILE,#CoffeeBreak,7364.0
34,2025-04-26 08:05:43,"São Paulo, Brazil",71,138,0.97,Positive,Made a vision board today. Feeling super motivated!,Desktop,,6118.0
35,2025-04-26 09:54:42,"Paris, France",208,71,-0.07,Neutral,Best workout session ever! Feeling strong. 💪 #Fitness,Desktop,#Fitness,3209.0
36,2025-04-26 17:37:32,"London, UK",477,63,-0.21,Neutral,Catching up with old friends always feels like no time passed.,Desktop,,3575.0
37,2025-04-26 11:40:54,"New York, USA",494,94,0.44,Positive,Best workout session ever! Feeling strong. 💪 #Fitness,MOBILE,#CoffeeBreak,2163.0
38,2025-04-26 14:19:35,"São Paulo, Brazil",10,44,0.51,Positive,Rainy days make me want to stay in bed all day. ☔,,#CoffeeBreak,9707.0
39,2025-04-26 03:55:52,"São Paulo, Brazil",101,168,-0.92,Negative,Miss traveling so much. Dreaming of new adventures.,Tablet,,146.0
40,2025-04-26 05:02:51,"Tokyo, Japan",213,178,-0.79,Negative,Reading an amazing book right now. Totally recommend!,,#Fitness,2958.0
41,2025-04-26 02:00:04,"New York, USA",400,75,0.97,Positive,Reading an amazing book right now. Totally recommend!,Mobile,#Traffic,3998.0
42,2025-04-26 10:43:11,"Paris, France",159,79,-0.04,Neutral,Coffee is life. Don't talk to me before my second cup. ☕,Tablet,#Fitness,958.0
43,2025-04-26 02:18:27,"Toronto, Canada",91,147,-0.31,Negative,Feeling super productive today! Crushing my to-do list.,Desktop,#Rain,7902.0
44,2025-04-26 08:09:38,"Paris, France",423,159,0.88,Positive,Best pizza I've ever had. Hands down. 🍕,Desktop,#TuesdayFeeling,8354.0
45,2025-04-26 04:01:59,"New York, USA",352,1,0.07,Neutral,"Life’s short, eat the cake. 🎂",,#Fitness,7604.0
46,2025-04-26 11:42:41,"New York, USA",232,157,-0.93,Negative,Best workout session ever! Feeling strong. 💪 #Fitness,Des ktop,#WorkLife,7084.0
47,2025-04-26 12:29:24,"London, UK",115,153,-0.21,Neutral,"Self-care Sunday: face masks, tea, and zero responsibilities.",Des ktop,#Rain,1423.0
48,2025-04-26 05:51:49,"Tokyo, Japan",193,165,0.14,Neutral,Rainy days make me want to stay in bed all day. ☔,Tablet,#Fitness,9690.0
49,2025-04-26 09:58:57,"Paris, France",173,121,0.6,Positive,Concert tonight! So pumped to see my favorite band live!,,#Fitness,7533.0
50,2025-04-26 09:12:11,"Toronto, Canada",481,105,-0.67,Negative,Trying out a new recipe tonight. Hope it turns out good!,Desktop,,9133.0
51,2025-04-26 13:07:20,"São Paulo, Brazil",304,103,0.27,Neutral,Sending positive vibes to everyone today. ✨,Des ktop,#CoffeeBreak,6879.0
52,2025-04-26 06:10:12,"Berlin, Germany",450,122,-0.94,Negative,When life gives you lemons... make margaritas. 🍋🍹,Desktop,#Rain,5220.0
53,2025-04-26 07:46:08,"Paris, France",261,72,-0.9,Negative,"Sometimes you win, sometimes you learn. 💬",Tablet ,#Traffic,2600.0
54,2025-04-26 12:30:11,"Berlin, Germany",415,40,0.42,Positive,Rainy days make me want to stay in bed all day. ☔,Desktop,#Rain,1627.0
55,2025-04-26 07:51:43,"London, UK",263,71,0.43,Positive,Proud of myself for stepping out of my comfort zone today.,MOBILE,#Foodie,9215.0
56,2025-04-26 01:05:30,,317,83,-0.32,Negative,Sunsets are proof that endings can be beautiful too. 🌇,MOBILE,,2102.0
57,2025-04-26 07:28:42,"Paris, France",250,126,-0.84,Negative,"Sometimes you win, sometimes you learn. 💬",Desktop,#MorningVibes,4812.0
58,2025-04-26 10:55:48,"Sydney, Australia",83,131,0.19,Neutral,Yoga in the park this morning was so refreshing. 🧘‍♀️,Desktop,,8413.0
59,2025-04-26 03:52:22,"Tokyo, Japan",21,153,-0.04,Neutral,"Sometimes you win, sometimes you learn. 💬",Des ktop,#CoffeeBreak,1873.0
60,2025-04-26 06:22:25,,126,40,-0.67,Negative,Made a vision board today. Feeling super motivated!,Desktop,#Fitness,9506.0
61,2025-04-26 04:07:01,"Toronto, Canada",13,11,-0.51,Negative,Sunsets are proof that endings can be beautiful too. 🌇,,#MorningVibes,4481.0
62,2025-04-26 00:31:37,"Tokyo, Japan",396,24,0.74,Positive,Just got my promotion!! 🎉 Hard work pays off.,Tablet ,#Traffic,5851.0
63,2025-04-26 00:06:40,"Tokyo, Japan",121,146,0.95,Positive,"Some days are tough, but we keep moving forward. 🙌",Desktop,#Rain,2424.0
64,2025-04-26 13:29:20,"New York, USA",355,172,-0.64,Negative,Huge thanks to everyone who made today unforgettable!,,#CoffeeBreak,6263.0
65,2025-04-26 07:38:34,"Berlin, Germany",118,52,0.32,Positive,Miss traveling so much. Dreaming of new adventures.,Tablet,#Traffic,5205.0
66,2025-04-26 13:08:10,"Paris, France",306,43,0.11,Neutral,Overthinking everything... need to chill. 🧘,Desktop,#MorningVibes,2649.0
67,2025-04-26 02:51:56,"New York, USA",401,149,-0.34,Negative,Couldn't resist buying new plants today. 🌱,Desktop,#Fitness,7359.0
68,2025-04-26 12:03:00,"Toronto, Canada",311,104,-0.01,Neutral,"Self-care Sunday: face masks, tea, and zero responsibilities.",Des ktop,#WorkLife,4575.0
69,2025-04-26 03:55:27,,411,34,-0.56,Negative,Is it Friday yet? Need the weekend desperately. 😩,MOBILE,#WorkLife,1916.0
70,2025-04-26 05:09:22,"Berlin, Germany",437,190,-0.59,Negative,Feeling super productive today! Crushing my to-do list.,Tablet ,#MorningVibes,3712.0
71,2025-04-26 07:11:43,"New York, USA",390,75,-0.65,Negative,Can't believe how beautiful the sunrise was today! 🌅,mobile,#Fitness,3560.0
72,2025-04-26 13:58:09,"Tokyo, Japan",212,158,-0.17,Neutral,This weather makes me so happy! ☀️,Tablet ,#Fitness,5475.0
73,2025-04-26 02:11:03,"New York, USA",23,147,0.26,Neutral,"Self-care Sunday: face masks, tea, and zero responsibilities.",Desktop,#Foodie,2216.0
74,2025-04-26 06:55:17,,219,107,0.54,Positive,Celebrating small wins today. They matter too. 🎯,mobile,,9254.0
75,2025-04-26 15:10:14,"Paris, France",443,151,0.09,Neutral,Rainy days make me want to stay in bed all day. ☔,Desktop,#MorningVibes,7247.0
76,2025-04-26 00:20:28,"Berlin, Germany",434,95,0.18,Neutral,Rainy days make me want to stay in bed all day. ☔,MOBILE,,7133.0
77,2025-04-26 10:26:18,"Toronto, Canada",249,116,-0.21,Neutral,Celebrating small wins today. They matter too. 🎯,Desktop,#Fitness,1987.0
78,2025-04-26 07:22:24,"New York, USA",227,65,0.2,Neutral,Finally booked my vacation! Counting down the days. ✈️,Tablet,,7638.0
79,2025-04-26 15:08:47,"Paris, France",419,5,0.31,Positive,Huge thanks to everyone who made today unforgettable!,Desktop,#Rain,4086.0
80,2025-04-26 07:55:52,"Toronto, Canada",242,114,-0.43,Negative,Feeling super productive today! Crushing my to-do list.,Desktop,#WorkLife,5183.0
81,2025-04-26 13:34:37,"Paris, France",124,11,-0.23,Neutral,Feeling grateful for the little things today. 🌼,MOBILE,#Foodie,1351.0
82,2025-04-26 09:17:35,"London, UK",17,39,0.67,Positive,Feeling super productive today! Crushing my to-do list.,,#CoffeeBreak,5824.0
83,2025-04-26 06:23:29,"Tokyo, Japan",224,98,0.55,Positive,Any Netflix recommendations for tonight? 📺,Desktop,#Foodie,4293.0
84,2025-04-26 03:35:28,"Tokyo, Japan",99,86,0.27,Neutral,When did it get so cold?! 🥶 Time for sweaters!,Tablet,,1334.0
85,2025-04-26 03:13:29,"Berlin, Germany",13,77,0.03,Neutral,Catching up with old friends always feels like no time passed.,Des ktop,,9348.0
86,2025-04-26 11:42:19,"Paris, France",292,68,-0.86,Negative,Just finished my first marathon! 🏃‍♂️🏅,MOBILE,#Foodie,7305.0
87,2025-04-26 01:14:35,"Berlin, Germany",40,61,-0.81,Negative,Late night thoughts: How amazing is the universe?,Tablet ,#Fitness,9789.0
88,2025-04-26 01:01:21,"Paris, France",380,110,0.19,Neutral,Best pizza I've ever had. Hands down. 🍕,Desktop,#Fitness,7665.0
89,2025-04-26 08:13:36,"New York, USA",230,83,0.19,Neutral,Best workout session ever! Feeling strong. 💪 #Fitness,MOBILE,#Fitness,1357.0
90,2025-04-26 11:44:08,"London, UK",325,144,-0.22,Neutral,Nature walks clear my mind like nothing else.,,#WorkLife,7681.0
91,2025-04-26 10:33:52,,27,65,0.72,Positive,Proud of myself for stepping out of my comfort zone today.,Mobile,#TuesdayFeeling,9466.0
92,2025-04-26 11:51:58,"São Paulo, Brazil",260,192,0.55,Positive,Finally booked my vacation! Counting down the days. ✈️,Des ktop,,2571.0
93,2025-04-26 17:26:05,"New York, USA",439,163,0.94,Positive,Late night thoughts: How amazing is the universe?,Desktop,#Traffic,1481.0
94,2025-04-26 09:11:06,"Tokyo, Japan",302,30,-0.53,Negative,Stuck in traffic again... seriously?! 🚗🚦,mobile,#TuesdayFeeling,7299.0
95,2025-04-26 09:32:25,,194,117,-0.66,Negative,Nature walks clear my mind like nothing else.,Tablet,#Traffic,6208.0
96,2025-04-26 16:42:37,"Sydney, Australia",457,92,-0.33,Negative,Concert tonight! So pumped to see my favorite band live!,Desktop,#Traffic,9895.0
97,2025-04-26 00:57:11,"Paris, France",349,104,-0.14,Neutral,Rainy days make me want to stay in bed all day. ☔,MOBILE,#Rain,9241.0
98,2025-04-26 12:20:58,"Toronto, Canada",275,7,0.23,Neutral,Dogs make everything better. 🐶❤️,Tablet ,,9974.0
99,2025-04-26 15:53:51,"Tokyo, Japan",0,56,-0.67,Negative,Miss traveling so much. Dreaming of new adventures.,Desktop,,2417.0
100,2025-04-26 16:41:19,"Paris, France",467,27,-0.93,Negative,This new app I'm using is a game changer!,Desktop,#Foodie,9849.0
1,2025-04-27 12:54:14,"London, UK",420,174,0.33,Positive,This new app I'm using is a game changer!,,#WorkLife,5481.0
2,2025-04-27 14:48:12,"Tokyo, Japan",164,48,0.69,Positive,"Sometimes you win, sometimes you learn. 💬",,#Rain,7037.0
3,2025-04-27 09:15:24,"Paris, France",43,55,0.17,Neutral,Coffee is life. Don't talk to me before my second cup. ☕,MOBILE,#Fitness,3053.0
4,2025-04-27 17:18:55,"São Paulo, Brazil",206,133,-0.59,Negative,Miss traveling so much. Dreaming of new adventures.,Des ktop,#CoffeeBreak,3811.0
5,2025-04-27 02:30:15,"Tokyo, Japan",444,147,-0.46,Negative,Rainy days make me want to stay in bed all day. ☔,Tablet ,#Rain,8417.0
6,2025-04-27 14:02:00,,129,36,0.87,Positive,Proud of myself for stepping out of my comfort zone today.,,#MorningVibes,5617.0
7,2025-04-27 15:57:15,"Tokyo, Japan",284,0,-0.76,Negative,When did it get so cold?! 🥶 Time for sweaters!,Desktop,#Foodie,2758.0
8,2025-04-27 03:17:31,"Tokyo, Japan",197,58,-0.37,Negative,"Life’s short, eat the cake. 🎂",Des ktop,#MorningVibes,6831.0
9,2025-04-27 06:37:54,"São Paulo, Brazil",496,178,-0.92,Negative,Late night thoughts: How amazing is the universe?,Tablet ,#TuesdayFeeling,3933.0
10,2025-04-27 09:43:16,"São Paulo, Brazil",489,19,0.97,Positive,This new app I'm using is a game changer!,Des ktop,#CoffeeBreak,6126.0
11,2025-04-27 12:20:53,"Berlin, Germany",215,42,-0.97,Negative,Catching up with old friends always feels like no time passed.,Tablet ,#WorkLife,8339.0
12,2025-04-27 09:36:07,"Toronto, Canada",216,49,0.95,Positive,Late night coding sessions are both a curse and a blessing. 💻,mobile,,2367.0
13,2025-04-27 15:53:33,"Sydney, Australia",38,183,0.03,Neutral,Best workout session ever! Feeling strong. 💪 #Fitness,Des ktop,#Traffic,9185.0
14,2025-04-27 17:00:29,"London, UK",177,150,0.33,Positive,Celebrating small wins today. They matter too. 🎯,,#Rain,4770.0
15,2025-04-27 01:31:36,"Tokyo, Japan",339,150,-0.94,Negative,Just got my promotion!! 🎉 Hard work pays off.,Des ktop,,2514.0
16,2025-04-27 15:07:43,"Toronto, Canada",300,51,0.41,Positive,Huge thanks to everyone who made today unforgettable!,mobile,#TuesdayFeeling,5827.0
17,2025-04-27 16:56:19,"New York, USA",233,123,0.35,Positive,Learning a new language is so challenging yet rewarding!,Mobile,#WorkLife,8324.0
18,2025-04-27 06:48:27,"São Paulo, Brazil",497,84,-0.81,Negative,Concert tonight! So pumped to see my favorite band live!,Desktop,#Traffic,3778.0
19,2025-04-27 00:30:47,"Paris, France",263,156,-0.11,Neutral,Trying out a new recipe tonight. Hope it turns out good!,MOBILE,#Foodie,2354.0
20,2025-04-27 00:41:50,"Sydney, Australia",4,85,-0.49,Negative,Trying out bullet journaling — loving it so far!,Tablet,#TuesdayFeeling,7449.0
21,2025-04-27 11:12:07,"New York, USA",192,54,0.96,Positive,Huge thanks to everyone who made today unforgettable!,Mobile,#Fitness,3633.0
22,2025-04-27 15:12:00,"Tokyo, Japan",426,157,-0.01,Neutral,Sunsets are proof that endings can be beautiful too. 🌇,,#WorkLife,1921.0
23,2025-04-27 14:07:47,"Sydney, Australia",144,25,0.74,Positive,Any Netflix recommendations for tonight? 📺,Tablet ,#Rain,882.0
24,2025-04-27 04:20:26,"Toronto, Canada",231,112,-0.94,Negative,Just finished my first marathon! 🏃‍♂️🏅,Des ktop,#Rain,1916.0
25,2025-04-27 15:13:53,"Berlin, Germany",327,88,0.38,Positive,When did it get so cold?! 🥶 Time for sweaters!,,#MorningVibes,8543.0
26,2025-04-27 10:28:06,"São Paulo, Brazil",288,0,-0.57,Negative,Celebrating small wins today. They matter too. 🎯,Tablet,#Fitness,7132.0
27,2025-04-27 00:01:42,"Paris, France",463,141,-0.21,Neutral,Any Netflix recommendations for tonight? 📺,Desktop,#Foodie,1502.0
28,2025-04-27 09:31:47,"Paris, France",68,104,-0.79,Negative,Rainy days make me want to stay in bed all day. ☔,,,8412.0
29,2025-04-27 14:18:58,,219,193,1.0,Positive,Sunsets are proof that endings can be beautiful too. 🌇,Mobile,#WorkLife,7802.0
30,2025-04-27 00:47:33,"Toronto, Canada",453,62,0.95,Positive,Made a vision board today. Feeling super motivated!,Tablet ,#MorningVibes,5950.0
31,2025-04-27 14:21:16,"London, UK",168,88,0.74,Positive,Yoga in the park this morning was so refreshing. 🧘‍♀️,mobile,,1798.0
32,2025-04-27 14:02:41,"Paris, France",72,76,-0.42,Negative,Reading an amazing book right now. Totally recommend!,Mobile,#Traffic,9045.0
33,2025-04-27 06:09:47,"Tokyo, Japan",458,67,0.3,Neutral,Couldn't resist buying new plants today. 🌱,Des ktop,#TuesdayFeeling,3086.0
34,2025-04-27 14:46:22,"Tokyo, Japan",101,131,0.34,Positive,Rainy days make me want to stay in bed all day. ☔,Des ktop,#MorningVibes,4907.0
35,2025-04-27 03:40:11,"New York, USA",453,81,0.76,Positive,"Monday motivation: Start where you are, use what you have.",Mobile,#Traffic,5180.0
36,2025-04-27 09:22:56,"Toronto, Canada",278,82,0.74,Positive,Why does my cat wake me up at 5am every day? 😂,Des ktop,#Fitness,699.0
37,2025-04-27 13:42:47,"São Paulo, Brazil",128,87,-0.41,Negative,Dogs make everything better. 🐶❤️,MOBILE,#MorningVibes,5538.0
38,2025-04-27 04:58:25,"London, UK",454,88,-0.34,Negative,Made a vision board today. Feeling super motivated!,Desktop,#WorkLife,7304.0
39,2025-04-27 16:17:10,"Toronto, Canada",64,75,0.22,Neutral,Miss traveling so much. Dreaming of new adventures.,Tablet,#TuesdayFeeling,8251.0
40,2025-04-27 06:41:14,,142,148,-0.24,Neutral,Just got my promotion!! 🎉 Hard work pays off.,Desktop,#WorkLife,1393.0
41,2025-04-27 07:50:20,"Tokyo, Japan",92,160,-0.52,Negative,Why does my cat wake me up at 5am every day? 😂,Tablet ,#Traffic,1780.0
42,2025-04-27 01:27:27,"Paris, France",496,34,-0.55,Negative,"Sometimes you win, sometimes you learn. 💬",Tablet ,#Fitness,7405.0
43,2025-04-27 10:58:13,"Toronto, Canada",473,10,0.21,Neutral,Late night coding sessions are both a curse and a blessing. 💻,Des ktop,#Traffic,7425.0
44,2025-04-27 00:46:15,"Paris, France",109,73,0.52,Positive,Nature walks clear my mind like nothing else.,Desktop,#Fitness,1039.0
45,2025-04-27 01:21:57,"Toronto, Canada",264,2,0.08,Neutral,Made a vision board today. Feeling super motivated!,,,2721.0
46,2025-04-27 17:20:42,"New York, USA",327,47,0.69,Positive,"Some days are tough, but we keep moving forward. 🙌",Des ktop,#MorningVibes,2168.0
47,2025-04-27 01:13:26,"São Paulo, Brazil",411,116,0.63,Positive,Brainstorming ideas for my next big project!,MOBILE,#Traffic,6372.0
48,2025-04-27 17:17:04,"New York, USA",152,11,-0.7,Negative,When did it get so cold?! 🥶 Time for sweaters!,Tablet,,7471.0
49,2025-04-27 17:16:22,"Paris, France",303,36,-0.51,Negative,Made a vision board today. Feeling super motivated!,Des ktop,#Rain,9503.0
50,2025-04-27 02:30:23,,227,14,-0.21,Neutral,Made a vision board today. Feeling super motivated!,Desktop,#Traffic,4666.0
51,2025-04-27 04:32:38,"London, UK",342,69,0.49,Positive,Coffee is life. Don't talk to me before my second cup. ☕,Tablet,#TuesdayFeeling,8582.0
52,2025-04-27 07:02:41,,363,122,0.04,Neutral,Is it Friday yet? Need the weekend desperately. 😩,Tablet ,#Fitness,7411.0
53,2025-04-27 03:54:22,"Sydney, Australia",20,150,-0.14,Neutral,Any tips for staying focused when working from home?,Des ktop,#CoffeeBreak,2109.0
54,2025-04-27 02:28:15,"London, UK",335,46,-0.86,Negative,Late night thoughts: How amazing is the universe?,Tablet,#TuesdayFeeling,1538.0
55,2025-04-27 14:45:17,"Paris, France",398,24,0.31,Positive,"Sometimes you win, sometimes you learn. 💬",MOBILE,#Rain,9111.0
56,2025-04-27 09:52:11,"Sydney, Australia",50,14,-0.61,Negative,This new app I'm using is a game changer!,Tablet,,2952.0
57,2025-04-27 14:26:55,"Paris, France",140,18,-0.8,Negative,Best pizza I've ever had. Hands down. 🍕,mobile,#Rain,3392.0
58,2025-04-27 14:25:08,"Tokyo, Japan",380,195,-0.49,Negative,Any Netflix recommendations for tonight? 📺,Des ktop,#MorningVibes,6012.0
59,2025-04-27 10:05:08,"Paris, France",51,26,0.86,Positive,Catching up with old friends always feels like no time passed.,,#Foodie,1512.0
60,2025-04-27 01:11:48,"Sydney, Australia",155,34,0.16,Neutral,When life gives you lemons... make margaritas. 🍋🍹,Des ktop,,6830.0
61,2025-04-27 14:00:07,"Toronto, Canada",105,163,0.44,Positive,Overthinking everything... need to chill. 🧘,Desktop,#Foodie,5294.0
62,2025-04-27 11:41:36,"London, UK",1,176,0.95,Positive,Late night thoughts: How amazing is the universe?,Des ktop,,8576.0
63,2025-04-27 06:16:18,"Tokyo, Japan",89,88,0.04,Neutral,Sunsets are proof that endings can be beautiful too. 🌇,Tablet,#Foodie,7188.0
64,2025-04-27 09:09:15,"New York, USA",262,94,0.72,Positive,Is it Friday yet? Need the weekend desperately. 😩,,#Foodie,5082.0
65,2025-04-27 02:59:50,"Tokyo, Japan",38,140,-0.63,Negative,Finally booked my vacation! Counting down the days. ✈️,mobile,#Traffic,8601.0
66,2025-04-27 16:17:29,"Sydney, Australia",446,55,0.59,Positive,Huge thanks to everyone who made today unforgettable!,Tablet ,#CoffeeBreak,9124.0
67,2025-04-27 04:59:46,"Tokyo, Japan",444,41,0.84,Positive,Just finished my first marathon! 🏃‍♂️🏅,Tablet ,,8840.0
68,2025-04-27 01:42:02,,83,195,-0.83,Negative,Brainstorming ideas for my next big project!,Tablet,,9613.0
69,2025-04-27 02:48:25,"Tokyo, Japan",309,128,-0.25,Neutral,"Sometimes you win, sometimes you learn. 💬",MOBILE,,774.0
70,2025-04-27 15:01:22,"New York, USA",172,105,-0.78,Negative,Huge thanks to everyone who made today unforgettable!,Mobile,,9549.0
71,2025-04-27 04:49:04,"São Paulo, Brazil",140,118,0.28,Neutral,Overthinking everything... need to chill. 🧘,Desktop,,596.0
72,2025-04-27 09:03:59,,276,136,0.59,Positive,Dogs make everything better. 🐶❤️,Tablet ,#TuesdayFeeling,4112.0
73,2025-04-27 14:38:56,"Toronto, Canada",270,9,-0.65,Negative,This new app I'm using is a game changer!,Des ktop,#Rain,1081.0
74,2025-04-27 02:52:39,"Berlin, Germany",120,124,0.81,Positive,Learning a new language is so challenging yet rewarding!,Des ktop,#TuesdayFeeling,3442.0
75,2025-04-27 06:11:34,"Tokyo, Japan",151,48,-0.53,Negative,Finally booked my vacation! Counting down the days. ✈️,MOBILE,#Traffic,6632.0
76,2025-04-27 02:22:49,"Paris, France",292,67,-0.45,Negative,Best pizza I've ever had. Hands down. 🍕,,#Rain,5328.0
77,2025-04-27 04:24:02,"Berlin, Germany",18,99,-0.15,Neutral,Is it Friday yet? Need the weekend desperately. 😩,Tablet ,#TuesdayFeeling,4161.0
78,2025-04-27 02:33:52,"London, UK",201,88,-0.81,Negative,Best workout session ever! Feeling strong. 💪 #Fitness,Tablet ,#WorkLife,6950.0
79,2025-04-27 04:31:10,"Tokyo, Japan",163,182,0.17,Neutral,Finally booked my vacation! Counting down the days. ✈️,MOBILE,#CoffeeBreak,2710.0
80,2025-04-27 09:04:14,,174,48,0.47,Positive,Catching up with old friends always feels like no time passed.,Des ktop,#Fitness,8248.0
81,2025-04-27 00:25:18,"London, UK",225,160,-0.57,Negative,When life gives you lemons... make margaritas. 🍋🍹,,#TuesdayFeeling,4044.0
82,2025-04-27 03:54:59,"Paris, France",464,149,-0.95,Negative,Best workout session ever! Feeling strong. 💪 #Fitness,Mobile,#Fitness,8208.0
83,2025-04-27 10:52:38,"Berlin, Germany",142,162,0.21,Neutral,Dogs make everything better. 🐶❤️,,#MorningVibes,1861.0
84,2025-04-27 07:50:41,"Tokyo, Japan",159,10,-0.54,Negative,Woke up to the sound of rain. So peaceful. 🌧️,MOBILE,#WorkLife,6095.0
85,2025-04-27 00:49:25,"Toronto, Canada",77,76,0.19,Neutral,Best workout session ever! Feeling strong. 💪 #Fitness,,#CoffeeBreak,6039.0
86,2025-04-27 10:04:16,"Sydney, Australia",253,152,0.98,Positive,Rainy days make me want to stay in bed all day. ☔,Desktop,,7478.0
87,2025-04-27 13:54:55,,290,6,0.39,Positive,Just got my promotion!! 🎉 Hard work pays off.,Desktop,#Foodie,1684.0
88,2025-04-27 07:10:14,"Paris, France",322,41,-0.14,Neutral,Miss traveling so much. Dreaming of new adventures.,,#Traffic,2463.0
89,2025-04-27 03:37:25,,166,168,0.38,Positive,When life gives you lemons... make margaritas. 🍋🍹,,#MorningVibes,842.0
90,2025-04-27 00:42:30,"Tokyo, Japan",486,23,-0.74,Negative,Celebrating small wins today. They matter too. 🎯,MOBILE,#TuesdayFeeling,8608.0
91,2025-04-27 08:19:09,"Tokyo, Japan",18,67,0.45,Positive,When did it get so cold?! 🥶 Time for sweaters!,,#Foodie,5473.0
92,2025-04-27 16:57:18,"Paris, France",41,31,-0.45,Negative,Late night coding sessions are both a curse and a blessing. 💻,Desktop,,5002.0
93,2025-04-27 10:48:30,"Paris, France",493,35,-0.83,Negative,Best pizza I've ever had. Hands down. 🍕,,,8125.0
94,2025-04-27 12:54:07,"Sydney, Australia",352,163,-0.62,Negative,Trying out bullet journaling — loving it so far!,Mobile,#Traffic,5527.0
95,2025-04-27 12:15:58,"London, UK",135,96,-0.55,Negative,Learning a new language is so challenging yet rewarding!,Tablet ,,536.0
96,2025-04-27 10:51:59,"Berlin, Germany",424,195,-0.12,Neutral,Woke up to the sound of rain. So peaceful. 🌧️,mobile,#MorningVibes,9660.0
97,2025-04-27 08:44:46,"Tokyo, Japan",315,129,0.34,Positive,Feeling super productive today! Crushing my to-do list.,Desktop,#Foodie,4068.0
98,2025-04-27 00:34:29,"London, UK",427,26,0.28,Neutral,"Monday motivation: Start where you are, use what you have.",Mobile,#TuesdayFeeling,5239.0
99,2025-04-27 07:37:25,"Tokyo, Japan",263,199,0.3,Neutral,Learning a new language is so challenging yet rewarding!,mobile,#WorkLife,8321.0
100,2025-04-27 14:06:28,"Berlin, Germany",299,124,-0.09,Neutral,Proud of myself for stepping out of my comfort zone today.,Mobile,#Foodie,8598.0
1,2025-04-28 03:46:28,,341,69,-0.9,Negative,Finally booked my vacation! Counting down the days. ✈️,Des ktop,,6273.0
2,2025-04-28 05:42:42,"Tokyo, Japan",171,1,-0.27,Neutral,Catching up with old friends always feels like no time passed.,,#Traffic,9050.0
3,2025-04-28 06:26:58,"Sydney, Australia",290,97,-0.11,Neutral,Nature walks clear my mind like nothing else.,Des ktop,#CoffeeBreak,4138.0
4,2025-04-28 05:04:44,,115,7,0.16,Neutral,This new app I'm using is a game changer!,mobile,#Fitness,4835.0
5,2025-04-28 12:49:56,"São Paulo, Brazil",441,35,0.92,Positive,Any tips for staying focused when working from home?,Des ktop,#Traffic,7961.0
6,2025-04-28 06:20:59,,476,30,0.51,Positive,"Life’s short, eat the cake. 🎂",Tablet ,#Fitness,2096.0
7,2025-04-28 10:26:23,,310,105,-0.81,Negative,Concert tonight! So pumped to see my favorite band live!,Desktop,#Traffic,2499.0
8,2025-04-28 05:17:15,"New York, USA",120,54,0.51,Positive,Dogs make everything better. 🐶❤️,Desktop,#Traffic,7347.0
9,2025-04-28 11:56:29,"Sydney, Australia",144,143,0.33,Positive,Proud of myself for stepping out of my comfort zone today.,Des ktop,#CoffeeBreak,3410.0
10,2025-04-28 15:04:20,,467,2,0.85,Positive,Just got my promotion!! 🎉 Hard work pays off.,,#Fitness,2349.0
11,2025-04-28 01:59:18,"São Paulo, Brazil",236,22,-0.2,Neutral,Any Netflix recommendations for tonight? 📺,Mobile,,8800.0
12,2025-04-28 04:06:29,"São Paulo, Brazil",103,117,0.98,Positive,Best workout session ever! Feeling strong. 💪 #Fitness,Desktop,#WorkLife,5511.0
13,2025-04-28 13:03:32,"Berlin, Germany",359,107,-0.51,Negative,Trying out a new recipe tonight. Hope it turns out good!,Tablet,#MorningVibes,9116.0
14,2025-04-28 17:48:08,"Tokyo, Japan",285,148,-0.81,Negative,Learning a new language is so challenging yet rewarding!,Des ktop,#TuesdayFeeling,3367.0
15,2025-04-28 13:45:39,"Sydney, Australia",405,199,0.51,Positive,Finally booked my vacation! Counting down the days. ✈️,Tablet ,,1069.0
16,2025-04-28 16:31:42,"London, UK",160,15,0.01,Neutral,Brainstorming ideas for my next big project!,mobile,,711.0
17,2025-04-28 16:37:29,"Tokyo, Japan",499,141,-0.76,Negative,Learning a new language is so challenging yet rewarding!,Tablet,#MorningVibes,6604.0
18,2025-04-28 14:20:39,"Berlin, Germany",150,113,-0.32,Negative,Family BBQ today! Love days like this. 🍔🌭,Tablet ,#MorningVibes,251.0
19,2025-04-28 05:25:55,"London, UK",360,84,-0.31,Negative,Miss traveling so much. Dreaming of new adventures.,Tablet ,#TuesdayFeeling,9001.0
20,2025-04-28 09:32:41,"Berlin, Germany",248,192,-0.39,Negative,Reading an amazing book right now. Totally recommend!,,#TuesdayFeeling,4570.0
21,2025-04-28 03:30:36,"London, UK",179,189,-0.11,Neutral,Miss traveling so much. Dreaming of new adventures.,Tablet,#TuesdayFeeling,4315.0
22,2025-04-28 13:04:54,"Tokyo, Japan",195,54,-0.68,Negative,Can't believe how beautiful the sunrise was today! 🌅,MOBILE,#Fitness,9402.0
23,2025-04-28 12:16:37,"São Paulo, Brazil",405,170,0.15,Neutral,Family BBQ today! Love days like this. 🍔🌭,Desktop,#WorkLife,8542.0
24,2025-04-28 05:58:11,"London, UK",315,100,-0.22,Neutral,When life gives you lemons... make margaritas. 🍋🍹,Desktop,#Foodie,2403.0
25,2025-04-28 08:41:30,"Paris, France",11,48,-0.77,Negative,Any Netflix recommendations for tonight? 📺,Mobile,#Fitness,6384.0
26,2025-04-28 04:17:15,"Berlin, Germany",81,172,-0.24,Neutral,This weather makes me so happy! ☀️,Tablet ,#Traffic,5047.0
27,2025-04-28 10:36:12,"New York, USA",215,157,0.44,Positive,Woke up to the sound of rain. So peaceful. 🌧️,MOBILE,#CoffeeBreak,1117.0
28,2025-04-28 12:09:24,"London, UK",66,79,-0.58,Negative,Catching up with old friends always feels like no time passed.,Tablet ,#Foodie,6742.0
29,2025-04-28 12:29:22,,13,72,-0.35,Negative,Celebrating small wins today. They matter too. 🎯,Tablet ,#Rain,4933.0
30,2025-04-28 06:41:27,"São Paulo, Brazil",162,65,-0.69,Negative,Feeling grateful for the little things today. 🌼,Tablet,#TuesdayFeeling,2609.0
31,2025-04-28 08:16:57,"Paris, France",418,19,0.15,Neutral,Learning a new language is so challenging yet rewarding!,,#TuesdayFeeling,8906.0
32,2025-04-28 14:35:59,"São Paulo, Brazil",265,24,0.15,Neutral,This weather makes me so happy! ☀️,mobile,,9861.0
33,2025-04-28 15:53:41,"London, UK",252,53,-0.37,Negative,Feeling super productive today! Crushing my to-do list.,Des ktop,,6027.0
34,2025-04-28 01:25:18,"London, UK",94,13,-0.72,Negative,Best workout session ever! Feeling strong. 💪 #Fitness,,,3412.0
35,2025-04-28 10:25:32,,335,53,0.66,Positive,"Some days are tough, but we keep moving forward. 🙌",Tablet,#Traffic,8625.0
36,2025-04-28 08:02:36,"London, UK",435,130,0.91,Positive,Couldn't resist buying new plants today. 🌱,mobile,,8108.0
37,2025-04-28 01:39:19,,389,24,0.33,Positive,Late night thoughts: How amazing is the universe?,Mobile,#TuesdayFeeling,2261.0
38,2025-04-28 09:20:36,"Toronto, Canada",481,135,-0.04,Neutral,Catching up with old friends always feels like no time passed.,Mobile,,7675.0
39,2025-04-28 12:14:50,"Sydney, Australia",451,24,-0.53,Negative,"Life’s short, eat the cake. 🎂",Mobile,#WorkLife,4269.0
40,2025-04-28 14:51:47,"New York, USA",172,187,0.55,Positive,Proud of myself for stepping out of my comfort zone today.,mobile,,1296.0
41,2025-04-28 00:49:28,"Toronto, Canada",127,95,0.19,Neutral,Yoga in the park this morning was so refreshing. 🧘‍♀️,Desktop,,1087.0
42,2025-04-28 17:00:48,"London, UK",30,77,0.75,Positive,Trying out bullet journaling — loving it so far!,Mobile,#Fitness,6798.0
43,2025-04-28 03:16:35,"Tokyo, Japan",476,59,0.7,Positive,Brainstorming ideas for my next big project!,Desktop,#Traffic,6366.0
44,2025-04-28 08:09:55,"Toronto, Canada",159,92,-0.96,Negative,Concert tonight! So pumped to see my favorite band live!,Desktop,,8935.0
45,2025-04-28 02:25:15,"Paris, France",129,59,-0.27,Neutral,Is it Friday yet? Need the weekend desperately. 😩,Tablet,,6539.0
46,2025-04-28 09:37:38,"Tokyo, Japan",286,4,0.56,Positive,"Life’s short, eat the cake. 🎂",mobile,#MorningVibes,472.0
47,2025-04-28 17:48:46,"Sydney, Australia",265,88,-0.88,Negative,Catching up with old friends always feels like no time passed.,,#WorkLife,8815.0
48,2025-04-28 06:54:16,"São Paulo, Brazil",266,177,-0.88,Negative,Any Netflix recommendations for tonight? 📺,Des ktop,#Traffic,2641.0
49,2025-04-28 05:01:04,"São Paulo, Brazil",55,82,-0.66,Negative,"Life’s short, eat the cake. 🎂",Desktop,#MorningVibes,6968.0
50,2025-04-28 11:11:39,"New York, USA",148,72,0.57,Positive,Any Netflix recommendations for tonight? 📺,mobile,#Rain,1753.0
51,2025-04-28 10:48:44,"New York, USA",493,114,-0.64,Negative,Late night thoughts: How amazing is the universe?,Mobile,#CoffeeBreak,824.0
52,2025-04-28 07:19:22,"Berlin, Germany",399,96,0.02,Neutral,Feeling grateful for the little things today. 🌼,,#CoffeeBreak,1024.0
53,2025-04-28 02:33:03,,102,39,0.63,Positive,Dogs make everything better. 🐶❤️,mobile,,5324.0
54,2025-04-28 10:30:45,"Paris, France",358,123,-0.39,Negative,Any Netflix recommendations for tonight? 📺,Tablet ,#Foodie,8640.0
55,2025-04-28 04:01:26,"Toronto, Canada",307,163,0.05,Neutral,This new app I'm using is a game changer!,Tablet ,#MorningVibes,9221.0
56,2025-04-28 17:16:02,"Tokyo, Japan",230,177,-0.74,Negative,Just finished my first marathon! 🏃‍♂️🏅,Desktop,,8220.0
57,2025-04-28 00:51:12,"Paris, France",115,190,-0.1,Neutral,Brainstorming ideas for my next big project!,Desktop,,5322.0
58,2025-04-28 12:40:33,"Toronto, Canada",482,6,0.05,Neutral,Learning a new language is so challenging yet rewarding!,Tablet,#Fitness,6267.0
59,2025-04-28 03:20:50,,469,13,-0.65,Negative,Trying out bullet journaling — loving it so far!,mobile,#CoffeeBreak,5027.0
60,2025-04-28 15:36:39,"Tokyo, Japan",85,132,-0.98,Negative,Catching up with old friends always feels like no time passed.,Mobile,,6861.0
61,2025-04-28 17:37:04,"Toronto, Canada",385,61,-0.04,Neutral,Sunsets are proof that endings can be beautiful too. 🌇,,#Foodie,6463.0
62,2025-04-28 04:25:15,"Sydney, Australia",245,78,0.16,Neutral,New blog post is up! Check it out and let me know your thoughts.,MOBILE,,1395.0
63,2025-04-28 16:47:19,"Berlin, Germany",470,57,-0.62,Negative,Made a vision board today. Feeling super motivated!,Desktop,,3220.0
64,2025-04-28 00:56:17,"Sydney, Australia",388,64,-0.35,Negative,Concert tonight! So pumped to see my favorite band live!,Mobile,#Rain,3182.0
65,2025-04-28 14:38:53,,473,180,0.6,Positive,New blog post is up! Check it out and let me know your thoughts.,Des ktop,#CoffeeBreak,5555.0
66,2025-04-28 05:31:09,"New York, USA",172,159,-0.02,Neutral,New blog post is up! Check it out and let me know your thoughts.,mobile,#Rain,7946.0
67,2025-04-28 16:38:48,"São Paulo, Brazil",482,187,0.29,Neutral,Any tips for staying focused when working from home?,mobile,#WorkLife,4021.0
68,2025-04-28 10:03:01,"Paris, France",404,51,-0.47,Negative,Dogs make everything better. 🐶❤️,Desktop,#TuesdayFeeling,8843.0
69,2025-04-28 11:48:34,"Paris, France",116,25,-0.75,Negative,This new app I'm using is a game changer!,Tablet ,#Traffic,8501.0
70,2025-04-28 16:04:15,"Berlin, Germany",33,51,-0.51,Negative,Catching up with old friends always feels like no time passed.,Desktop,#TuesdayFeeling,5346.0
71,2025-04-28 16:38:41,"São Paulo, Brazil",81,179,0.72,Positive,Made a vision board today. Feeling super motivated!,MOBILE,#WorkLife,849.0
72,2025-04-28 10:14:25,"São Paulo, Brazil",41,20,0.91,Positive,Proud of myself for stepping out of my comfort zone today.,Tablet,#MorningVibes,4372.0
73,2025-04-28 10:04:21,"Toronto, Canada",112,104,-0.8,Negative,Dogs make everything better. 🐶❤️,Tablet,#CoffeeBreak,5504.0
74,2025-04-28 04:11:14,"Toronto, Canada",119,136,0.89,Positive,Overthinking everything... need to chill. 🧘,mobile,#TuesdayFeeling,9121.0
75,2025-04-28 11:55:00,"Paris, France",129,59,-0.85,Negative,Woke up to the sound of rain. So peaceful. 🌧️,Des ktop,,8137.0
76,2025-04-28 08:23:20,"Tokyo, Japan",96,9,0.86,Positive,"Life’s short, eat the cake. 🎂",MOBILE,#Foodie,2393.0
77,2025-04-28 13:06:46,,443,20,0.65,Positive,"Self-care Sunday: face masks, tea, and zero responsibilities.",Tablet,,1062.0
78,2025-04-28 09:32:17,"New York, USA",246,33,-0.23,Neutral,Rainy days make me want to stay in bed all day. ☔,Mobile,#MorningVibes,6856.0
79,2025-04-28 02:30:10,"São Paulo, Brazil",213,199,-0.55,Negative,Rainy days make me want to stay in bed all day. ☔,Tablet,#MorningVibes,3683.0
80,2025-04-28 09:12:23,"Berlin, Germany",400,187,-0.1,Neutral,Made a vision board today. Feeling super motivated!,Mobile,,8016.0
81,2025-04-28 12:00:06,"Berlin, Germany",172,68,0.47,Positive,Coffee is life. Don't talk to me before my second cup. ☕,Mobile,,9138.0
82,2025-04-28 07:29:17,"New York, USA",448,86,0.36,Positive,Coffee is life. Don't talk to me before my second cup. ☕,,#Fitness,8877.0
83,2025-04-28 17:47:40,"Sydney, Australia",332,199,-0.83,Negative,Coffee is life. Don't talk to me before my second cup. ☕,,,7154.0
84,2025-04-28 14:40:33,"Tokyo, Japan",42,128,-0.86,Negative,Trying out a new recipe tonight. Hope it turns out good!,Desktop,,2539.0
85,2025-04-28 04:23:12,"São Paulo, Brazil",407,151,-0.93,Negative,Nature walks clear my mind like nothing else.,,#Fitness,5907.0
86,2025-04-28 04:51:59,"Toronto, Canada",147,20,-0.22,Neutral,Huge thanks to everyone who made today unforgettable!,MOBILE,#WorkLife,7620.0
87,2025-04-28 10:17:07,"São Paulo, Brazil",414,109,0.98,Positive,Any tips for staying focused when working from home?,mobile,#Fitness,1420.0
88,2025-04-28 11:54:03,"New York, USA",435,142,0.88,Positive,Huge thanks to everyone who made today unforgettable!,Desktop,#WorkLife,6279.0
89,2025-04-28 10:03:41,"Berlin, Germany",498,27,-0.29,Neutral,Best workout session ever! Feeling strong. 💪 #Fitness,Mobile,#Foodie,1454.0
90,2025-04-28 09:05:58,"Toronto, Canada",441,4,0.1,Neutral,Brainstorming ideas for my next big project!,MOBILE,,1662.0
91,2025-04-28 16:17:21,,351,7,-0.47,Negative,Stuck in traffic again... seriously?! 🚗🚦,mobile,#CoffeeBreak,9386.0
92,2025-04-28 08:39:22,"Sydney, Australia",37,110,-0.84,Negative,Stuck in traffic again... seriously?! 🚗🚦,Desktop,,4693.0
93,2025-04-28 16:22:17,,219,80,-0.41,Negative,Overthinking everything... need to chill. 🧘,Mobile,#Foodie,5252.0
94,2025-04-28 00:17:06,"São Paulo, Brazil",255,103,0.25,Neutral,Met an inspiring entrepreneur today. Great conversation!,Tablet,#WorkLife,1360.0
95,2025-04-28 05:26:53,"Tokyo, Japan",449,177,-0.98,Negative,Overthinking everything... need to chill. 🧘,mobile,,6475.0
96,2025-04-28 12:19:30,,291,125,-0.48,Negative,Miss traveling so much. Dreaming of new adventures.,Desktop,#Foodie,1384.0
97,2025-04-28 09:06:59,"Paris, France",104,168,0.92,Positive,Best workout session ever! Feeling strong. 💪 #Fitness,Desktop,#WorkLife,3903.0
98,2025-04-28 15:16:03,"London, UK",118,189,0.79,Positive,Miss traveling so much. Dreaming of new adventures.,Desktop,#Traffic,585.0
99,2025-04-28 11:32:37,"Sydney, Australia",265,148,-0.75,Negative,Late night thoughts: How amazing is the universe?,Des ktop,#CoffeeBreak,5929.0
100,2025-04-28 10:04:03,"Toronto, Canada",346,1,0.2,Neutral,Sending positive vibes to everyone today. ✨,Tablet,,9698.0
1,2025-04-29 12:01:37,"Toronto, Canada",180,159,0.5,Positive,Huge thanks to everyone who made today unforgettable!,Tablet ,#CoffeeBreak,1304.0
2,2025-04-29 01:29:36,"Sydney, Australia",287,31,0.31,Positive,"Some days are tough, but we keep moving forward. 🙌",Desktop,,2627.0
3,2025-04-29 13:27:54,"Toronto, Canada",10,9,-0.32,Negative,Finally booked my vacation! Counting down the days. ✈️,MOBILE,#Rain,1599.0
4,2025-04-29 00:05:40,"Sydney, Australia",423,145,-0.55,Negative,Late night thoughts: How amazing is the universe?,MOBILE,#Fitness,1774.0
5,2025-04-29 02:24:43,"London, UK",152,58,0.1,Neutral,Family BBQ today! Love days like this. 🍔🌭,Desktop,#TuesdayFeeling,9225.0
6,2025-04-29 10:05:55,,472,113,0.89,Positive,Learning a new language is so challenging yet rewarding!,Desktop,#MorningVibes,1568.0
7,2025-04-29 06:26:34,,413,171,-0.61,Negative,Huge thanks to everyone who made today unforgettable!,MOBILE,#WorkLife,302.0
8,2025-04-29 05:18:46,"Toronto, Canada",173,112,0.29,Neutral,Concert tonight! So pumped to see my favorite band live!,Desktop,,4077.0
9,2025-04-29 10:24:43,,482,121,0.63,Positive,Late night coding sessions are both a curse and a blessing. 💻,Desktop,#Foodie,2374.0
10,2025-04-29 04:53:43,"Sydney, Australia",118,38,0.69,Positive,Just got my promotion!! 🎉 Hard work pays off.,Des ktop,#Foodie,1136.0
11,2025-04-29 03:02:38,"Toronto, Canada",232,174,-0.5,Negative,Just got my promotion!! 🎉 Hard work pays off.,Desktop,#Fitness,8033.0
12,2025-04-29 14:14:52,"London, UK",396,148,0.96,Positive,Made a vision board today. Feeling super motivated!,Tablet ,#CoffeeBreak,8223.0
13,2025-04-29 10:48:35,"São Paulo, Brazil",301,103,0.12,Neutral,Catching up with old friends always feels like no time passed.,Desktop,#Foodie,5091.0
14,2025-04-29 00:07:23,"Toronto, Canada",150,85,0.51,Positive,Miss traveling so much. Dreaming of new adventures.,Desktop,#Traffic,7312.0
15,2025-04-29 06:05:37,"Toronto, Canada",344,21,0.08,Neutral,Brainstorming ideas for my next big project!,Tablet,#Fitness,5353.0
16,2025-04-29 10:58:52,"São Paulo, Brazil",268,1,-0.74,Negative,Trying out bullet journaling — loving it so far!,MOBILE,#Foodie,6624.0
17,2025-04-29 17:38:06,"Paris, France",462,179,0.64,Positive,Dogs make everything better. 🐶❤️,Des ktop,,4071.0
18,2025-04-29 05:55:57,"Toronto, Canada",94,150,0.68,Positive,Just got my promotion!! 🎉 Hard work pays off.,Desktop,#Traffic,1965.0
19,2025-04-29 16:58:03,"São Paulo, Brazil",460,21,0.08,Neutral,Met an inspiring entrepreneur today. Great conversation!,,#Foodie,9112.0
20,2025-04-29 00:29:23,"Berlin, Germany",188,96,0.02,Neutral,Celebrating small wins today. They matter too. 🎯,mobile,#TuesdayFeeling,4873.0
21,2025-04-29 15:07:58,"London, UK",190,117,0.13,Neutral,Learning a new language is so challenging yet rewarding!,Des ktop,#Foodie,5061.0
22,2025-04-29 04:24:21,"Sydney, Australia",412,29,0.75,Positive,"Sometimes you win, sometimes you learn. 💬",Tablet,#WorkLife,6276.0
23,2025-04-29 01:20:47,"Berlin, Germany",366,24,0.52,Positive,When did it get so cold?! 🥶 Time for sweaters!,Des ktop,,6666.0
24,2025-04-29 09:43:40,,110,135,-0.08,Neutral,Any tips for staying focused when working from home?,Desktop,,702.0
25,2025-04-29 14:23:40,"Paris, France",143,71,-0.51,Negative,Any tips for staying focused when working from home?,,,1492.0
26,2025-04-29 01:59:27,"São Paulo, Brazil",260,2,0.98,Positive,"Sometimes you win, sometimes you learn. 💬",MOBILE,#Foodie,825.0
27,2025-04-29 10:15:11,"Toronto, Canada",103,63,0.6,Positive,This weather makes me so happy! ☀️,MOBILE,#WorkLife,1835.0
28,2025-04-29 00:11:31,"London, UK",490,9,0.48,Positive,Woke up to the sound of rain. So peaceful. 🌧️,mobile,,8599.0
29,2025-04-29 10:09:28,"São Paulo, Brazil",301,154,0.38,Positive,Late night thoughts: How amazing is the universe?,MOBILE,#WorkLife,7686.0
30,2025-04-29 14:03:36,,111,12,0.08,Neutral,"Some days are tough, but we keep moving forward. 🙌",MOBILE,#MorningVibes,8009.0
31,2025-04-29 01:54:11,"Sydney, Australia",419,85,0.7,Positive,Learning a new language is so challenging yet rewarding!,Desktop,#Rain,2421.0
32,2025-04-29 06:20:28,"Sydney, Australia",313,53,0.67,Positive,Miss traveling so much. Dreaming of new adventures.,Des ktop,#CoffeeBreak,8637.0
33,2025-04-29 08:47:29,"Paris, France",461,13,0.5,Positive,Trying out bullet journaling — loving it so far!,Desktop,#TuesdayFeeling,7512.0
34,2025-04-29 05:48:20,"London, UK",436,120,0.36,Positive,This new app I'm using is a game changer!,Mobile,#Rain,470.0
35,2025-04-29 15:27:31,"Paris, France",399,69,0.75,Positive,Brainstorming ideas for my next big project!,Desktop,,2792.0
36,2025-04-29 16:55:43,"São Paulo, Brazil",100,185,-0.26,Neutral,Feeling super productive today! Crushing my to-do list.,Tablet,,2723.0
37,2025-04-29 06:01:31,,380,131,0.44,Positive,Sending positive vibes to everyone today. ✨,Des ktop,#CoffeeBreak,6736.0
38,2025-04-29 11:27:51,"Tokyo, Japan",23,153,-0.22,Neutral,Family BBQ today! Love days like this. 🍔🌭,Desktop,#WorkLife,578.0
39,2025-04-29 13:25:25,"São Paulo, Brazil",468,53,0.39,Positive,Late night thoughts: How amazing is the universe?,Desktop,#WorkLife,172.0
40,2025-04-29 12:49:45,"São Paulo, Brazil",404,37,-0.67,Negative,New blog post is up! Check it out and let me know your thoughts.,Tablet ,#Rain,9559.0
41,2025-04-29 01:51:08,,187,56,-0.22,Neutral,Family BBQ today! Love days like this. 🍔🌭,MOBILE,#Traffic,3328.0
42,2025-04-29 08:19:46,"London, UK",272,118,0.75,Positive,Woke up to the sound of rain. So peaceful. 🌧️,Des ktop,,5234.0
43,2025-04-29 10:52:03,"Toronto, Canada",220,13,0.45,Positive,Nature walks clear my mind like nothing else.,Desktop,,1971.0
44,2025-04-29 06:20:01,"Paris, France",228,79,-0.55,Negative,Catching up with old friends always feels like no time passed.,Tablet,,4973.0
45,2025-04-29 16:43:26,"London, UK",499,131,-0.89,Negative,Couldn't resist buying new plants today. 🌱,Tablet,#Traffic,2031.0
46,2025-04-29 04:20:35,"Sydney, Australia",23,161,0.2,Neutral,Is it Friday yet? Need the weekend desperately. 😩,Tablet,#Traffic,2416.0
47,2025-04-29 09:17:57,"Toronto, Canada",402,158,-0.95,Negative,Learning a new language is so challenging yet rewarding!,Tablet,,6386.0
48,2025-04-29 07:42:04,"Tokyo, Japan",402,48,0.27,Neutral,"Self-care Sunday: face masks, tea, and zero responsibilities.",,,2938.0
49,2025-04-29 10:06:06,"Tokyo, Japan",210,149,0.39,Positive,"Self-care Sunday: face masks, tea, and zero responsibilities.",Tablet ,#Foodie,3165.0
50,2025-04-29 05:43:36,"Berlin, Germany",75,29,0.96,Positive,Nature walks clear my mind like nothing else.,Mobile,#Traffic,257.0
51,2025-04-29 08:49:19,"Tokyo, Japan",116,158,0.65,Positive,"Monday motivation: Start where you are, use what you have.",Desktop,,8381.0
52,2025-04-29 11:53:19,"Berlin, Germany",18,175,-0.25,Neutral,Learning a new language is so challenging yet rewarding!,Des ktop,#WorkLife,7372.0
53,2025-04-29 08:53:47,"Tokyo, Japan",349,182,0.47,Positive,Huge thanks to everyone who made today unforgettable!,Mobile,#CoffeeBreak,4885.0
54,2025-04-29 00:35:42,"Sydney, Australia",480,145,-0.26,Neutral,Feeling grateful for the little things today. 🌼,,#Fitness,2855.0
55,2025-04-29 14:12:46,"Berlin, Germany",112,46,1.0,Positive,Overthinking everything... need to chill. 🧘,Des ktop,,8469.0
56,2025-04-29 02:03:39,"London, UK",117,44,-0.65,Negative,Just got my promotion!! 🎉 Hard work pays off.,,#Traffic,8980.0
57,2025-04-29 14:58:30,"New York, USA",197,3,-0.01,Neutral,This weather makes me so happy! ☀️,Des ktop,,3680.0
58,2025-04-29 07:44:22,"London, UK",46,142,-0.18,Neutral,Proud of myself for stepping out of my comfort zone today.,mobile,#Fitness,628.0
59,2025-04-29 08:11:13,"Sydney, Australia",77,123,-0.23,Neutral,Yoga in the park this morning was so refreshing. 🧘‍♀️,Desktop,#TuesdayFeeling,2023.0
60,2025-04-29 14:07:11,"São Paulo, Brazil",136,89,0.18,Neutral,New blog post is up! Check it out and let me know your thoughts.,MOBILE,,7115.0
61,2025-04-29 03:01:17,"Tokyo, Japan",499,60,0.96,Positive,New blog post is up! Check it out and let me know your thoughts.,mobile,#MorningVibes,9440.0
62,2025-04-29 06:23:11,,258,106,-0.95,Negative,Just got my promotion!! 🎉 Hard work pays off.,,#Foodie,5402.0
63,2025-04-29 17:49:19,"Sydney, Australia",253,117,-0.45,Negative,Dogs make everything better. 🐶❤️,Tablet ,,1660.0
64,2025-04-29 02:28:05,"Toronto, Canada",336,108,0.57,Positive,Best workout session ever! Feeling strong. 💪 #Fitness,Tablet ,,2178.0
65,2025-04-29 12:46:08,"Tokyo, Japan",402,169,0.71,Positive,Any Netflix recommendations for tonight? 📺,Tablet,#Traffic,4155.0
66,2025-04-29 13:51:43,"Toronto, Canada",409,68,0.68,Positive,"Self-care Sunday: face masks, tea, and zero responsibilities.",Tablet,,4502.0
67,2025-04-29 11:25:44,"Toronto, Canada",420,48,-0.13,Neutral,Concert tonight! So pumped to see my favorite band live!,Des ktop,#Rain,1625.0
68,2025-04-29 07:20:01,,191,4,0.41,Positive,Proud of myself for stepping out of my comfort zone today.,Tablet ,#Traffic,7549.0
69,2025-04-29 17:17:55,"Berlin, Germany",89,3,-0.9,Negative,Finally booked my vacation! Counting down the days. ✈️,Mobile,#Rain,7611.0
70,2025-04-29 11:33:24,"Paris, France",294,162,-0.13,Neutral,Rainy days make me want to stay in bed all day. ☔,,#WorkLife,3668.0
71,2025-04-29 17:37:27,"Toronto, Canada",312,99,0.53,Positive,New blog post is up! Check it out and let me know your thoughts.,Des ktop,#Fitness,5389.0
72,2025-04-29 15:04:46,"Sydney, Australia",181,173,0.22,Neutral,Miss traveling so much. Dreaming of new adventures.,,,2239.0
73,2025-04-29 10:18:22,"Berlin, Germany",187,56,0.5,Positive,Miss traveling so much. Dreaming of new adventures.,Mobile,#MorningVibes,1731.0
74,2025-04-29 11:23:57,"Berlin, Germany",151,35,-0.97,Negative,Coffee is life. Don't talk to me before my second cup. ☕,Desktop,#Foodie,7330.0
75,2025-04-29 08:18:38,"New York, USA",407,107,-0.91,Negative,Sending positive vibes to everyone today. ✨,mobile,#Foodie,5045.0
76,2025-04-29 02:53:38,"Sydney, Australia",341,134,-0.51,Negative,Huge thanks to everyone who made today unforgettable!,MOBILE,#Fitness,1450.0
77,2025-04-29 06:46:09,"Tokyo, Japan",219,13,-0.5,Negative,Best workout session ever! Feeling strong. 💪 #Fitness,Desktop,,5105.0
78,2025-04-29 13:12:58,"São Paulo, Brazil",335,143,0.52,Positive,Sending positive vibes to everyone today. ✨,Desktop,#Rain,117.0
79,2025-04-29 03:53:06,"Berlin, Germany",105,69,-0.87,Negative,Rainy days make me want to stay in bed all day. ☔,Tablet,,3805.0
80,2025-04-29 09:27:22,"Berlin, Germany",300,183,-0.91,Negative,Can't believe how beautiful the sunrise was today! 🌅,Mobile,#Traffic,2075.0
81,2025-04-29 17:59:19,"Toronto, Canada",337,106,-0.72,Negative,Any tips for staying focused when working from home?,Tablet,#TuesdayFeeling,1260.0
82,2025-04-29 04:10:04,"Toronto, Canada",195,177,-0.18,Neutral,Huge thanks to everyone who made today unforgettable!,Desktop,#Rain,5233.0
83,2025-04-29 06:41:28,"Sydney, Australia",6,69,0.8,Positive,Reading an amazing book right now. Totally recommend!,Desktop,#Foodie,2440.0
84,2025-04-29 01:14:43,,465,159,0.33,Positive,Overthinking everything... need to chill. 🧘,Mobile,,2788.0
85,2025-04-29 08:00:42,"Paris, France",147,142,0.76,Positive,"Life’s short, eat the cake. 🎂",mobile,,2580.0
86,2025-04-29 16:44:46,"Toronto, Canada",404,169,0.66,Positive,Nature walks clear my mind like nothing else.,Des ktop,#CoffeeBreak,1520.0
87,2025-04-29 16:19:19,"London, UK",375,127,0.25,Neutral,Reading an amazing book right now. Totally recommend!,Desktop,,6391.0
88,2025-04-29 06:23:58,"Toronto, Canada",164,57,0.96,Positive,Finally booked my vacation! Counting down the days. ✈️,Tablet,#CoffeeBreak,4637.0
89,2025-04-29 11:44:05,"London, UK",68,130,0.45,Positive,Any Netflix recommendations for tonight? 📺,,,9930.0
90,2025-04-29 13:07:43,"Sydney, Australia",420,48,-0.07,Neutral,Any tips for staying focused when working from home?,Mobile,,5042.0
91,2025-04-29 03:44:24,,344,84,0.22,Neutral,When did it get so cold?! 🥶 Time for sweaters!,,#CoffeeBreak,6518.0
92,2025-04-29 05:22:48,"New York, USA",444,168,-0.96,Negative,Any Netflix recommendations for tonight? 📺,Des ktop,#WorkLife,1947.0
93,2025-04-29 04:23:19,"Berlin, Germany",116,195,-0.16,Neutral,Just finished my first marathon! 🏃‍♂️🏅,Desktop,,297.0
94,2025-04-29 17:57:56,"Paris, France",326,85,0.12,Neutral,Finally booked my vacation! Counting down the days. ✈️,Tablet,#WorkLife,9412.0
95,2025-04-29 07:39:41,"Paris, France",80,151,-0.77,Negative,Why does my cat wake me up at 5am every day? 😂,Tablet,#TuesdayFeeling,1295.0
96,2025-04-29 00:18:13,"London, UK",353,27,0.45,Positive,Can't believe how beautiful the sunrise was today! 🌅,Tablet ,#CoffeeBreak,752.0
97,2025-04-29 16:47:42,"New York, USA",168,166,0.42,Positive,When life gives you lemons... make margaritas. 🍋🍹,,#Fitness,8309.0
98,2025-04-29 13:57:53,"Toronto, Canada",16,97,-0.84,Negative,Sending positive vibes to everyone today. ✨,Desktop,#Rain,8891.0
99,2025-04-29 09:47:15,"Tokyo, Japan",197,97,-0.03,Neutral,Just got my promotion!! 🎉 Hard work pays off.,Desktop,#Fitness,1394.0
100,2025-04-29 09:18:28,"São Paulo, Brazil",340,4,0.89,Positive,"Some days are tough, but we keep moving forward. 🙌",,#Traffic,6501.0
1,2025-04-30 10:40:32,"London, UK",111,56,0.34,Positive,This new app I'm using is a game changer!,Desktop,#CoffeeBreak,1048.0
2,2025-04-30 04:27:02,"London, UK",97,143,-0.18,Neutral,Sending positive vibes to everyone today. ✨,Desktop,#TuesdayFeeling,1001.0
3,2025-04-30 05:37:49,"Tokyo, Japan",124,166,0.09,Neutral,Is it Friday yet? Need the weekend desperately. 😩,Mobile,#Foodie,285.0
4,2025-04-30 02:58:56,"Berlin, Germany",343,167,-0.78,Negative,Yoga in the park this morning was so refreshing. 🧘‍♀️,,,4347.0
5,2025-04-30 03:02:22,"Paris, France",58,137,0.96,Positive,Reading an amazing book right now. Totally recommend!,Tablet ,#Rain,580.0
6,2025-04-30 06:05:55,"Toronto, Canada",242,62,-0.01,Neutral,Just got my promotion!! 🎉 Hard work pays off.,,#Rain,4408.0
7,2025-04-30 12:58:02,"London, UK",31,134,0.74,Positive,"Self-care Sunday: face masks, tea, and zero responsibilities.",Des ktop,,6000.0
8,2025-04-30 01:00:33,"Berlin, Germany",153,126,0.52,Positive,Overthinking everything... need to chill. 🧘,Tablet,#Traffic,2677.0
9,2025-04-30 04:38:39,"London, UK",371,142,-0.59,Negative,Overthinking everything... need to chill. 🧘,Desktop,#CoffeeBreak,8436.0
10,2025-04-30 00:02:48,"New York, USA",212,78,0.76,Positive,Can't believe how beautiful the sunrise was today! 🌅,mobile,#MorningVibes,7829.0
11,2025-04-30 06:37:33,"Toronto, Canada",91,13,-0.52,Negative,"Some days are tough, but we keep moving forward. 🙌",Tablet,#MorningVibes,9158.0
12,2025-04-30 14:37:12,"Toronto, Canada",488,167,0.97,Positive,Feeling grateful for the little things today. 🌼,MOBILE,#CoffeeBreak,6919.0
13,2025-04-30 16:40:21,"Paris, France",25,112,-0.95,Negative,Just got my promotion!! 🎉 Hard work pays off.,Desktop,,6208.0
14,2025-04-30 02:10:25,,408,130,0.82,Positive,Couldn't resist buying new plants today. 🌱,Mobile,#Foodie,3756.0
15,2025-04-30 14:38:33,,96,41,-0.0,Neutral,Stuck in traffic again... seriously?! 🚗🚦,Desktop,#Rain,7720.0
16,2025-04-30 15:45:56,"Sydney, Australia",261,166,0.31,Positive,This new app I'm using is a game changer!,MOBILE,#Rain,9161.0
17,2025-04-30 08:18:53,"New York, USA",88,122,-0.24,Neutral,Made a vision board today. Feeling super motivated!,mobile,#Fitness,9337.0
18,2025-04-30 14:16:53,"Sydney, Australia",402,196,0.93,Positive,Proud of myself for stepping out of my comfort zone today.,mobile,#TuesdayFeeling,6133.0
19,2025-04-30 10:46:17,"Berlin, Germany",267,73,-0.81,Negative,"Monday motivation: Start where you are, use what you have.",,#CoffeeBreak,2566.0
20,2025-04-30 00:06:57,"Toronto, Canada",475,40,0.16,Neutral,Coffee is life. Don't talk to me before my second cup. ☕,mobile,,5775.0
21,2025-04-30 11:34:37,"New York, USA",84,71,0.6,Positive,Miss traveling so much. Dreaming of new adventures.,Mobile,,6264.0
22,2025-04-30 15:27:20,"Sydney, Australia",46,142,0.83,Positive,Trying out a new recipe tonight. Hope it turns out good!,mobile,,4002.0
23,2025-04-30 07:38:33,"Berlin, Germany",103,41,-0.1,Neutral,Best workout session ever! Feeling strong. 💪 #Fitness,Tablet,#Fitness,1624.0
24,2025-04-30 00:47:57,"São Paulo, Brazil",453,11,-0.67,Negative,Feeling super productive today! Crushing my to-do list.,Desktop,#Traffic,7611.0
25,2025-04-30 17:44:28,"London, UK",335,130,-0.27,Neutral,Met an inspiring entrepreneur today. Great conversation!,Desktop,,2287.0
26,2025-04-30 11:36:00,"Toronto, Canada",282,113,-0.66,Negative,Rainy days make me want to stay in bed all day. ☔,Mobile,#WorkLife,2241.0
27,2025-04-30 04:18:37,"Sydney, Australia",485,160,0.2,Neutral,Woke up to the sound of rain. So peaceful. 🌧️,MOBILE,#WorkLife,5445.0
28,2025-04-30 05:47:24,"Berlin, Germany",7,100,0.47,Positive,Just got my promotion!! 🎉 Hard work pays off.,mobile,#Rain,3421.0
29,2025-04-30 02:28:40,"London, UK",175,106,-0.37,Negative,"Some days are tough, but we keep moving forward. 🙌",Desktop,#Foodie,7465.0
30,2025-04-30 08:29:03,"Paris, France",477,197,0.94,Positive,Learning a new language is so challenging yet rewarding!,Desktop,,5970.0
31,2025-04-30 17:33:38,"São Paulo, Brazil",274,31,-0.76,Negative,Late night thoughts: How amazing is the universe?,Tablet ,#TuesdayFeeling,4441.0
32,2025-04-30 15:31:08,"London, UK",394,45,-0.36,Negative,Huge thanks to everyone who made today unforgettable!,Tablet,,5084.0
33,2025-04-30 15:02:38,"New York, USA",128,62,-0.03,Neutral,New blog post is up! Check it out and let me know your thoughts.,MOBILE,#Foodie,1594.0
34,2025-04-30 12:56:46,"São Paulo, Brazil",20,157,0.27,Neutral,Yoga in the park this morning was so refreshing. 🧘‍♀️,Desktop,,902.0
35,2025-04-30 12:19:39,"Sydney, Australia",259,155,0.76,Positive,Woke up to the sound of rain. So peaceful. 🌧️,Tablet,#MorningVibes,6725.0
36,2025-04-30 15:33:27,"Berlin, Germany",222,58,-0.68,Negative,Sunsets are proof that endings can be beautiful too. 🌇,,#CoffeeBreak,1651.0
37,2025-04-30 08:24:40,"London, UK",282,68,0.12,Neutral,Reading an amazing book right now. Totally recommend!,Desktop,#MorningVibes,1110.0
38,2025-04-30 15:06:59,"São Paulo, Brazil",352,195,0.44,Positive,Reading an amazing book right now. Totally recommend!,mobile,#WorkLife,6198.0
39,2025-04-30 12:29:36,"London, UK",417,153,-0.84,Negative,Met an inspiring entrepreneur today. Great conversation!,Tablet ,#Rain,457.0
40,2025-04-30 01:10:25,"São Paulo, Brazil",132,188,-0.33,Negative,Brainstorming ideas for my next big project!,Des ktop,#Foodie,1606.0
41,2025-04-30 16:28:35,"Paris, France",264,115,0.84,Positive,Is it Friday yet? Need the weekend desperately. 😩,Mobile,#TuesdayFeeling,929.0
42,2025-04-30 03:03:29,"Toronto, Canada",133,59,-0.37,Negative,"Life’s short, eat the cake. 🎂",Desktop,#TuesdayFeeling,583.0
43,2025-04-30 06:58:02,"Toronto, Canada",394,193,0.64,Positive,Family BBQ today! Love days like this. 🍔🌭,MOBILE,#CoffeeBreak,3166.0
44,2025-04-30 05:00:21,"Sydney, Australia",363,130,0.76,Positive,Late night thoughts: How amazing is the universe?,Tablet,#MorningVibes,4126.0
45,2025-04-30 11:47:00,"Sydney, Australia",285,20,-0.77,Negative,"Self-care Sunday: face masks, tea, and zero responsibilities.",Desktop,,7948.0
46,2025-04-30 01:06:36,"London, UK",217,189,0.44,Positive,Just got my promotion!! 🎉 Hard work pays off.,Desktop,#Foodie,6968.0
47,2025-04-30 03:37:51,,162,179,0.81,Positive,Any Netflix recommendations for tonight? 📺,,#MorningVibes,6366.0
48,2025-04-30 14:14:03,"Paris, France",306,174,-0.62,Negative,Trying out bullet journaling — loving it so far!,,#TuesdayFeeling,5736.0
49,2025-04-30 16:36:53,,74,184,-0.13,Neutral,Finally booked my vacation! Counting down the days. ✈️,Desktop,#Fitness,3046.0
50,2025-04-30 00:28:28,"Paris, France",383,149,0.48,Positive,When did it get so cold?! 🥶 Time for sweaters!,mobile,#MorningVibes,4702.0
51,2025-04-30 01:03:59,"Berlin, Germany",107,138,0.69,Positive,Feeling super productive today! Crushing my to-do list.,MOBILE,,3913.0
52,2025-04-30 17:43:50,"Tokyo, Japan",346,162,-0.94,Negative,Trying out a new recipe tonight. Hope it turns out good!,mobile,,4051.0
53,2025-04-30 04:51:07,,380,15,-0.79,Negative,Proud of myself for stepping out of my comfort zone today.,Mobile,#CoffeeBreak,9532.0
54,2025-04-30 15:24:36,"Toronto, Canada",482,167,-0.99,Negative,Yoga in the park this morning was so refreshing. 🧘‍♀️,Tablet,#Foodie,3975.0
55,2025-04-30 10:47:11,"Paris, France",46,166,-0.67,Negative,Proud of myself for stepping out of my comfort zone today.,MOBILE,,562.0
56,2025-04-30 12:48:21,"Paris, France",147,123,0.98,Positive,Overthinking everything... need to chill. 🧘,Tablet,,3184.0
57,2025-04-30 15:13:53,"Berlin, Germany",246,86,-0.85,Negative,Why does my cat wake me up at 5am every day? 😂,Tablet ,#Foodie,8135.0
58,2025-04-30 00:41:27,"London, UK",66,3,0.73,Positive,Best workout session ever! Feeling strong. 💪 #Fitness,mobile,,3684.0
59,2025-04-30 00:21:46,,302,37,-0.28,Neutral,Trying out bullet journaling — loving it so far!,Mobile,#Traffic,3400.0
60,2025-04-30 14:40:51,"Tokyo, Japan",20,56,-0.39,Negative,Miss traveling so much. Dreaming of new adventures.,Tablet,#Traffic,1075.0
61,2025-04-30 00:23:56,"Tokyo, Japan",301,141,0.81,Positive,Met an inspiring entrepreneur today. Great conversation!,Tablet,#Rain,8722.0
62,2025-04-30 15:40:04,"Paris, France",400,38,0.61,Positive,Rainy days make me want to stay in bed all day. ☔,MOBILE,,6581.0
63,2025-04-30 10:40:05,"London, UK",251,76,0.8,Positive,Miss traveling so much. Dreaming of new adventures.,Tablet ,#Traffic,2335.0
64,2025-04-30 17:45:54,"Tokyo, Japan",114,133,0.34,Positive,"Life’s short, eat the cake. 🎂",Desktop,,8082.0
65,2025-04-30 11:49:04,"Paris, France",406,186,-0.78,Negative,Family BBQ today! Love days like this. 🍔🌭,,,5946.0
66,2025-04-30 04:03:50,"Tokyo, Japan",375,45,-0.08,Neutral,Concert tonight! So pumped to see my favorite band live!,Tablet ,#Fitness,2186.0
67,2025-04-30 03:14:06,"New York, USA",99,71,-0.74,Negative,Any tips for staying focused when working from home?,Desktop,,630.0
68,2025-04-30 03:18:52,"Paris, France",146,29,0.6,Positive,Nature walks clear my mind like nothing else.,mobile,,9365.0
69,2025-04-30 01:53:42,"Berlin, Germany",83,112,-0.92,Negative,"Some days are tough, but we keep moving forward. 🙌",MOBILE,#Rain,3999.0
70,2025-04-30 06:18:48,"Paris, France",343,13,0.84,Positive,Late night coding sessions are both a curse and a blessing. 💻,Desktop,,5600.0
71,2025-04-30 08:07:50,"New York, USA",214,149,0.72,Positive,Woke up to the sound of rain. So peaceful. 🌧️,mobile,#CoffeeBreak,1210.0
72,2025-04-30 06:22:49,"Sydney, Australia",82,109,0.82,Positive,Trying out a new recipe tonight. Hope it turns out good!,Mobile,#MorningVibes,6423.0
73,2025-04-30 07:58:39,"Toronto, Canada",425,18,0.61,Positive,Late night coding sessions are both a curse and a blessing. 💻,Desktop,#TuesdayFeeling,6304.0
74,2025-04-30 06:23:38,,467,172,0.93,Positive,Concert tonight! So pumped to see my favorite band live!,Desktop,#TuesdayFeeling,9570.0
75,2025-04-30 11:51:01,"São Paulo, Brazil",62,72,-0.39,Negative,Late night coding sessions are both a curse and a blessing. 💻,Des ktop,#Rain,647.0
76,2025-04-30 05:22:07,"New York, USA",374,120,-0.44,Negative,Finally booked my vacation! Counting down the days. ✈️,Tablet ,#Rain,1315.0
77,2025-04-30 06:13:20,"Tokyo, Japan",430,141,-0.56,Negative,Concert tonight! So pumped to see my favorite band live!,Tablet,#Rain,9062.0
78,2025-04-30 17:08:44,"London, UK",436,60,-0.86,Negative,Miss traveling so much. Dreaming of new adventures.,Des ktop,#MorningVibes,7166.0
79,2025-04-30 17:09:23,"Tokyo, Japan",464,29,-0.91,Negative,When did it get so cold?! 🥶 Time for sweaters!,Desktop,#Foodie,977.0
80,2025-04-30 01:50:36,"Paris, France",160,119,-0.43,Negative,New blog post is up! Check it out and let me know your thoughts.,mobile,#WorkLife,9178.0
81,2025-04-30 13:08:39,,141,52,-0.41,Negative,Woke up to the sound of rain. So peaceful. 🌧️,Tablet ,#Fitness,3991.0
82,2025-04-30 01:44:45,"New York, USA",442,77,0.49,Positive,When life gives you lemons... make margaritas. 🍋🍹,,#TuesdayFeeling,2616.0
83,2025-04-30 00:59:32,"Paris, France",195,67,0.75,Positive,Can't believe how beautiful the sunrise was today! 🌅,Desktop,#Rain,4925.0
84,2025-04-30 14:59:54,"Berlin, Germany",1,104,-0.34,Negative,"Monday motivation: Start where you are, use what you have.",Desktop,#MorningVibes,3490.0
85,2025-04-30 03:06:35,"Sydney, Australia",85,168,0.98,Positive,Huge thanks to everyone who made today unforgettable!,Des ktop,#Rain,5152.0
86,2025-04-30 14:17:17,"Toronto, Canada",254,182,0.06,Neutral,Trying out bullet journaling — loving it so far!,Des ktop,,4441.0
87,2025-04-30 01:39:32,,61,112,-0.43,Negative,Concert tonight! So pumped to see my favorite band live!,Tablet,#Traffic,6349.0
88,2025-04-30 06:43:29,"Tokyo, Japan",267,34,-0.46,Negative,Late night thoughts: How amazing is the universe?,Mobile,#Fitness,7304.0
89,2025-04-30 08:27:58,"Sydney, Australia",493,49,0.15,Neutral,Feeling grateful for the little things today. 🌼,Tablet ,,1109.0
90,2025-04-30 02:45:04,"London, UK",148,68,-0.5,Negative,Huge thanks to everyone who made today unforgettable!,MOBILE,,6882.0
91,2025-04-30 17:40:16,"São Paulo, Brazil",356,194,-0.02,Neutral,Sunsets are proof that endings can be beautiful too. 🌇,Mobile,#WorkLife,8661.0
92,2025-04-30 07:37:15,,200,188,-0.93,Negative,Couldn't resist buying new plants today. 🌱,Des ktop,,3960.0
93,2025-04-30 08:40:12,"Sydney, Australia",34,64,-0.95,Negative,Huge thanks to everyone who made today unforgettable!,Desktop,#MorningVibes,8326.0
94,2025-04-30 10:23:55,,342,174,-0.84,Negative,Overthinking everything... need to chill. 🧘,Tablet,#Rain,7457.0
95,2025-04-30 03:08:49,"Tokyo, Japan",437,75,-0.07,Neutral,New blog post is up! Check it out and let me know your thoughts.,mobile,#Foodie,799.0
96,2025-04-30 07:42:26,"London, UK",14,104,-0.32,Negative,Couldn't resist buying new plants today. 🌱,Desktop,#CoffeeBreak,2522.0
97,2025-04-30 15:11:04,"Sydney, Australia",307,92,-0.66,Negative,Finally booked my vacation! Counting down the days. ✈️,Desktop,#Rain,6458.0
98,2025-04-30 10:07:41,"Toronto, Canada",20,50,-0.11,Neutral,Sunsets are proof that endings can be beautiful too. 🌇,MOBILE,#Fitness,8614.0
99,2025-04-30 08:20:25,"New York, USA",156,178,-0.53,Negative,Any tips for staying focused when working from home?,,#WorkLife,1943.0
100,2025-04-30 07:32:40,"Tokyo, Japan",454,91,-0.79,Negative,"Some days are tough, but we keep moving forward. 🙌",Desktop,#Rain,9319.0
1,2025-04-26 14:11:28,"London, UK",405,75,-0.02,Neutral,Dogs make everything better. 🐶❤️,,#Traffic,6832.0
2,2025-04-26 04:48:30,"Toronto, Canada",341,193,-0.46,Negative,Brainstorming ideas for my next big project!,Des ktop,,7850.0
3,2025-04-26 00:40:55,"Tokyo, Japan",346,182,0.97,Positive,Just got my promotion!! 🎉 Hard work pays off.,Desktop,#Foodie,6681.0
4,2025-04-26 00:42:21,"Toronto, Canada",71,86,-0.19,Neutral,Miss traveling so much. Dreaming of new adventures.,mobile,#MorningVibes,7885.0
5,2025-04-26 16:45:47,"Sydney, Australia",213,152,-0.99,Negative,Made a vision board today. Feeling super motivated!,Mobile,#Traffic,5065.0
6,2025-04-26 05:39:38,"Sydney, Australia",60,11,0.21,Neutral,"Self-care Sunday: face masks, tea, and zero responsibilities.",Desktop,#CoffeeBreak,2301.0
7,2025-04-26 05:28:12,"Berlin, Germany",282,135,-0.52,Negative,Finally booked my vacation! Counting down the days. ✈️,Tablet ,#WorkLife,1562.0
8,2025-04-26 03:25:16,"Berlin, Germany",361,192,-0.1,Neutral,New blog post is up! Check it out and let me know your thoughts.,Desktop,#TuesdayFeeling,8562.0
9,2025-04-26 15:47:12,"Paris, France",108,98,-0.61,Negative,Best workout session ever! Feeling strong. 💪 #Fitness,,#Foodie,1175.0
10,2025-04-26 05:39:49,,290,175,-0.44,Negative,When life gives you lemons... make margaritas. 🍋🍹,Tablet,,9417.0
11,2025-04-26 00:31:37,"Tokyo, Japan",311,176,0.03,Neutral,"Monday motivation: Start where you are, use what you have.",mobile,#MorningVibes,4187.0
12,2025-04-26 00:36:07,"Berlin, Germany",485,48,-0.98,Negative,Best workout session ever! Feeling strong. 💪 #Fitness,MOBILE,#CoffeeBreak,4588.0
13,2025-04-26 06:42:20,"Berlin, Germany",189,135,-0.93,Negative,Best pizza I've ever had. Hands down. 🍕,Desktop,,2129.0
14,2025-04-26 12:24:01,"New York, USA",379,96,-0.32,Negative,Any Netflix recommendations for tonight? 📺,MOBILE,#TuesdayFeeling,9832.0
15,2025-04-26 08:07:15,"Tokyo, Japan",340,176,-0.56,Negative,Trying out bullet journaling — loving it so far!,,#Traffic,5740.0
16,2025-04-26 02:58:36,"Sydney, Australia",105,106,-0.91,Negative,Proud of myself for stepping out of my comfort zone today.,Desktop,#Fitness,549.0
17,2025-04-26 07:02:13,"New York, USA",232,8,0.63,Positive,Late night coding sessions are both a curse and a blessing. 💻,mobile,#CoffeeBreak,3788.0
18,2025-04-26 12:20:13,"São Paulo, Brazil",304,40,0.64,Positive,Just got my promotion!! 🎉 Hard work pays off.,Desktop,,428.0
19,2025-04-26 15:44:24,"New York, USA",276,50,0.76,Positive,Trying out bullet journaling — loving it so far!,Tablet,,2937.0
20,2025-04-26 10:56:36,"New York, USA",182,40,-0.94,Negative,Feeling grateful for the little things today. 🌼,Tablet ,,5104.0
21,2025-04-26 12:58:30,"Sydney, Australia",191,10,-0.91,Negative,Sending positive vibes to everyone today. ✨,Desktop,#Traffic,7620.0
22,2025-04-26 04:35:14,"São Paulo, Brazil",394,76,0.86,Positive,Catching up with old friends always feels like no time passed.,Tablet ,,8630.0
23,2025-04-26 15:00:22,"Toronto, Canada",44,0,-0.22,Neutral,Met an inspiring entrepreneur today. Great conversation!,Desktop,#MorningVibes,8480.0
24,2025-04-26 12:03:28,"Paris, France",18,75,0.76,Positive,Sunsets are proof that endings can be beautiful too. 🌇,Tablet ,#Fitness,1871.0
25,2025-04-26 08:46:11,"London, UK",444,108,0.22,Neutral,Miss traveling so much. Dreaming of new adventures.,Tablet ,,5427.0
26,2025-04-26 15:40:58,"Sydney, Australia",239,160,0.65,Positive,Woke up to the sound of rain. So peaceful. 🌧️,Tablet ,#CoffeeBreak,2556.0
27,2025-04-26 09:25:01,"São Paulo, Brazil",102,196,-1.0,Negative,Best workout session ever! Feeling strong. 💪 #Fitness,Desktop,,5336.0
28,2025-04-26 12:23:34,"Tokyo, Japan",346,173,-0.9,Negative,"Life’s short, eat the cake. 🎂",Mobile,,8248.0
29,2025-04-26 05:22:52,"Sydney, Australia",492,174,-0.88,Negative,Learning a new language is so challenging yet rewarding!,Desktop,#WorkLife,678.0
30,2025-04-26 10:36:49,"São Paulo, Brazil",174,83,0.37,Positive,Miss traveling so much. Dreaming of new adventures.,mobile,,8859.0
31,2025-04-26 11:37:12,"Berlin, Germany",449,67,-0.23,Neutral,"Sometimes you win, sometimes you learn. 💬",MOBILE,,5018.0
32,2025-04-26 15:23:25,"Tokyo, Japan",126,163,-0.26,Neutral,"Sometimes you win, sometimes you learn. 💬",,#Foodie,4913.0
33,2025-04-26 01:46:36,"Berlin, Germany",146,155,0.1,Neutral,Reading an amazing book right now. Totally recommend!,Tablet ,,3099.0
34,2025-04-26 17:14:17,"Paris, France",112,75,-0.84,Negative,Brainstorming ideas for my next big project!,Desktop,#CoffeeBreak,5920.0
35,2025-04-26 04:03:56,"Sydney, Australia",142,40,0.88,Positive,Learning a new language is so challenging yet rewarding!,MOBILE,#Traffic,4369.0
36,2025-04-26 10:39:35,"Sydney, Australia",446,28,0.36,Positive,Catching up with old friends always feels like no time passed.,Desktop,#TuesdayFeeling,979.0
37,2025-04-26 15:46:19,"London, UK",449,50,0.19,Neutral,Trying out bullet journaling — loving it so far!,mobile,,2063.0
38,2025-04-26 15:47:32,"Toronto, Canada",265,141,0.27,Neutral,Feeling super productive today! Crushing my to-do list.,Tablet ,#WorkLife,985.0
39,2025-04-26 15:51:11,"Tokyo, Japan",117,120,-0.69,Negative,Reading an amazing book right now. Totally recommend!,mobile,#Traffic,6804.0
40,2025-04-26 17:58:16,"Berlin, Germany",258,83,0.28,Neutral,"Some days are tough, but we keep moving forward. 🙌",MOBILE,#Foodie,1424.0
41,2025-04-26 08:52:34,"Paris, France",116,1,0.06,Neutral,Just finished my first marathon! 🏃‍♂️🏅,Tablet,#Traffic,1050.0
42,2025-04-26 00:05:08,"Berlin, Germany",386,143,0.98,Positive,Just got my promotion!! 🎉 Hard work pays off.,mobile,#Foodie,9541.0
43,2025-04-26 13:55:01,"Tokyo, Japan",257,80,0.39,Positive,"Self-care Sunday: face masks, tea, and zero responsibilities.",Desktop,#Foodie,7205.0
44,2025-04-26 11:31:56,"Toronto, Canada",267,162,-0.1,Neutral,When life gives you lemons... make margaritas. 🍋🍹,Desktop,#TuesdayFeeling,6380.0
45,2025-04-26 00:05:05,"New York, USA",310,44,-0.2,Neutral,Why does my cat wake me up at 5am every day? 😂,mobile,#Traffic,330.0
46,2025-04-26 16:14:18,"Paris, France",356,61,0.12,Neutral,This weather makes me so happy! ☀️,,#CoffeeBreak,393.0
47,2025-04-26 12:19:11,"New York, USA",222,152,0.46,Positive,Just finished my first marathon! 🏃‍♂️🏅,mobile,#CoffeeBreak,5741.0
48,2025-04-26 05:40:53,"Tokyo, Japan",293,27,-0.23,Neutral,Trying out a new recipe tonight. Hope it turns out good!,Desktop,,9744.0
49,2025-04-26 05:34:21,"Tokyo, Japan",106,145,-0.19,Neutral,Rainy days make me want to stay in bed all day. ☔,Mobile,#Fitness,4864.0
50,2025-04-26 08:17:59,,428,118,0.09,Neutral,When did it get so cold?! 🥶 Time for sweaters!,,#Traffic,7205.0
51,2025-04-26 16:09:54,"Tokyo, Japan",485,121,0.18,Neutral,Miss traveling so much. Dreaming of new adventures.,Des ktop,#Traffic,3187.0
52,2025-04-26 03:00:05,"Toronto, Canada",363,97,-0.23,Neutral,Coffee is life. Don't talk to me before my second cup. ☕,mobile,#CoffeeBreak,2249.0
53,2025-04-26 03:50:40,"New York, USA",194,155,0.16,Neutral,Met an inspiring entrepreneur today. Great conversation!,,#Foodie,2117.0
54,2025-04-26 06:40:24,"New York, USA",40,62,-0.8,Negative,Concert tonight! So pumped to see my favorite band live!,Tablet ,,896.0
55,2025-04-26 10:48:43,"New York, USA",74,47,-0.98,Negative,"Sometimes you win, sometimes you learn. 💬",Desktop,,423.0
56,2025-04-26 00:52:41,"London, UK",312,117,0.41,Positive,Learning a new language is so challenging yet rewarding!,Des ktop,#WorkLife,2124.0
57,2025-04-26 09:57:46,"Sydney, Australia",416,151,-0.25,Neutral,Trying out bullet journaling — loving it so far!,Tablet,#CoffeeBreak,252.0
58,2025-04-26 05:28:53,"Toronto, Canada",439,155,-0.14,Neutral,"Sometimes you win, sometimes you learn. 💬",Desktop,,8624.0
59,2025-04-26 04:54:53,"Tokyo, Japan",195,164,0.78,Positive,Learning a new language is so challenging yet rewarding!,Desktop,,2028.0
60,2025-04-26 05:08:47,"London, UK",192,46,-0.69,Negative,Trying out a new recipe tonight. Hope it turns out good!,Des ktop,#CoffeeBreak,3372.0
61,2025-04-26 14:09:44,"Sydney, Australia",156,187,-0.24,Neutral,Feeling super productive today! Crushing my to-do list.,mobile,#Traffic,6813.0
62,2025-04-26 05:22:36,"Tokyo, Japan",418,170,-0.23,Neutral,Stuck in traffic again... seriously?! 🚗🚦,,#TuesdayFeeling,3502.0
63,2025-04-26 12:31:42,"Berlin, Germany",474,125,0.19,Neutral,Miss traveling so much. Dreaming of new adventures.,mobile,#MorningVibes,308.0
64,2025-04-26 12:13:36,"London, UK",368,37,0.69,Positive,Is it Friday yet? Need the weekend desperately. 😩,Des ktop,#Foodie,1575.0
65,2025-04-26 14:11:27,,391,161,0.68,Positive,Rainy days make me want to stay in bed all day. ☔,Desktop,#Fitness,3887.0
66,2025-04-26 08:18:53,"Sydney, Australia",439,64,-0.79,Negative,Woke up to the sound of rain. So peaceful. 🌧️,Des ktop,#MorningVibes,1735.0
67,2025-04-26 14:48:12,"Tokyo, Japan",112,108,0.94,Positive,Stuck in traffic again... seriously?! 🚗🚦,Tablet ,#Traffic,5223.0
68,2025-04-26 07:45:18,"London, UK",413,119,0.95,Positive,Trying out a new recipe tonight. Hope it turns out good!,Mobile,#MorningVibes,2367.0
69,2025-04-26 12:04:33,"Tokyo, Japan",66,74,-0.73,Negative,Miss traveling so much. Dreaming of new adventures.,MOBILE,#TuesdayFeeling,4495.0
70,2025-04-26 15:59:31,"London, UK",153,154,-0.58,Negative,Made a vision board today. Feeling super motivated!,MOBILE,#Foodie,1965.0
71,2025-04-26 07:17:45,"Toronto, Canada",362,191,-0.17,Neutral,Catching up with old friends always feels like no time passed.,Tablet ,#WorkLife,7935.0
72,2025-04-26 14:33:42,"Toronto, Canada",50,49,-0.37,Negative,Brainstorming ideas for my next big project!,Tablet,#Rain,2271.0
73,2025-04-26 12:40:24,"New York, USA",124,142,-0.02,Neutral,Late night coding sessions are both a curse and a blessing. 💻,Desktop,#WorkLife,9778.0
74,2025-04-26 08:47:12,"Berlin, Germany",425,121,-0.77,Negative,Family BBQ today! Love days like this. 🍔🌭,Desktop,#Traffic,572.0
75,2025-04-26 15:42:09,"Tokyo, Japan",169,123,-0.37,Negative,Trying out bullet journaling — loving it so far!,Des ktop,#Rain,6838.0
76,2025-04-26 08:01:20,"New York, USA",86,133,0.21,Neutral,Rainy days make me want to stay in bed all day. ☔,Tablet ,,5248.0
77,2025-04-26 00:13:30,,200,112,-0.82,Negative,Proud of myself for stepping out of my comfort zone today.,mobile,,5642.0
78,2025-04-26 09:26:59,,58,174,-0.7,Negative,Any tips for staying focused when working from home?,Desktop,#WorkLife,4172.0
79,2025-04-26 08:46:23,"Paris, France",400,108,0.94,Positive,"Sometimes you win, sometimes you learn. 💬",Desktop,#Foodie,9247.0
80,2025-04-26 16:14:22,"New York, USA",277,67,0.96,Positive,Can't believe how beautiful the sunrise was today! 🌅,Tablet,,7788.0
81,2025-04-26 15:30:28,"Berlin, Germany",488,48,0.06,Neutral,Late night coding sessions are both a curse and a blessing. 💻,Desktop,#TuesdayFeeling,5353.0
82,2025-04-26 04:23:07,"Paris, France",364,85,-0.51,Negative,Just got my promotion!! 🎉 Hard work pays off.,Mobile,,3748.0
83,2025-04-26 10:01:17,"Toronto, Canada",342,178,-0.29,Neutral,When life gives you lemons... make margaritas. 🍋🍹,mobile,#Rain,7621.0
84,2025-04-26 08:05:10,"Berlin, Germany",353,159,0.42,Positive,Huge thanks to everyone who made today unforgettable!,Des ktop,#TuesdayFeeling,5278.0
85,2025-04-26 02:09:39,"Berlin, Germany",249,84,-0.32,Negative,Proud of myself for stepping out of my comfort zone today.,Mobile,#Rain,6709.0
86,2025-04-26 07:30:23,"New York, USA",491,20,0.93,Positive,Sunsets are proof that endings can be beautiful too. 🌇,,#MorningVibes,1589.0
87,2025-04-26 14:24:50,"Sydney, Australia",358,67,-0.31,Negative,Best pizza I've ever had. Hands down. 🍕,,#CoffeeBreak,7574.0
88,2025-04-26 17:18:02,"Paris, France",91,190,-0.72,Negative,Made a vision board today. Feeling super motivated!,Mobile,#CoffeeBreak,7545.0
89,2025-04-26 06:02:36,,482,140,0.25,Neutral,Nature walks clear my mind like nothing else.,Des ktop,,6052.0
90,2025-04-26 13:01:58,"Berlin, Germany",138,178,0.56,Positive,Is it Friday yet? Need the weekend desperately. 😩,Desktop,,3733.0
91,2025-04-26 00:02:23,"Paris, France",98,81,0.25,Neutral,Yoga in the park this morning was so refreshing. 🧘‍♀️,Tablet ,,8652.0
92,2025-04-26 06:48:23,"London, UK",248,151,0.24,Neutral,Stuck in traffic again... seriously?! 🚗🚦,Tablet,#TuesdayFeeling,2401.0
93,2025-04-26 14:57:40,"Toronto, Canada",164,84,-0.7,Negative,Trying out a new recipe tonight. Hope it turns out good!,Tablet ,,3309.0
94,2025-04-26 03:24:50,"London, UK",4,144,0.42,Positive,When life gives you lemons... make margaritas. 🍋🍹,mobile,#TuesdayFeeling,3222.0
95,2025-04-26 13:02:55,"Paris, France",373,146,-0.74,Negative,Trying out a new recipe tonight. Hope it turns out good!,Desktop,#MorningVibes,9747.0
96,2025-04-26 02:14:35,"Berlin, Germany",90,116,0.2,Neutral,Catching up with old friends always feels like no time passed.,,#Foodie,8272.0
97,2025-04-26 00:04:44,,309,172,-0.08,Neutral,Proud of myself for stepping out of my comfort zone today.,Mobile,,7191.0
98,2025-04-26 15:16:12,"Berlin, Germany",245,148,0.49,Positive,Best pizza I've ever had. Hands down. 🍕,Tablet,,2945.0
99,2025-04-26 13:17:53,"Tokyo, Japan",486,4,0.59,Positive,Trying out a new recipe tonight. Hope it turns out good!,Desktop,,9939.0
100,2025-04-26 11:02:05,"Paris, France",19,168,0.75,Positive,Best pizza I've ever had. Hands down. 🍕,Desktop,#WorkLife,4167.0
1,2025-04-27 04:58:50,"Toronto, Canada",11,69,-0.7,Negative,Miss traveling so much. Dreaming of new adventures.,Tablet ,#TuesdayFeeling,2285.0
2,2025-04-27 02:30:55,"Toronto, Canada",146,153,0.96,Positive,When did it get so cold?! 🥶 Time for sweaters!,,#Fitness,9075.0
3,2025-04-27 15:40:07,"Paris, France",235,51,0.73,Positive,Celebrating small wins today. They matter too. 🎯,,,3660.0
4,2025-04-27 03:39:25,"São Paulo, Brazil",182,101,0.04,Neutral,Nature walks clear my mind like nothing else.,Tablet ,,5757.0
5,2025-04-27 16:46:11,"Tokyo, Japan",445,150,-0.23,Neutral,Celebrating small wins today. They matter too. 🎯,Tablet,,8988.0
6,2025-04-27 12:38:22,"Paris, France",202,191,-0.02,Neutral,Celebrating small wins today. They matter too. 🎯,Desktop,#Traffic,9312.0
7,2025-04-27 08:44:41,"Toronto, Canada",241,178,0.79,Positive,Couldn't resist buying new plants today. 🌱,,#Fitness,7020.0
8,2025-04-27 14:42:53,"New York, USA",218,81,-0.11,Neutral,Feeling super productive today! Crushing my to-do list.,Desktop,#MorningVibes,6340.0
9,2025-04-27 02:38:44,"New York, USA",174,3,0.61,Positive,"Sometimes you win, sometimes you learn. 💬",Mobile,#CoffeeBreak,4474.0
10,2025-04-27 13:39:24,"Tokyo, Japan",162,47,0.99,Positive,Dogs make everything better. 🐶❤️,Tablet ,#Foodie,1116.0
11,2025-04-27 12:34:18,"Sydney, Australia",327,115,-0.99,Negative,New blog post is up! Check it out and let me know your thoughts.,,#MorningVibes,5976.0
12,2025-04-27 14:49:08,"Berlin, Germany",336,112,-0.4,Negative,Trying out a new recipe tonight. Hope it turns out good!,,#CoffeeBreak,9295.0
13,2025-04-27 07:04:46,"São Paulo, Brazil",327,146,-0.38,Negative,Best pizza I've ever had. Hands down. 🍕,Tablet ,,869.0
14,2025-04-27 16:51:58,"Toronto, Canada",322,186,-0.94,Negative,Concert tonight! So pumped to see my favorite band live!,Desktop,,5222.0
15,2025-04-27 17:34:56,,430,188,0.85,Positive,Best workout session ever! Feeling strong. 💪 #Fitness,Mobile,#Fitness,3427.0
16,2025-04-27 11:17:49,"Berlin, Germany",207,113,-0.05,Neutral,Feeling grateful for the little things today. 🌼,MOBILE,,9055.0
17,2025-04-27 13:26:35,"São Paulo, Brazil",348,170,0.74,Positive,"Life’s short, eat the cake. 🎂",mobile,#Fitness,7453.0
18,2025-04-27 03:13:47,"London, UK",393,41,0.27,Neutral,Family BBQ today! Love days like this. 🍔🌭,Tablet,,2055.0
19,2025-04-27 06:52:00,"New York, USA",276,193,-0.33,Negative,Sending positive vibes to everyone today. ✨,Tablet ,,4429.0
20,2025-04-27 02:22:04,"Tokyo, Japan",34,183,0.06,Neutral,Met an inspiring entrepreneur today. Great conversation!,Tablet ,#MorningVibes,5515.0
21,2025-04-27 08:29:21,"Tokyo, Japan",221,46,0.98,Positive,Stuck in traffic again... seriously?! 🚗🚦,Tablet,#Traffic,9879.0
22,2025-04-27 00:55:32,"Sydney, Australia",369,7,0.99,Positive,"Self-care Sunday: face masks, tea, and zero responsibilities.",,#Traffic,1294.0
23,2025-04-27 14:16:22,"Paris, France",487,70,-1.0,Negative,Feeling super productive today! Crushing my to-do list.,mobile,#Foodie,8629.0
24,2025-04-27 01:14:28,,66,64,-0.32,Negative,Late night coding sessions are both a curse and a blessing. 💻,Desktop,,8898.0
25,2025-04-27 07:20:38,"London, UK",36,0,-0.86,Negative,Yoga in the park this morning was so refreshing. 🧘‍♀️,mobile,#CoffeeBreak,5537.0
26,2025-04-27 06:01:36,"Paris, France",140,135,0.54,Positive,Dogs make everything better. 🐶❤️,mobile,,8791.0
27,2025-04-27 08:38:40,,127,126,0.77,Positive,This weather makes me so happy! ☀️,Mobile,#Rain,5768.0
28,2025-04-27 08:06:47,"São Paulo, Brazil",34,193,-0.79,Negative,Brainstorming ideas for my next big project!,mobile,#MorningVibes,5358.0
29,2025-04-27 06:56:33,"London, UK",22,8,0.45,Positive,Concert tonight! So pumped to see my favorite band live!,Tablet ,,4733.0
30,2025-04-27 00:26:59,,461,127,0.37,Positive,Made a vision board today. Feeling super motivated!,,,7400.0
31,2025-04-27 08:51:43,"New York, USA",478,101,-0.39,Negative,Dogs make everything better. 🐶❤️,mobile,#Traffic,8519.0
32,2025-04-27 01:29:56,"London, UK",71,2,0.26,Neutral,Late night coding sessions are both a curse and a blessing. 💻,,,220.0
33,2025-04-27 11:24:46,"London, UK",460,172,0.4,Positive,New blog post is up! Check it out and let me know your thoughts.,mobile,,7050.0
34,2025-04-27 15:12:46,"London, UK",44,60,-0.8,Negative,New blog post is up! Check it out and let me know your thoughts.,,#WorkLife,1281.0
35,2025-04-27 13:35:48,"Tokyo, Japan",357,15,0.36,Positive,Coffee is life. Don't talk to me before my second cup. ☕,Des ktop,#Traffic,720.0
36,2025-04-27 01:35:35,"London, UK",144,118,0.68,Positive,Best workout session ever! Feeling strong. 💪 #Fitness,Tablet,#Fitness,9243.0
37,2025-04-27 01:16:56,"São Paulo, Brazil",379,143,-0.04,Neutral,Woke up to the sound of rain. So peaceful. 🌧️,Desktop,#WorkLife,7491.0
38,2025-04-27 11:28:21,"Toronto, Canada",321,193,0.42,Positive,Sending positive vibes to everyone today. ✨,MOBILE,#MorningVibes,6481.0
39,2025-04-27 12:15:25,"London, UK",183,110,-0.58,Negative,Why does my cat wake me up at 5am every day? 😂,Mobile,,1136.0
40,2025-04-27 13:45:42,"New York, USA",289,38,-0.2,Neutral,Any tips for staying focused when working from home?,Desktop,#Traffic,8338.0
41,2025-04-27 01:55:55,"Sydney, Australia",214,119,-0.19,Neutral,Couldn't resist buying new plants today. 🌱,Tablet ,,1517.0
42,2025-04-27 05:07:29,"Berlin, Germany",26,117,-0.36,Negative,Concert tonight! So pumped to see my favorite band live!,Desktop,,604.0
43,2025-04-27 08:37:43,"Tokyo, Japan",52,38,-0.55,Negative,Why does my cat wake me up at 5am every day? 😂,mobile,#Foodie,6506.0
44,2025-04-27 14:30:17,,232,157,0.96,Positive,Dogs make everything better. 🐶❤️,Tablet,#Fitness,6213.0
45,2025-04-27 17:25:43,"New York, USA",20,146,-0.28,Neutral,Sunsets are proof that endings can be beautiful too. 🌇,,#Foodie,2119.0
46,2025-04-27 00:45:37,"New York, USA",312,24,-0.75,Negative,Overthinking everything... need to chill. 🧘,Desktop,,9070.0
47,2025-04-27 17:14:21,"London, UK",336,182,0.01,Neutral,This new app I'm using is a game changer!,mobile,#Traffic,3569.0
48,2025-04-27 07:30:43,,445,73,0.17,Neutral,"Some days are tough, but we keep moving forward. 🙌",Tablet,#Foodie,3717.0
49,2025-04-27 11:13:48,"Sydney, Australia",455,53,-0.86,Negative,"Monday motivation: Start where you are, use what you have.",Desktop,#Foodie,9394.0
50,2025-04-27 15:30:53,"New York, USA",159,113,-0.52,Negative,This weather makes me so happy! ☀️,,#TuesdayFeeling,9105.0
51,2025-04-27 01:19:53,"Sydney, Australia",411,109,0.65,Positive,"Sometimes you win, sometimes you learn. 💬",Desktop,#Fitness,1708.0
52,2025-04-27 03:35:37,"Berlin, Germany",407,78,0.11,Neutral,Miss traveling so much. Dreaming of new adventures.,MOBILE,#Foodie,3942.0
53,2025-04-27 01:49:16,"Sydney, Australia",190,3,-0.71,Negative,Nature walks clear my mind like nothing else.,Desktop,#CoffeeBreak,5306.0
54,2025-04-27 08:50:41,"Berlin, Germany",470,7,-0.46,Negative,Miss traveling so much. Dreaming of new adventures.,Tablet ,,2596.0
55,2025-04-27 10:17:44,"Paris, France",118,158,-0.43,Negative,Finally booked my vacation! Counting down the days. ✈️,Desktop,#Foodie,179.0
56,2025-04-27 05:42:06,"São Paulo, Brazil",337,97,0.44,Positive,Feeling grateful for the little things today. 🌼,Desktop,#Fitness,5989.0
57,2025-04-27 02:26:41,"Paris, France",360,48,-0.36,Negative,Trying out bullet journaling — loving it so far!,Des ktop,#TuesdayFeeling,5977.0
58,2025-04-27 14:06:15,"Sydney, Australia",478,92,-0.91,Negative,"Self-care Sunday: face masks, tea, and zero responsibilities.",,#Rain,2979.0
59,2025-04-27 11:45:06,"London, UK",95,37,0.79,Positive,Just got my promotion!! 🎉 Hard work pays off.,Tablet,,3318.0
60,2025-04-27 04:47:31,"London, UK",87,49,-0.07,Neutral,"Life’s short, eat the cake. 🎂",Desktop,#MorningVibes,8409.0
61,2025-04-27 11:29:54,"New York, USA",389,68,0.88,Positive,Met an inspiring entrepreneur today. Great conversation!,Desktop,,3585.0
62,2025-04-27 16:29:55,"New York, USA",319,156,0.86,Positive,Sunsets are proof that endings can be beautiful too. 🌇,Tablet ,,8942.0
63,2025-04-27 08:35:39,"Tokyo, Japan",120,64,-0.74,Negative,Made a vision board today. Feeling super motivated!,Desktop,#CoffeeBreak,9760.0
64,2025-04-27 13:20:52,"Sydney, Australia",136,154,0.73,Positive,Reading an amazing book right now. Totally recommend!,Des ktop,,8462.0
65,2025-04-27 01:38:54,"Toronto, Canada",451,99,0.81,Positive,Made a vision board today. Feeling super motivated!,,#MorningVibes,4013.0
66,2025-04-27 15:26:13,"Tokyo, Japan",306,140,-0.16,Neutral,This weather makes me so happy! ☀️,,#Foodie,7410.0
67,2025-04-27 02:53:54,"Tokyo, Japan",197,111,0.87,Positive,Overthinking everything... need to chill. 🧘,Tablet,#TuesdayFeeling,5978.0
68,2025-04-27 00:44:08,"São Paulo, Brazil",178,164,-0.77,Negative,This weather makes me so happy! ☀️,Des ktop,#CoffeeBreak,1129.0
69,2025-04-27 04:48:44,"Paris, France",470,156,-0.22,Neutral,Feeling grateful for the little things today. 🌼,Mobile,,3487.0
70,2025-04-27 09:25:40,"Paris, France",474,119,0.35,Positive,Concert tonight! So pumped to see my favorite band live!,Des ktop,#TuesdayFeeling,860.0
71,2025-04-27 00:43:35,"Paris, France",174,22,-0.49,Negative,Trying out a new recipe tonight. Hope it turns out good!,,,4580.0
72,2025-04-27 15:11:54,"Sydney, Australia",234,12,-0.63,Negative,Met an inspiring entrepreneur today. Great conversation!,,,2948.0
73,2025-04-27 06:51:24,"Toronto, Canada",23,107,-0.74,Negative,Made a vision board today. Feeling super motivated!,Desktop,,4221.0
74,2025-04-27 06:51:03,"São Paulo, Brazil",451,174,0.89,Positive,Feeling super productive today! Crushing my to-do list.,Desktop,#Traffic,5753.0
75,2025-04-27 08:51:46,"Berlin, Germany",200,20,-0.05,Neutral,When did it get so cold?! 🥶 Time for sweaters!,Mobile,,2376.0
76,2025-04-27 08:00:29,"Tokyo, Japan",210,139,1.0,Positive,Feeling grateful for the little things today. 🌼,Desktop,,4700.0
77,2025-04-27 03:51:01,"Tokyo, Japan",400,100,-0.0,Neutral,Family BBQ today! Love days like this. 🍔🌭,Tablet,#Traffic,9963.0
78,2025-04-27 13:03:29,"London, UK",358,27,0.73,Positive,"Sometimes you win, sometimes you learn. 💬",mobile,#WorkLife,5510.0
79,2025-04-27 13:06:42,"London, UK",354,46,-0.78,Negative,Trying out bullet journaling — loving it so far!,Des ktop,#TuesdayFeeling,3552.0
80,2025-04-27 10:45:18,"Tokyo, Japan",255,104,-0.9,Negative,Brainstorming ideas for my next big project!,Desktop,#MorningVibes,4092.0
81,2025-04-27 00:47:07,"Tokyo, Japan",488,12,-0.17,Neutral,Overthinking everything... need to chill. 🧘,Tablet,#Foodie,8499.0
82,2025-04-27 00:42:48,"Tokyo, Japan",396,99,0.7,Positive,Best workout session ever! Feeling strong. 💪 #Fitness,Tablet,#Fitness,3049.0
83,2025-04-27 09:24:18,"Toronto, Canada",15,136,0.31,Positive,When did it get so cold?! 🥶 Time for sweaters!,Mobile,,4744.0
84,2025-04-27 17:14:39,"London, UK",458,53,0.76,Positive,New blog post is up! Check it out and let me know your thoughts.,Des ktop,,7823.0
85,2025-04-27 15:47:19,"Berlin, Germany",480,99,0.36,Positive,Late night coding sessions are both a curse and a blessing. 💻,mobile,#WorkLife,9944.0
86,2025-04-27 02:35:52,"Tokyo, Japan",172,161,-0.21,Neutral,Nature walks clear my mind like nothing else.,,#Fitness,2847.0
87,2025-04-27 13:11:00,"Paris, France",263,6,-0.75,Negative,Catching up with old friends always feels like no time passed.,Desktop,#CoffeeBreak,6296.0
88,2025-04-27 07:01:01,"Tokyo, Japan",2,27,0.95,Positive,Trying out a new recipe tonight. Hope it turns out good!,Mobile,#CoffeeBreak,8664.0
89,2025-04-27 15:38:54,,427,148,0.36,Positive,Couldn't resist buying new plants today. 🌱,Desktop,#Foodie,1677.0
90,2025-04-27 03:13:47,"Berlin, Germany",309,181,0.16,Neutral,Nature walks clear my mind like nothing else.,Mobile,,8346.0
91,2025-04-27 13:41:48,"London, UK",20,12,-0.88,Negative,Huge thanks to everyone who made today unforgettable!,Des ktop,,2235.0
92,2025-04-27 16:25:12,,117,53,0.03,Neutral,Can't believe how beautiful the sunrise was today! 🌅,Desktop,,6992.0
93,2025-04-27 06:44:33,"New York, USA",43,46,0.67,Positive,Any tips for staying focused when working from home?,,#WorkLife,3859.0
94,2025-04-27 17:05:00,"Berlin, Germany",45,12,-0.24,Neutral,Concert tonight! So pumped to see my favorite band live!,MOBILE,,9539.0
95,2025-04-27 01:46:43,"Toronto, Canada",279,1,-0.96,Negative,Reading an amazing book right now. Totally recommend!,Tablet ,#TuesdayFeeling,3909.0
96,2025-04-27 16:34:03,"London, UK",355,141,-0.17,Neutral,Dogs make everything better. 🐶❤️,,#WorkLife,4323.0
97,2025-04-27 03:26:27,"New York, USA",408,130,-0.19,Neutral,Celebrating small wins today. They matter too. 🎯,Mobile,,8661.0
98,2025-04-27 02:08:42,,16,11,0.19,Neutral,Can't believe how beautiful the sunrise was today! 🌅,Desktop,,3465.0
99,2025-04-27 12:31:13,"Paris, France",23,28,-0.07,Neutral,Learning a new language is so challenging yet rewarding!,MOBILE,#Rain,2635.0
100,2025-04-27 07:45:23,"Sydney, Australia",227,121,0.04,Neutral,Woke up to the sound of rain. So peaceful. 🌧️,,#WorkLife,9351.0
1,2025-04-28 06:39:22,"Sydney, Australia",229,64,-0.38,Negative,Couldn't resist buying new plants today. 🌱,Desktop,#CoffeeBreak,6870.0
2,2025-04-28 10:03:02,,155,15,0.55,Positive,Trying out bullet journaling — loving it so far!,Tablet,#Traffic,9260.0
3,2025-04-28 10:06:06,"Berlin, Germany",103,91,0.95,Positive,Woke up to the sound of rain. So peaceful. 🌧️,Tablet ,,5741.0
4,2025-04-28 14:05:37,"Toronto, Canada",282,180,-0.85,Negative,Proud of myself for stepping out of my comfort zone today.,Tablet,,2051.0
5,2025-04-28 13:36:48,"São Paulo, Brazil",174,161,-0.64,Negative,Late night thoughts: How amazing is the universe?,Tablet,#Rain,3613.0
6,2025-04-28 09:15:14,"Toronto, Canada",390,152,0.55,Positive,Miss traveling so much. Dreaming of new adventures.,,,952.0
7,2025-04-28 02:55:34,"Toronto, Canada",441,6,-0.3,Neutral,Just finished my first marathon! 🏃‍♂️🏅,Mobile,#Rain,2481.0
8,2025-04-28 08:35:11,"Toronto, Canada",125,11,-1.0,Negative,Huge thanks to everyone who made today unforgettable!,Desktop,#Fitness,3733.0
9,2025-04-28 06:45:03,"London, UK",42,116,0.29,Neutral,When did it get so cold?! 🥶 Time for sweaters!,Mobile,#WorkLife,6664.0
10,2025-04-28 11:10:36,,134,110,0.35,Positive,Dogs make everything better. 🐶❤️,Mobile,#Foodie,8199.0
11,2025-04-28 07:59:28,"New York, USA",159,74,0.66,Positive,"Monday motivation: Start where you are, use what you have.",,#Fitness,3290.0
12,2025-04-28 00:36:42,,470,199,-0.59,Negative,Feeling super productive today! Crushing my to-do list.,mobile,,2876.0
13,2025-04-28 12:16:12,"New York, USA",58,131,0.8,Positive,Made a vision board today. Feeling super motivated!,mobile,,104.0
14,2025-04-28 17:45:39,"Tokyo, Japan",412,156,-0.51,Negative,Huge thanks to everyone who made today unforgettable!,Tablet ,#WorkLife,5885.0
15,2025-04-28 12:11:26,"Toronto, Canada",411,78,-0.88,Negative,When life gives you lemons... make margaritas. 🍋🍹,mobile,,351.0
16,2025-04-28 13:24:55,"London, UK",427,3,0.92,Positive,Huge thanks to everyone who made today unforgettable!,,#Fitness,9260.0
17,2025-04-28 16:39:26,"Paris, France",392,118,0.57,Positive,Yoga in the park this morning was so refreshing. 🧘‍♀️,Tablet ,#CoffeeBreak,3287.0
18,2025-04-28 08:16:43,"Toronto, Canada",95,177,0.29,Neutral,Overthinking everything... need to chill. 🧘,Mobile,#Fitness,2967.0
19,2025-04-28 07:24:41,,287,27,0.55,Positive,Trying out a new recipe tonight. Hope it turns out good!,,#Rain,8343.0
20,2025-04-28 05:21:24,"Paris, France",16,58,0.45,Positive,Is it Friday yet? Need the weekend desperately. 😩,,#Fitness,8913.0
21,2025-04-28 14:48:10,"Sydney, Australia",198,105,0.79,Positive,Any tips for staying focused when working from home?,Des ktop,#WorkLife,9326.0
22,2025-04-28 08:48:15,"São Paulo, Brazil",24,137,-0.37,Negative,This weather makes me so happy! ☀️,MOBILE,#TuesdayFeeling,7648.0
23,2025-04-28 16:19:14,"New York, USA",338,10,0.96,Positive,Trying out bullet journaling — loving it so far!,Desktop,#Fitness,1206.0
24,2025-04-28 06:57:58,"São Paulo, Brazil",455,103,0.81,Positive,Couldn't resist buying new plants today. 🌱,mobile,#Traffic,6857.0
25,2025-04-28 17:23:36,"Paris, France",350,155,0.29,Neutral,Feeling super productive today! Crushing my to-do list.,,#MorningVibes,4414.0
26,2025-04-28 04:31:09,"Sydney, Australia",320,48,0.89,Positive,Huge thanks to everyone who made today unforgettable!,Desktop,,5703.0
27,2025-04-28 01:23:02,,101,181,-0.06,Neutral,Family BBQ today! Love days like this. 🍔🌭,Des ktop,#Traffic,5892.0
28,2025-04-28 03:58:43,"Sydney, Australia",46,158,0.42,Positive,Family BBQ today! Love days like this. 🍔🌭,mobile,#TuesdayFeeling,3371.0
29,2025-04-28 04:16:31,"São Paulo, Brazil",241,25,-0.71,Negative,Woke up to the sound of rain. So peaceful. 🌧️,mobile,#CoffeeBreak,3422.0
30,2025-04-28 15:11:58,"São Paulo, Brazil",4,83,0.26,Neutral,Nature walks clear my mind like nothing else.,MOBILE,#Foodie,1847.0
31,2025-04-28 02:10:56,"London, UK",458,53,-0.17,Neutral,Couldn't resist buying new plants today. 🌱,Des ktop,,208.0
32,2025-04-28 13:54:45,,421,154,0.52,Positive,Stuck in traffic again... seriously?! 🚗🚦,Des ktop,#Traffic,5267.0
33,2025-04-28 08:57:46,"Sydney, Australia",223,60,0.9,Positive,"Self-care Sunday: face masks, tea, and zero responsibilities.",Tablet,,4691.0
34,2025-04-28 07:14:35,"São Paulo, Brazil",45,196,0.24,Neutral,This weather makes me so happy! ☀️,Tablet,#MorningVibes,8713.0
35,2025-04-28 14:33:00,"Toronto, Canada",61,85,0.52,Positive,Trying out bullet journaling — loving it so far!,,#MorningVibes,8332.0
36,2025-04-28 06:19:19,"Toronto, Canada",77,45,-0.13,Neutral,Couldn't resist buying new plants today. 🌱,Tablet,#TuesdayFeeling,2072.0
37,2025-04-28 12:42:40,,221,2,-0.67,Negative,Catching up with old friends always feels like no time passed.,MOBILE,#MorningVibes,293.0
38,2025-04-28 12:16:18,"São Paulo, Brazil",92,7,-0.58,Negative,Concert tonight! So pumped to see my favorite band live!,Desktop,#Traffic,6024.0
39,2025-04-28 11:09:19,"Sydney, Australia",234,107,0.69,Positive,Family BBQ today! Love days like this. 🍔🌭,,#Fitness,3985.0
40,2025-04-28 04:54:15,"Berlin, Germany",239,74,0.59,Positive,Nature walks clear my mind like nothing else.,MOBILE,#Traffic,3113.0
41,2025-04-28 09:04:47,"Toronto, Canada",10,94,-0.52,Negative,New blog post is up! Check it out and let me know your thoughts.,Desktop,#Traffic,6081.0
42,2025-04-28 15:33:09,"Toronto, Canada",69,168,-0.61,Negative,Just got my promotion!! 🎉 Hard work pays off.,Des ktop,#Foodie,9461.0
43,2025-04-28 02:23:14,"São Paulo, Brazil",354,47,-0.19,Neutral,Trying out a new recipe tonight. Hope it turns out good!,Tablet ,#CoffeeBreak,9198.0
44,2025-04-28 07:52:05,"Toronto, Canada",186,89,0.05,Neutral,"Monday motivation: Start where you are, use what you have.",Tablet,#Foodie,7849.0
45,2025-04-28 14:40:00,"New York, USA",331,138,-0.08,Neutral,Family BBQ today! Love days like this. 🍔🌭,Desktop,#TuesdayFeeling,2303.0
46,2025-04-28 16:15:41,,273,18,-0.65,Negative,Why does my cat wake me up at 5am every day? 😂,MOBILE,#TuesdayFeeling,5015.0
47,2025-04-28 04:34:07,,357,117,-0.97,Negative,Overthinking everything... need to chill. 🧘,Mobile,#WorkLife,1721.0
48,2025-04-28 12:34:15,"Tokyo, Japan",389,3,0.66,Positive,Best workout session ever! Feeling strong. 💪 #Fitness,mobile,#Fitness,7907.0
49,2025-04-28 15:16:22,"London, UK",284,58,-0.29,Neutral,Late night thoughts: How amazing is the universe?,MOBILE,#Fitness,6014.0
50,2025-04-28 06:33:33,,272,106,-0.21,Neutral,Sunsets are proof that endings can be beautiful too. 🌇,Tablet ,#Traffic,424.0
51,2025-04-28 07:29:45,"London, UK",335,193,0.93,Positive,Yoga in the park this morning was so refreshing. 🧘‍♀️,mobile,,9535.0
52,2025-04-28 11:49:49,,7,140,0.71,Positive,Family BBQ today! Love days like this. 🍔🌭,Tablet ,#Traffic,5426.0
53,2025-04-28 12:15:18,,477,95,-0.38,Negative,"Self-care Sunday: face masks, tea, and zero responsibilities.",Des ktop,#Rain,6343.0
54,2025-04-28 11:10:17,"Sydney, Australia",93,64,-0.08,Neutral,Catching up with old friends always feels like no time passed.,Tablet,#Foodie,5627.0
55,2025-04-28 07:40:44,"Toronto, Canada",80,186,0.92,Positive,Rainy days make me want to stay in bed all day. ☔,Desktop,#Foodie,5729.0
56,2025-04-28 04:09:16,"Paris, France",241,85,0.71,Positive,Finally booked my vacation! Counting down the days. ✈️,Tablet ,#Fitness,6579.0
57,2025-04-28 04:56:16,"Berlin, Germany",43,136,0.67,Positive,Made a vision board today. Feeling super motivated!,,#TuesdayFeeling,6882.0
58,2025-04-28 03:02:45,"Tokyo, Japan",35,100,-0.25,Neutral,Coffee is life. Don't talk to me before my second cup. ☕,Tablet,#CoffeeBreak,4222.0
59,2025-04-28 17:07:12,"London, UK",155,169,0.61,Positive,New blog post is up! Check it out and let me know your thoughts.,Tablet,#WorkLife,1787.0
60,2025-04-28 01:44:22,"London, UK",468,169,-0.36,Negative,Trying out bullet journaling — loving it so far!,,#MorningVibes,531.0
61,2025-04-28 14:02:03,"Toronto, Canada",321,54,0.46,Positive,Feeling super productive today! Crushing my to-do list.,Desktop,#Rain,4400.0
62,2025-04-28 11:15:07,"Tokyo, Japan",90,21,-0.14,Neutral,Huge thanks to everyone who made today unforgettable!,Desktop,#Fitness,3857.0
63,2025-04-28 04:30:13,"Sydney, Australia",376,92,-0.04,Neutral,Late night thoughts: How amazing is the universe?,Tablet,#Foodie,8730.0
64,2025-04-28 15:15:53,"Tokyo, Japan",140,172,-0.76,Negative,Coffee is life. Don't talk to me before my second cup. ☕,Mobile,,5946.0
65,2025-04-28 15:39:45,"Paris, France",264,181,-0.2,Neutral,Trying out bullet journaling — loving it so far!,Des ktop,,4563.0
66,2025-04-28 09:59:09,"Berlin, Germany",154,33,0.99,Positive,Reading an amazing book right now. Totally recommend!,,#Foodie,9780.0
67,2025-04-28 10:52:43,"Berlin, Germany",159,88,0.52,Positive,Just finished my first marathon! 🏃‍♂️🏅,Desktop,,8845.0
68,2025-04-28 05:38:13,"Paris, France",240,66,-0.22,Neutral,Trying out bullet journaling — loving it so far!,,#CoffeeBreak,1567.0
69,2025-04-28 08:02:37,"Sydney, Australia",116,93,0.84,Positive,Made a vision board today. Feeling super motivated!,Desktop,#Fitness,2651.0
70,2025-04-28 05:31:34,"New York, USA",112,102,0.15,Neutral,Can't believe how beautiful the sunrise was today! 🌅,,#Foodie,5734.0
71,2025-04-28 05:13:13,"Berlin, Germany",205,16,0.58,Positive,Why does my cat wake me up at 5am every day? 😂,Mobile,#TuesdayFeeling,7916.0
72,2025-04-28 05:27:15,"New York, USA",115,92,0.13,Neutral,Sending positive vibes to everyone today. ✨,Tablet ,,3888.0
73,2025-04-28 14:30:16,"New York, USA",90,81,0.31,Positive,Sunsets are proof that endings can be beautiful too. 🌇,MOBILE,#CoffeeBreak,6845.0
74,2025-04-28 16:03:33,,113,0,-0.62,Negative,Sending positive vibes to everyone today. ✨,Desktop,#CoffeeBreak,2775.0
75,2025-04-28 13:00:54,"Toronto, Canada",364,147,-0.8,Negative,Concert tonight! So pumped to see my favorite band live!,mobile,#Fitness,1397.0
76,2025-04-28 07:41:11,"São Paulo, Brazil",265,58,-0.56,Negative,Feeling super productive today! Crushing my to-do list.,Tablet ,#Fitness,8815.0
77,2025-04-28 14:43:26,"Sydney, Australia",104,132,-0.93,Negative,Learning a new language is so challenging yet rewarding!,mobile,#Rain,3088.0
78,2025-04-28 02:29:13,"Sydney, Australia",400,21,0.73,Positive,Is it Friday yet? Need the weekend desperately. 😩,Des ktop,,7518.0
79,2025-04-28 04:57:14,"Berlin, Germany",236,168,0.9,Positive,"Monday motivation: Start where you are, use what you have.",MOBILE,#MorningVibes,2592.0
80,2025-04-28 00:54:12,,196,138,0.13,Neutral,Coffee is life. Don't talk to me before my second cup. ☕,Tablet,#Rain,4722.0
81,2025-04-28 04:54:01,"Tokyo, Japan",148,98,-0.35,Negative,Celebrating small wins today. They matter too. 🎯,Des ktop,#MorningVibes,3914.0
82,2025-04-28 01:38:31,"Tokyo, Japan",370,146,-0.71,Negative,Can't believe how beautiful the sunrise was today! 🌅,Des ktop,#CoffeeBreak,5701.0
83,2025-04-28 07:39:01,"Sydney, Australia",198,46,0.81,Positive,"Self-care Sunday: face masks, tea, and zero responsibilities.",MOBILE,#TuesdayFeeling,619.0
84,2025-04-28 06:00:43,"London, UK",153,39,-0.2,Neutral,This weather makes me so happy! ☀️,Tablet,#MorningVibes,4466.0
85,2025-04-28 14:07:13,"Toronto, Canada",461,131,0.65,Positive,Rainy days make me want to stay in bed all day. ☔,,#TuesdayFeeling,3075.0
86,2025-04-28 03:29:55,"Sydney, Australia",83,142,0.09,Neutral,Concert tonight! So pumped to see my favorite band live!,Mobile,#Rain,4178.0
87,2025-04-28 07:00:18,"Berlin, Germany",108,135,-0.63,Negative,Any Netflix recommendations for tonight? 📺,Mobile,#CoffeeBreak,7650.0
88,2025-04-28 13:23:10,"London, UK",146,111,0.71,Positive,Feeling super productive today! Crushing my to-do list.,mobile,#TuesdayFeeling,6475.0
89,2025-04-28 12:24:19,"Sydney, Australia",411,67,-0.41,Negative,Finally booked my vacation! Counting down the days. ✈️,Tablet,,791.0
90,2025-04-28 13:33:26,,482,164,-0.08,Neutral,Feeling super productive today! Crushing my to-do list.,Desktop,#Fitness,7984.0
91,2025-04-28 11:37:26,"Sydney, Australia",366,23,0.65,Positive,"Monday motivation: Start where you are, use what you have.",MOBILE,#MorningVibes,3668.0
92,2025-04-28 17:43:04,"London, UK",446,188,0.45,Positive,Any Netflix recommendations for tonight? 📺,Desktop,#Traffic,346.0
93,2025-04-28 03:02:48,"Sydney, Australia",476,23,-0.29,Neutral,Met an inspiring entrepreneur today. Great conversation!,Desktop,#WorkLife,4082.0
94,2025-04-28 00:09:45,"New York, USA",3,66,0.03,Neutral,Met an inspiring entrepreneur today. Great conversation!,Des ktop,,2639.0
95,2025-04-28 06:45:39,"London, UK",432,180,-0.44,Negative,Any Netflix recommendations for tonight? 📺,Tablet,#TuesdayFeeling,1597.0
96,2025-04-28 12:29:14,"Paris, France",278,108,-0.92,Negative,This weather makes me so happy! ☀️,Mobile,#MorningVibes,5924.0
97,2025-04-28 11:44:02,"Tokyo, Japan",253,180,0.53,Positive,Any tips for staying focused when working from home?,,#Rain,2161.0
98,2025-04-28 08:52:51,"São Paulo, Brazil",312,187,0.05,Neutral,Finally booked my vacation! Counting down the days. ✈️,,,5790.0
99,2025-04-28 14:39:50,"Berlin, Germany",356,56,0.95,Positive,"Life’s short, eat the cake. 🎂",mobile,#MorningVibes,6289.0
100,2025-04-28 06:31:12,"Tokyo, Japan",390,102,-0.39,Negative,Woke up to the sound of rain. So peaceful. 🌧️,Mobile,#TuesdayFeeling,7268.0
1,2025-04-29 10:10:36,"Sydney, Australia",316,2,0.77,Positive,Why does my cat wake me up at 5am every day? 😂,Des ktop,#CoffeeBreak,9384.0
2,2025-04-29 03:23:50,,341,46,-0.62,Negative,Yoga in the park this morning was so refreshing. 🧘‍♀️,MOBILE,#TuesdayFeeling,4610.0
3,2025-04-29 15:47:43,,331,37,0.46,Positive,Late night coding sessions are both a curse and a blessing. 💻,Desktop,,2639.0
4,2025-04-29 08:10:50,"Sydney, Australia",419,168,0.7,Positive,Woke up to the sound of rain. So peaceful. 🌧️,,#Traffic,7539.0
5,2025-04-29 00:00:47,,342,57,-0.39,Negative,Concert tonight! So pumped to see my favorite band live!,Tablet,#MorningVibes,6065.0
6,2025-04-29 14:07:37,"São Paulo, Brazil",189,100,0.43,Positive,Finally booked my vacation! Counting down the days. ✈️,Desktop,,8930.0
7,2025-04-29 14:54:37,"Toronto, Canada",410,178,-0.64,Negative,"Monday motivation: Start where you are, use what you have.",,,8251.0
8,2025-04-29 13:56:23,,381,122,1.0,Positive,"Some days are tough, but we keep moving forward. 🙌",Tablet ,#Traffic,6814.0
9,2025-04-29 11:40:02,"Paris, France",227,38,-0.56,Negative,Is it Friday yet? Need the weekend desperately. 😩,Desktop,,1192.0
10,2025-04-29 00:47:48,"Tokyo, Japan",21,53,0.18,Neutral,Family BBQ today! Love days like this. 🍔🌭,Mobile,#CoffeeBreak,1853.0
11,2025-04-29 08:50:09,"São Paulo, Brazil",240,15,-0.84,Negative,Trying out a new recipe tonight. Hope it turns out good!,Mobile,,6466.0
12,2025-04-29 11:58:37,"Berlin, Germany",286,169,0.42,Positive,Feeling super productive today! Crushing my to-do list.,Tablet ,#MorningVibes,6102.0
13,2025-04-29 04:01:05,"London, UK",442,161,0.56,Positive,Can't believe how beautiful the sunrise was today! 🌅,mobile,,8151.0
14,2025-04-29 16:54:03,"London, UK",8,138,0.26,Neutral,Catching up with old friends always feels like no time passed.,Mobile,#Traffic,9242.0
15,2025-04-29 13:32:04,"Toronto, Canada",213,16,0.2,Neutral,Made a vision board today. Feeling super motivated!,Mobile,,4455.0
16,2025-04-29 09:37:49,"New York, USA",435,110,0.43,Positive,"Life’s short, eat the cake. 🎂",Desktop,#Fitness,1376.0
17,2025-04-29 17:11:45,"São Paulo, Brazil",404,100,-0.79,Negative,Feeling super productive today! Crushing my to-do list.,Desktop,#Rain,3884.0
18,2025-04-29 09:40:42,"Toronto, Canada",320,190,0.02,Neutral,"Monday motivation: Start where you are, use what you have.",mobile,,4175.0
19,2025-04-29 10:22:37,"Tokyo, Japan",291,80,0.87,Positive,Sunsets are proof that endings can be beautiful too. 🌇,,#WorkLife,1828.0
20,2025-04-29 13:56:59,"Paris, France",87,193,0.39,Positive,Couldn't resist buying new plants today. 🌱,Des ktop,,7097.0
21,2025-04-29 16:04:16,"London, UK",95,166,-0.08,Neutral,Late night coding sessions are both a curse and a blessing. 💻,Tablet,,6679.0
22,2025-04-29 09:11:15,"Paris, France",0,150,-0.75,Negative,"Sometimes you win, sometimes you learn. 💬",Tablet,,9929.0
23,2025-04-29 08:03:53,"Paris, France",125,56,-0.45,Negative,Finally booked my vacation! Counting down the days. ✈️,,#Traffic,6190.0
24,2025-04-29 07:30:23,"Toronto, Canada",250,168,-0.61,Negative,"Life’s short, eat the cake. 🎂",MOBILE,,4043.0
25,2025-04-29 10:15:06,,140,69,-0.33,Negative,New blog post is up! Check it out and let me know your thoughts.,Desktop,,4262.0
26,2025-04-29 06:33:13,"Berlin, Germany",307,2,-0.76,Negative,Late night thoughts: How amazing is the universe?,Desktop,#MorningVibes,667.0
27,2025-04-29 17:53:39,"Sydney, Australia",48,75,0.34,Positive,When did it get so cold?! 🥶 Time for sweaters!,Mobile,,2313.0
28,2025-04-29 16:12:28,"Sydney, Australia",108,182,0.1,Neutral,Can't believe how beautiful the sunrise was today! 🌅,Tablet ,#CoffeeBreak,3619.0
29,2025-04-29 15:34:40,"Paris, France",336,194,-0.03,Neutral,Coffee is life. Don't talk to me before my second cup. ☕,Tablet ,,8476.0
30,2025-04-29 10:07:39,"Tokyo, Japan",99,31,-0.23,Neutral,Trying out a new recipe tonight. Hope it turns out good!,Mobile,#TuesdayFeeling,5927.0
31,2025-04-29 02:50:30,"Tokyo, Japan",451,145,-0.97,Negative,Woke up to the sound of rain. So peaceful. 🌧️,MOBILE,,4193.0
32,2025-04-29 04:14:29,"Sydney, Australia",42,115,-0.75,Negative,This new app I'm using is a game changer!,Desktop,,6650.0
33,2025-04-29 10:21:34,"São Paulo, Brazil",77,57,0.23,Neutral,"Life’s short, eat the cake. 🎂",Desktop,#Traffic,8005.0
34,2025-04-29 03:08:51,"Berlin, Germany",161,188,-0.8,Negative,Any tips for staying focused when working from home?,Desktop,,5021.0
35,2025-04-29 00:40:49,"Toronto, Canada",215,58,0.0,Neutral,Huge thanks to everyone who made today unforgettable!,Mobile,#Traffic,5800.0
36,2025-04-29 16:00:58,"Toronto, Canada",389,120,0.07,Neutral,Learning a new language is so challenging yet rewarding!,Desktop,#CoffeeBreak,9968.0
37,2025-04-29 16:54:20,"New York, USA",167,82,-0.14,Neutral,Just finished my first marathon! 🏃‍♂️🏅,Desktop,#MorningVibes,5093.0
38,2025-04-29 09:32:45,"New York, USA",452,26,-0.04,Neutral,Finally booked my vacation! Counting down the days. ✈️,,,2550.0
39,2025-04-29 05:56:59,,487,12,0.92,Positive,Any tips for staying focused when working from home?,mobile,#Foodie,927.0
40,2025-04-29 12:15:47,"Toronto, Canada",445,146,-0.21,Neutral,Late night thoughts: How amazing is the universe?,,#Rain,3738.0
41,2025-04-29 07:51:47,"Sydney, Australia",378,42,0.73,Positive,When life gives you lemons... make margaritas. 🍋🍹,Tablet,#Foodie,5607.0
42,2025-04-29 01:30:09,"Berlin, Germany",147,94,-0.38,Negative,Overthinking everything... need to chill. 🧘,Mobile,,6640.0
43,2025-04-29 04:46:46,"London, UK",150,1,0.74,Positive,When life gives you lemons... make margaritas. 🍋🍹,,#WorkLife,2236.0
44,2025-04-29 13:52:20,"Tokyo, Japan",370,56,0.59,Positive,Trying out bullet journaling — loving it so far!,,#CoffeeBreak,8093.0
45,2025-04-29 07:11:47,"São Paulo, Brazil",6,183,0.87,Positive,Sunsets are proof that endings can be beautiful too. 🌇,,#CoffeeBreak,4070.0
46,2025-04-29 01:18:15,"Sydney, Australia",113,15,0.96,Positive,Sending positive vibes to everyone today. ✨,MOBILE,,9537.0
47,2025-04-29 01:37:51,"London, UK",178,71,-0.9,Negative,"Sometimes you win, sometimes you learn. 💬",Desktop,#WorkLife,6084.0
48,2025-04-29 06:20:26,"São Paulo, Brazil",112,11,-0.42,Negative,Finally booked my vacation! Counting down the days. ✈️,MOBILE,,496.0
49,2025-04-29 14:00:41,"Sydney, Australia",330,132,-0.29,Neutral,Late night coding sessions are both a curse and a blessing. 💻,MOBILE,,7345.0
50,2025-04-29 11:20:40,"Tokyo, Japan",400,133,-0.33,Negative,Late night thoughts: How amazing is the universe?,Mobile,#CoffeeBreak,3371.0
51,2025-04-29 12:28:35,"Paris, France",56,155,-0.19,Neutral,"Some days are tough, but we keep moving forward. 🙌",Desktop,#Rain,993.0
52,2025-04-29 04:25:28,"Tokyo, Japan",117,119,0.57,Positive,Dogs make everything better. 🐶❤️,Mobile,#Traffic,1923.0
53,2025-04-29 05:33:16,"Berlin, Germany",317,49,-0.13,Neutral,Trying out bullet journaling — loving it so far!,Mobile,#Traffic,3524.0
54,2025-04-29 13:28:17,,18,196,-0.86,Negative,New blog post is up! Check it out and let me know your thoughts.,mobile,,8673.0
55,2025-04-29 13:39:35,"Sydney, Australia",477,46,-0.24,Neutral,Sunsets are proof that endings can be beautiful too. 🌇,Des ktop,,2415.0
56,2025-04-29 12:39:12,"New York, USA",288,140,0.57,Positive,Concert tonight! So pumped to see my favorite band live!,,#MorningVibes,4285.0
57,2025-04-29 03:06:02,"New York, USA",390,78,-0.77,Negative,Dogs make everything better. 🐶❤️,mobile,,4544.0
58,2025-04-29 00:57:58,"Berlin, Germany",214,146,0.57,Positive,Brainstorming ideas for my next big project!,Mobile,#Rain,6467.0
59,2025-04-29 12:01:18,"Sydney, Australia",476,147,-0.44,Negative,"Sometimes you win, sometimes you learn. 💬",MOBILE,#Rain,412.0
60,2025-04-29 05:19:28,"Toronto, Canada",337,62,-0.14,Neutral,Feeling grateful for the little things today. 🌼,Desktop,,1731.0
61,2025-04-29 16:27:16,"Paris, France",56,135,-0.86,Negative,"Self-care Sunday: face masks, tea, and zero responsibilities.",,#Rain,3154.0
62,2025-04-29 03:37:13,,156,16,-0.79,Negative,Catching up with old friends always feels like no time passed.,,#MorningVibes,751.0
63,2025-04-29 04:30:13,,57,68,0.96,Positive,This new app I'm using is a game changer!,MOBILE,#TuesdayFeeling,6545.0
64,2025-04-29 13:33:04,"Tokyo, Japan",168,196,-0.62,Negative,Coffee is life. Don't talk to me before my second cup. ☕,MOBILE,,5865.0
65,2025-04-29 06:28:10,"Sydney, Australia",467,168,-0.59,Negative,Any Netflix recommendations for tonight? 📺,,#Fitness,1115.0
66,2025-04-29 11:23:31,"Sydney, Australia",176,70,-0.47,Negative,Concert tonight! So pumped to see my favorite band live!,Mobile,,4690.0
67,2025-04-29 04:06:23,"Tokyo, Japan",265,97,-0.03,Neutral,Miss traveling so much. Dreaming of new adventures.,Desktop,,2348.0
68,2025-04-29 01:35:53,"Toronto, Canada",207,1,-0.43,Negative,Feeling super productive today! Crushing my to-do list.,mobile,#WorkLife,4038.0
69,2025-04-29 10:25:45,"Tokyo, Japan",73,165,0.94,Positive,Sending positive vibes to everyone today. ✨,Tablet ,,5495.0
70,2025-04-29 08:10:36,,426,182,-0.85,Negative,Reading an amazing book right now. Totally recommend!,mobile,,2370.0
71,2025-04-29 10:34:38,,156,19,-0.41,Negative,Couldn't resist buying new plants today. 🌱,mobile,#Foodie,5162.0
72,2025-04-29 12:32:03,,437,147,0.2,Neutral,Reading an amazing book right now. Totally recommend!,Desktop,#Foodie,9354.0
73,2025-04-29 16:41:43,"Tokyo, Japan",83,110,0.11,Neutral,Finally booked my vacation! Counting down the days. ✈️,Desktop,,8832.0
74,2025-04-29 17:16:07,"London, UK",308,33,0.41,Positive,Family BBQ today! Love days like this. 🍔🌭,MOBILE,#Foodie,583.0
75,2025-04-29 13:56:03,"Paris, France",133,26,0.35,Positive,Learning a new language is so challenging yet rewarding!,Desktop,#Fitness,7358.0
76,2025-04-29 13:34:24,"Sydney, Australia",480,95,0.22,Neutral,"Some days are tough, but we keep moving forward. 🙌",mobile,#Rain,2255.0
77,2025-04-29 03:21:47,"New York, USA",232,186,-0.46,Negative,This weather makes me so happy! ☀️,Tablet ,,9390.0
78,2025-04-29 11:08:51,"São Paulo, Brazil",257,156,-0.65,Negative,When did it get so cold?! 🥶 Time for sweaters!,mobile,#CoffeeBreak,527.0
79,2025-04-29 06:32:24,"London, UK",82,153,-0.1,Neutral,Any tips for staying focused when working from home?,Des ktop,#Foodie,8330.0
80,2025-04-29 15:24:12,"Berlin, Germany",308,78,-0.57,Negative,Celebrating small wins today. They matter too. 🎯,MOBILE,#Foodie,6448.0
81,2025-04-29 08:56:47,"Berlin, Germany",434,47,-0.99,Negative,Reading an amazing book right now. Totally recommend!,Tablet,#CoffeeBreak,3807.0
82,2025-04-29 00:35:12,"Toronto, Canada",247,21,0.25,Neutral,This weather makes me so happy! ☀️,Mobile,#Fitness,6867.0
83,2025-04-29 04:03:05,"São Paulo, Brazil",413,24,-0.9,Negative,This weather makes me so happy! ☀️,mobile,#Rain,3001.0
84,2025-04-29 16:52:38,"Berlin, Germany",448,112,-0.23,Neutral,Nature walks clear my mind like nothing else.,Des ktop,#Traffic,7596.0
85,2025-04-29 16:09:28,"São Paulo, Brazil",6,48,0.08,Neutral,Sending positive vibes to everyone today. ✨,Desktop,#MorningVibes,6332.0
86,2025-04-29 13:06:39,"Paris, France",82,128,-0.56,Negative,When life gives you lemons... make margaritas. 🍋🍹,,,730.0
87,2025-04-29 09:28:41,"London, UK",72,45,-0.62,Negative,Late night thoughts: How amazing is the universe?,Des ktop,#MorningVibes,4125.0
88,2025-04-29 09:26:33,,287,5,0.95,Positive,When life gives you lemons... make margaritas. 🍋🍹,Mobile,,6447.0
89,2025-04-29 09:23:44,"New York, USA",144,73,-0.98,Negative,"Monday motivation: Start where you are, use what you have.",Tablet ,#TuesdayFeeling,6621.0
90,2025-04-29 16:05:59,"Sydney, Australia",53,177,-0.81,Negative,Dogs make everything better. 🐶❤️,Des ktop,#Foodie,7021.0
91,2025-04-29 05:21:35,"New York, USA",340,126,0.61,Positive,Any tips for staying focused when working from home?,,#Foodie,7695.0
92,2025-04-29 15:06:27,"Berlin, Germany",366,14,0.63,Positive,Huge thanks to everyone who made today unforgettable!,,#Rain,3045.0
93,2025-04-29 14:10:34,,378,72,-0.12,Neutral,Reading an amazing book right now. Totally recommend!,Desktop,#WorkLife,5399.0
94,2025-04-29 08:12:29,"New York, USA",402,91,0.23,Neutral,Family BBQ today! Love days like this. 🍔🌭,Des ktop,,3408.0
95,2025-04-29 16:03:58,"Berlin, Germany",376,40,-0.52,Negative,Huge thanks to everyone who made today unforgettable!,Tablet ,#Traffic,2786.0
96,2025-04-29 13:04:39,"London, UK",211,167,0.31,Positive,Huge thanks to everyone who made today unforgettable!,Desktop,#TuesdayFeeling,6046.0
97,2025-04-29 01:33:10,,244,150,-0.9,Negative,Celebrating small wins today. They matter too. 🎯,Desktop,,2719.0
98,2025-04-29 06:53:37,,435,46,-0.94,Negative,Concert tonight! So pumped to see my favorite band live!,Mobile,#Foodie,5591.0
99,2025-04-29 10:17:40,"Tokyo, Japan",224,109,-0.46,Negative,Late night coding sessions are both a curse and a blessing. 💻,Tablet,#Foodie,940.0
100,2025-04-29 07:38:17,"Sydney, Australia",431,33,-0.87,Negative,This new app I'm using is a game changer!,Des ktop,#Fitness,3060.0
1,2025-04-30 02:08:24,"Tokyo, Japan",60,177,0.47,Positive,"Monday motivation: Start where you are, use what you have.",Mobile,,4246.0
2,2025-04-30 00:13:20,"Berlin, Germany",313,160,0.35,Positive,"Self-care Sunday: face masks, tea, and zero responsibilities.",Des ktop,,194.0
3,2025-04-30 11:04:04,"Berlin, Germany",337,93,0.9,Positive,Any Netflix recommendations for tonight? 📺,mobile,,7894.0
4,2025-04-30 08:15:36,"Toronto, Canada",137,81,0.61,Positive,Late night thoughts: How amazing is the universe?,Desktop,,9932.0
5,2025-04-30 00:07:10,"São Paulo, Brazil",274,163,0.87,Positive,Sunsets are proof that endings can be beautiful too. 🌇,Tablet ,,9234.0
6,2025-04-30 14:55:47,"São Paulo, Brazil",76,173,-0.21,Neutral,Best workout session ever! Feeling strong. 💪 #Fitness,Tablet,#Foodie,1002.0
7,2025-04-30 11:53:33,"Paris, France",357,64,-0.49,Negative,Stuck in traffic again... seriously?! 🚗🚦,Tablet,#MorningVibes,9571.0
8,2025-04-30 15:15:20,"Sydney, Australia",90,7,-0.86,Negative,Miss traveling so much. Dreaming of new adventures.,Desktop,#MorningVibes,1884.0
9,2025-04-30 07:35:25,"Tokyo, Japan",489,72,-0.59,Negative,Late night coding sessions are both a curse and a blessing. 💻,Tablet ,,9847.0
10,2025-04-30 10:25:05,,106,88,-0.33,Negative,Family BBQ today! Love days like this. 🍔🌭,Des ktop,,6001.0
11,2025-04-30 16:57:25,"New York, USA",443,27,0.83,Positive,Huge thanks to everyone who made today unforgettable!,Tablet ,#Traffic,6138.0
12,2025-04-30 16:20:20,"Toronto, Canada",36,136,-0.93,Negative,Rainy days make me want to stay in bed all day. ☔,Desktop,,1163.0
13,2025-04-30 05:19:51,"Berlin, Germany",186,84,-0.18,Neutral,Reading an amazing book right now. Totally recommend!,Desktop,#Fitness,5493.0
14,2025-04-30 09:35:40,"Toronto, Canada",57,106,0.28,Neutral,Feeling super productive today! Crushing my to-do list.,mobile,#CoffeeBreak,1053.0
15,2025-04-30 01:59:23,,229,167,-0.11,Neutral,Huge thanks to everyone who made today unforgettable!,Des ktop,,4805.0
16,2025-04-30 07:46:27,"Paris, France",251,106,0.87,Positive,Woke up to the sound of rain. So peaceful. 🌧️,,,5897.0
17,2025-04-30 16:52:38,"Tokyo, Japan",91,17,0.65,Positive,Nature walks clear my mind like nothing else.,Des ktop,,8254.0
18,2025-04-30 08:57:56,"Tokyo, Japan",149,138,0.2,Neutral,Nature walks clear my mind like nothing else.,mobile,#Fitness,3271.0
19,2025-04-30 00:01:43,"London, UK",204,3,0.18,Neutral,Coffee is life. Don't talk to me before my second cup. ☕,Des ktop,,2032.0
20,2025-04-30 13:25:30,"São Paulo, Brazil",134,60,-0.06,Neutral,Nature walks clear my mind like nothing else.,Desktop,#WorkLife,845.0
21,2025-04-30 06:04:35,"Paris, France",87,67,-0.58,Negative,Sunsets are proof that endings can be beautiful too. 🌇,mobile,#MorningVibes,3396.0
22,2025-04-30 12:33:40,"Sydney, Australia",128,54,0.43,Positive,Woke up to the sound of rain. So peaceful. 🌧️,Desktop,#Fitness,5019.0
23,2025-04-30 09:13:26,,421,120,-0.48,Negative,Finally booked my vacation! Counting down the days. ✈️,Mobile,#Rain,5560.0
24,2025-04-30 06:12:51,"Toronto, Canada",37,84,-0.68,Negative,"Life’s short, eat the cake. 🎂",Mobile,#Foodie,3278.0
25,2025-04-30 06:01:00,"Paris, France",132,91,0.33,Positive,Couldn't resist buying new plants today. 🌱,Des ktop,#TuesdayFeeling,682.0
26,2025-04-30 11:45:13,"Tokyo, Japan",454,194,0.63,Positive,Trying out bullet journaling — loving it so far!,Tablet,,7646.0
27,2025-04-30 16:14:21,,83,82,-0.78,Negative,Miss traveling so much. Dreaming of new adventures.,Des ktop,#WorkLife,1017.0
28,2025-04-30 15:12:09,,68,128,-0.38,Negative,This new app I'm using is a game changer!,MOBILE,,8879.0
29,2025-04-30 00:20:26,"São Paulo, Brazil",443,26,0.03,Neutral,Overthinking everything... need to chill. 🧘,MOBILE,#Traffic,1184.0
30,2025-04-30 17:39:04,"Tokyo, Japan",22,152,-0.29,Neutral,Just got my promotion!! 🎉 Hard work pays off.,Mobile,#Traffic,6247.0
31,2025-04-30 11:24:19,,318,121,0.66,Positive,Late night coding sessions are both a curse and a blessing. 💻,Desktop,#Foodie,9851.0
32,2025-04-30 02:07:37,"Sydney, Australia",152,54,-0.57,Negative,Celebrating small wins today. They matter too. 🎯,MOBILE,#MorningVibes,4548.0
33,2025-04-30 07:32:03,"London, UK",54,95,0.57,Positive,"Self-care Sunday: face masks, tea, and zero responsibilities.",mobile,#Traffic,7504.0
34,2025-04-30 15:05:59,"Sydney, Australia",109,176,0.01,Neutral,New blog post is up! Check it out and let me know your thoughts.,,#Fitness,2967.0
35,2025-04-30 02:02:35,"Paris, France",294,79,0.75,Positive,Stuck in traffic again... seriously?! 🚗🚦,mobile,#Rain,7370.0
36,2025-04-30 09:12:40,"New York, USA",212,60,-0.21,Neutral,Trying out bullet journaling — loving it so far!,,#Foodie,3216.0
37,2025-04-30 06:11:29,"Berlin, Germany",498,108,0.01,Neutral,"Life’s short, eat the cake. 🎂",,#Fitness,5463.0
38,2025-04-30 02:36:30,"London, UK",149,168,0.72,Positive,Feeling super productive today! Crushing my to-do list.,Tablet,#CoffeeBreak,698.0
39,2025-04-30 08:21:45,"Toronto, Canada",425,86,0.68,Positive,Celebrating small wins today. They matter too. 🎯,,#Rain,167.0
40,2025-04-30 05:39:40,"New York, USA",470,194,-0.17,Neutral,Couldn't resist buying new plants today. 🌱,Desktop,#Traffic,7749.0
41,2025-04-30 16:11:13,"New York, USA",382,28,-0.08,Neutral,Trying out a new recipe tonight. Hope it turns out good!,,,5219.0
42,2025-04-30 00:24:33,"Sydney, Australia",86,140,0.44,Positive,Just finished my first marathon! 🏃‍♂️🏅,mobile,#Traffic,3385.0
43,2025-04-30 03:30:18,"Sydney, Australia",371,111,-0.76,Negative,Just got my promotion!! 🎉 Hard work pays off.,,#Traffic,7327.0
44,2025-04-30 12:13:02,"London, UK",400,103,0.73,Positive,Just got my promotion!! 🎉 Hard work pays off.,Tablet,#Foodie,4583.0
45,2025-04-30 02:05:01,"New York, USA",484,133,0.58,Positive,Nature walks clear my mind like nothing else.,,,1777.0
46,2025-04-30 03:45:38,,93,149,0.08,Neutral,Yoga in the park this morning was so refreshing. 🧘‍♀️,,#Traffic,4540.0
47,2025-04-30 02:34:37,"Sydney, Australia",413,125,-0.67,Negative,Overthinking everything... need to chill. 🧘,mobile,#Foodie,1267.0
48,2025-04-30 05:40:06,"Paris, France",425,121,-0.29,Neutral,Why does my cat wake me up at 5am every day? 😂,Des ktop,#MorningVibes,2231.0
49,2025-04-30 00:31:40,"Berlin, Germany",114,163,-0.76,Negative,Couldn't resist buying new plants today. 🌱,Mobile,#Rain,6384.0
50,2025-04-30 00:58:45,"London, UK",233,27,-0.38,Negative,Sending positive vibes to everyone today. ✨,Desktop,#Foodie,9866.0
51,2025-04-30 16:13:30,"Berlin, Germany",166,46,-0.22,Neutral,Nature walks clear my mind like nothing else.,MOBILE,#Fitness,5544.0
52,2025-04-30 14:52:51,"São Paulo, Brazil",146,117,-0.56,Negative,Celebrating small wins today. They matter too. 🎯,,#Rain,7729.0
53,2025-04-30 10:20:10,"Tokyo, Japan",411,151,0.23,Neutral,Huge thanks to everyone who made today unforgettable!,Des ktop,#Rain,7564.0
54,2025-04-30 05:39:01,"Berlin, Germany",136,174,0.51,Positive,Trying out bullet journaling — loving it so far!,mobile,#CoffeeBreak,2454.0
55,2025-04-30 15:40:32,"Sydney, Australia",480,18,0.36,Positive,Made a vision board today. Feeling super motivated!,Desktop,#Foodie,5512.0
56,2025-04-30 14:21:33,"Paris, France",423,174,0.51,Positive,Catching up with old friends always feels like no time passed.,Des ktop,#MorningVibes,1170.0
57,2025-04-30 08:39:11,"London, UK",412,177,-0.34,Negative,Yoga in the park this morning was so refreshing. 🧘‍♀️,Des ktop,#TuesdayFeeling,2898.0
58,2025-04-30 05:08:18,"Paris, France",140,128,0.26,Neutral,When did it get so cold?! 🥶 Time for sweaters!,Tablet,,1786.0
59,2025-04-30 07:23:07,"London, UK",431,47,0.21,Neutral,Finally booked my vacation! Counting down the days. ✈️,,,1262.0
60,2025-04-30 14:25:32,"Sydney, Australia",319,60,-0.33,Negative,Why does my cat wake me up at 5am every day? 😂,Des ktop,#WorkLife,9775.0
61,2025-04-30 07:31:35,"São Paulo, Brazil",127,87,0.38,Positive,Nature walks clear my mind like nothing else.,mobile,,2705.0
62,2025-04-30 17:43:44,"Berlin, Germany",70,12,-0.22,Neutral,Concert tonight! So pumped to see my favorite band live!,Desktop,#Traffic,3511.0
63,2025-04-30 14:49:00,"Toronto, Canada",304,194,-0.59,Negative,Sending positive vibes to everyone today. ✨,MOBILE,,3969.0
64,2025-04-30 03:09:03,"London, UK",304,102,-0.16,Neutral,Proud of myself for stepping out of my comfort zone today.,Des ktop,#Rain,9802.0
65,2025-04-30 10:51:04,"Berlin, Germany",240,61,0.59,Positive,Finally booked my vacation! Counting down the days. ✈️,,#Rain,7394.0
66,2025-04-30 03:12:25,"Sydney, Australia",24,130,0.12,Neutral,When life gives you lemons... make margaritas. 🍋🍹,Desktop,,1881.0
67,2025-04-30 12:28:45,"Toronto, Canada",116,159,0.43,Positive,Finally booked my vacation! Counting down the days. ✈️,Des ktop,,1107.0
68,2025-04-30 01:38:53,"São Paulo, Brazil",143,24,0.46,Positive,Reading an amazing book right now. Totally recommend!,Mobile,#Foodie,2544.0
69,2025-04-30 08:14:46,,72,119,0.51,Positive,Dogs make everything better. 🐶❤️,Desktop,,9568.0
70,2025-04-30 08:08:25,"São Paulo, Brazil",92,85,0.69,Positive,New blog post is up! Check it out and let me know your thoughts.,MOBILE,#Fitness,9443.0
71,2025-04-30 14:27:38,"Sydney, Australia",498,107,-0.33,Negative,Sending positive vibes to everyone today. ✨,MOBILE,#Rain,9647.0
72,2025-04-30 00:08:52,,232,198,-0.1,Neutral,When life gives you lemons... make margaritas. 🍋🍹,Tablet,#Fitness,1122.0
73,2025-04-30 06:43:17,,338,146,0.71,Positive,Best workout session ever! Feeling strong. 💪 #Fitness,Mobile,,5985.0
74,2025-04-30 01:59:49,"Sydney, Australia",428,14,-0.07,Neutral,Coffee is life. Don't talk to me before my second cup. ☕,mobile,#WorkLife,9769.0
75,2025-04-30 07:10:38,"Paris, France",180,173,-0.22,Neutral,Celebrating small wins today. They matter too. 🎯,Desktop,#WorkLife,6351.0
76,2025-04-30 07:55:20,,231,145,0.8,Positive,New blog post is up! Check it out and let me know your thoughts.,Tablet,#TuesdayFeeling,2378.0
77,2025-04-30 03:25:35,,47,193,-0.87,Negative,Concert tonight! So pumped to see my favorite band live!,MOBILE,#WorkLife,2627.0
78,2025-04-30 05:15:05,"Tokyo, Japan",21,5,-0.22,Neutral,Reading an amazing book right now. Totally recommend!,Mobile,#Rain,357.0
79,2025-04-30 02:37:16,"Berlin, Germany",184,103,0.94,Positive,"Sometimes you win, sometimes you learn. 💬",Desktop,#Foodie,1487.0
80,2025-04-30 02:29:52,"Toronto, Canada",219,115,0.3,Neutral,Catching up with old friends always feels like no time passed.,Desktop,,3045.0
81,2025-04-30 08:16:19,,172,81,-0.25,Neutral,Sending positive vibes to everyone today. ✨,,#TuesdayFeeling,6403.0
82,2025-04-30 06:28:05,"São Paulo, Brazil",44,78,-0.54,Negative,Family BBQ today! Love days like this. 🍔🌭,Desktop,,221.0
83,2025-04-30 10:31:15,"Berlin, Germany",220,122,-0.91,Negative,"Life’s short, eat the cake. 🎂",mobile,,4511.0
84,2025-04-30 07:28:44,,322,82,-0.86,Negative,Overthinking everything... need to chill. 🧘,MOBILE,#MorningVibes,720.0
85,2025-04-30 10:20:34,"Berlin, Germany",205,63,0.22,Neutral,Celebrating small wins today. They matter too. 🎯,MOBILE,#Rain,9607.0
86,2025-04-30 08:45:57,"London, UK",438,61,-0.25,Neutral,"Some days are tough, but we keep moving forward. 🙌",,#Fitness,7717.0
87,2025-04-30 09:24:38,"London, UK",59,115,-0.91,Negative,Feeling super productive today! Crushing my to-do list.,Desktop,#CoffeeBreak,7840.0
88,2025-04-30 11:28:51,"London, UK",478,106,0.86,Positive,Couldn't resist buying new plants today. 🌱,,,5219.0
89,2025-04-30 11:09:36,"New York, USA",413,129,0.32,Positive,Miss traveling so much. Dreaming of new adventures.,,#MorningVibes,7781.0
90,2025-04-30 08:15:55,,48,136,-0.99,Negative,Trying out bullet journaling — loving it so far!,MOBILE,#WorkLife,5882.0
91,2025-04-30 17:29:12,"Sydney, Australia",123,60,-0.79,Negative,Dogs make everything better. 🐶❤️,Tablet,#MorningVibes,9891.0
92,2025-04-30 13:38:34,"Sydney, Australia",47,152,0.16,Neutral,"Life’s short, eat the cake. 🎂",Tablet ,#MorningVibes,7852.0
93,2025-04-30 10:31:29,"Tokyo, Japan",200,57,0.56,Positive,Overthinking everything... need to chill. 🧘,Mobile,,4880.0
94,2025-04-30 14:43:31,"New York, USA",428,61,0.61,Positive,Dogs make everything better. 🐶❤️,Des ktop,#Rain,2177.0
95,2025-04-30 09:12:14,"London, UK",313,98,0.34,Positive,Just got my promotion!! 🎉 Hard work pays off.,Tablet ,#Foodie,4703.0
96,2025-04-30 05:00:36,"Sydney, Australia",191,43,0.48,Positive,Can't believe how beautiful the sunrise was today! 🌅,Desktop,,2960.0
97,2025-04-30 16:34:06,"Tokyo, Japan",70,91,-0.61,Negative,"Sometimes you win, sometimes you learn. 💬",Des ktop,#Traffic,2973.0
98,2025-04-30 04:45:21,"São Paulo, Brazil",219,133,0.5,Positive,"Self-care Sunday: face masks, tea, and zero responsibilities.",Tablet,,642.0
99,2025-04-30 06:14:28,"London, UK",400,143,0.52,Positive,"Some days are tough, but we keep moving forward. 🙌",Tablet,#TuesdayFeeling,6865.0
100,2025-04-30 14:01:26,"Toronto, Canada",386,20,0.31,Positive,Any Netflix recommendations for tonight? 📺,Des ktop,,2840.0
1,2025-04-26 03:50:18,"Paris, France",291,61,-0.69,Negative,Best workout session ever! Feeling strong. 💪 #Fitness,Tablet ,#Rain,960.0
2,2025-04-26 03:03:03,"Berlin, Germany",169,188,0.43,Positive,When life gives you lemons... make margaritas. 🍋🍹,Des ktop,#Fitness,7903.0
3,2025-04-26 13:34:59,,53,15,-0.6,Negative,Feeling grateful for the little things today. 🌼,Desktop,,6490.0
4,2025-04-26 08:38:22,"Sydney, Australia",58,56,-0.52,Negative,"Some days are tough, but we keep moving forward. 🙌",,#WorkLife,294.0
5,2025-04-26 05:15:26,"Berlin, Germany",442,129,-0.15,Neutral,Concert tonight! So pumped to see my favorite band live!,MOBILE,,772.0
6,2025-04-26 01:46:20,,203,137,0.01,Neutral,Just finished my first marathon! 🏃‍♂️🏅,MOBILE,#WorkLife,4566.0
7,2025-04-26 06:05:52,"Sydney, Australia",206,79,-0.85,Negative,Just got my promotion!! 🎉 Hard work pays off.,Desktop,#Fitness,9671.0
8,2025-04-26 07:07:14,"Berlin, Germany",1,177,-0.23,Neutral,Couldn't resist buying new plants today. 🌱,mobile,,9745.0
9,2025-04-26 14:01:35,"São Paulo, Brazil",345,22,0.32,Positive,Feeling super productive today! Crushing my to-do list.,MOBILE,,3047.0
10,2025-04-26 05:42:10,,223,112,-0.46,Negative,Can't believe how beautiful the sunrise was today! 🌅,Mobile,#Rain,295.0
11,2025-04-26 07:29:11,"London, UK",293,194,0.88,Positive,Feeling super productive today! Crushing my to-do list.,Desktop,,7406.0
12,2025-04-26 06:23:56,"São Paulo, Brazil",221,60,-0.35,Negative,"Life’s short, eat the cake. 🎂",Tablet ,#Fitness,3263.0
13,2025-04-26 00:37:10,"New York, USA",172,155,-0.07,Neutral,Nature walks clear my mind like nothing else.,Desktop,#MorningVibes,9834.0
14,2025-04-26 11:57:11,"São Paulo, Brazil",109,12,0.31,Positive,When did it get so cold?! 🥶 Time for sweaters!,Desktop,#Rain,1515.0
15,2025-04-26 15:35:27,"Tokyo, Japan",390,21,-0.87,Negative,Concert tonight! So pumped to see my favorite band live!,Tablet,#Rain,3118.0
16,2025-04-26 04:36:42,"Sydney, Australia",436,131,-0.08,Neutral,Catching up with old friends always feels like no time passed.,Desktop,,7529.0
17,2025-04-26 16:47:49,"Sydney, Australia",374,69,0.57,Positive,Sending positive vibes to everyone today. ✨,MOBILE,#Fitness,2753.0
18,2025-04-26 14:12:46,"London, UK",356,83,-0.26,Neutral,Just got my promotion!! 🎉 Hard work pays off.,Mobile,#WorkLife,6466.0
19,2025-04-26 06:03:20,"New York, USA",27,135,-0.94,Negative,Woke up to the sound of rain. So peaceful. 🌧️,Tablet ,#Foodie,7318.0
20,2025-04-26 01:15:48,"Berlin, Germany",62,21,-0.93,Negative,"Monday motivation: Start where you are, use what you have.",Desktop,#Foodie,8161.0
21,2025-04-26 01:58:26,"Tokyo, Japan",404,95,-0.51,Negative,Why does my cat wake me up at 5am every day? 😂,Desktop,#CoffeeBreak,1840.0
22,2025-04-26 16:36:48,"Berlin, Germany",4,59,-0.92,Negative,Celebrating small wins today. They matter too. 🎯,Tablet ,#Rain,671.0
23,2025-04-26 01:19:38,"London, UK",177,175,-0.35,Negative,Overthinking everything... need to chill. 🧘,Tablet ,#TuesdayFeeling,407.0
24,2025-04-26 16:19:13,"Berlin, Germany",55,109,0.78,Positive,"Some days are tough, but we keep moving forward. 🙌",Mobile,#MorningVibes,6497.0
25,2025-04-26 04:51:01,"Tokyo, Japan",231,156,-0.13,Neutral,Any tips for staying focused when working from home?,MOBILE,#WorkLife,9514.0
26,2025-04-26 00:04:02,,76,145,0.69,Positive,Celebrating small wins today. They matter too. 🎯,Des ktop,#TuesdayFeeling,7244.0
27,2025-04-26 07:21:10,"London, UK",330,181,0.41,Positive,Why does my cat wake me up at 5am every day? 😂,mobile,#MorningVibes,6398.0
28,2025-04-26 17:22:11,"Berlin, Germany",37,175,0.65,Positive,Is it Friday yet? Need the weekend desperately. 😩,,#Traffic,5563.0
29,2025-04-26 12:24:44,"Sydney, Australia",139,42,0.87,Positive,When life gives you lemons... make margaritas. 🍋🍹,Mobile,,1585.0
30,2025-04-26 06:39:03,,90,60,0.72,Positive,Miss traveling so much. Dreaming of new adventures.,Desktop,#TuesdayFeeling,4850.0
31,2025-04-26 11:47:33,"São Paulo, Brazil",364,90,-0.52,Negative,Family BBQ today! Love days like this. 🍔🌭,,#MorningVibes,6394.0
32,2025-04-26 12:01:41,"São Paulo, Brazil",142,143,-0.18,Neutral,This new app I'm using is a game changer!,Desktop,#Rain,5986.0
33,2025-04-26 08:51:23,"London, UK",368,34,-0.96,Negative,Just finished my first marathon! 🏃‍♂️🏅,Des ktop,#CoffeeBreak,2392.0
34,2025-04-26 00:38:59,"São Paulo, Brazil",186,148,0.57,Positive,Coffee is life. Don't talk to me before my second cup. ☕,mobile,#TuesdayFeeling,6469.0
35,2025-04-26 01:08:48,,458,157,-0.37,Negative,Brainstorming ideas for my next big project!,Tablet ,#TuesdayFeeling,8848.0
36,2025-04-26 17:33:59,"Berlin, Germany",303,34,-0.97,Negative,Coffee is life. Don't talk to me before my second cup. ☕,Mobile,#Traffic,1018.0
37,2025-04-26 06:08:52,"New York, USA",414,151,0.25,Neutral,When life gives you lemons... make margaritas. 🍋🍹,Desktop,#CoffeeBreak,8670.0
38,2025-04-26 08:20:39,,479,99,-0.92,Negative,"Some days are tough, but we keep moving forward. 🙌",mobile,#Rain,704.0
39,2025-04-26 13:23:19,"Tokyo, Japan",206,185,0.13,Neutral,"Self-care Sunday: face masks, tea, and zero responsibilities.",Mobile,#TuesdayFeeling,850.0
40,2025-04-26 04:25:04,"Tokyo, Japan",207,196,0.73,Positive,Can't believe how beautiful the sunrise was today! 🌅,Tablet,,918.0
41,2025-04-26 16:28:07,"Sydney, Australia",137,82,0.16,Neutral,Trying out a new recipe tonight. Hope it turns out good!,Des ktop,,2896.0
42,2025-04-26 15:12:25,"London, UK",60,28,0.51,Positive,Trying out a new recipe tonight. Hope it turns out good!,Desktop,#TuesdayFeeling,9848.0
43,2025-04-26 14:32:54,"São Paulo, Brazil",170,193,0.41,Positive,Rainy days make me want to stay in bed all day. ☔,mobile,#WorkLife,5627.0
44,2025-04-26 14:46:23,"Toronto, Canada",426,152,-0.54,Negative,Finally booked my vacation! Counting down the days. ✈️,Desktop,,9536.0
45,2025-04-26 09:56:15,"Tokyo, Japan",210,86,0.86,Positive,Finally booked my vacation! Counting down the days. ✈️,mobile,#MorningVibes,9817.0
46,2025-04-26 03:09:27,"Paris, France",109,182,0.24,Neutral,Rainy days make me want to stay in bed all day. ☔,Desktop,#Fitness,2414.0
47,2025-04-26 13:47:26,"Toronto, Canada",190,58,-0.06,Neutral,Late night coding sessions are both a curse and a blessing. 💻,MOBILE,,2803.0
48,2025-04-26 07:59:08,"São Paulo, Brazil",148,11,-0.01,Neutral,Met an inspiring entrepreneur today. Great conversation!,Mobile,#Foodie,1737.0
49,2025-04-26 14:24:02,"Toronto, Canada",245,112,-0.08,Neutral,Late night coding sessions are both a curse and a blessing. 💻,Mobile,#TuesdayFeeling,1422.0
50,2025-04-26 00:06:56,"New York, USA",165,152,0.01,Neutral,Family BBQ today! Love days like this. 🍔🌭,Desktop,,9827.0
51,2025-04-26 16:08:44,"Sydney, Australia",287,138,0.67,Positive,Learning a new language is so challenging yet rewarding!,Des ktop,#Foodie,3477.0
52,2025-04-26 02:36:17,"Sydney, Australia",154,54,0.73,Positive,Feeling super productive today! Crushing my to-do list.,Des ktop,#WorkLife,4019.0
53,2025-04-26 17:04:38,"Tokyo, Japan",375,74,-0.67,Negative,Nature walks clear my mind like nothing else.,Mobile,,3049.0
54,2025-04-26 13:03:22,"Berlin, Germany",132,86,0.38,Positive,Nature walks clear my mind like nothing else.,Desktop,,5034.0
55,2025-04-26 06:19:56,"Toronto, Canada",344,181,-0.45,Negative,Can't believe how beautiful the sunrise was today! 🌅,,#CoffeeBreak,3244.0
56,2025-04-26 02:08:20,,338,64,0.27,Neutral,Trying out a new recipe tonight. Hope it turns out good!,MOBILE,,8415.0
57,2025-04-26 03:59:30,"Berlin, Germany",259,192,-0.64,Negative,Just finished my first marathon! 🏃‍♂️🏅,mobile,#Fitness,969.0
58,2025-04-26 03:31:35,"London, UK",459,149,-0.09,Neutral,"Some days are tough, but we keep moving forward. 🙌",Des ktop,#TuesdayFeeling,2988.0
59,2025-04-26 02:54:30,"New York, USA",430,92,0.9,Positive,Best workout session ever! Feeling strong. 💪 #Fitness,MOBILE,#Fitness,3533.0
60,2025-04-26 07:54:46,"Sydney, Australia",433,147,0.37,Positive,Miss traveling so much. Dreaming of new adventures.,Des ktop,#MorningVibes,1810.0
61,2025-04-26 13:28:43,"New York, USA",416,118,-0.66,Negative,Why does my cat wake me up at 5am every day? 😂,Tablet,#Foodie,576.0
62,2025-04-26 08:49:48,,206,11,-0.09,Neutral,Is it Friday yet? Need the weekend desperately. 😩,Desktop,#CoffeeBreak,7387.0
63,2025-04-26 10:47:23,"Paris, France",19,165,0.07,Neutral,Learning a new language is so challenging yet rewarding!,mobile,,5436.0
64,2025-04-26 04:11:17,"London, UK",183,89,-0.2,Neutral,Finally booked my vacation! Counting down the days. ✈️,mobile,#Rain,3984.0
65,2025-04-26 13:25:49,"Toronto, Canada",460,65,0.15,Neutral,"Monday motivation: Start where you are, use what you have.",Desktop,#CoffeeBreak,1304.0
66,2025-04-26 08:34:26,"Berlin, Germany",229,65,0.84,Positive,Best workout session ever! Feeling strong. 💪 #Fitness,Desktop,#Foodie,3641.0
67,2025-04-26 16:53:30,"Berlin, Germany",25,74,0.19,Neutral,Family BBQ today! Love days like this. 🍔🌭,Desktop,#Traffic,2334.0
68,2025-04-26 08:19:58,"São Paulo, Brazil",423,42,-0.9,Negative,Just finished my first marathon! 🏃‍♂️🏅,MOBILE,#Fitness,3413.0
69,2025-04-26 06:06:52,"Tokyo, Japan",7,28,-0.15,Neutral,Stuck in traffic again... seriously?! 🚗🚦,Mobile,#Fitness,2336.0
70,2025-04-26 02:01:21,"Berlin, Germany",413,127,0.23,Neutral,Catching up with old friends always feels like no time passed.,Desktop,#Foodie,5729.0
71,2025-04-26 04:00:08,"Sydney, Australia",438,143,0.38,Positive,When did it get so cold?! 🥶 Time for sweaters!,Tablet,,2884.0
72,2025-04-26 10:31:27,,234,6,0.0,Neutral,Feeling grateful for the little things today. 🌼,Desktop,#WorkLife,8648.0
73,2025-04-26 08:54:21,"São Paulo, Brazil",442,183,-0.61,Negative,Met an inspiring entrepreneur today. Great conversation!,Des ktop,#TuesdayFeeling,4673.0
74,2025-04-26 00:15:50,"Toronto, Canada",180,87,0.77,Positive,Proud of myself for stepping out of my comfort zone today.,mobile,#CoffeeBreak,5462.0
75,2025-04-26 07:54:18,"São Paulo, Brazil",72,162,-0.6,Negative,Met an inspiring entrepreneur today. Great conversation!,Tablet,,183.0
76,2025-04-26 07:36:19,"New York, USA",292,118,0.24,Neutral,Stuck in traffic again... seriously?! 🚗🚦,Des ktop,,650.0
77,2025-04-26 07:44:58,,206,94,0.55,Positive,When life gives you lemons... make margaritas. 🍋🍹,Des ktop,#Rain,7512.0
78,2025-04-26 09:00:59,"São Paulo, Brazil",365,19,-0.3,Neutral,Huge thanks to everyone who made today unforgettable!,,#MorningVibes,6762.0
79,2025-04-26 17:17:34,"São Paulo, Brazil",308,118,-0.21,Neutral,Reading an amazing book right now. Totally recommend!,MOBILE,#Fitness,4016.0
80,2025-04-26 11:47:23,"London, UK",272,63,0.78,Positive,Coffee is life. Don't talk to me before my second cup. ☕,Des ktop,,5094.0
81,2025-04-26 02:56:43,"Berlin, Germany",412,146,0.1,Neutral,Overthinking everything... need to chill. 🧘,Mobile,#TuesdayFeeling,7698.0
82,2025-04-26 14:03:02,"Tokyo, Japan",97,177,-0.17,Neutral,Celebrating small wins today. They matter too. 🎯,Desktop,#Foodie,6168.0
83,2025-04-26 11:24:38,"Berlin, Germany",57,33,-0.05,Neutral,Celebrating small wins today. They matter too. 🎯,Mobile,,1258.0
84,2025-04-26 07:00:23,"Paris, France",49,101,0.88,Positive,Feeling super productive today! Crushing my to-do list.,Mobile,#Fitness,7077.0
85,2025-04-26 13:42:21,"Sydney, Australia",415,51,-0.12,Neutral,Any tips for staying focused when working from home?,,,3493.0
86,2025-04-26 14:20:22,"London, UK",83,130,0.97,Positive,Nature walks clear my mind like nothing else.,MOBILE,#MorningVibes,8533.0
87,2025-04-26 17:12:32,"Paris, France",295,71,-0.12,Neutral,Best workout session ever! Feeling strong. 💪 #Fitness,Desktop,#WorkLife,6089.0
88,2025-04-26 08:28:17,"New York, USA",55,150,0.6,Positive,Made a vision board today. Feeling super motivated!,MOBILE,#Foodie,9255.0
89,2025-04-26 12:49:54,"London, UK",109,191,-0.4,Negative,Sunsets are proof that endings can be beautiful too. 🌇,mobile,#Foodie,5587.0
90,2025-04-26 04:20:39,,349,55,-0.74,Negative,Is it Friday yet? Need the weekend desperately. 😩,Des ktop,,3537.0
91,2025-04-26 13:42:39,"São Paulo, Brazil",38,27,-0.29,Neutral,Finally booked my vacation! Counting down the days. ✈️,MOBILE,#Fitness,8350.0
92,2025-04-26 12:22:59,"Toronto, Canada",124,12,-0.87,Negative,Just got my promotion!! 🎉 Hard work pays off.,Mobile,#Rain,6208.0
93,2025-04-26 06:17:04,"Berlin, Germany",100,25,0.62,Positive,"Self-care Sunday: face masks, tea, and zero responsibilities.",,,2110.0
94,2025-04-26 08:33:32,,222,81,-0.31,Negative,Couldn't resist buying new plants today. 🌱,,#Fitness,7505.0
95,2025-04-26 11:18:14,"Paris, France",382,87,-0.69,Negative,Couldn't resist buying new plants today. 🌱,Desktop,#CoffeeBreak,7601.0
96,2025-04-26 01:35:21,"London, UK",470,21,-0.03,Neutral,When life gives you lemons... make margaritas. 🍋🍹,Tablet,#Fitness,1360.0
97,2025-04-26 01:59:27,"Tokyo, Japan",374,10,0.13,Neutral,Just got my promotion!! 🎉 Hard work pays off.,Desktop,#Foodie,8231.0
98,2025-04-26 02:44:23,"São Paulo, Brazil",95,189,-0.73,Negative,Feeling super productive today! Crushing my to-do list.,Mobile,#Fitness,6924.0
99,2025-04-26 17:39:02,,485,9,0.01,Neutral,Reading an amazing book right now. Totally recommend!,Des ktop,#Traffic,6983.0
100,2025-04-26 08:04:48,"New York, USA",237,151,0.25,Neutral,Dogs make everything better. 🐶❤️,mobile,#Rain,461.0
1,2025-04-27 15:52:13,"São Paulo, Brazil",111,59,-0.02,Neutral,Feeling super productive today! Crushing my to-do list.,MOBILE,#WorkLife,9581.0
2,2025-04-27 06:14:25,"Paris, France",144,64,-0.08,Neutral,"Self-care Sunday: face masks, tea, and zero responsibilities.",,,7395.0
3,2025-04-27 08:20:15,"Sydney, Australia",478,56,0.43,Positive,Overthinking everything... need to chill. 🧘,Tablet,#Fitness,2913.0
4,2025-04-27 14:22:05,"Sydney, Australia",180,183,-0.27,Neutral,Feeling grateful for the little things today. 🌼,Des ktop,#Traffic,4820.0
5,2025-04-27 14:00:46,"New York, USA",277,140,-0.31,Negative,"Some days are tough, but we keep moving forward. 🙌",MOBILE,#Fitness,7569.0
6,2025-04-27 17:24:26,"Tokyo, Japan",17,114,0.98,Positive,Nature walks clear my mind like nothing else.,Tablet,,4773.0
7,2025-04-27 03:19:05,"Tokyo, Japan",400,142,-0.6,Negative,Celebrating small wins today. They matter too. 🎯,Tablet,#Foodie,3997.0
8,2025-04-27 02:07:42,"New York, USA",462,62,-0.75,Negative,Finally booked my vacation! Counting down the days. ✈️,Tablet,#TuesdayFeeling,4366.0
9,2025-04-27 06:43:46,"Tokyo, Japan",12,80,0.53,Positive,New blog post is up! Check it out and let me know your thoughts.,,#MorningVibes,5292.0
10,2025-04-27 17:48:15,"Paris, France",39,147,-0.97,Negative,"Some days are tough, but we keep moving forward. 🙌",MOBILE,#TuesdayFeeling,8945.0
11,2025-04-27 17:45:28,"Tokyo, Japan",468,81,-0.06,Neutral,Why does my cat wake me up at 5am every day? 😂,Tablet ,#Rain,508.0
12,2025-04-27 07:21:53,"Berlin, Germany",200,190,0.12,Neutral,"Some days are tough, but we keep moving forward. 🙌",Des ktop,#Traffic,2656.0
13,2025-04-27 00:04:41,,37,187,-0.28,Neutral,Best pizza I've ever had. Hands down. 🍕,MOBILE,,4942.0
14,2025-04-27 08:37:38,"Sydney, Australia",226,47,-0.19,Neutral,This weather makes me so happy! ☀️,Tablet,,7343.0
15,2025-04-27 06:09:56,"London, UK",438,38,-0.09,Neutral,"Life’s short, eat the cake. 🎂",Des ktop,#MorningVibes,2384.0
16,2025-04-27 12:20:33,,344,61,0.81,Positive,Is it Friday yet? Need the weekend desperately. 😩,Tablet ,#MorningVibes,6680.0
17,2025-04-27 11:14:29,"São Paulo, Brazil",364,80,0.64,Positive,Late night thoughts: How amazing is the universe?,MOBILE,#Rain,5447.0
18,2025-04-27 01:00:06,"São Paulo, Brazil",389,76,0.16,Neutral,Met an inspiring entrepreneur today. Great conversation!,,#CoffeeBreak,4653.0
19,2025-04-27 03:33:46,"New York, USA",345,13,0.29,Neutral,Huge thanks to everyone who made today unforgettable!,,#TuesdayFeeling,1531.0
20,2025-04-27 17:45:52,,131,38,0.86,Positive,When life gives you lemons... make margaritas. 🍋🍹,mobile,#TuesdayFeeling,5306.0
21,2025-04-27 10:58:49,,332,159,-0.44,Negative,Best workout session ever! Feeling strong. 💪 #Fitness,MOBILE,#WorkLife,2523.0
22,2025-04-27 13:02:01,"Toronto, Canada",190,165,0.71,Positive,Made a vision board today. Feeling super motivated!,Desktop,#Traffic,299.0
23,2025-04-27 05:10:54,"Paris, France",52,194,-0.56,Negative,Yoga in the park this morning was so refreshing. 🧘‍♀️,Tablet ,#TuesdayFeeling,9291.0
24,2025-04-27 01:35:40,"São Paulo, Brazil",236,149,0.21,Neutral,"Life’s short, eat the cake. 🎂",Des ktop,#WorkLife,7349.0
25,2025-04-27 05:15:15,"Tokyo, Japan",421,199,0.12,Neutral,"Life’s short, eat the cake. 🎂",Desktop,#WorkLife,2386.0
26,2025-04-27 15:12:36,"London, UK",317,184,0.57,Positive,"Some days are tough, but we keep moving forward. 🙌",mobile,#Fitness,7876.0
27,2025-04-27 17:59:34,,31,98,0.88,Positive,Miss traveling so much. Dreaming of new adventures.,Desktop,,6256.0
28,2025-04-27 01:36:36,"New York, USA",255,186,-0.33,Negative,Learning a new language is so challenging yet rewarding!,Tablet ,#WorkLife,2965.0
29,2025-04-27 10:07:05,"Berlin, Germany",314,30,0.15,Neutral,Celebrating small wins today. They matter too. 🎯,Tablet,#CoffeeBreak,3147.0
30,2025-04-27 15:09:04,"Toronto, Canada",324,189,0.98,Positive,Dogs make everything better. 🐶❤️,,#TuesdayFeeling,791.0
31,2025-04-27 14:58:42,"Sydney, Australia",126,168,-0.49,Negative,Met an inspiring entrepreneur today. Great conversation!,Tablet ,#TuesdayFeeling,9263.0
32,2025-04-27 13:28:07,"Berlin, Germany",212,83,-0.5,Negative,Feeling grateful for the little things today. 🌼,Mobile,#MorningVibes,2623.0
33,2025-04-27 04:46:54,"Sydney, Australia",405,131,-1.0,Negative,Just finished my first marathon! 🏃‍♂️🏅,Des ktop,#Rain,4813.0
34,2025-04-27 07:35:38,"Tokyo, Japan",126,169,0.59,Positive,"Self-care Sunday: face masks, tea, and zero responsibilities.",mobile,#MorningVibes,2055.0
35,2025-04-27 13:55:16,"Sydney, Australia",275,80,-0.7,Negative,"Self-care Sunday: face masks, tea, and zero responsibilities.",Desktop,,6027.0
36,2025-04-27 10:34:40,"Berlin, Germany",480,128,-0.3,Neutral,Overthinking everything... need to chill. 🧘,Desktop,#Fitness,7899.0
37,2025-04-27 17:44:09,"London, UK",272,151,-0.03,Neutral,Made a vision board today. Feeling super motivated!,,,387.0
38,2025-04-27 15:23:16,"Sydney, Australia",497,108,0.89,Positive,Late night coding sessions are both a curse and a blessing. 💻,Mobile,#Foodie,5337.0
39,2025-04-27 08:23:34,"Tokyo, Japan",327,7,0.85,Positive,Yoga in the park this morning was so refreshing. 🧘‍♀️,Tablet,#MorningVibes,4567.0
40,2025-04-27 06:34:29,"Toronto, Canada",110,186,0.18,Neutral,Just finished my first marathon! 🏃‍♂️🏅,MOBILE,#MorningVibes,4849.0
41,2025-04-27 05:18:34,,228,155,0.52,Positive,Just finished my first marathon! 🏃‍♂️🏅,Desktop,,3275.0
42,2025-04-27 13:57:09,"Tokyo, Japan",271,118,-0.03,Neutral,This weather makes me so happy! ☀️,Desktop,,2838.0
43,2025-04-27 09:53:52,"Paris, France",209,144,0.41,Positive,Finally booked my vacation! Counting down the days. ✈️,Tablet ,#Fitness,6039.0
44,2025-04-27 01:44:40,,12,95,-0.25,Neutral,Met an inspiring entrepreneur today. Great conversation!,MOBILE,#Foodie,311.0
45,2025-04-27 02:29:35,,237,93,-0.05,Neutral,Dogs make everything better. 🐶❤️,MOBILE,#TuesdayFeeling,6850.0
46,2025-04-27 06:11:42,"Tokyo, Japan",170,93,-0.59,Negative,Trying out a new recipe tonight. Hope it turns out good!,mobile,#Foodie,8347.0
47,2025-04-27 04:01:30,"São Paulo, Brazil",54,80,0.02,Neutral,Sunsets are proof that endings can be beautiful too. 🌇,,,9129.0
48,2025-04-27 12:47:03,"London, UK",115,142,0.82,Positive,Learning a new language is so challenging yet rewarding!,Des ktop,#Rain,2009.0
49,2025-04-27 14:54:23,"Tokyo, Japan",201,107,0.0,Neutral,Coffee is life. Don't talk to me before my second cup. ☕,Des ktop,#Traffic,5204.0
50,2025-04-27 12:34:48,"Paris, France",470,127,-0.93,Negative,Reading an amazing book right now. Totally recommend!,Des ktop,,8670.0
51,2025-04-27 13:54:02,"Paris, France",416,56,-0.12,Neutral,Family BBQ today! Love days like this. 🍔🌭,Tablet ,#MorningVibes,2043.0
52,2025-04-27 04:02:52,"Tokyo, Japan",181,110,-0.68,Negative,Any tips for staying focused when working from home?,Tablet,#CoffeeBreak,5136.0
53,2025-04-27 02:16:54,"São Paulo, Brazil",226,74,-0.1,Neutral,Reading an amazing book right now. Totally recommend!,Desktop,#WorkLife,1930.0
54,2025-04-27 01:24:54,"New York, USA",264,31,-0.9,Negative,Trying out bullet journaling — loving it so far!,Desktop,#MorningVibes,3317.0
55,2025-04-27 01:57:45,"New York, USA",480,184,-0.62,Negative,"Sometimes you win, sometimes you learn. 💬",,,1071.0
56,2025-04-27 08:32:21,"London, UK",154,189,0.39,Positive,Woke up to the sound of rain. So peaceful. 🌧️,Mobile,#Rain,5042.0
57,2025-04-27 12:09:10,"New York, USA",106,41,-0.22,Neutral,This weather makes me so happy! ☀️,Desktop,#Rain,9959.0
58,2025-04-27 03:44:21,"São Paulo, Brazil",138,102,-0.75,Negative,Family BBQ today! Love days like this. 🍔🌭,MOBILE,#MorningVibes,1587.0
59,2025-04-27 02:38:59,"Sydney, Australia",272,159,0.11,Neutral,Met an inspiring entrepreneur today. Great conversation!,MOBILE,#Traffic,2730.0
60,2025-04-27 15:34:02,,212,84,0.67,Positive,"Life’s short, eat the cake. 🎂",mobile,,9442.0
61,2025-04-27 01:14:38,"London, UK",55,133,-0.27,Neutral,Met an inspiring entrepreneur today. Great conversation!,Mobile,,3655.0
62,2025-04-27 13:01:51,"São Paulo, Brazil",101,164,0.5,Positive,Dogs make everything better. 🐶❤️,Tablet,,170.0
63,2025-04-27 17:43:24,"London, UK",498,53,-0.82,Negative,New blog post is up! Check it out and let me know your thoughts.,,#TuesdayFeeling,6104.0
64,2025-04-27 12:42:32,"Tokyo, Japan",432,114,-0.31,Negative,Late night thoughts: How amazing is the universe?,Desktop,#Foodie,5913.0
65,2025-04-27 17:51:50,"Toronto, Canada",304,148,0.92,Positive,Sending positive vibes to everyone today. ✨,mobile,,3828.0
66,2025-04-27 07:25:11,"London, UK",62,103,0.87,Positive,This weather makes me so happy! ☀️,MOBILE,#Rain,7733.0
67,2025-04-27 02:00:29,,155,16,0.31,Positive,Reading an amazing book right now. Totally recommend!,Des ktop,#Traffic,4823.0
68,2025-04-27 10:08:32,"New York, USA",183,27,0.7,Positive,Huge thanks to everyone who made today unforgettable!,MOBILE,#TuesdayFeeling,1995.0
69,2025-04-27 07:00:17,"Sydney, Australia",118,36,0.77,Positive,Catching up with old friends always feels like no time passed.,Tablet ,,7373.0
70,2025-04-27 04:06:42,,67,176,-0.44,Negative,Learning a new language is so challenging yet rewarding!,Tablet ,#WorkLife,3193.0
71,2025-04-27 15:35:49,"London, UK",57,12,-0.98,Negative,Trying out bullet journaling — loving it so far!,MOBILE,#Foodie,309.0
72,2025-04-27 12:16:21,"Berlin, Germany",287,104,-0.31,Negative,Couldn't resist buying new plants today. 🌱,Desktop,#WorkLife,7277.0
73,2025-04-27 09:30:53,"London, UK",187,82,-0.38,Negative,Is it Friday yet? Need the weekend desperately. 😩,Tablet,#WorkLife,6663.0
74,2025-04-27 12:39:09,"London, UK",354,103,-0.37,Negative,Proud of myself for stepping out of my comfort zone today.,Tablet,#Rain,6059.0
75,2025-04-27 17:45:11,"São Paulo, Brazil",283,128,-0.82,Negative,Miss traveling so much. Dreaming of new adventures.,mobile,,6723.0
76,2025-04-27 02:14:05,"São Paulo, Brazil",303,39,0.08,Neutral,Sending positive vibes to everyone today. ✨,Des ktop,#Fitness,9634.0
77,2025-04-27 10:48:25,"Sydney, Australia",459,199,0.88,Positive,This weather makes me so happy! ☀️,Desktop,#Traffic,7895.0
78,2025-04-27 12:08:11,"Toronto, Canada",369,131,-0.6,Negative,"Self-care Sunday: face masks, tea, and zero responsibilities.",,#Fitness,2514.0
79,2025-04-27 13:58:51,"Berlin, Germany",410,136,-0.52,Negative,Trying out a new recipe tonight. Hope it turns out good!,Desktop,#Fitness,8117.0
80,2025-04-27 09:03:09,"São Paulo, Brazil",183,75,-0.45,Negative,Just finished my first marathon! 🏃‍♂️🏅,Tablet,#MorningVibes,1731.0
81,2025-04-27 13:25:52,"New York, USA",374,141,-0.1,Neutral,Rainy days make me want to stay in bed all day. ☔,Des ktop,,538.0
82,2025-04-27 17:41:45,"Tokyo, Japan",289,66,-0.51,Negative,Concert tonight! So pumped to see my favorite band live!,MOBILE,#Foodie,5060.0
83,2025-04-27 11:19:21,"London, UK",117,72,0.5,Positive,This weather makes me so happy! ☀️,Desktop,,8618.0
84,2025-04-27 13:58:23,"Berlin, Germany",447,103,0.16,Neutral,Catching up with old friends always feels like no time passed.,mobile,#Fitness,8257.0
85,2025-04-27 08:55:29,,322,151,0.63,Positive,Woke up to the sound of rain. So peaceful. 🌧️,,#Traffic,8956.0
86,2025-04-27 09:57:03,"New York, USA",441,26,-0.89,Negative,This weather makes me so happy! ☀️,Mobile,#WorkLife,2051.0
87,2025-04-27 06:59:01,"Berlin, Germany",270,162,-0.58,Negative,Finally booked my vacation! Counting down the days. ✈️,Desktop,#TuesdayFeeling,7631.0
88,2025-04-27 00:39:18,"New York, USA",180,43,-0.18,Neutral,Family BBQ today! Love days like this. 🍔🌭,,,5065.0
89,2025-04-27 16:06:19,"Tokyo, Japan",161,94,-0.29,Neutral,"Self-care Sunday: face masks, tea, and zero responsibilities.",Desktop,#Foodie,5219.0
90,2025-04-27 13:01:45,"Toronto, Canada",139,131,-0.37,Negative,"Self-care Sunday: face masks, tea, and zero responsibilities.",Desktop,,8137.0
91,2025-04-27 12:00:58,,182,111,-0.46,Negative,Couldn't resist buying new plants today. 🌱,,,7797.0
92,2025-04-27 08:39:49,,88,65,-0.63,Negative,Late night coding sessions are both a curse and a blessing. 💻,,#MorningVibes,6512.0
93,2025-04-27 04:47:41,"Berlin, Germany",377,148,-0.14,Neutral,Met an inspiring entrepreneur today. Great conversation!,Desktop,,5879.0
94,2025-04-27 13:57:11,"Sydney, Australia",432,115,-0.76,Negative,Finally booked my vacation! Counting down the days. ✈️,Mobile,#MorningVibes,9774.0
95,2025-04-27 00:49:16,"Tokyo, Japan",445,115,-0.42,Negative,Made a vision board today. Feeling super motivated!,MOBILE,,540.0
96,2025-04-27 13:55:47,"Paris, France",142,109,0.19,Neutral,Concert tonight! So pumped to see my favorite band live!,Desktop,#WorkLife,5754.0
97,2025-04-27 06:30:20,"Toronto, Canada",301,24,-0.67,Negative,Yoga in the park this morning was so refreshing. 🧘‍♀️,Mobile,,4101.0
98,2025-04-27 04:30:27,"São Paulo, Brazil",376,121,0.09,Neutral,Brainstorming ideas for my next big project!,Tablet ,,1491.0
99,2025-04-27 16:34:23,"London, UK",112,106,-0.31,Negative,This new app I'm using is a game changer!,Desktop,#Traffic,2881.0
100,2025-04-27 00:21:31,,302,195,0.16,Neutral,Finally booked my vacation! Counting down the days. ✈️,Mobile,#TuesdayFeeling,7021.0
1,2025-04-28 10:20:27,,148,103,0.31,Positive,Learning a new language is so challenging yet rewarding!,Tablet ,#MorningVibes,7795.0
2,2025-04-28 10:42:14,"New York, USA",450,39,-0.2,Neutral,Finally booked my vacation! Counting down the days. ✈️,Desktop,,6494.0
3,2025-04-28 05:52:10,"London, UK",344,179,-0.98,Negative,"Self-care Sunday: face masks, tea, and zero responsibilities.",Desktop,,3473.0
4,2025-04-28 06:06:57,"Berlin, Germany",202,60,0.56,Positive,Best pizza I've ever had. Hands down. 🍕,MOBILE,#Foodie,5007.0
5,2025-04-28 06:36:51,"Toronto, Canada",377,180,-0.07,Neutral,"Monday motivation: Start where you are, use what you have.",Des ktop,,1334.0
6,2025-04-28 15:17:55,,55,186,0.96,Positive,New blog post is up! Check it out and let me know your thoughts.,Tablet ,#Fitness,878.0
7,2025-04-28 05:24:45,"Toronto, Canada",348,196,-0.87,Negative,Feeling grateful for the little things today. 🌼,Desktop,,1652.0
8,2025-04-28 10:46:28,"Paris, France",239,1,0.48,Positive,Just got my promotion!! 🎉 Hard work pays off.,Desktop,,8800.0
9,2025-04-28 08:39:07,"Toronto, Canada",187,50,0.32,Positive,New blog post is up! Check it out and let me know your thoughts.,MOBILE,#Rain,5045.0
10,2025-04-28 09:11:12,"Sydney, Australia",475,107,-0.79,Negative,Sending positive vibes to everyone today. ✨,,#Traffic,3378.0
11,2025-04-28 07:32:32,"Toronto, Canada",89,122,0.5,Positive,Woke up to the sound of rain. So peaceful. 🌧️,,#TuesdayFeeling,9071.0
12,2025-04-28 03:17:15,"New York, USA",447,188,-0.51,Negative,Just finished my first marathon! 🏃‍♂️🏅,,#Foodie,9551.0
13,2025-04-28 09:05:15,"São Paulo, Brazil",219,121,0.59,Positive,"Sometimes you win, sometimes you learn. 💬",Des ktop,#Fitness,8828.0
14,2025-04-28 14:43:34,"Toronto, Canada",102,185,-0.14,Neutral,Overthinking everything... need to chill. 🧘,Mobile,,3387.0
15,2025-04-28 06:37:53,"Berlin, Germany",494,161,-0.9,Negative,"Some days are tough, but we keep moving forward. 🙌",mobile,#Foodie,5019.0
16,2025-04-28 15:22:00,"Toronto, Canada",51,88,0.38,Positive,Learning a new language is so challenging yet rewarding!,MOBILE,#Rain,3435.0
17,2025-04-28 15:24:01,"Toronto, Canada",438,21,-0.55,Negative,Just got my promotion!! 🎉 Hard work pays off.,Tablet ,,2731.0
18,2025-04-28 04:40:06,"São Paulo, Brazil",110,128,-0.49,Negative,When life gives you lemons... make margaritas. 🍋🍹,mobile,#Rain,2556.0
19,2025-04-28 03:29:37,"New York, USA",190,181,0.8,Positive,Any Netflix recommendations for tonight? 📺,Tablet ,#TuesdayFeeling,8052.0
20,2025-04-28 10:11:28,"Toronto, Canada",334,21,-0.05,Neutral,Sending positive vibes to everyone today. ✨,Mobile,#CoffeeBreak,2710.0
21,2025-04-28 04:57:52,"Tokyo, Japan",492,7,-0.68,Negative,Coffee is life. Don't talk to me before my second cup. ☕,Tablet ,#Fitness,9122.0
22,2025-04-28 03:12:13,"New York, USA",272,16,0.11,Neutral,"Life’s short, eat the cake. 🎂",Des ktop,#MorningVibes,1006.0
23,2025-04-28 15:38:53,"London, UK",140,144,0.67,Positive,Finally booked my vacation! Counting down the days. ✈️,Tablet ,#Rain,6768.0
24,2025-04-28 16:19:30,"Paris, France",495,77,0.83,Positive,"Sometimes you win, sometimes you learn. 💬",Desktop,#WorkLife,2402.0
25,2025-04-28 04:17:49,"London, UK",162,109,-0.63,Negative,Overthinking everything... need to chill. 🧘,,#Rain,8651.0
26,2025-04-28 12:05:30,,71,188,0.15,Neutral,Woke up to the sound of rain. So peaceful. 🌧️,Des ktop,#Rain,4000.0
27,2025-04-28 10:55:09,"London, UK",282,12,-0.08,Neutral,Finally booked my vacation! Counting down the days. ✈️,MOBILE,,6488.0
28,2025-04-28 14:40:11,"São Paulo, Brazil",244,162,-0.97,Negative,Sending positive vibes to everyone today. ✨,mobile,#Foodie,1850.0
29,2025-04-28 03:11:18,"São Paulo, Brazil",196,57,0.37,Positive,Just got my promotion!! 🎉 Hard work pays off.,Des ktop,#WorkLife,4266.0
30,2025-04-28 15:42:31,"New York, USA",216,161,-0.93,Negative,"Self-care Sunday: face masks, tea, and zero responsibilities.",,#Traffic,1950.0
31,2025-04-28 05:45:41,,4,19,-0.5,Negative,Sending positive vibes to everyone today. ✨,Des ktop,,4136.0
32,2025-04-28 17:32:11,"Sydney, Australia",58,191,0.24,Neutral,"Some days are tough, but we keep moving forward. 🙌",MOBILE,#TuesdayFeeling,6125.0
33,2025-04-28 14:57:09,"Sydney, Australia",387,16,0.86,Positive,Coffee is life. Don't talk to me before my second cup. ☕,Mobile,,995.0
34,2025-04-28 12:34:24,"São Paulo, Brazil",461,12,-0.55,Negative,Woke up to the sound of rain. So peaceful. 🌧️,,#WorkLife,5167.0
35,2025-04-28 11:37:54,"Paris, France",43,118,0.02,Neutral,Couldn't resist buying new plants today. 🌱,Desktop,,3972.0
36,2025-04-28 15:36:46,"Berlin, Germany",62,162,-0.85,Negative,Concert tonight! So pumped to see my favorite band live!,Mobile,#WorkLife,4286.0
37,2025-04-28 05:28:39,"London, UK",402,147,0.1,Neutral,This weather makes me so happy! ☀️,mobile,#Fitness,3546.0
38,2025-04-28 15:38:42,"Tokyo, Japan",415,121,0.67,Positive,Late night thoughts: How amazing is the universe?,MOBILE,,6756.0
39,2025-04-28 14:22:08,"New York, USA",359,151,0.22,Neutral,Just got my promotion!! 🎉 Hard work pays off.,Desktop,#TuesdayFeeling,7818.0
40,2025-04-28 13:24:56,"Toronto, Canada",144,70,-0.49,Negative,Miss traveling so much. Dreaming of new adventures.,Desktop,#Rain,2727.0
41,2025-04-28 12:42:55,"Sydney, Australia",64,98,-0.29,Neutral,Best pizza I've ever had. Hands down. 🍕,Desktop,#Traffic,6995.0
42,2025-04-28 10:57:40,,140,197,0.35,Positive,Proud of myself for stepping out of my comfort zone today.,MOBILE,#TuesdayFeeling,548.0
43,2025-04-28 13:52:16,"New York, USA",397,164,-0.86,Negative,Brainstorming ideas for my next big project!,Tablet,,7364.0
44,2025-04-28 14:24:00,"Tokyo, Japan",238,67,0.11,Neutral,Can't believe how beautiful the sunrise was today! 🌅,Desktop,#CoffeeBreak,5106.0
45,2025-04-28 05:42:40,"London, UK",207,143,-0.92,Negative,Is it Friday yet? Need the weekend desperately. 😩,Tablet,#CoffeeBreak,8560.0
46,2025-04-28 12:59:24,"Tokyo, Japan",428,89,-0.66,Negative,When did it get so cold?! 🥶 Time for sweaters!,Desktop,#Traffic,7497.0
47,2025-04-28 08:42:30,"Tokyo, Japan",236,193,0.11,Neutral,Woke up to the sound of rain. So peaceful. 🌧️,Tablet,,9816.0
48,2025-04-28 15:03:03,"Paris, France",245,135,0.0,Neutral,Dogs make everything better. 🐶❤️,mobile,#Rain,6891.0
49,2025-04-28 06:41:31,"Tokyo, Japan",170,158,0.92,Positive,When life gives you lemons... make margaritas. 🍋🍹,Desktop,,3777.0
50,2025-04-28 00:22:38,"New York, USA",44,193,0.77,Positive,Sunsets are proof that endings can be beautiful too. 🌇,mobile,#Rain,7676.0
51,2025-04-28 03:36:33,"Sydney, Australia",363,114,-0.24,Neutral,Any tips for staying focused when working from home?,Tablet,#MorningVibes,6670.0
52,2025-04-28 11:15:01,"Toronto, Canada",124,56,-0.43,Negative,When did it get so cold?! 🥶 Time for sweaters!,Tablet ,#Foodie,1559.0
53,2025-04-28 17:26:25,"Paris, France",285,145,-0.91,Negative,Late night coding sessions are both a curse and a blessing. 💻,Desktop,#MorningVibes,8715.0
54,2025-04-28 07:55:18,"Berlin, Germany",372,166,0.46,Positive,Couldn't resist buying new plants today. 🌱,Des ktop,#Rain,3777.0
55,2025-04-28 12:59:24,"São Paulo, Brazil",170,125,-0.71,Negative,"Monday motivation: Start where you are, use what you have.",Tablet ,#Fitness,8196.0
56,2025-04-28 06:57:19,"Tokyo, Japan",452,93,0.08,Neutral,Sending positive vibes to everyone today. ✨,mobile,,3631.0
57,2025-04-28 15:00:07,"Sydney, Australia",121,107,-0.24,Neutral,"Life’s short, eat the cake. 🎂",mobile,#WorkLife,3055.0
58,2025-04-28 07:26:13,"Tokyo, Japan",406,5,-0.5,Negative,Coffee is life. Don't talk to me before my second cup. ☕,Tablet ,#Fitness,3958.0
59,2025-04-28 11:14:40,"Berlin, Germany",145,14,-0.03,Neutral,Any Netflix recommendations for tonight? 📺,MOBILE,,7606.0
60,2025-04-28 01:33:38,"New York, USA",95,5,-0.35,Negative,Trying out bullet journaling — loving it so far!,Tablet,#Traffic,6613.0
61,2025-04-28 12:30:13,"São Paulo, Brazil",378,190,-0.46,Negative,Celebrating small wins today. They matter too. 🎯,Desktop,#WorkLife,9884.0
62,2025-04-28 04:39:52,"London, UK",138,42,0.96,Positive,Trying out a new recipe tonight. Hope it turns out good!,,#MorningVibes,953.0
63,2025-04-28 06:03:34,"São Paulo, Brazil",387,190,-0.21,Neutral,Trying out bullet journaling — loving it so far!,MOBILE,,9901.0
64,2025-04-28 12:55:02,"New York, USA",296,132,0.71,Positive,Can't believe how beautiful the sunrise was today! 🌅,Tablet ,,6341.0
65,2025-04-28 05:30:25,"Toronto, Canada",453,34,0.89,Positive,"Sometimes you win, sometimes you learn. 💬",MOBILE,#Foodie,9267.0
66,2025-04-28 00:44:55,"Tokyo, Japan",467,149,0.57,Positive,Woke up to the sound of rain. So peaceful. 🌧️,Tablet,,8174.0
67,2025-04-28 16:56:09,"Paris, France",266,2,1.0,Positive,Catching up with old friends always feels like no time passed.,Tablet,#Rain,5298.0
68,2025-04-28 12:55:47,,75,86,-0.08,Neutral,Sending positive vibes to everyone today. ✨,Tablet,#Fitness,2014.0
69,2025-04-28 05:42:10,"New York, USA",17,112,-0.39,Negative,Reading an amazing book right now. Totally recommend!,Des ktop,#Fitness,6007.0
70,2025-04-28 16:51:41,"Toronto, Canada",328,22,-0.87,Negative,Dogs make everything better. 🐶❤️,Tablet ,,4421.0
71,2025-04-28 09:24:40,"Paris, France",124,174,-0.16,Neutral,Sending positive vibes to everyone today. ✨,Tablet,#Traffic,8149.0
72,2025-04-28 13:54:08,"Tokyo, Japan",371,29,0.55,Positive,Sunsets are proof that endings can be beautiful too. 🌇,Des ktop,#MorningVibes,3195.0
73,2025-04-28 02:42:20,"New York, USA",481,111,-0.12,Neutral,Feeling grateful for the little things today. 🌼,Tablet,#MorningVibes,7804.0
74,2025-04-28 04:44:14,"Tokyo, Japan",73,57,-0.32,Negative,Celebrating small wins today. They matter too. 🎯,Des ktop,#WorkLife,2000.0
75,2025-04-28 16:17:46,"Berlin, Germany",126,168,-0.9,Negative,Stuck in traffic again... seriously?! 🚗🚦,Des ktop,#Traffic,9289.0
76,2025-04-28 08:49:58,"Berlin, Germany",354,115,-0.33,Negative,"Self-care Sunday: face masks, tea, and zero responsibilities.",Desktop,#Foodie,2125.0
77,2025-04-28 06:21:51,"London, UK",265,98,-0.53,Negative,New blog post is up! Check it out and let me know your thoughts.,Tablet ,#Foodie,2857.0
78,2025-04-28 13:39:07,,84,148,0.9,Positive,Just got my promotion!! 🎉 Hard work pays off.,mobile,,167.0
79,2025-04-28 09:34:32,"Tokyo, Japan",390,191,-0.44,Negative,Learning a new language is so challenging yet rewarding!,Desktop,#CoffeeBreak,8261.0
80,2025-04-28 12:19:21,"London, UK",257,75,-0.93,Negative,Miss traveling so much. Dreaming of new adventures.,Mobile,#Fitness,2098.0
81,2025-04-28 07:10:32,"Paris, France",465,53,-0.57,Negative,Met an inspiring entrepreneur today. Great conversation!,Desktop,#Traffic,2619.0
82,2025-04-28 00:31:32,"London, UK",271,17,0.72,Positive,Catching up with old friends always feels like no time passed.,Des ktop,#TuesdayFeeling,4512.0
83,2025-04-28 10:49:01,"New York, USA",186,89,0.89,Positive,Miss traveling so much. Dreaming of new adventures.,Mobile,,7523.0
84,2025-04-28 05:54:53,"Tokyo, Japan",440,107,-0.37,Negative,New blog post is up! Check it out and let me know your thoughts.,Mobile,,4735.0
85,2025-04-28 05:52:59,"New York, USA",238,47,0.4,Positive,Proud of myself for stepping out of my comfort zone today.,Desktop,,9967.0
86,2025-04-28 06:56:34,"London, UK",187,76,0.13,Neutral,When life gives you lemons... make margaritas. 🍋🍹,Tablet ,#Foodie,4033.0
87,2025-04-28 17:34:05,"Toronto, Canada",245,129,-0.88,Negative,Huge thanks to everyone who made today unforgettable!,Mobile,#CoffeeBreak,2769.0
88,2025-04-28 07:04:20,"Toronto, Canada",410,26,0.13,Neutral,Dogs make everything better. 🐶❤️,Tablet,#Rain,4991.0
89,2025-04-28 08:56:08,"Toronto, Canada",71,6,-0.74,Negative,Proud of myself for stepping out of my comfort zone today.,Tablet ,,9987.0
90,2025-04-28 02:23:24,"Paris, France",374,173,-0.61,Negative,"Sometimes you win, sometimes you learn. 💬",Desktop,#Traffic,8499.0
91,2025-04-28 03:38:18,"Berlin, Germany",379,11,-0.18,Neutral,Late night thoughts: How amazing is the universe?,Desktop,#TuesdayFeeling,4498.0
92,2025-04-28 10:15:00,"Toronto, Canada",42,16,-0.56,Negative,Huge thanks to everyone who made today unforgettable!,Desktop,#Traffic,3153.0
93,2025-04-28 07:54:09,"Toronto, Canada",464,119,-0.48,Negative,Huge thanks to everyone who made today unforgettable!,Mobile,,5699.0
94,2025-04-28 17:43:04,"Berlin, Germany",7,68,-0.82,Negative,Couldn't resist buying new plants today. 🌱,mobile,,2640.0
95,2025-04-28 16:56:32,"Berlin, Germany",291,27,-0.9,Negative,Feeling super productive today! Crushing my to-do list.,,#Rain,4862.0
96,2025-04-28 08:31:25,"Toronto, Canada",174,75,-0.43,Negative,Huge thanks to everyone who made today unforgettable!,Des ktop,#Fitness,2534.0
97,2025-04-28 17:54:59,"Tokyo, Japan",150,143,-0.34,Negative,Couldn't resist buying new plants today. 🌱,Tablet ,#CoffeeBreak,8670.0
98,2025-04-28 07:47:11,"Sydney, Australia",70,179,-0.01,Neutral,Overthinking everything... need to chill. 🧘,Mobile,,1353.0
99,2025-04-28 16:41:56,"New York, USA",292,28,-0.33,Negative,Best pizza I've ever had. Hands down. 🍕,Desktop,,7061.0
100,2025-04-28 07:31:07,"London, UK",227,174,0.06,Neutral,Catching up with old friends always feels like no time passed.,Tablet ,#Traffic,4275.0
1,2025-04-29 10:39:35,"London, UK",274,105,-0.58,Negative,Best pizza I've ever had. Hands down. 🍕,Mobile,#Rain,7683.0
2,2025-04-29 03:16:07,"Tokyo, Japan",164,26,0.82,Positive,When life gives you lemons... make margaritas. 🍋🍹,Mobile,#Rain,6919.0
3,2025-04-29 15:57:39,"Sydney, Australia",284,147,0.47,Positive,Finally booked my vacation! Counting down the days. ✈️,Des ktop,,7471.0
4,2025-04-29 11:21:22,"Sydney, Australia",318,163,-0.18,Neutral,Miss traveling so much. Dreaming of new adventures.,Tablet,#CoffeeBreak,3132.0
5,2025-04-29 01:25:26,"Sydney, Australia",223,15,-0.66,Negative,Couldn't resist buying new plants today. 🌱,Desktop,#WorkLife,8855.0
6,2025-04-29 00:19:34,"New York, USA",437,99,0.17,Neutral,When life gives you lemons... make margaritas. 🍋🍹,Desktop,#MorningVibes,2913.0
7,2025-04-29 11:56:18,"Berlin, Germany",274,33,-0.61,Negative,Catching up with old friends always feels like no time passed.,Desktop,,9961.0
8,2025-04-29 13:12:53,"Berlin, Germany",317,117,-0.48,Negative,This new app I'm using is a game changer!,MOBILE,,6571.0
9,2025-04-29 14:38:52,"Sydney, Australia",21,179,0.79,Positive,Huge thanks to everyone who made today unforgettable!,Tablet,#Foodie,327.0
10,2025-04-29 03:28:24,"London, UK",419,72,-0.54,Negative,Coffee is life. Don't talk to me before my second cup. ☕,mobile,#MorningVibes,3528.0
11,2025-04-29 08:45:30,"Tokyo, Japan",402,37,-0.52,Negative,Brainstorming ideas for my next big project!,mobile,#WorkLife,8924.0
12,2025-04-29 03:28:31,"London, UK",238,78,0.65,Positive,This new app I'm using is a game changer!,Des ktop,#Foodie,7865.0
13,2025-04-29 07:40:48,"New York, USA",8,31,0.65,Positive,Is it Friday yet? Need the weekend desperately. 😩,Tablet,#Foodie,7395.0
14,2025-04-29 17:32:47,"Berlin, Germany",337,4,-0.69,Negative,Trying out bullet journaling — loving it so far!,Mobile,#TuesdayFeeling,9688.0
15,2025-04-29 04:25:00,"São Paulo, Brazil",125,74,-0.28,Neutral,Dogs make everything better. 🐶❤️,Desktop,#MorningVibes,5569.0
16,2025-04-29 00:08:36,"London, UK",441,67,-0.46,Negative,Just finished my first marathon! 🏃‍♂️🏅,Desktop,#WorkLife,8221.0
17,2025-04-29 13:25:05,,289,76,0.99,Positive,Dogs make everything better. 🐶❤️,Mobile,#TuesdayFeeling,6648.0
18,2025-04-29 08:50:57,,105,94,0.98,Positive,Met an inspiring entrepreneur today. Great conversation!,Des ktop,#CoffeeBreak,1094.0
19,2025-04-29 09:37:03,"New York, USA",146,158,0.32,Positive,Sending positive vibes to everyone today. ✨,MOBILE,,1140.0
20,2025-04-29 04:52:33,"Toronto, Canada",440,84,0.73,Positive,Trying out bullet journaling — loving it so far!,Desktop,#TuesdayFeeling,5781.0
21,2025-04-29 08:09:41,"Toronto, Canada",338,94,-0.06,Neutral,Coffee is life. Don't talk to me before my second cup. ☕,Tablet,#Fitness,3249.0
22,2025-04-29 08:32:32,"Paris, France",321,186,-0.18,Neutral,Late night thoughts: How amazing is the universe?,mobile,,3699.0
23,2025-04-29 10:41:52,"Paris, France",129,193,-0.34,Negative,When did it get so cold?! 🥶 Time for sweaters!,Des ktop,#Foodie,4906.0
24,2025-04-29 13:09:42,"Toronto, Canada",272,95,0.7,Positive,Learning a new language is so challenging yet rewarding!,MOBILE,#TuesdayFeeling,2754.0
25,2025-04-29 11:19:13,"São Paulo, Brazil",301,166,0.87,Positive,Dogs make everything better. 🐶❤️,Desktop,,8011.0
26,2025-04-29 02:21:00,"Tokyo, Japan",106,87,0.65,Positive,"Monday motivation: Start where you are, use what you have.",Tablet,,8163.0
27,2025-04-29 01:50:12,"Toronto, Canada",374,84,0.56,Positive,"Self-care Sunday: face masks, tea, and zero responsibilities.",Tablet ,#CoffeeBreak,3531.0
28,2025-04-29 10:08:12,"New York, USA",409,110,0.64,Positive,Coffee is life. Don't talk to me before my second cup. ☕,MOBILE,#Fitness,5949.0
29,2025-04-29 12:19:23,"Tokyo, Japan",94,91,-0.61,Negative,Family BBQ today! Love days like this. 🍔🌭,,#MorningVibes,1143.0
30,2025-04-29 06:08:53,"Toronto, Canada",46,180,0.53,Positive,Is it Friday yet? Need the weekend desperately. 😩,mobile,#Rain,9307.0
31,2025-04-29 04:04:46,"Berlin, Germany",385,105,0.73,Positive,Woke up to the sound of rain. So peaceful. 🌧️,MOBILE,#Traffic,864.0
32,2025-04-29 14:01:08,,107,18,-0.75,Negative,Just got my promotion!! 🎉 Hard work pays off.,Tablet,,
33,2025-04-29 12:11:15,"London, UK",295,49,0.35,Positive,Celebrating small wins today. They matter too. 🎯,Mobile,#TuesdayFeeling,7589.0
34,2025-04-29 17:31:28,"London, UK",492,194,-0.35,Negative,Trying out a new recipe tonight. Hope it turns out good!,Desktop,,787.0
35,2025-04-29 09:14:06,"London, UK",489,26,0.19,Neutral,Late night coding sessions are both a curse and a blessing. 💻,Desktop,#CoffeeBreak,6025.0
36,2025-04-29 02:51:31,"Sydney, Australia",449,48,0.37,Positive,Celebrating small wins today. They matter too. 🎯,Des ktop,,8265.0
37,2025-04-29 13:20:08,"London, UK",315,181,-0.14,Neutral,"Some days are tough, but we keep moving forward. 🙌",MOBILE,#Traffic,2357.0
38,2025-04-29 02:14:19,"São Paulo, Brazil",165,27,0.54,Positive,Late night thoughts: How amazing is the universe?,Desktop,#MorningVibes,4119.0
39,2025-04-29 15:11:50,"Berlin, Germany",380,9,0.38,Positive,Miss traveling so much. Dreaming of new adventures.,Tablet ,,2905.0
40,2025-04-29 01:33:05,"Sydney, Australia",295,76,0.32,Positive,Made a vision board today. Feeling super motivated!,Desktop,#Traffic,4121.0
41,2025-04-29 02:45:35,,373,41,-0.5,Negative,Learning a new language is so challenging yet rewarding!,mobile,#Foodie,7125.0
42,2025-04-29 07:31:33,"Toronto, Canada",245,21,-0.76,Negative,Catching up with old friends always feels like no time passed.,,,6027.0
43,2025-04-29 17:10:48,"New York, USA",241,106,-0.77,Negative,Late night thoughts: How amazing is the universe?,Tablet,#MorningVibes,8576.0
44,2025-04-29 17:10:42,"London, UK",335,161,-0.63,Negative,Huge thanks to everyone who made today unforgettable!,MOBILE,#Traffic,6680.0
45,2025-04-29 17:52:32,"Tokyo, Japan",88,65,-0.18,Neutral,Sending positive vibes to everyone today. ✨,Mobile,#WorkLife,707.0
46,2025-04-29 12:01:05,"Tokyo, Japan",72,75,-0.94,Negative,Overthinking everything... need to chill. 🧘,Mobile,,8616.0
47,2025-04-29 17:42:24,"Sydney, Australia",9,95,0.61,Positive,Learning a new language is so challenging yet rewarding!,Desktop,,9170.0
48,2025-04-29 15:54:08,"Sydney, Australia",175,19,-0.03,Neutral,"Life’s short, eat the cake. 🎂",MOBILE,#Traffic,229.0
49,2025-04-29 15:03:18,"Sydney, Australia",65,64,0.35,Positive,Feeling super productive today! Crushing my to-do list.,Tablet,#WorkLife,7410.0
50,2025-04-29 11:43:17,"São Paulo, Brazil",163,151,-0.01,Neutral,Why does my cat wake me up at 5am every day? 😂,Des ktop,#Traffic,6727.0
51,2025-04-29 14:06:56,"São Paulo, Brazil",385,158,0.61,Positive,This new app I'm using is a game changer!,Desktop,#MorningVibes,8905.0
52,2025-04-29 06:05:21,"Toronto, Canada",193,28,0.61,Positive,"Life’s short, eat the cake. 🎂",Tablet,,8960.0
53,2025-04-29 05:10:07,"São Paulo, Brazil",100,155,-0.67,Negative,Huge thanks to everyone who made today unforgettable!,,,5215.0
54,2025-04-29 09:29:26,"Paris, France",358,23,-0.27,Neutral,This weather makes me so happy! ☀️,Tablet,#MorningVibes,556.0
55,2025-04-29 16:12:27,,109,77,0.68,Positive,Met an inspiring entrepreneur today. Great conversation!,Tablet ,#CoffeeBreak,5079.0
56,2025-04-29 13:13:32,"Toronto, Canada",215,141,0.6,Positive,Best pizza I've ever had. Hands down. 🍕,Desktop,#MorningVibes,6210.0
57,2025-04-29 04:43:43,,313,75,-0.7,Negative,Yoga in the park this morning was so refreshing. 🧘‍♀️,Desktop,#MorningVibes,2143.0
58,2025-04-29 08:10:08,"Sydney, Australia",453,35,0.98,Positive,Overthinking everything... need to chill. 🧘,Mobile,#TuesdayFeeling,5653.0
59,2025-04-29 17:53:38,"São Paulo, Brazil",21,126,0.4,Positive,Proud of myself for stepping out of my comfort zone today.,,,3931.0
60,2025-04-29 06:22:39,"Sydney, Australia",355,183,0.58,Positive,Dogs make everything better. 🐶❤️,Tablet,#WorkLife,8614.0
61,2025-04-29 13:25:33,"São Paulo, Brazil",416,172,0.36,Positive,Trying out a new recipe tonight. Hope it turns out good!,MOBILE,,9641.0
62,2025-04-29 03:30:19,"Paris, France",17,37,-0.41,Negative,Catching up with old friends always feels like no time passed.,Desktop,#Foodie,7074.0
63,2025-04-29 15:04:52,"Toronto, Canada",479,108,-0.46,Negative,Huge thanks to everyone who made today unforgettable!,Desktop,#MorningVibes,7061.0
64,2025-04-29 16:10:29,"Tokyo, Japan",186,196,0.32,Positive,Trying out bullet journaling — loving it so far!,mobile,#TuesdayFeeling,1379.0
65,2025-04-29 06:43:22,,103,197,0.37,Positive,When life gives you lemons... make margaritas. 🍋🍹,,,6568.0
66,2025-04-29 15:52:28,"Sydney, Australia",336,86,0.11,Neutral,Met an inspiring entrepreneur today. Great conversation!,Des ktop,,7037.0
67,2025-04-29 08:00:41,"Berlin, Germany",198,45,-0.73,Negative,"Life’s short, eat the cake. 🎂",Desktop,#Foodie,2464.0
68,2025-04-29 09:12:27,"Tokyo, Japan",43,144,0.66,Positive,"Self-care Sunday: face masks, tea, and zero responsibilities.",Des ktop,#Foodie,8508.0
69,2025-04-29 15:42:55,,494,43,0.3,Neutral,Is it Friday yet? Need the weekend desperately. 😩,mobile,#TuesdayFeeling,7855.0
70,2025-04-29 00:35:36,"Tokyo, Japan",108,26,-0.2,Neutral,Sunsets are proof that endings can be beautiful too. 🌇,MOBILE,#Rain,9956.0
71,2025-04-29 15:30:57,"Toronto, Canada",103,122,-0.4,Negative,Is it Friday yet? Need the weekend desperately. 😩,Desktop,#Traffic,9467.0
72,2025-04-29 05:16:18,"New York, USA",42,96,-0.97,Negative,Feeling super productive today! Crushing my to-do list.,Tablet,#Rain,6186.0
73,2025-04-29 05:33:03,"Paris, France",354,16,0.11,Neutral,This new app I'm using is a game changer!,Tablet ,#TuesdayFeeling,558.0
74,2025-04-29 14:24:12,"Tokyo, Japan",109,181,-0.82,Negative,"Some days are tough, but we keep moving forward. 🙌",Desktop,#MorningVibes,5099.0
75,2025-04-29 16:11:05,"Sydney, Australia",287,167,0.79,Positive,New blog post is up! Check it out and let me know your thoughts.,Tablet,#TuesdayFeeling,134.0
76,2025-04-29 02:13:36,,211,34,0.8,Positive,Yoga in the park this morning was so refreshing. 🧘‍♀️,Desktop,#MorningVibes,6941.0
77,2025-04-29 08:45:34,"Sydney, Australia",284,69,0.62,Positive,Overthinking everything... need to chill. 🧘,Des ktop,#Traffic,6281.0
78,2025-04-29 08:39:04,"Tokyo, Japan",94,21,0.33,Positive,This weather makes me so happy! ☀️,Tablet,,7651.0
79,2025-04-29 13:51:57,"Berlin, Germany",324,88,-0.22,Neutral,"Sometimes you win, sometimes you learn. 💬",Des ktop,#Foodie,5428.0
80,2025-04-29 01:37:33,"Toronto, Canada",128,171,-0.81,Negative,Concert tonight! So pumped to see my favorite band live!,mobile,#WorkLife,5654.0
81,2025-04-29 09:50:54,"New York, USA",74,166,0.97,Positive,"Sometimes you win, sometimes you learn. 💬",Des ktop,#Fitness,1550.0
82,2025-04-29 15:45:51,"Tokyo, Japan",343,156,-0.82,Negative,Celebrating small wins today. They matter too. 🎯,Mobile,,5160.0
83,2025-04-29 10:12:48,"London, UK",15,98,0.78,Positive,Brainstorming ideas for my next big project!,,#Rain,3252.0
84,2025-04-29 17:23:17,,450,192,-0.36,Negative,Overthinking everything... need to chill. 🧘,Mobile,,8648.0
85,2025-04-29 03:26:52,"Berlin, Germany",436,110,-0.36,Negative,Best pizza I've ever had. Hands down. 🍕,Mobile,#Rain,8813.0
86,2025-04-29 03:16:19,"New York, USA",193,156,0.72,Positive,Just got my promotion!! 🎉 Hard work pays off.,mobile,#CoffeeBreak,9595.0
87,2025-04-29 08:05:13,"London, UK",7,28,0.39,Positive,Why does my cat wake me up at 5am every day? 😂,MOBILE,#WorkLife,9748.0
88,2025-04-29 00:49:08,"Berlin, Germany",160,130,0.48,Positive,Coffee is life. Don't talk to me before my second cup. ☕,MOBILE,#WorkLife,3057.0
89,2025-04-29 07:33:13,"New York, USA",196,107,0.39,Positive,Feeling super productive today! Crushing my to-do list.,MOBILE,#WorkLife,4313.0
90,2025-04-29 01:39:25,"London, UK",108,19,0.51,Positive,Trying out a new recipe tonight. Hope it turns out good!,,#Foodie,4775.0
91,2025-04-29 02:37:19,"Tokyo, Japan",259,18,0.46,Positive,Woke up to the sound of rain. So peaceful. 🌧️,Desktop,#Foodie,5126.0
92,2025-04-29 17:20:01,"Toronto, Canada",172,170,-0.63,Negative,Couldn't resist buying new plants today. 🌱,Tablet,#MorningVibes,5429.0
93,2025-04-29 03:18:12,"New York, USA",187,184,-0.43,Negative,Celebrating small wins today. They matter too. 🎯,Mobile,#Fitness,6488.0
94,2025-04-29 01:47:51,"Paris, France",51,110,0.23,Neutral,"Some days are tough, but we keep moving forward. 🙌",Desktop,#Traffic,4325.0
95,2025-04-29 06:50:09,"London, UK",341,42,-0.61,Negative,Best workout session ever! Feeling strong. 💪 #Fitness,mobile,#CoffeeBreak,9881.0
96,2025-04-29 10:40:06,"São Paulo, Brazil",499,199,0.93,Positive,"Self-care Sunday: face masks, tea, and zero responsibilities.",,,6408.0
97,2025-04-29 17:16:57,"London, UK",239,114,-0.04,Neutral,Just got my promotion!! 🎉 Hard work pays off.,Mobile,#Traffic,7715.0
98,2025-04-29 10:04:09,"Toronto, Canada",298,76,0.08,Neutral,Rainy days make me want to stay in bed all day. ☔,Des ktop,#MorningVibes,6776.0
99,2025-04-29 11:31:59,"São Paulo, Brazil",19,183,-0.89,Negative,Coffee is life. Don't talk to me before my second cup. ☕,Tablet ,,9703.0
100,2025-04-29 12:17:23,"London, UK",38,178,0.17,Neutral,Any Netflix recommendations for tonight? 📺,,,2157.0
1,2025-04-30 05:32:43,"Toronto, Canada",478,182,-0.53,Negative,Late night thoughts: How amazing is the universe?,Desktop,,8299.0
2,2025-04-30 03:42:13,"Tokyo, Japan",153,41,0.64,Positive,Made a vision board today. Feeling super motivated!,,#Foodie,4116.0
3,2025-04-30 09:47:07,"Toronto, Canada",293,97,-0.0,Neutral,Sunsets are proof that endings can be beautiful too. 🌇,Des ktop,#MorningVibes,116.0
4,2025-04-30 14:47:37,"Berlin, Germany",447,133,-0.5,Negative,Nature walks clear my mind like nothing else.,Tablet ,,2842.0
5,2025-04-30 00:00:35,"New York, USA",229,112,0.23,Neutral,Trying out bullet journaling — loving it so far!,Tablet ,,4210.0
6,2025-04-30 15:16:56,"Toronto, Canada",64,98,0.62,Positive,Yoga in the park this morning was so refreshing. 🧘‍♀️,mobile,,8461.0
7,2025-04-30 05:07:16,"New York, USA",442,51,0.46,Positive,Late night coding sessions are both a curse and a blessing. 💻,,,1245.0
8,2025-04-30 05:28:22,"London, UK",375,6,0.28,Neutral,When life gives you lemons... make margaritas. 🍋🍹,Desktop,#Foodie,9217.0
9,2025-04-30 05:05:14,"Toronto, Canada",316,67,-0.62,Negative,New blog post is up! Check it out and let me know your thoughts.,,#Traffic,5713.0
10,2025-04-30 11:33:46,"Sydney, Australia",153,101,0.11,Neutral,This weather makes me so happy! ☀️,Des ktop,#Fitness,4129.0
11,2025-04-30 12:03:22,"Paris, France",426,50,0.82,Positive,Miss traveling so much. Dreaming of new adventures.,mobile,#TuesdayFeeling,9922.0
12,2025-04-30 05:58:45,"New York, USA",45,52,-0.37,Negative,Any tips for staying focused when working from home?,Tablet,,133.0
13,2025-04-30 11:04:57,"Berlin, Germany",376,12,0.53,Positive,Can't believe how beautiful the sunrise was today! 🌅,Mobile,,2943.0
14,2025-04-30 07:31:17,,117,53,-0.34,Negative,Any tips for staying focused when working from home?,Des ktop,#WorkLife,8916.0
15,2025-04-30 01:28:38,"London, UK",117,3,-0.21,Neutral,Why does my cat wake me up at 5am every day? 😂,Mobile,,7393.0
16,2025-04-30 12:14:16,"London, UK",304,6,-0.09,Neutral,Yoga in the park this morning was so refreshing. 🧘‍♀️,Desktop,,5964.0
17,2025-04-30 07:02:26,"Tokyo, Japan",10,91,0.87,Positive,Any tips for staying focused when working from home?,Mobile,#Rain,7680.0
18,2025-04-30 06:44:39,"São Paulo, Brazil",214,172,-0.76,Negative,Late night thoughts: How amazing is the universe?,Mobile,#CoffeeBreak,424.0
19,2025-04-30 13:48:23,"Sydney, Australia",27,110,-0.31,Negative,Couldn't resist buying new plants today. 🌱,MOBILE,#CoffeeBreak,1574.0
20,2025-04-30 14:51:35,"Sydney, Australia",408,53,-0.07,Neutral,Celebrating small wins today. They matter too. 🎯,mobile,#CoffeeBreak,8190.0
21,2025-04-30 17:36:32,"Paris, France",352,163,-0.67,Negative,Stuck in traffic again... seriously?! 🚗🚦,Tablet ,#TuesdayFeeling,3525.0
22,2025-04-30 00:07:47,"São Paulo, Brazil",34,29,-0.0,Neutral,Just finished my first marathon! 🏃‍♂️🏅,Desktop,#Rain,4644.0
23,2025-04-30 10:21:36,,450,157,0.88,Positive,"Self-care Sunday: face masks, tea, and zero responsibilities.",Tablet,,3274.0
24,2025-04-30 12:00:43,"Tokyo, Japan",172,78,-0.1,Neutral,Rainy days make me want to stay in bed all day. ☔,Tablet,#Rain,2187.0
25,2025-04-30 04:43:34,"São Paulo, Brazil",216,178,-1.0,Negative,Feeling super productive today! Crushing my to-do list.,Tablet ,#CoffeeBreak,478.0
26,2025-04-30 17:39:17,,46,180,-0.12,Neutral,Nature walks clear my mind like nothing else.,Tablet ,,9276.0
27,2025-04-30 16:04:34,"Berlin, Germany",243,165,-0.09,Neutral,Can't believe how beautiful the sunrise was today! 🌅,Desktop,,949.0
28,2025-04-30 15:32:38,"Paris, France",216,6,0.3,Neutral,Sending positive vibes to everyone today. ✨,Desktop,#Fitness,2094.0
29,2025-04-30 12:22:55,,209,168,-0.64,Negative,Catching up with old friends always feels like no time passed.,Des ktop,#Traffic,8574.0
30,2025-04-30 13:49:03,"New York, USA",440,134,0.05,Neutral,"Life’s short, eat the cake. 🎂",mobile,#MorningVibes,4653.0
31,2025-04-30 16:43:07,"Toronto, Canada",305,51,-0.41,Negative,Why does my cat wake me up at 5am every day? 😂,Des ktop,#Traffic,184.0
32,2025-04-30 07:08:00,"São Paulo, Brazil",235,180,0.35,Positive,Miss traveling so much. Dreaming of new adventures.,Desktop,,515.0
33,2025-04-30 13:25:29,"São Paulo, Brazil",3,144,0.24,Neutral,Any tips for staying focused when working from home?,Desktop,#Rain,4195.0
34,2025-04-30 03:35:02,"Tokyo, Japan",217,3,0.1,Neutral,Miss traveling so much. Dreaming of new adventures.,Tablet ,#Rain,1684.0
35,2025-04-30 00:30:26,"Berlin, Germany",477,177,0.74,Positive,Sending positive vibes to everyone today. ✨,Mobile,,5577.0
36,2025-04-30 15:18:03,"Sydney, Australia",290,7,-0.31,Negative,Any Netflix recommendations for tonight? 📺,Desktop,#TuesdayFeeling,4005.0
37,2025-04-30 17:27:16,"Paris, France",466,35,0.08,Neutral,Best workout session ever! Feeling strong. 💪 #Fitness,MOBILE,,3978.0
38,2025-04-30 17:10:36,"London, UK",122,42,0.13,Neutral,When did it get so cold?! 🥶 Time for sweaters!,Des ktop,#Rain,7414.0
39,2025-04-30 10:32:21,"London, UK",333,120,-0.21,Neutral,Huge thanks to everyone who made today unforgettable!,Mobile,#MorningVibes,6283.0
40,2025-04-30 05:42:11,"London, UK",412,15,0.12,Neutral,Reading an amazing book right now. Totally recommend!,Mobile,#TuesdayFeeling,997.0
41,2025-04-30 05:29:17,"Toronto, Canada",250,186,-0.26,Neutral,Rainy days make me want to stay in bed all day. ☔,Desktop,,1014.0
42,2025-04-30 10:10:51,"New York, USA",420,16,0.05,Neutral,Dogs make everything better. 🐶❤️,Desktop,#WorkLife,1670.0
43,2025-04-30 11:14:15,"Toronto, Canada",429,175,0.17,Neutral,Feeling grateful for the little things today. 🌼,Mobile,#TuesdayFeeling,6390.0
44,2025-04-30 08:27:02,"Toronto, Canada",131,29,-0.84,Negative,Nature walks clear my mind like nothing else.,Desktop,#Traffic,525.0
45,2025-04-30 08:15:58,,202,65,0.26,Neutral,Miss traveling so much. Dreaming of new adventures.,mobile,#Rain,1782.0
46,2025-04-30 00:13:25,"London, UK",221,35,0.57,Positive,Met an inspiring entrepreneur today. Great conversation!,mobile,,2164.0
47,2025-04-30 11:36:10,,180,198,0.36,Positive,Woke up to the sound of rain. So peaceful. 🌧️,MOBILE,#WorkLife,7987.0
48,2025-04-30 13:11:28,"Berlin, Germany",382,185,0.98,Positive,Family BBQ today! Love days like this. 🍔🌭,mobile,#Foodie,822.0
49,2025-04-30 01:06:04,"Tokyo, Japan",89,133,0.44,Positive,This new app I'm using is a game changer!,Desktop,,5961.0
50,2025-04-30 05:39:54,,199,151,-0.19,Neutral,"Some days are tough, but we keep moving forward. 🙌",Tablet,#TuesdayFeeling,5157.0
51,2025-04-30 10:58:59,"Paris, France",100,145,0.16,Neutral,Dogs make everything better. 🐶❤️,MOBILE,#MorningVibes,8581.0
52,2025-04-30 10:40:32,"Tokyo, Japan",356,29,0.34,Positive,Best workout session ever! Feeling strong. 💪 #Fitness,mobile,,9266.0
53,2025-04-30 15:37:55,"New York, USA",32,11,0.9,Positive,Sending positive vibes to everyone today. ✨,MOBILE,#CoffeeBreak,3382.0
54,2025-04-30 11:39:39,"São Paulo, Brazil",154,166,0.97,Positive,Rainy days make me want to stay in bed all day. ☔,MOBILE,#CoffeeBreak,7894.0
55,2025-04-30 12:38:53,"Berlin, Germany",404,75,0.63,Positive,When did it get so cold?! 🥶 Time for sweaters!,MOBILE,,9374.0
56,2025-04-30 17:31:55,"Paris, France",160,189,-0.3,Neutral,Nature walks clear my mind like nothing else.,Tablet ,#WorkLife,5484.0
57,2025-04-30 02:57:15,"London, UK",257,179,-0.95,Negative,Catching up with old friends always feels like no time passed.,Mobile,#TuesdayFeeling,3694.0
58,2025-04-30 16:44:50,"New York, USA",171,181,-0.75,Negative,Just finished my first marathon! 🏃‍♂️🏅,mobile,#CoffeeBreak,7743.0
59,2025-04-30 11:21:29,"São Paulo, Brazil",134,170,-0.08,Neutral,Any Netflix recommendations for tonight? 📺,Des ktop,#Traffic,6258.0
60,2025-04-30 03:44:15,"Toronto, Canada",421,164,0.81,Positive,Family BBQ today! Love days like this. 🍔🌭,Mobile,#Traffic,262.0
61,2025-04-30 01:20:32,"Paris, France",363,186,-0.61,Negative,Coffee is life. Don't talk to me before my second cup. ☕,,#Rain,2433.0
62,2025-04-30 05:17:23,"Berlin, Germany",10,67,-0.6,Negative,"Monday motivation: Start where you are, use what you have.",MOBILE,#MorningVibes,586.0
63,2025-04-30 03:37:29,"São Paulo, Brazil",195,112,0.01,Neutral,Dogs make everything better. 🐶❤️,Tablet,#CoffeeBreak,4392.0
64,2025-04-30 13:05:09,"Tokyo, Japan",471,21,-0.56,Negative,Miss traveling so much. Dreaming of new adventures.,,#CoffeeBreak,3025.0
65,2025-04-30 03:34:04,"New York, USA",382,133,-0.07,Neutral,Family BBQ today! Love days like this. 🍔🌭,Tablet ,#Rain,443.0
66,2025-04-30 15:08:09,"Tokyo, Japan",184,84,-0.17,Neutral,Concert tonight! So pumped to see my favorite band live!,Desktop,#Traffic,3544.0
67,2025-04-30 05:33:13,"Berlin, Germany",143,94,0.08,Neutral,Any Netflix recommendations for tonight? 📺,MOBILE,#Traffic,2907.0
68,2025-04-30 17:07:59,,411,178,0.25,Neutral,Nature walks clear my mind like nothing else.,Desktop,#Rain,2041.0
69,2025-04-30 02:37:45,"Tokyo, Japan",264,185,-0.63,Negative,"Monday motivation: Start where you are, use what you have.",mobile,,6296.0
70,2025-04-30 12:38:25,"Paris, France",415,196,0.21,Neutral,Finally booked my vacation! Counting down the days. ✈️,Desktop,,4106.0
71,2025-04-30 16:45:59,"New York, USA",41,52,0.05,Neutral,This weather makes me so happy! ☀️,mobile,,4919.0
72,2025-04-30 14:22:26,"Tokyo, Japan",329,38,-0.25,Neutral,Finally booked my vacation! Counting down the days. ✈️,mobile,#MorningVibes,4688.0
73,2025-04-30 15:53:23,"Tokyo, Japan",454,156,-0.98,Negative,Best pizza I've ever had. Hands down. 🍕,Des ktop,#CoffeeBreak,1433.0
74,2025-04-30 14:17:03,"Berlin, Germany",386,82,0.48,Positive,"Sometimes you win, sometimes you learn. 💬",Desktop,#Foodie,8433.0
75,2025-04-30 07:03:55,,28,34,-0.9,Negative,Made a vision board today. Feeling super motivated!,Des ktop,,7706.0
76,2025-04-30 03:15:30,"Paris, France",110,37,0.02,Neutral,Celebrating small wins today. They matter too. 🎯,MOBILE,,8018.0
77,2025-04-30 13:01:40,"Berlin, Germany",146,66,-0.23,Neutral,Trying out bullet journaling — loving it so far!,Tablet ,,6669.0
78,2025-04-30 11:36:58,"New York, USA",121,83,-0.05,Neutral,New blog post is up! Check it out and let me know your thoughts.,mobile,#CoffeeBreak,7506.0
79,2025-04-30 15:42:48,"São Paulo, Brazil",178,84,-0.95,Negative,When life gives you lemons... make margaritas. 🍋🍹,mobile,#Fitness,7063.0
80,2025-04-30 16:10:42,"Toronto, Canada",135,86,0.04,Neutral,Overthinking everything... need to chill. 🧘,Tablet,#Traffic,4270.0
81,2025-04-30 10:01:20,"London, UK",194,8,0.12,Neutral,Reading an amazing book right now. Totally recommend!,Desktop,#Fitness,7382.0
82,2025-04-30 09:26:41,"Paris, France",332,70,-0.8,Negative,Feeling grateful for the little things today. 🌼,Mobile,#TuesdayFeeling,8492.0
83,2025-04-30 11:18:26,"Paris, France",101,168,0.81,Positive,Sending positive vibes to everyone today. ✨,Des ktop,#TuesdayFeeling,7186.0
84,2025-04-30 07:26:41,"Paris, France",112,171,-0.91,Negative,"Self-care Sunday: face masks, tea, and zero responsibilities.",MOBILE,#Fitness,6364.0
85,2025-04-30 00:26:59,"Tokyo, Japan",490,109,-0.09,Neutral,Late night thoughts: How amazing is the universe?,mobile,#Fitness,1343.0
86,2025-04-30 06:32:13,"London, UK",368,49,-0.66,Negative,Dogs make everything better. 🐶❤️,,,9056.0
87,2025-04-30 11:43:02,"London, UK",464,187,-0.75,Negative,Just got my promotion!! 🎉 Hard work pays off.,mobile,#Rain,2042.0
88,2025-04-30 01:17:55,"Paris, France",367,77,-0.51,Negative,Stuck in traffic again... seriously?! 🚗🚦,,#CoffeeBreak,5568.0
89,2025-04-30 03:34:47,"Paris, France",376,22,0.98,Positive,Woke up to the sound of rain. So peaceful. 🌧️,Tablet ,,4596.0
90,2025-04-30 03:28:13,"Tokyo, Japan",494,196,0.9,Positive,This weather makes me so happy! ☀️,,#Fitness,239.0
91,2025-04-30 14:01:07,"Sydney, Australia",17,189,-0.24,Neutral,Dogs make everything better. 🐶❤️,MOBILE,#WorkLife,6747.0
92,2025-04-30 14:57:41,"New York, USA",333,27,-0.85,Negative,Trying out bullet journaling — loving it so far!,,#Foodie,6612.0
93,2025-04-30 04:08:34,"São Paulo, Brazil",443,62,0.34,Positive,"Life’s short, eat the cake. 🎂",mobile,#TuesdayFeeling,3929.0
94,2025-04-30 09:23:25,,178,55,-0.18,Neutral,This weather makes me so happy! ☀️,Des ktop,#TuesdayFeeling,5681.0
95,2025-04-30 14:24:58,"London, UK",110,136,-0.17,Neutral,Finally booked my vacation! Counting down the days. ✈️,mobile,#WorkLife,6943.0
96,2025-04-30 03:48:55,"Berlin, Germany",467,67,-0.65,Negative,Late night thoughts: How amazing is the universe?,,#MorningVibes,6239.0
97,2025-04-30 02:31:46,"Tokyo, Japan",481,66,0.94,Positive,This new app I'm using is a game changer!,Mobile,#TuesdayFeeling,5910.0
98,2025-04-30 06:11:10,"São Paulo, Brazil",5,23,-0.37,Negative,Learning a new language is so challenging yet rewarding!,Desktop,,6708.0
99,2025-04-30 13:53:13,,93,172,-0.53,Negative,This new app I'm using is a game changer!,MOBILE,,480.0
100,2025-04-30 10:19:56,"New York, USA",24,147,-0.64,Negative,Reading an amazing book right now. Totally recommend!,Tablet,#Traffic,9409.0
